address,antiphone,autonomous_status,bank_name,branches_summary,college_code,college_name,dist_from_hq,dist_from_railway,district,email,hostel_accommodation_available_boys,hostel_accommodation_available_girls,hostel_admission_fees,hostel_caution_deposit,hostel_electricity_charges,hostel_electricity_charges_boys,hostel_electricity_charges_girls,hostel_establishment_charges,hostel_max_transport_charges,hostel_mess_bill,hostel_mess_bill_boys,hostel_mess_bill_girls,hostel_min_transport_charges,hostel_permanent_or_rental,hostel_permanent_or_rental_boys,hostel_permanent_or_rental_girls,hostel_room_rent,hostel_room_rent_boys,hostel_room_rent_girls,hostel_transport_facilities,hostel_type_of_mess,hostel_type_of_mess_boys,hostel_type_of_mess_girls,minority_status,nearest_railway,note,phone_fax,pincode,principal_dean,taluk,website
"SARDAR PATEL ROAD, GUINDY,",9841244331,Yes,SATATE BANK INDIA,BY(60); CE(60); CS(60),1,"University Departments of Anna University, Chennai - CEG Campus, Sardar Patel Road, Guindy, Chennai 600 025",10,3,CHENNAI,cegdeanoffice@gmail.com,Yes,Yes,1200,4500,,1120,1120,32150,0,,4000,4000,0,,Permanent,Permanent,,1100,1100,No,,Both,Both,No,KASTHURIBAI NAGAR GUINDY,,4422358490,600025,DR L SUGANTHI,MAMBALAM / GUINDY,ceg.annauniv.edu
ALAGAPPA COLLEGE OF,9444309701,Yes,X,AP(30); CL(60),2,"University Departments of Anna University, Chennai - ACT Campus, Sardar Patel Road, Guindy, Chennai 600 025",8,3,CHENNAI,actechau@gmail.com,Yes,Yes,600,4500,,94,94,23100,0,,2500,2500,0,,Permanent,Permanent,,50,50,No,,Both,Both,No,GUINDY,,9444309701,600025,DR R JAYAVEL,GUINDY,https://www.annauniv.edu/act/
SARDAR PATEL ROAD,9884440722,Yes,STATE BANK OF INDIA,BP(40); AR(40); BA(40),3,"School of Architecture and Planning, Anna University, Chennai 600025",10,3,CHENNAI,deansap@annauniv.edu,Yes,Yes,1200,4500,,94,94,32150,0,,3540,3540,0,,Permanent,Permanent,,92,92,No,,Both,Both,No,KASTHURIBAI NAGAR GUINDY,,4422359295,600025,DR K R SITALAKSHMI,MAMBALAM/GUINDY,www.annauniv.edu
"MIT CAMPUS , ANNA UNIVERSITY,",9444276725,Yes,INDIAN BANK,AT(60); AE(60); AU(60),4,"University Departments of Anna University, Chennai - MIT Campus, Chrompet, Tambaram Taluk, Chengalpattu District 600 044",18,1,CHENGALPATTU,dean@mitindia.edu,Yes,Yes,200,4600,,1120,1120,18700,0,,17500,17500,0,,Permanent,Permanent,,675,675,No,,Both,Both,No,CHROMEPET,,4422516002,600044,DR J PRAKASH,TAMBARAM,www.annauniv.edu/www.mitindia.edu
"DEAN, FACULTY OF ENGINEERING",9443612644,Yes,ICICI BANK,AM(60); CE(60),5,"Annamalai University Faculty of Engineering and Technology, Annamalai nagar,",42,2,CUDDALORE,aufeatdean@gmail.com,Yes,Yes,500,5000,,300,300,10500,0,,2250,2250,0,,Permanent,Permanent,,700,700,No,,Both,Both,No,CHIDAMBARAM,,9171474175,608002,DR C KARTHIKEYAN,CHIDAMBARAM,www.annamalaiuniversity.ac.in
,,,,,6,"2636     A V S Engineering College, Military Road, Ammapet, Salem District 636003",,,,,,,,,,,,,,,,,,,,,,,,,,,,,,No detail page found in PDF,,,,,
,,,,,12,"1501     Adhiparasakthi College of Engineering, Kalavai, Ranipet District 632506",,,,,,,,,,,,,,,,,,,,,,,,,,,,,,No detail page found in PDF,,,,,
,,,,,26,"1026   Chennai-Bangalore Highway, Karaipettai Village & Post, Kancheepuram District",,,,,,,,,,,,,,,,,,,,,,,,,,,,,,No detail page found in PDF,,,,,
,,,,,27,"2025   NavavoorBharathiyar University Post, Somayampalayam, Coimbatore District",,,,,,,,,,,,,,,,,,,,,,,,,,,,,,No detail page found in PDF,,,,,
,,,,,28,"2025   NavavoorBharathiyar University Post, Somayampalayam, Coimbatore District",,,,,,,,,,,,,,,,,,,,,,,,,,,,,,No detail page found in PDF,,,,,
,,,,,34,"1402   Annai Teresa College of Engineering, Thirunavalur, Kallakkurichi District 607204",,,,,,,,,,,,,,,,,,,,,,,,,,,,,,No detail page found in PDF,,,,,
,,,,,40,"1106   Jaya Engineering College, Thirunindravur, Chennai 602024",,,,,,,,,,,,,,,,,,,,,,,,,,,,,,No detail page found in PDF,,,,,
,,,,,45,"1114   S A Engineering College (Autonomous), Thiruverkadu, Chennai 600077",,,,,,,,,,,,,,,,,,,,,,,,,,,,,,No detail page found in PDF,,,,,
,,,,,50,"1504   Arunai Engineering College, Mathur, Thiruvannamalai District 606603",,,,,,,,,,,,,,,,,,,,,,,,,,,,,,No detail page found in PDF,,,,,
,,,,,51,"1423   Asan Memorial College of Engineering and Technology, Chengalpattu-603 001.",,,,,,,,,,,,,,,,,,,,,,,,,,,,,,No detail page found in PDF,,,,,
,,,,,52,"1123   Gojan School of Business and Technology, Alamathi, Chennai 600062",,,,,,,,,,,,,,,,,,,,,,,,,,,,,,No detail page found in PDF,,,,,
,,,,,54,"1125   PMR Engineering College,Adayalampattu, Chennai-600095",,,,,,,,,,,,,,,,,,,,,,,,,,,,,,No detail page found in PDF,,,,,
,,,,,56,"4992   Bethlahem Institute of Engineering, Karungal, Kanyakumari District 629157",,,,,,,,,,,,,,,,,,,,,,,,,,,,,,No detail page found in PDF,,,,,
,,,,,64,"4952   C S I Institute of Technology, Thovalai, Kanyakumari District 629302",,,,,,,,,,,,,,,,,,,,,,,,,,,,,,No detail page found in PDF,,,,,
,,,,,66,"1152   Chennai-Thirupathi Highway, Near Periyapalayam Amman Temple, Chennai",,,,,,,,,,,,,,,,,,,,,,,,,,,,,,No detail page found in PDF,,,,,
,,,,,67,"4953   CAPE Institute of Technology, Levingipuram, Tirunelveli District 627114",,,,,,,,,,,,,,,,,,,,,,,,,,,,,,No detail page found in PDF,,,,,
,,,,,68,"3841   Thayanoor Village, Thayanoor Village, Kuttappatti, Srirangam Taluk,",,,,,,,,,,,,,,,,,,,,,,,,,,,,,,No detail page found in PDF,,,,,
,,,,,70,"1321   Central Institute of Plastics Engineering and Technology) (CIPET), Guindy,",,,,,,,,,,,,,,,,,,,,,,,,,,,,,,No detail page found in PDF,,,,,
,,,,,72,"1152   Chennai-Thirupathi Highway, Near Periyapalayam Amman Temple, Chennai",,,,,,,,,,,,,,,,,,,,,,,,,,,,,,No detail page found in PDF,,,,,
,,,,,74,"1202   D M I College of Engineering, Palanchoor, Nazrethpet, Chennai 602103",,,,,,,,,,,,,,,,,,,,,,,,,,,,,,No detail page found in PDF,,,,,
,,,,,75,"1207   Kings Engineering College, Sriperumpudur Taluk, Kancheepuram District 602105",,,,,,,,,,,,,,,,,,,,,,,,,,,,,,No detail page found in PDF,,,,,
,,,,,77,"2635   CMS College of Engineering, Emapuram Post, Namakkal District 637003",,,,,,,,,,,,,,,,,,,,,,,,,,,,,,No detail page found in PDF,,,,,
,,,,,80,"1213   S K R Engineering College, Poonamallee, Chennai 600123",,,,,,,,,,,,,,,,,,,,,,,,,,,,,,No detail page found in PDF,,,,,
,,,,,81,"1202   D M I College of Engineering, Palanchoor, Nazrethpet, Chennai 602103",,,,,,,,,,,,,,,,,,,,,,,,,,,,,,No detail page found in PDF,,,,,
,,,,,83,"1218   Sri Muthukumaran Institute of Technology, Near Mangadu, Chennai 600069",,,,,,,,,,,,,,,,,,,,,,,,,,,,,,No detail page found in PDF,,,,,
,,,,,84,"1219   Bengaluru High Road, Pennalur, Irungattukottai S.O., Sriperumbudur Taluk,",,,,,,,,,,,,,,,,,,,,,,,,,,,,,,No detail page found in PDF,,,,,
,,,,,86,"1405   Dhanalakshmi College of Engineering, Manimangalam, Chennai 601301",,,,,,,,,,,,,,,,,,,,,,,,,,,,,,No detail page found in PDF,,,,,
,,,,,96,"3806   E G S Pillay Engineering College (Autonomous), Nagapattinam District 611002",,,,,,,,,,,,,,,,,,,,,,,,,,,,,,No detail page found in PDF,,,,,
,,,,,99,"1304   Easwari Engineering College (Autonomous), Ramapuram, Chennai 600089",,,,,,,,,,,,,,,,,,,,,,,,,,,,,,No detail page found in PDF,,,,,
,,,,,100,"4980   Einstein College of Engineering, Seethaparpanallur, Tirunelveli District 627012",,,,,,,,,,,,,,,,,,,,,,,,,,,,,,No detail page found in PDF,,,,,
,,,,,101,"1304   Easwari Engineering College (Autonomous), Ramapuram, Chennai 600089",,,,,,,,,,,,,,,,,,,,,,,,,,,,,,No detail page found in PDF,,,,,
,,,,,102,"1306   Jeppiaar Engineering College, Old Mahabalipuram Road (OMR), Chennai 600119",,,,,,,,,,,,,,,,,,,,,,,,,,,,,,No detail page found in PDF,,,,,
,,,,,103,"2667   Pallakapalayam, Sankari West Post, Komarapalayam Taluk, Namakkal District",,,,,,,,,,,,,,,,,,,,,,,,,,,,,,No detail page found in PDF,,,,,
,,,,,104,"2634   Pallakapalayam, Sankari West Post, Komarapalayam Taluk, Namakkal District -",,,,,,,,,,,,,,,,,,,,,,,,,,,,,,No detail page found in PDF,,,,,
,,,,,105,"1309   Meenakshi Sundararajan Engineering College, Kodambakkam, Chennai 600024",,,,,,,,,,,,,,,,,,,,,,,,,,,,,,No detail page found in PDF,,,,,
,,,,,107,"1311   K C G College of Technology, (Autonomous) Karappakkam, Chennai 600096",,,,,,,,,,,,,,,,,,,,,,,,,,,,,,No detail page found in PDF,,,,,
,,,,,112,"1318   T.J Institute of Technology, Karapakkam, Chennai - 600097",,,,,,,,,,,,,,,,,,,,,,,,,,,,,,No detail page found in PDF,,,,,
,,,,,113,"1319   Thangavelu Engineering College, Karappakkam, Chennai 600097",,,,,,,,,,,,,,,,,,,,,,,,,,,,,,No detail page found in PDF,,,,,
,,,,,114,"1123   Gojan School of Business and Technology, Alamathi, Chennai 600062",,,,,,,,,,,,,,,,,,,,,,,,,,,,,,No detail page found in PDF,,,,,
,,,,,118,"1334   ARS College of Engineering, Maraimalai Nagar Post, Chengalpattu District 603209",,,,,,,,,,,,,,,,,,,,,,,,,,,,,,No detail page found in PDF,,,,,
,,,,,119,"1335   Sri Krishna Institute of Technology, Panapakkam, Padappai, Chennai 601301",,,,,,,,,,,,,,,,,,,,,,,,,,,,,,No detail page found in PDF,,,,,
,,,,,122,"4974   Government College of Engineering, Tirunelveli District 627007",,,,,,,,,,,,,,,,,,,,,,,,,,,,,,No detail page found in PDF,,,,,
,,,,,123,"1402   Annai Teresa College of Engineering, Thirunavalur, Kallakkurichi District 607204",,,,,,,,,,,,,,,,,,,,,,,,,,,,,,No detail page found in PDF,,,,,
,,,,,124,"1405   Dhanalakshmi College of Engineering, Manimangalam, Chennai 601301",,,,,,,,,,,,,,,,,,,,,,,,,,,,,,No detail page found in PDF,,,,,
,,,,,128,"1411   Madha Engineering College, Kundrathur, Chennai 600069",,,,,,,,,,,,,,,,,,,,,,,,,,,,,,No detail page found in PDF,,,,,
,,,,,129,"1412   Mailam Engineering College, Mailam, Villupuram District 604304",,,,,,,,,,,,,,,,,,,,,,,,,,,,,,No detail page found in PDF,,,,,
,,,,,132,"1415   T S M Jain College of Technology, Melur Village, Kallakurichi District 606201",,,,,,,,,,,,,,,,,,,,,,,,,,,,,,No detail page found in PDF,,,,,
,,,,,133,"1416   Jaya Sakthi Engineering College, Thirunindravur, Chennai 602024",,,,,,,,,,,,,,,,,,,,,,,,,,,,,,No detail page found in PDF,,,,,
,,,,,134,"1419   Sri Sai Ram Enginering College (Autonomous), West Tambaram, Chennai 600044",,,,,,,,,,,,,,,,,,,,,,,,,,,,,,No detail page found in PDF,,,,,
,,,,,135,"1420   Tagore Engineering College, Rathnamangalam, Vandalur Post, Chennai 600048",,,,,,,,,,,,,,,,,,,,,,,,,,,,,,No detail page found in PDF,,,,,
,,,,,136,"1421   V R S College of Engineering and Technology, Arasur, Villupuram District 607107",,,,,,,,,,,,,,,,,,,,,,,,,,,,,,No detail page found in PDF,,,,,
,,,,,138,"1423   Asan Memorial College of Engineering and Technology,Chengalpattu-603 001.",,,,,,,,,,,,,,,,,,,,,,,,,,,,,,No detail page found in PDF,,,,,
,,,,,139,"1424   Dhaanish Ahmed College of Engineering, Padappai, Chennai 601301",,,,,,,,,,,,,,,,,,,,,,,,,,,,,,No detail page found in PDF,,,,,
,,,,,140,"1426   Sri Ramanujar Engineering College, Vandalur, Kolappakkam, Chennai 600127",,,,,,,,,,,,,,,,,,,,,,,,,,,,,,No detail page found in PDF,,,,,
,,,,,141,"1427   Sri Krishna Engineering College, Panappakkam, Padappai, Chennai 601301",,,,,,,,,,,,,,,,,,,,,,,,,,,,,,No detail page found in PDF,,,,,
,,,,,148,"1437   Rrase College of Engineering, Padappai, Kancheepuram 601301",,,,,,,,,,,,,,,,,,,,,,,,,,,,,,No detail page found in PDF,,,,,
,,,,,152,"1106   Jaya Engineering College, Thirunindravur, Chennai 602024",,,,,,,,,,,,,,,,,,,,,,,,,,,,,,No detail page found in PDF,,,,,
,,,,,154,"1416   Jaya Sakthi Engineering College, Thirunindravur, Chennai 602024",,,,,,,,,,,,,,,,,,,,,,,,,,,,,,No detail page found in PDF,,,,,
,,,,,156,"1452   PERI Institute of Technology, Mannivakkam, West Tambaram, Chennai 600048",,,,,,,,,,,,,,,,,,,,,,,,,,,,,,No detail page found in PDF,,,,,
,,,,,157,"1501   Adhiparasakthi College of Engineering, Kalavai, Ranipet District 632506",,,,,,,,,,,,,,,,,,,,,,,,,,,,,,No detail page found in PDF,,,,,
,,,,,158,"4956   Jayamatha Engineering College, Aralvaimozhi, Kanyakumari District-629301",,,,,,,,,,,,,,,,,,,,,,,,,,,,,,No detail page found in PDF,,,,,
,,,,,159,"1504   Arunai Engineering College, Mathur, Thiruvannamalai District 606603",,,,,,,,,,,,,,,,,,,,,,,,,,,,,,No detail page found in PDF,,,,,
,,,,,163,"1510   Priyadarshini Engineering College, Vaniyambadi Post, Thiruppattur District 635751",,,,,,,,,,,,,,,,,,,,,,,,,,,,,,No detail page found in PDF,,,,,
,,,,,164,"1511   Ranipettai Engineering College, Thenkadappanthangal, Ranipet District 632513",,,,,,,,,,,,,,,,,,,,,,,,,,,,,,No detail page found in PDF,,,,,
,,,,,165,"1512   S K P Engineering College, Thiruvannamalai District 606611",,,,,,,,,,,,,,,,,,,,,,,,,,,,,,No detail page found in PDF,,,,,
,,,,,167,"1517   Thirumalai Engineering College, Kilambi, Kancheepuram District 631551",,,,,,,,,,,,,,,,,,,,,,,,,,,,,,No detail page found in PDF,,,,,
,,,,,175,"5533   KIM Technical Campus, Keeranipatti, Thalakkuvur, Karaikudi, Sivagangai District",,,,,,,,,,,,,,,,,,,,,,,,,,,,,,No detail page found in PDF,,,,,
,,,,,181,"2314   Muthayammal College of Engineering, Kakkaveri Post, Namakkal District 637408",,,,,,,,,,,,,,,,,,,,,,,,,,,,,,No detail page found in PDF,,,,,
,,,,,186,"2711   Kongu Engineering College (Autonomous), Perundurai, Erode District 638052",,,,,,,,,,,,,,,,,,,,,,,,,,,,,,No detail page found in PDF,,,,,
,,,,,187,"2344   Railway Station Road, Thoppupalayam (Post), Perundurai, Erode District",,,,,,,,,,,,,,,,,,,,,,,,,,,,,,No detail page found in PDF,,,,,
,,,,,194,"4677   Road, Chundavilai, Mullanganavilai, Nattalam Post, Kanyakumari District",,,,,,,,,,,,,,,,,,,,,,,,,,,,,,No detail page found in PDF,,,,,
,,,,,201,"2364   VellimalaiPattinam, Narasipuram Post, Thondamuthur Via, Coimbatore District",,,,,,,,,,,,,,,,,,,,,,,,,,,,,,No detail page found in PDF,,,,,
,,,,,205,"3810   M.A.M. College of Engineering, Siruganur, Tiruchirappalli District 621105",,,,,,,,,,,,,,,,,,,,,,,,,,,,,,No detail page found in PDF,,,,,
,,,,,207,"3786   M.A.M. School of Engineering, Siruganur, Tiruchirappalli District 621105",,,,,,,,,,,,,,,,,,,,,,,,,,,,,,No detail page found in PDF,,,,,
,,,,,208,"1411   Madha Engineering College, Kundrathur, Chennai 600069",,,,,,,,,,,,,,,,,,,,,,,,,,,,,,No detail page found in PDF,,,,,
,,,,,219,"2614   S S M College of Engineering, Komarapalayam, Namakkal District 638183",,,,,,,,,,,,,,,,,,,,,,,,,,,,,,No detail page found in PDF,,,,,
,,,,,220,"2616   Sapthagiri College of Engineering, Periyanahalli Post, Dharmapuri District 635205",,,,,,,,,,,,,,,,,,,,,,,,,,,,,,No detail page found in PDF,,,,,
,,,,,221,"1412   Mailam Engineering College, Mailam, Villupuram District 604304",,,,,,,,,,,,,,,,,,,,,,,,,,,,,,No detail page found in PDF,,,,,
,,,,,223,"2620   Sathinaickenpalayam, Elayampalayam Village, Kumaramangalam, Namakkal",,,,,,,,,,,,,,,,,,,,,,,,,,,,,,No detail page found in PDF,,,,,
,,,,,225,"2622   V S B Engineering College(Autonomous), Kovai Road, Karur District 639111",,,,,,,,,,,,,,,,,,,,,,,,,,,,,,No detail page found in PDF,,,,,
,,,,,228,"2625   The Kavery Engineering College, M Kalipatti Post, Mecheri, Salem District 634456",,,,,,,,,,,,,,,,,,,,,,,,,,,,,,No detail page found in PDF,,,,,
,,,,,229,"2627   Selvam College of Technology, Pappanaickenpatti Post, Namakkal District 637003",,,,,,,,,,,,,,,,,,,,,,,,,,,,,,No detail page found in PDF,,,,,
,,,,,231,"1309   Meenakshi Sundararajan Engineering College, Kodambakkam, Chennai 600024",,,,,,,,,,,,,,,,,,,,,,,,,,,,,,No detail page found in PDF,,,,,
,,,,,234,"2634   Pallakapalayam, Sankari West Post, Komarapalayam Taluk, Namakkal District -",,,,,,,,,,,,,,,,,,,,,,,,,,,,,,No detail page found in PDF,,,,,
,,,,,235,"2635   CMS College of Engineering, Emapuram Post, Namakkal District 637003",,,,,,,,,,,,,,,,,,,,,,,,,,,,,,No detail page found in PDF,,,,,
,,,,,236,"2636   A V S Engineering College, Military Road, Ammapet, Salem District 636003",,,,,,,,,,,,,,,,,,,,,,,,,,,,,,No detail page found in PDF,,,,,
,,,,,239,"2640   Jayalakshmi Institute of Technology, Thoppur, Dharmapuri District 635352",,,,,,,,,,,,,,,,,,,,,,,,,,,,,,No detail page found in PDF,,,,,
,,,,,251,"2658   V S A Group of Institutions, NH-47, Uthamasola Puram Post, Salem District 636010",,,,,,,,,,,,,,,,,,,,,,,,,,,,,,No detail page found in PDF,,,,,
,,,,,255,"2667   Pallakapalayam, Sankari West Post, Komarapalayam Taluk, Namakkal District",,,,,,,,,,,,,,,,,,,,,,,,,,,,,,No detail page found in PDF,,,,,
,,,,,260,"3813   Oxford Engineering College, Karumandapam, Pirattiyur, Trichy-620 009",,,,,,,,,,,,,,,,,,,,,,,,,,,,,,No detail page found in PDF,,,,,
,,,,,261,"2705   CSI College of Engineering, Ketti, The Nilgiris 643215",,,,,,,,,,,,,,,,,,,,,,,,,,,,,,No detail page found in PDF,,,,,
,,,,,264,"3814   P R Engineering College, Vallam, Thanjavur District 613403",,,,,,,,,,,,,,,,,,,,,,,,,,,,,,No detail page found in PDF,,,,,
,,,,,265,"5910   P S N A Colllege of Engineering and Technology, Dindigul District 624622",,,,,,,,,,,,,,,,,,,,,,,,,,,,,,No detail page found in PDF,,,,,
,,,,,266,"2711   Kongu Engineering College (Autonomous), Perundurai, Erode District 638052",,,,,,,,,,,,,,,,,,,,,,,,,,,,,,No detail page found in PDF,,,,,
,,,,,270,"2716   Park College of Engineering and Technology, Kaniyur, Coimbatore District 641659",,,,,,,,,,,,,,,,,,,,,,,,,,,,,,No detail page found in PDF,,,,,
,,,,,271,"2717   Sasurie College of Engineering, Vijayamangalam, Tiruppur District 638056",,,,,,,,,,,,,,,,,,,,,,,,,,,,,,No detail page found in PDF,,,,,
,,,,,283,"2732   Info Institute of Engineering, Sarkar Samakulam, Coimbatore District 641107",,,,,,,,,,,,,,,,,,,,,,,,,,,,,,No detail page found in PDF,,,,,
,,,,,284,"4966   PET Engineering College, Vallioor Post, Tirunelveli District 627117",,,,,,,,,,,,,,,,,,,,,,,,,,,,,,No detail page found in PDF,,,,,
,,,,,285,"1125   PMR Engineering College,Adayalampattu, Chennai-600095",,,,,,,,,,,,,,,,,,,,,,,,,,,,,,No detail page found in PDF,,,,,
,,,,,289,"2753   PPG Institute of Technology, Vilankurichi Village, Coimbatore District 641035",,,,,,,,,,,,,,,,,,,,,,,,,,,,,,No detail page found in PDF,,,,,
,,,,,296,"2748   Surya Engineering College, Mettukadai, Kathirampatti Post, Erode District 638107",,,,,,,,,,,,,,,,,,,,,,,,,,,,,,No detail page found in PDF,,,,,
,,,,,299,"4989   PSN Engineering College, Melathediyoor, Tirunelveli District 627152",,,,,,,,,,,,,,,,,,,,,,,,,,,,,,No detail page found in PDF,,,,,
,,,,,300,"2752   Nandha College of Technology, Pitchandampalayam Post, Erode District 638052",,,,,,,,,,,,,,,,,,,,,,,,,,,,,,No detail page found in PDF,,,,,
,,,,,301,"2753   PPG Institute of Technology, Vilankurichi Village, Coimbatore District 641035",,,,,,,,,,,,,,,,,,,,,,,,,,,,,,No detail page found in PDF,,,,,
,,,,,305,"5913   R V S College of Engineering, N Paraipatti Post, Dindigul District 624005",,,,,,,,,,,,,,,,,,,,,,,,,,,,,,No detail page found in PDF,,,,,
,,,,,307,"5863   Architecture), RVS Nagar, Karur Road, N Paraipatti Post, Vedasandur Taluk,",,,,,,,,,,,,,,,,,,,,,,,,,,,,,,No detail page found in PDF,,,,,
,,,,,308,"1144   Roshanagaram Post, Madarapakkam Via, Gummidipoondi Taluk, Thiruvallur",,,,,,,,,,,,,,,,,,,,,,,,,,,,,,No detail page found in PDF,,,,,
,,,,,309,"2767   SRG Engineering College, Aniyapuram Post, Namakkal District 637017",,,,,,,,,,,,,,,,,,,,,,,,,,,,,,No detail page found in PDF,,,,,
,,,,,312,"2770   Studyworld College of Engineering, Madukarai Post, Coimbatore - 641 105.",,,,,,,,,,,,,,,,,,,,,,,,,,,,,,No detail page found in PDF,,,,,
,,,,,318,"1511   Ranipettai Engineering College, Thenkadappanthangal, Ranipet District 632513",,,,,,,,,,,,,,,,,,,,,,,,,,,,,,No detail page found in PDF,,,,,
,,,,,322,"3817   Roever Engineering College, Elambalur, Perambalur District 621212",,,,,,,,,,,,,,,,,,,,,,,,,,,,,,No detail page found in PDF,,,,,
,,,,,324,"3460   Surya College of Engineering, Konalai, Tiruchirappalli District 621132",,,,,,,,,,,,,,,,,,,,,,,,,,,,,,No detail page found in PDF,,,,,
,,,,,326,"1114   S A Engineering College (Autonomous), Thiruverkadu, Chennai 600077",,,,,,,,,,,,,,,,,,,,,,,,,,,,,,No detail page found in PDF,,,,,
,,,,,327,"1512   S K P Engineering College, Thiruvannamalai District 606611",,,,,,,,,,,,,,,,,,,,,,,,,,,,,,No detail page found in PDF,,,,,
,,,,,328,"1213   S K R Engineering College, Poonamallee, Chennai 600123",,,,,,,,,,,,,,,,,,,,,,,,,,,,,,No detail page found in PDF,,,,,
,,,,,329,"2614   S S M College of Engineering, Komarapalayam, Namakkal District 638183",,,,,,,,,,,,,,,,,,,,,,,,,,,,,,No detail page found in PDF,,,,,
,,,,,335,"3786   M.A.M. School of Engineering, Siruganur, Tiruchirappalli District 621105",,,,,,,,,,,,,,,,,,,,,,,,,,,,,,No detail page found in PDF,,,,,
,,,,,336,"3819   Saranathan College of Engineering, Panjappur, Tiruchirappalli District 620012",,,,,,,,,,,,,,,,,,,,,,,,,,,,,,No detail page found in PDF,,,,,
,,,,,337,"3801   A V C College of Engineering, Mannampandal Post, MayiladuthuraiDistrict 609305",,,,,,,,,,,,,,,,,,,,,,,,,,,,,,No detail page found in PDF,,,,,
,,,,,338,"4968   Sardar Raja College of Engineering, Alangulam, Tenkasi District 627808",,,,,,,,,,,,,,,,,,,,,,,,,,,,,,No detail page found in PDF,,,,,
,,,,,340,"2717   Sasurie College of Engineering, Vijayamangalam, Tiruppur District 638056",,,,,,,,,,,,,,,,,,,,,,,,,,,,,,No detail page found in PDF,,,,,
,,,,,341,"3806   E G S Pillay Engineering College (Autonomous), Nagapattinam District 611002",,,,,,,,,,,,,,,,,,,,,,,,,,,,,,No detail page found in PDF,,,,,
,,,,,345,"3810   M.A.M. College of Engineering, Siruganur, Tiruchirappalli District 621105",,,,,,,,,,,,,,,,,,,,,,,,,,,,,,No detail page found in PDF,,,,,
,,,,,346,"2364   VellimalaiPattinam, Narasipuram Post, Thondamuthur Via, Coimbatore District",,,,,,,,,,,,,,,,,,,,,,,,,,,,,,No detail page found in PDF,,,,,
,,,,,347,"3812   Mookambigai College of Engineering, Keeranur, Pudukkottai District 622502",,,,,,,,,,,,,,,,,,,,,,,,,,,,,,No detail page found in PDF,,,,,
,,,,,348,"3813   Oxford Engineering College,Karumandapam,Pirattiyur,Trichy-620 009",,,,,,,,,,,,,,,,,,,,,,,,,,,,,,No detail page found in PDF,,,,,
,,,,,349,"3814   P R Engineering College, Vallam, Thanjavur District 613403",,,,,,,,,,,,,,,,,,,,,,,,,,,,,,No detail page found in PDF,,,,,
,,,,,351,"3817   Roever Engineering College, Elambalur, Perambalur District 621212",,,,,,,,,,,,,,,,,,,,,,,,,,,,,,No detail page found in PDF,,,,,
,,,,,352,"3819   Saranathan College of Engineering, Panjappur, Tiruchirappalli District 620012",,,,,,,,,,,,,,,,,,,,,,,,,,,,,,No detail page found in PDF,,,,,
,,,,,353,"3820   Trichy Engineering College, Konalai, Tiruchirappalli District 621132",,,,,,,,,,,,,,,,,,,,,,,,,,,,,,No detail page found in PDF,,,,,
,,,,,362,"3841   Village, Thayanoor Village, Kuttappatti, Srirangam Taluk, Tiruchirappalli District",,,,,,,,,,,,,,,,,,,,,,,,,,,,,,No detail page found in PDF,,,,,
,,,,,363,"5914   Solamalai College of Engineering, Veerapanjan, Madurai District 625020",,,,,,,,,,,,,,,,,,,,,,,,,,,,,,No detail page found in PDF,,,,,
,,,,,369,"2767   SRG Engineering College, Aniyapuram Post, Namakkal District 637017",,,,,,,,,,,,,,,,,,,,,,,,,,,,,,No detail page found in PDF,,,,,
,,,,,375,"3905   Kings College of Engineering, Punalkulam, Pudukkottai District 613303",,,,,,,,,,,,,,,,,,,,,,,,,,,,,,No detail page found in PDF,,,,,
,,,,,377,"1427   Sri Krishna Engineering College, Panappakkam, Padappai, Chennai 601301",,,,,,,,,,,,,,,,,,,,,,,,,,,,,,No detail page found in PDF,,,,,
,,,,,378,"1335   Sri Krishna Institute of Technology, Panapakkam, Padappai, Chennai 601301",,,,,,,,,,,,,,,,,,,,,,,,,,,,,,No detail page found in PDF,,,,,
,,,,,379,"1218   Sri Muthukumaran Institute of Technology, Near Mangadu, Chennai 600069",,,,,,,,,,,,,,,,,,,,,,,,,,,,,,No detail page found in PDF,,,,,
,,,,,385,"1426   Sri Ramanujar Engineering College, Vandalur, Kolappakkam, Chennai 600127",,,,,,,,,,,,,,,,,,,,,,,,,,,,,,No detail page found in PDF,,,,,
,,,,,395,"1219   Chennai-Bengaluru High Road, Pennalur, Irungattukottai S.O., Sriperumbudur",,,,,,,,,,,,,,,,,,,,,,,,,,,,,,No detail page found in PDF,,,,,
,,,,,400,"4933   St. Mother Theresa Engineering College, Vagaikulam, Thoothukudi District 628102",,,,,,,,,,,,,,,,,,,,,,,,,,,,,,No detail page found in PDF,,,,,
,,,,,409,"4949   PSN Institute of Technology and Science,Melathediyoor, Tirunelveli-627 152",,,,,,,,,,,,,,,,,,,,,,,,,,,,,,No detail page found in PDF,,,,,
,,,,,410,"4952   C S I Institute of Technology, Thovalai, Kanyakumari District 629302",,,,,,,,,,,,,,,,,,,,,,,,,,,,,,No detail page found in PDF,,,,,
,,,,,411,"4953   CAPE Institute of Technology, Levingipuram, Tirunelveli District 627114",,,,,,,,,,,,,,,,,,,,,,,,,,,,,,No detail page found in PDF,,,,,
,,,,,414,"2770   Studyworld College of Engineering, Madukarai Post, Coimbatore - 641 105.",,,,,,,,,,,,,,,,,,,,,,,,,,,,,,No detail page found in PDF,,,,,
,,,,,418,"3460   Surya College of Engineering, Konalai, Tiruchirappalli District 621132",,,,,,,,,,,,,,,,,,,,,,,,,,,,,,No detail page found in PDF,,,,,
,,,,,422,"4966   PET Engineering College, Vallioor Post, Tirunelveli District 627117",,,,,,,,,,,,,,,,,,,,,,,,,,,,,,No detail page found in PDF,,,,,
,,,,,423,"1415   T S M Jain College of Technology, Melur Village, Kallakurichi District 606201",,,,,,,,,,,,,,,,,,,,,,,,,,,,,,No detail page found in PDF,,,,,
,,,,,424,"4968   Sardar Raja College of Engineering, Alangulam, Tenkasi District 627808",,,,,,,,,,,,,,,,,,,,,,,,,,,,,,No detail page found in PDF,,,,,
,,,,,425,"1420   Tagore Engineering College, Rathnamangalam, Vandalur Post, Chennai 600048",,,,,,,,,,,,,,,,,,,,,,,,,,,,,,No detail page found in PDF,,,,,
,,,,,429,"4975   Dr. G U Pope College of Engineering, Sawyerpuram, Thoothukudi District 628251",,,,,,,,,,,,,,,,,,,,,,,,,,,,,,No detail page found in PDF,,,,,
,,,,,430,"1319   Thangavelu Engineering College, Karappakkam, Chennai 600097",,,,,,,,,,,,,,,,,,,,,,,,,,,,,,No detail page found in PDF,,,,,
,,,,,432,"4978   Udaya School of Engineering, Ammandivilai Post, Kanyakumari District 629204",,,,,,,,,,,,,,,,,,,,,,,,,,,,,,No detail page found in PDF,,,,,
,,,,,434,"4980   Einstein College of Engineering, Seethaparpanallur, Tirunelveli District 627012",,,,,,,,,,,,,,,,,,,,,,,,,,,,,,No detail page found in PDF,,,,,
,,,,,435,"1517   Thirumalai Engineering College, Kilambi, Kancheepuram District 631551",,,,,,,,,,,,,,,,,,,,,,,,,,,,,,No detail page found in PDF,,,,,
,,,,,438,"3820   Trichy Engineering College, Konalai, Tiruchirappalli District 621132",,,,,,,,,,,,,,,,,,,,,,,,,,,,,,No detail page found in PDF,,,,,
,,,,,439,"4989   PSN Engineering College, Melathediyoor, Tirunelveli District 627152",,,,,,,,,,,,,,,,,,,,,,,,,,,,,,No detail page found in PDF,,,,,
,,,,,440,"4992   Bethlahem Institute of Engineering, Karungal, Kanyakumari District 629157",,,,,,,,,,,,,,,,,,,,,,,,,,,,,,No detail page found in PDF,,,,,
,,,,,446,"1026   Chennai-Bangalore Highway, Karaipettai Village & Post, Kancheepuram District",,,,,,,,,,,,,,,,,,,,,,,,,,,,,,No detail page found in PDF,,,,,
,,,,,449,"5532   Vaigai College of Engineering, Therkutheru, Melur Taluk, Madurai District 625122",,,,,,,,,,,,,,,,,,,,,,,,,,,,,,No detail page found in PDF,,,,,
,,,,,450,"5533   KIM Technical Campus, Keeranipatti, Thalakkuvur, Karaikudi, Sivagangai District",,,,,,,,,,,,,,,,,,,,,,,,,,,,,,No detail page found in PDF,,,,,
,,,,,459,"5863   Architecture), RVS Nagar, Karur Road, N Paraipatti Post, Vedasandur Taluk,",,,,,,,,,,,,,,,,,,,,,,,,,,,,,,No detail page found in PDF,,,,,
,,,,,463,"2622   V S B Engineering College(Autonomous),Kovai Road, Karur District 639111",,,,,,,,,,,,,,,,,,,,,,,,,,,,,,No detail page found in PDF,,,,,
,,,,,464,"5910   P S N A Colllege of Engineering and Technology, Dindigul District 624622",,,,,,,,,,,,,,,,,,,,,,,,,,,,,,No detail page found in PDF,,,,,
,,,,,467,"5913   R V S College of Engineering, N Paraipatti Post, Dindigul District 624005",,,,,,,,,,,,,,,,,,,,,,,,,,,,,,No detail page found in PDF,,,,,
,,,,,468,"5914   Solamalai College of Engineering, Veerapanjan, Madurai District 625020",,,,,,,,,,,,,,,,,,,,,,,,,,,,,,No detail page found in PDF,,,,,
,,,,,469,"5915   SACS-M A V M M Engineering College, Kidaripatty Post, Madurai District 625301",,,,,,,,,,,,,,,,,,,,,,,,,,,,,,No detail page found in PDF,,,,,
,,,,,481,"2620   Sathinaickenpalayam, Elayampalayam Village, Kumaramangalam, Namakkal",,,,,,,,,,,,,,,,,,,,,,,,,,,,,,No detail page found in PDF,,,,,
,,,,,482,"5851   Veeramal Engineering College, PVP Nagar, K. Singrakottai, Dindigul-624708.",,,,,,,,,,,,,,,,,,,,,,,,,,,,,,No detail page found in PDF,,,,,
,,,,,483,"1398   Chennai Institute of Technology and Applied Research, Sarathy Nagar, Puduper,",,,,,,,,,,,,,,,,,,,,,,,,,,,,,,No detail page found in PDF,,,,,
"KAKUPPAM,",9843601796,No,BANK OF BARODA,CS(60); EC(60); IT(60),1013,"University College of Engineering, Villupuram, Kakuppam, Villupuram District",7,4,1013,ucev_auc@yahoo.com,Yes,Yes,1100,5000,,1100,1100,15000,0,,24000,24000,0,,Permanent,Permanent,,600,600,No,,Both,Both,No,VILLUPURAM JUNCTION,,9443268363,605103,DR R SENTHIL,VILLUPURAM,http://www.aucev.edu.in/index.html
"MELPAKKAM POST, TINDIVANAM.",9443596027,No,STATE BANK OF INDIA,CE(60); CS(60); EC(60),1014,"University College of Engineering, Tindivanam, Melpakkam, Tindivanam, Villupuram District 604001",40,5,1014,deantindivanam@annauniv.edu,Yes,Yes,500,5000,,600,600,15000,0,,3000,3000,0,,Permanent,Permanent,,600,600,No,,Both,Both,No,TINDIVANAM,,4147224477,604307,DR P THAMIZHAZHAGAN,TINDIVANAM,www.aucet.in
"DEAN, UNIVERSITY COLLEGE OF",9487227462,No,STATE BANK OF INDIA,EC(60); EE(60),1015,"University College of Engineering, Arni, Arni to Devikapuram Road, Thatchur, Arni, Thiruvannamalai District 632326",60,15,TIRUVANNAMALAI,uceadean@gmail.com,Yes,Yes,500,5000,,50,50,15000,0,,2000,2000,0,,Permanent,Permanent,,50,50,No,,Both,Both,No,ARNI ROAD JUNCTION,,4173244400,632326,DR R ARULARSAN,,https://www.aucearni.in/
"CHENNAI - BANGALORE HIGHWAY,",9487116703,No,STATE BANK OF INDIA,CS(60); EC(60); EE(60),1026,"University College of Engineering, Kancheepuram, Ponnerikarai Campus, NH4, Chennai-Bangalore Highway, Karaipettai Village & Post, Kancheepuram District",4,2,KANCHIPURAM,ucekdean@gmail.com,Yes,Yes,500,5000,,600,600,7500,0,,2500,2500,0,,Permanent,Permanent,,600,600,No,,Both,Both,No,KANCHEEPURAM,,4427277220,631552,DR V KAVITHA,KANCHIPURAM,www.aucek.in
"""NIZARA EDUCATIONAL CAMPUS"",",9444765128,No,UNION BANK OF INDIA ANNA,CS(120); IT(60),1101,"Aalim Muhammed Salegh College of Engineering, Muthapudupet, Avadi IAF, Chennai 600055",20,1,TIRUVALLUR,principal@aalimec.ac.in,Yes,Yes,500,1000,,3000,3000,0,35100,,52000,52000,15100,,Permanent,Permanent,,15000,15000,Yes,,,,Yes,PATTABIRAM MILLITARY SIDING E,,9894260193,600055,DR S SATHISH,,www.aalimec.ac.in
"CTH ROAD, PRAKASH NAGAR,",9444366717,No,INDIAN OVERSEAS BANK,AE(60); CE(30); CS(120),1106,"Jaya Engineering College, Thirunindravur, Chennai 602024",15,1,TIRUVALLUR,info@jec.ac.in,Yes,Yes,500,0,,500,500,0,32500,,3000,3000,20000,,Permanent,Permanent,,1500,1500,Yes,,Both,Both,Yes,NEMILICHERY JAYA,,9444366717,602024,DR G SANKARANARAYANAN,AVADI,www.jec.ac.in
"JAYAVEL NAGAR, KANCHIPADI POST",9944599103,No,INDIAN OVERSEAS BANK,CS(60); EC(30); EE(30),1107,"Jaya Institute of Technology, Kanchipadi Post, Thiruvallur-TiruttaniNH Road, Thiruvallur District 631204",9,9,1107,lcrcet@gmail.com,Yes,Yes,0,0,,835,835,0,25000,,2500,2500,10000,,Permanent,Permanent,,1250,1250,Yes,,Both,Both,Yes,TIRUVALLUR,,9965426274,631204,DR W A AUGUSTEEN,TIRUTTANI TALUK,www.jitcollege.edu.in
POONAMALLEE TO TIRUVALLUR,8939908019,,STATE BANK OF INDIA,BT(60); CS(180),1110,"Prathyusha Engineering college, (Autonomous) Aranvoyalkuppam, Thiruvallur District 602025",11,8,TIRUVALLUR,principal@prathyusha.edu.in,Yes,Yes,1000,0,,1300,1300,5000,40000,,6000,6000,20000,,Permanent,Permanent,,2000,2000,Yes,,Both,Both,Yes,THIRUVALLUR,,8939908019,602025,DR B R RAMESH BAPU,,www.prathyusha.edu.in
"R.S.M NAGAR, KAVARAIPETTAI",9790670444,Yes,INDIAN OVERSEAS BANK,CS(240); EC(180); IT(60),1112,"R M D Engineering College (Autonomous), Kavaraipettai, Gummidipoondi, Thiruvallur District 601206",50,1,1112,principal@rmd.ac.in,Yes,Yes,0,5000,,1200,1200,11000,35400,,5100,5100,15400,,Permanent,Permanent,,2500,2500,Yes,,Both,Both,Yes,KAVARAIPETTAI,,9790670444,601206,DR N ANBUCHEZHIAN,GUMMIDIPOONDI,www.rmd.ac.in
R.S.M. NAGAR KAVARAIPETTAI,9865707860,Yes,INDIAN OVERSEAS BANK,CE(30); CS(240); EE(60),1113,"R M K Engineering College (Autonomous), Kavaraipettai, Gummidipoondi, Thiruvallur District 601206",50,1,1113,principal@rmkec.ac.in,Yes,Yes,0,5000,,1200,1200,11000,35400,,5100,5100,15400,,Permanent,Permanent,,2500,2500,Yes,,Both,Both,Yes,KAVARAIPETTAI,,4467906790,601206,DR K A MOHAMED JUNAID,GUMMIDIPOONDI,www.rmkec.ac.in
S.A.ENGINEERING,9962589616,Yes,INDIAN BANK,AD(120); EC(180),1114,"S A Engineering College (Autonomous), Thiruverkadu, Chennai 600077",23,7,TIRUVALLUR,principal@saec.ac.in,Yes,Yes,0,0,,500,500,0,33000,,4000,4000,19000,,Permanent,Permanent,,3000,3000,Yes,,Both,Both,Yes,AVADI,,9444001904,600077,DR S RAMACHANDRAN,POONAMALLEE,www.saec.ac.in
,,,,,1115,"Sri Ram Engineering College, Perumalpattu, Veppampattu (R S), Thiruvallur District 602 024",,,,,,,,,,,,,,,,,,,,,,,,,,,,,,No detail page found in PDF,,,,,
"THIRUPACHUR, THIRUVALLUR",9176745678,No,INDIAN BANK,CE(30); EC(60),1116,"Sri Venkateswara College of Engineering and Technology, Thirupachur, Thiruvallur District 631203",2,4,TIRUVALLUR,svcetthirupachur@gmail.com,Yes,Yes,1000,0,,0,0,0,25000,,3000,3000,10000,,Permanent,Permanent,,3000,3000,Yes,,Both,Both,Yes,THIRUVALLUR,,4427664444,631203,DR S PALANI ME PHD,THIRUVALLUR,www.sriventech.ac.in
"42 AVADI-ALAMATHI ROAD, VEL",9789037652,Yes,BANK OF BARODA,BM(60); CS(180); EC(120),1118,"Vel Tech Multi Tech Dr. Rangarajan Dr.Sakunthala Engineering College (Autonomous), Avadi-Alamathi Road, Chennai 600 062",20,8,TIRUVALLUR,principal@veltechmultitech.org,Yes,Yes,5000,5000,,1000,1000,0,37000,,4000,4000,18000,,Permanent,Permanent,,3000,3000,Yes,,Both,Both,Yes,AVADI,,9789037652,600062,DR V RAJAMANI,AMBATTUR,www.veltechmultitech.org
"VELAMMAL NEW GEN PARK,",9655219999,Yes,INDIAN BANK PUZHAL,AU(30); CE(30),1120,"Velammal Engineering College (Autonomous), Ambattur-Redhills Road, Chennai 600066",48,6,TIRUVALLUR,principal@velammal.edu.in,Yes,Yes,8000,5000,,500,500,10000,41000,,4800,4800,41000,,Permanent,Permanent,,2200,2200,Yes,,Both,Both,No,AMBATTUR,,4426591842,600066,DR S SATISH KUMAR,,www.velammal.edu.in
KOLUNDHALUR,9750252121,No,FEDERAL,AD(60); CS(60); CE(30),1121,"Sri Venkateswara Institute of Science and Technology, Kozhundalur, Thiruvallur District 631203",3,4,,svis_tech@yahoo.com,Yes,Yes,500,0,,2000,2000,0,8500,,50000,50000,21000,,Permanent,Permanent,,10000,10000,Yes,,Both,Both,Yes,THIRUVALLUR,,4427660437,631203,DR A N ARUN,THIRUVALLUR,www.sverct.in
"NO 60, AVADI-VELTECH ROAD",9789037651,Yes,BANK OF BARODA,AD(120); AM(60); BT(60),1122,"Vel Tech High Tech Dr. Rangarajan Dr.Sakunthala Engineering College (Autonomous), Avadi-Alamathi Road, Chennai 600 062",24,9,,principal@velhightech.com,Yes,Yes,5000,5000,,500,500,0,37000,,4000,4000,18000,,Permanent,Permanent,,3500,3500,Yes,,Both,Both,Yes,AVADI,,9789037651,600062,DR E KAMALANABAN,AVADI,https://www.velhightech.com
"80 FEET ROAD, EDAPALYAM,",9176419306,No,AXIS BANK,AE(30); AD(30); CS(30),1123,"Gojan School of Business and Technology, Alamathi, Chennai 600062",20,15,TIRUVALLUR,principal@gojaneducation.com,Yes,Yes,5000,0,,0,0,0,30000,,4000,4000,12000,,Permanent,Permanent,,12000,12000,Yes,,Both,Both,No,PERAMBUR,,7010723984,600052,DR C SELVA KUMAR,PONNERI,www.gojaneducation.tech
"82, PANAPAKKAM,",9941975790,No,INDIAN BANK TEYNAMPET,CS(30); AD(30),1124,"SAMS College of Engineering and Technology, Panappakkam, Chennai- Tirupathi Road, Uthukkottai Taluk, Thiruvallur District 601102",25,25,TIRUVALLUR,principal@samsengineering.org,Yes,Yes,1000,0,,600,600,6000,25000,,3000,3000,9000,,Permanent,Permanent,,1750,1750,Yes,,Both,Both,No,TIRUVALLUR RAILWAY STATION,,9176875133,601102,DR T P SURESH,1124,www.samsmarine.org
,,,,,1125,"PMR Engineering College,Adayalampattu, Chennai-600095",,,,,,,,,,,,,,,,,,,,,,,,,,,,,,No detail page found in PDF,,,,,
"90, USHAA GARDEN, KANNIGAIPAIR",9600057121,Yes,INDIAN BANK KANNIGAIPAIR,AD(60); BM(30),1126,"J.N.N Institute of Engineering(Autonomous), Ushaa Garden, Kannigaipair Village, Uthukottai Taluk, Thiruvallur District 601102",40,18,TIRUVALLUR,ao@jnn.edu.in,Yes,Yes,0,5000,,1000,1000,0,35000,,3000,3000,9000,,Permanent,Permanent,,2000,2000,Yes,,Both,Both,Yes,PONNERI,,9600057121,601102,DR K GANESAN,,https://www.jnn.edu.in/
COLLEGE ROAD ST.PETERS COLLEGE,9444693784,No,INDIAN BANK,BT(60); CS(60),1127,"St. Peters College of Engineering and Technology, College Road, Avadi, Chennai",25,1,TIRUVALLUR,spcet2008@gmail.com,Yes,Yes,0,0,,0,0,0,18500,,3950,3950,18500,,Permanent,Permanent,,2100,2100,Yes,,Both,Both,No,ANNANUR,,7358110159,600054,DR M CHINNAPANDIAN,,www.spcet.ac.in
RSM NAGAR PUDUVOYAL,9443980877,Yes,INDIAN OVERSEAS BANK,AD(120); CS(240); EC(120),1128,"R M K College of Engineering and Technology (Autonomous), Puduvoyal, Gummidipoondi Taluk, Thiruvallur District 601206",40,7,1128,principal@rmkcet.ac.in,Yes,Yes,0,5000,,1200,1200,11000,35400,,5100,5100,15400,,Permanent,Permanent,,2500,2500,Yes,,Both,Both,Yes,KAVARAIPETTAI,,9443980877,601206,DR K RAMAR,GUMMIDIPOONDI,www.rmkcet.ac.in
"POONAMALLE BYE PASS ROAD,",7418356444,No,INDIAN OVERSEAS BANK,AR(30),1129,"Jaya School of Architecture, Poonamallee By-Pass Road, Poonamallee, Chennai 600 056",10,5,CHENNAI,jayaarchitecture@gmail.com,Yes,Yes,1000,5000,,250,250,1000,30000,,3500,3500,15000,,Permanent,Permanent,,1000,1000,Yes,,Both,Both,Yes,CHENNAI EGMORE,,7418356555,600056,SUDARKODI G A,CHENNAI,www.jayaarchitecture.com
,,,,,1130,"MARG Instiute of Design & Architecture Swarnabhoomi (MIDAS), Marg Swarnabhoomi, Velur Village, Cheyyur Post, Chengalpattu District 603302",,,,,,,,,,,,,,,,,,,,,,,,,,,,,,No detail page found in PDF,,,,,
,,,,,1132,"Rajalakshmi School of Architecture, Thandalam, Sriperumpudur Taluk, Kancheepuram District 602105",,,,,,,,,,,,,,,,,,,,,,,,,,,,,,No detail page found in PDF,,,,,
"33,GANDHI",9688966134,No,INDIAN OVERSEAS BANK,CE(30); EC(60),1133,"AnnaiVeilankannis College of Engineering, Gandhi Road, Nedungundram, Chennai 600048",20,2,CHENGALPATTU,mail4engcoll@gmail.com,Yes,Yes,0,0,,0,0,0,15000,,3000,3000,5000,,Permanent,Permanent,,0,0,Yes,,Both,Both,No,PERUNGALATHUR,,9282144444,600127,DR P THIRUMURUGAN,,https://avce.annaiveilankannis.com
NIZARA EDUCATIONAL CAMPUS IAF,9600025027,No,PUNJAB NATIONAL BANK,AR(40),1135,"Aalim Muhammed Salegh Academy of Architecture, Muthapudupet, Avadi IAF, Chennai",20,1,TIRUVALLUR,director@amsarch.ac.in,Yes,Yes,500,1000,,3000,3000,0,35100,,52000,52000,15100,,Permanent,Permanent,,20000,20000,Yes,,,,Yes,PATTABIRAM MILITARY SIDING,,9600025027,600055,PROF V ARAVIND,AVADI,www.amsarch.ac.in
NH 46 CHENNAI BENGALURU,9443304963,No,CITY UNION BANK,AD(60); CE(30); CS(90),1137,"Annai Mira College of Engineering and Technology, Arcot Road, Arappakkam Village, WalajaTaulk, Ranipet District 632 517",12,10,RANIPET,amcet.rtet@gmail.com,Yes,Yes,1500,5000,,250,250,0,26000,,6000,6000,13000,,Permanent,Permanent,,1800,1800,Yes,,Both,Both,No,KATPADI,,4172292925,632517,DR T K GOPINATHAN,WALAJA,www.amcet.in
,,,,,1138,"Da Vinci School of Design and Architecture, Rajiv Gandhi Salai, Karapakkam, Chennai, Chengalpattu District 600097",,,,,,,,,,,,,,,,,,,,,,,,,,,,,,No detail page found in PDF,,,,,
"KUNNAM, SUNGUVARCHATRAM,",7401222007,No,ICICI BANK,CS(120); EC(60); ME(30),1140,"Jeppiaar Institute of Technology, kunnam Village, SriperumpudurTaulk, Kancheepuram District 631604",30,18,KANCHIPURAM,office@jeppiaarinstitute.org,Yes,Yes,0,0,,0,0,0,40000,,7900,7900,0,,Permanent,Permanent,,3300,3300,Yes,,Both,Both,Yes,WALAJABAD,,7401222002,631604,DR L M MERLIN LIVINGSTON,SRIPERUMBUDUR,www.jeppiaarinstitute.org
RVS NAGAR SETHILPAKKAM,9751808485,No,INDIAN BANK,,1144,"R V S Padmavathy School of Architecture, Senthil Pakkam Village, Roshanagaram Post, Madarapakkam Via, Gummidipoondi Taluk, Thiruvallur District 601202",35,18,TIRUVALLUR,rvspsoa@gmail.com,No,No,9500,0,,0,0,0,45000,,0,0,25000,,Permanent,Permanent,,0,0,Yes,,Veg,Veg,No,KAVARAPETAI,,9962895678,601202,M RAAJKUMAR,1144,https://rvschennai.edu.in/
,,,,,1145,"Anand School of Architecture, Old Mahalibalipuram Road (OMR), Kazhipattur, Chengalpattu District 603103",,,,,,,,,,,,,,,,,,,,,,,,,,,,,,No detail page found in PDF,,,,,
"RAJIV GANDHI SALAI (OMR), JYOTHI",9840131112,No,INDIAN BANK D B JAIN COLLEGE,AR(40),1146,"Thoraipakkam, Chengalpattu 600096",16,7,CHENNAI,mnmjsa@gmail.com,Yes,Yes,0,5000,,0,0,0,21000,,0,0,21000,,Permanent,Permanent,,60000,60000,Yes,,Veg,Veg,Yes,THIRUVANMIYUR MRTS,,4424960292,600097,AR N BHARATH,SHOLIGANALLUR,www.mnmjsa.ac.in
,,,,,1147,"MMES Academy of Architecture, C.Abdul Hakeem College Campus, Hakeem Nagar, Melvisharam, Ranipet District 632509",,,,,,,,,,,,,,,,,,,,,,,,,,,,,,No detail page found in PDF,,,,,
OLD MAHABALIPURAM ROAD (OMR),9840009248,Yes,INDIAN BANK,CS(240); EC(180),1149,"Road (OMR), Chennai 600119",30,15,CHENGALPATTU,stjosephstechnology@stjosephstechnology.a,Yes,Yes,0,0,,0,0,0,50000,,9500,9500,0,,Permanent,Permanent,,5000,5000,Yes,,Both,Both,Yes,TAMBARAM,,4424503132,600119,DR P RAVICHANDRAN MTECH PHD,SHOLINGANALLUR,www.stjosephstechnology.ac.in
"51 N, ELAVUR, 58N, NATHAM,",6382279241,No,STATE BANK OF INDIA,BM(60); ME(60),1150,"Sri Jayaram Institute of Engineering and Technology, 51 N, Elavur, 58N, Natham, Gummidipoondi Taluk, Thiruvallur District 601201",45,3,TIRUVALLUR,sjiet.tn@gmail.com,Yes,Yes,1000,5000,,350,350,1500,43000,,3150,3150,12000,,Permanent,Permanent,,1500,1500,Yes,,Both,Both,No,ELAVUR,,9442271941,601201,DR RAVIKUMAR,1150,www.sjiet.org
"NO 24, THUMBAKKAM, CHENNAI",8015722596,No,INDIAN BANK,AR(80),1152,"Chennai-Thirupathi Highway, Near Periyapalayam Amman Temple, Chennai 601102",28,32,TIRUVALLUR,director@caad.ac.in,Yes,Yes,5000,5000,,7500,7500,2500,60000,,50000,50000,30000,,Permanent,Permanent,,55000,55000,Yes,,Both,Both,Yes,CHENNAI CENTRAL,,9710930025,601102,VINODH VIJAYAKUMAR,UTHUKOTTAI,www.caad.ac.in
"PRINCIPAL, QUARTERS, DMICE",9444405820,No,UNION BANK OF INDIA,CS(120); EC(60),1202,"D M I College of Engineering, Palanchoor, Nazrethpet, Chennai 602103",25,25,KANCHIPURAM,principal@dmice.ac.in,Yes,Yes,500,0,,500,500,0,40000,,2500,2500,25000,,Permanent,Permanent,,2500,2500,Yes,,Both,Both,Yes,GUINDY,,9444405820,600123,DR N AZHAGESAN B E M TECH PH D,,www.dmice.ac.in
"IRUNGATTUKOTTAI, OPP. HYUNDAI",9444411193,No,AXIS BANK LTD,AD(60); AM(30); BM(60),1207,"Kings Engineering College, Sriperumpudur Taluk, Kancheepuram District",30,30,KANCHIPURAM,principal@kingsedu.ac.in,Yes,Yes,0,0,,500,500,0,50000,,4500,4500,35000,,Permanent,Permanent,,1000,1000,Yes,,Both,Both,Yes,GUINDY,,9444047238,602117,DR JOHN ORAL BHASKAR T,SRIPERUMBUDUR,www.kingsedu.ac.in
THIMMASAMUTHIRAM,6379785519,No,UCO BANK,CE(60); EE(60); EC(120),1209,"Pallavan College of Engineering, Thimmasamudram, Kancheepuram District",5,3,1209,pce_kanchi@rediffmail.com,Yes,Yes,500,10000,,250,250,2000,5000,,4000,4000,20000,,Permanent,Permanent,,1500,1500,Yes,,Both,Both,No,KANCHIPURAM RAILWAY STATION,,9444224068,631502,DR S HARIKRISHNAN,KANCHIPURAM,https://www.pallavan.edu.in/about.php
"BANGALORE TRUNK ROAD,",9994156513,Yes,UCO BANK,CS(720); IT(420); EC(480),1210,"Panimalar Engineering College (Autonomous), Nazarethpet, Poonamallee, Chennai 602123",20,20,TIRUVALLUR,info@panimalar.ac.in,Yes,Yes,0,0,,0,0,0,0,,3960,3960,0,,Permanent,Permanent,,3960,3960,Yes,,Both,Both,Yes,CHENNAI CENTRAL,,4426490404,600123,DR K MANI,TIRUVALLUR,www.panimalar.ac.in
"RAJALAKSHMI NAGAR, THANDALAM,",9445046807,Yes,INDIAN BANK,AD(180); AE(60); AL(180),1211,"Rajalakshmi Engineering College (Autonomous), Thandalam, Sriperumpudur Taluk, Kancheepuram District 602105",30,25,KANCHIPURAM,admin@rajalakshmi.edu.in,Yes,Yes,1000,0,,750,750,1000,60000,,4750,4750,60000,,Permanent,Permanent,,4500,4500,Yes,,Veg,Veg,Yes,GUINDY,,4467181111,602105,DR S N MURUGESAN,SRIPERUMBUDUR,www.rajalakshmi.edu.in
99A SRINIVASA STREET UDUMALPET,9498801377,No,CATHOLIC SYRIAN BANK,AU(30); BM(60); CS(30),1212,"Rajiv Gandhi College of Engineering, Nemili, Sriperumpudur Taluk, Kancheepuram District 602105",40,15,TIRUPPUR,principal@rgce.edu.in,Yes,Yes,50000,0,,0,0,0,25000,,1417,1417,6000,,Permanent,Permanent,,2750,2750,Yes,,Both,Both,Yes,THIRUVALLUR,,9444207399,642126,DR K SAMIDURAI,UDUMALPET,www.rgce.edu.in
"AGARMEL, NAZARATHPET,",9600983735,No,CITY UNION BANK,BM(60); CS(60); CB(60),1213,"S K R Engineering College, Poonamallee, Chennai 600123",20,20,TIRUVALLUR,admin@skrenggcollege.org,Yes,Yes,5000,5000,,5000,5000,1000,35000,,4000,4000,20000,,Permanent,Permanent,,12000,12000,Yes,,Both,Both,Yes,CENTRAL RAILWAY STATION,,9840666144,600123,DR G R SURESH,POONAMALLEE,www.skrec.in
SAVEETHA NAGAR THANDALAM,9841725345,Yes,INDIAN BANK,AG(30); BM(30); CE(30),1216,"Saveetha Engineering College (Autonomous), Thandalam, Sriperumpudur Taluk, Kancheepuram District 602105",20,12,KANCHIPURAM,principal@saveetha.ac.in,Yes,Yes,1000,5000,,500,500,5000,45000,,5000,5000,42000,,Permanent,Permanent,,2000,2000,Yes,,Both,Both,No,AVADI,,4466726690,602105,DR N DURAIPANDIAN,SRIPERUMBUDUR,www.saveetha.ac.in
SREE SASTHA NAGAR CHENNAI,7397773354,No,INDIAN BANK,AD(60); CE(30),1217,"Sree Sastha Institute of Engineering and Technology, Chembarambakkam, Chennai 600103",17,15,TIRUVALLUR,principal@ssiet.in,Yes,Yes,1000,5000,,650,650,1500,40000,,4000,4000,38000,,Permanent,Permanent,,2000,2000,Yes,,Both,Both,No,AVADI,,7358039155,600123,DR S BASKAR,,https://sasthainstitutions.in/
CHIKKARAYAPURAM MANGADU,9884911205,No,BANK OF BARODA,CE(30); CS(120); EC(60),1218,"Sri Muthukumaran Institute of Technology, Near Mangadu, Chennai 600069 Sri Venkateswara College of Engineering (Autonomous), Post Bag No.1, Chennai-",16,10,KANCHIPURAM,smitcollege1996@gmail.com,Yes,Yes,1000,0,,750,750,1000,35000,,3500,3500,15000,,Permanent,Permanent,,1500,1500,Yes,,Both,Both,Yes,TAMBARAM GUINDY,,4466110200,600069,DR K SOMASUNDARAM,KUNDRATHUR,www.smit.edu.in
"POST BAG NO.1, CHENNAI",9445694664,Yes,CITY UNION BANK,AU(30); BT(60),1219,"Sri Venkateswara College of Engineering (Autonomous), Post Bag No.1, Chennai-Bengaluru High Road, Pennalur, Irungattukottai S.O., Sriperumbudur Taluk, Kancheepuram District 602105",40,20,KANCHIPURAM,principal@svce.ac.in,Yes,Yes,0,25000,,0,0,0,55000,,5000,5000,50000,,Permanent,Permanent,,50000,50000,Yes,,Veg,Veg,Yes,TIRUVALLUR,,9445694664,602117,DR S GANESH VAIDYANATHAN,1219,www.svce.ac.in
,,,,,1221,"Jaya College of Engineering and Technology, Parivakkam, Poonamallee, Chennai 600056",,,,,,,,,,,,,,,,,,,,,,,,,,,,,,No detail page found in PDF,,,,,
"IRUNGKATTU KOTTAI,",9600113031,No,FEDERAL BANK,AE(30); AD(30),1222,"P B College of Engineering, Irungkattukottai, Sriperumpudur Taluk, Kancheepuram District 602117",40,30,KANCHIPURAM,principal@pbce.co.in,Yes,Yes,3000,0,,500,500,1000,35000,,2850,2850,25000,,Permanent,Permanent,,1700,1700,Yes,,Veg,Veg,Yes,CHENNAI CENTRAL RAILWAY,,9940026861,602117,DR P SENTHIL KUMAR,SRIPERUMBUDUR TALUK,www.pbce.in
MEVALUR KUPPAM B VILLAGE,9445016734,No,UNION BANK OF INDIA,SC(60); CS(60),1225,Chennai 600123,15,20,KANCHIPURAM,litprincipaloffice@gmail.com,Yes,Yes,0,0,,200,200,0,30000,,5000,5000,25000,,Permanent,Permanent,,800,800,Yes,,Both,Both,Yes,AAVADI,,4426811552,600123,DR SUJATHA JAMUNA ANAND,,www.litedu.in
VALLAL P T LEE CHENGALVARAYA,8072236135,No,INDIAN BANK,EC(60); EE(60),1226,"P T Lee Chengalvaraya Naicker College of Engineering and Technology, Oovery, Veliyur Post, Kancheepuram District 631 502",10,3,KANCHIPURAM,ptleecncetoffice@gmail.com,Yes,Yes,0,3000,,200,200,0,8000,,3100,3100,5000,,Permanent,Permanent,,0,0,Yes,,Both,Both,No,THIRUMALPUR,,4429817222,631502,DR P PALANISAMY ME PHD,,www.ptleecncet.com
"34, UDAYAVAR KOIL STREET,",9884487551,No,FEDERAL BANK,BM(60); CS(60); EC(30),1228,"Alpha College of Engineering, No.34, Udayavar Koil Street, Poonamallee, Thirumazhisai, Chennai - 600124",25,10,TIRUVALLUR,engineering@alphagroup.edu,Yes,Yes,0,0,,0,0,0,47000,,4500,4500,12000,,Rental,Permanent,,2500,2500,Yes,,Both,Both,No,AVADI,,9884487551,600124,DR B SOWMYA,POONAMALLEE,https://alphagroup.edu/engineering/
"NO:1, V.G.R. GARDENS, V.G.R. NAGAR,",9894405442,No,HDFC BANK LTD,CS(60); AD(60); EC(60),1229,"Indira Institute of Engineering and Technology, VGR Gardens, Pandur, Thiruvallur District 631203",5,6,TIRUVALLUR,engg.principal@indiraeducational.org,Yes,Yes,1000,0,,275,275,2500,25000,,1500,1500,10000,,Permanent,Permanent,,2500,2500,Yes,,Both,Both,No,THIRUVALLUR,,9841039479,631203,DR N VELVIZHI,THIRUVALLUR,www.indiraeducational.org
"MEVALOORKUPPAM, VALARPURAM",9444035060,No,SOUTH INDIAN BANK,AE(60); AD(60); CB(60),1230,"Apollo Engineering College, Mevaloorkuppam, Valarpuram Post, Sriperumpudur, Kancheepuram District 602105",30,25,KANCHIPURAM,aec1230@gmail.com,Yes,Yes,200,0,,150,150,0,25000,,1100,1100,20000,,Permanent,Permanent,,5000,5000,Yes,,Both,Both,No,GUINDY,,9444035060,602105,DR R MANOHARAN B E M TECH PH D,SRIPERUMBUDUR,www.apolloengg.in
,,,,,1232,"A R M College of Engineering and Technology, Sattamangalam, Maraimalainagar, Chengalpattu District 603209",,,,,,,,,,,,,,,,,,,,,,,,,,,,,,No detail page found in PDF,,,,,
"NO.6, MUNU ADHI NAGAR,",9952971485,No,INDIAN OVERSEAS BANK,CS(60); EC(60),1233,"Adhi College of Engineering and Technology, Pazhayaseevaram, Madura Sankarapuram Village, Kancheepuram District 631605",24,8,KANCHIPURAM,office@adhi.edu.in,Yes,Yes,1000,0,,500,500,0,25000,,3500,3500,10000,,Permanent,Permanent,,1000,1000,Yes,,Both,Both,No,WAALAJABAD,,9003625277,631605,DR A DEVARAJU,,www.adhi.edu.in
,,,,,1235,"JeiMathaajee College of Engineering, Vishaandikuppam, Karappettai (via), Siruvakkam, Kancheepuram District 631 552",,,,,,,,,,,,,,,,,,,,,,,,,,,,,,No detail page found in PDF,,,,,
VELAMMAL KNOWLEDGE,9444719852,No,INDIAN BANK,CS(240); EC(120),1237,"Velammal Institute of Technology, Chennai-Kolkatta Highway, Panchetti Village, Ponneri Taluk, Thiruvallur District 601204",28,7,TIRUVALLUR,principal@velammalitech.edu.in,Yes,Yes,1000,1000,,950,950,5000,35794,,5910,5910,11132,,Permanent,Permanent,,2290,2290,Yes,,Both,Both,No,PONNERI,,4422446300,601204,DR N BALAJI,1237,WWW.VELAMMALITECH.EDU.IN
GRT MAHALAKSHMI NAGAR,8939992754,No,AXIS BANK LTD,CS(120); EE(30),1238,"G R T Institute of Engineering and Technology, GRT Mahalakshmi Nagar, Chennai-Tirupathi Highway, Tiruttani Taluk, Thiruvallur District 631209",35,6,TIRUVALLUR,grtedu@gmail.com,Yes,Yes,1000,0,,5000,5000,2000,42000,,42000,42000,11500,,Permanent,Permanent,,15000,15000,Yes,,Both,Both,No,TIRUTTANI,,4427887044,631209,DR S ARUMUGAM,1238,www.grt.edu.in
"T.J.S. NAGAR, PERUVOYAL VILLAGE,",7373730006,No,STATE BANK OF INDIA,CS(90); EC(60),1241,"T J S Engineering College, Peruvoyal, Near Kavaraipettai, Gummidipoondi Taluk, Thiruvallur District 601206",50,4,TIRUVALLUR,tjsivanandam@gmail.com,Yes,Yes,0,4000,,650,650,0,25000,,3800,3800,10500,,Permanent,Permanent,,1800,1800,Yes,,Both,Both,No,KAVARAIPETTAI,,4427967602,601206,DR J PRAKASH,,www.tjsec.in
ERANDAMKATTALAI,8190050600,No,KARUR VYSYA BANK,AD(30); ME(30),1243,"Sadhananthapuram, Thandalam Post, Chennai 602101",60,5,KANCHIPURAM,principal448@gmail.com,Yes,Yes,500,0,,200,200,1000,22000,,3500,3500,10000,,Permanent,Permanent,,500,500,Yes,,Both,Both,No,PALLAVARAM,,8190050600,600128,DR K BALAKANNAN,KUNDRATHUR,www.mietchennai.in
"RAJIV GANDHI ROAD, OMR INSIDE",9940004500,No,INDIAN BANK,AD(30); CB(30); CE(30),1301,"Mohammed Sathak A J College of Engineering, Old Mahabalipuram Road (OMR), Egattur, Chengalpattu District 603103",30,20,CHENGALPATTU,msajce.office@gmail.com,Yes,Yes,0,0,,0,0,0,46000,,5000,5000,7000,,Permanent,Permanent,,40000,40000,Yes,,Both,Both,Yes,TAMBARAM,,4427470025,603103,DR K S SRINIVASAN,THIRUPORUR,www.msajce-edu.in
KALASALINGAM NAGAR OLD,7010562719,No,INDIAN BANK,EE(30); EC(60),1303,"Anand Institute of Higher Technology, Old Mahabalipuram Road (OMR), Kazhipattur, Chengalpattu District 603103",25,25,CHENGALPATTU,principal@aiht.ac.in,No,Yes,2500,0,,6000,6000,25000,35000,,2750,2750,25000,,Permanent,Permanent,,26000,26000,Yes,,Both,Both,No,TAMBARAM,,4427471310,603103,DR P SURESH MOHAN KUMAR,,www.aiht.ac.in
"BHARATHI SALAI,",9600396937,Yes,CITY UNION BANK,AD(60); AU(60); BM(60),1304,"Easwari Engineering College (Autonomous), Ramapuram, Chennai 600089",15,5,CHENNAI,principal@eec.srmrmp.edu.in,Yes,Yes,0,0,,500,500,7000,50000,,6670,6670,45000,,Permanent,Permanent,,5000,5330,Yes,,Both,Both,Yes,GUINDY,,4443923041,600089,DR R S KUMAR B E HONS M TECH PH,MADURAVOYAL,www.srmeaswari.ac.in
JEPPIAAR NAGAR SEMMENCHERRY,9443277305,No,INDIAN BANK,AD(60); BT(30); CS(150),1306,"Jeppiaar Engineering College, Old Mahabalipuram Road (OMR), Chennai",15,20,CHENGALPATTU,principal@jeppiaarcollege.org,Yes,Yes,0,0,,1000,1000,0,50000,,4500,4500,25000,,Permanent,Permanent,,36000,36000,Yes,,Both,Both,Yes,TAMBARAM,,9944922670,600119,DR J FRANCIS XAVIER,SHOLINGANALLUR,www.jeppiaarcollege.org
VELACHERY MAIN,9445488650,Yes,PUNJAB NATIONAL BANK,EC(60); CB(30),1307,"Jerusalem College of Engineering (Autonomous), Narayanapuram, Pallikaranai, Chennai 600 100",20,3,CHENNAI,principal@jerusalemengg.ac.in,Yes,Yes,0,0,,3000,3000,15000,45000,,4000,4000,25000,,Permanent,Permanent,,45000,45000,Yes,,Both,Both,No,VELACHERY,,7540037999,600100,DR RAMESH S,,https://www.jerusalemengg.ac.in
363 ARCOT ROAD KODAMBAKKAM,9841070913,No,STATE BANK OF INDIA,CE(60); CS(60); EC(120),1309,"Meenakshi Sundararajan Engineering College, Kodambakkam, Chennai 600024",10,1,,principal@msec.edu.in,Yes,No,0,7000,,0,0,0,0,,2400,0,0,,Rental,Rental,,800,0,No,,Veg,Veg,No,KODAMBAKKAM,,9841070913,600024,DR P K SURESH,EGMORE,www.msec.edu.in
"""GURU MARUDHAR KESARI",9486862555,No,INDIAN BANK,CE(30); CB(30),1310,"MisrimalNavajeeMunoth Jain Engineering College, Rajiv Gandhi Salai (OMR), Thorappakkam, Chennai 600096",10,6,CHENGALPATTU,info@mnmjec.ac.in,Yes,Yes,600,5000,,633,633,3600,21000,,3050,3050,21000,,Permanent,Permanent,,1050,1050,Yes,,Veg,Veg,Yes,THIRUVANMYUR,,4424960101,600097,,,www.mnmjec.ac.in
RAJIV GANDHI SALAI KARAPAKKAM,9600075082,Yes,UNION BANK OF INDIA,AD(60); AE(60); AO(60),1311,"K C G College of Technology, (Autonomous) Karappakkam, Chennai 600096",33,17,CHENNAI,principal@kcgcollege.com,Yes,Yes,800,0,,200,200,15000,30500,,5250,5250,25500,,Permanent,Permanent,,2500,2500,Yes,,Both,Both,Yes,TAMBARAM,,4428389001,600097,DR P DEIVA SUNDARI,SHOLINGANALLUR,www.kcgcollege.ac.in
,,,,,1313,"Shree Motilal Kanhaiyalal (SMK)Fomra Institute of Technology, Old Mahabalipuram Road (OMR), Kelambakkam, Chengalpattu District 603103",,,,,,,,,,,,,,,,,,,,,,,,,,,,,,No detail page found in PDF,,,,,
SRI SIVASUBRAMANIYA NADAR,9127469700,Yes,TAMILNAD MERCANTILE BANK,BM(60); CE(60),1315,"Sri Sivasubramaniya Nadar College of Engineering (Autonomous), Kalavakkam, Old Mahabalipuram Road (OMR), Chengalpattu District 603110",30,32,CHENGALPATTU,info@ssn.edu.in,Yes,Yes,20000,7500,,0,0,0,68000,,3200,3000,68000,,Permanent,Permanent,,75000,75000,Yes,,Both,Both,No,TAMBARAM,,4427469700,603110,DR V E ANNAMALAI,THIRUPPORUR,www.ssn.edu.in
"THALAMBUR, OLD MAHABALIPURAM",9445024081,No,INDIAN BANK,BM(60); CE(30),1316,"Agni College of Technology, Old Mahabalipuram Road (OMR), Thalambur Village, Chengalpattu District 603103",25,15,CHENGALPATTU,mail@act.edu.in,Yes,Yes,0,0,,0,0,5000,30000,,5000,5000,10000,,Permanent,Permanent,,2000,2000,Yes,,Both,Both,No,TAMBARAM,,4467409441,600130,DR SRINIVASAN A,,www.act.edu.in
OLD MAHABALIPURAM ROAD (OMR),9840009439,Yes,INDIAN BANK,AD(180); AL(120); BT(60),1317,"St. Joseph’s College of Engineering (Autonomous), Old Mahabalipuram Road (OMR), Chennai 600 119",30,15,CHENNAI,jprstjosephs@stjosephs.ac.in,Yes,Yes,0,0,,0,0,0,50000,,9500,9500,0,,Permanent,Permanent,,5000,5000,Yes,,Both,Both,Yes,TAMBARAM,,4424501060,600119,DR VADDI SESHAGIRI RAO ME MBA,SHOLINGANALLUR,www.stjosephs.ac.in
"RAJIVGANDHI SALAI (OMR),",9710435577,No,STATE BANK OF INDIA,AD(60); AM(60); CE(60),1318,"T.J Institute of Technology, Karapakkam, Chennai - 600097",10,4,CHENNAI,admin@tjit.edu.in,Yes,Yes,3000,3000,,250,250,5000,45000,,4500,4500,35000,,Permanent,Permanent,,2500,2500,Yes,,Both,Both,Yes,PERUNGUDI,,8778639092,600097,DR DURAI ARULNEYAM,SCHOLINGANALLUR,www.tjit.edu.in
"RAJIV GANDHI SALAI (OMR),",8939875566,No,STATE BANK OF INDIA,CS(120); CE(60); EC(60),1319,"Thangavelu Engineering College, Karappakkam, Chennai 600097",10,4,CHENNAI,admin@thangavelu.edu.in,Yes,Yes,3000,3000,,250,250,5000,45000,,4500,4500,35000,,Permanent,Permanent,,2500,2500,Yes,,Both,Both,No,PERUNGUDI,,9841114834,600097,DR M VENKATESAN,SCHOLINGANALLUR,www.thangavelu.edu.in
"SH 2, THIRU VI KA INDUSTRIAL",9937872419,No,STATE BANK OF INDIA,MN(60); PA(60),1321,"of Plastics Engineering and Technology) (CIPET), Guindy, Chennai 600032",10,1,CHENNAI,chennai@cipet.gov.in,Yes,Yes,0,1000,,0,0,0,0,,2750,2900,0,,Permanent,Permanent,,10000,1667,No,,Both,Both,No,GUINDY,,9937872419,600032,DR SYED AMANULLA,GUINDY,www.cipet.gov.in
"157, EAST COAST ROAD, POONJERI",8939928999,No,FEDERAL BANK THIRUPORUR,AD(120); AE(60); AG(60),1322,"Dhanalakshmi Srinivasan College of Engineering and Technology, East Coast Road, Poonjeri, Chennai 603104",35,35,CHENGALPATTU,dscet@yahoo.co.in,Yes,Yes,6000,5000,,250,250,5000,35000,,4000,4000,8000,,Permanent,Permanent,,1600,1600,Yes,,Both,Both,Yes,CHENGALPATTU,,4427442844,603104,DR T MANVEL RAJ,THIRUKAZHUKKUNDRAM,www.dscet.ac.in
SIA LEO NAGAR WEST TAMBARAM,9122512111,Yes,CITY UNION BANK LTD,AD(120); CO(60); CS(240),1324,"Sri Sai Ram Institute of Technology (Autonomous), West Tambaram, Chennai 600044",17,7,,sairam@sairamit.edu.in,Yes,Yes,1000,10000,,18000,18000,15000,42500,,5600,5600,23000,,Permanent,Permanent,,25200,25200,Yes,,Both,Both,No,TAMBARAM,,4422512111,600044,DR K PALANIKUMAR,TAMBARAM,www.sairamit.edu.in
"NEMILI,SRIPERUMBUDUR,KANCHIPU",9840396564,No,AXIS BANK,CS(120); IT(60); EC(60),1325,"St. Joseph College of Engineering, Trinity Campus, Nemili, Sriperumpudur Taluk, Kancheepuram District 602105",45,25,KANCHIPURAM,sjcemmi@gmail.com,Yes,Yes,0,0,,0,0,0,40000,,3000,3000,25000,,Permanent,Permanent,,3000,3000,Yes,,Both,Both,Yes,TAMBARAM,,9444405813,602117,DR T AHILAN,SRIPERUMBUDUR,www.stjoseph.ac.in
,,,,,1333,"Vi Institute of Technology, Sirunkundram Village & Post, Chengalpattu District",,,,,,,,,,,,,,,,,,,,,,,,,,,,,,No detail page found in PDF,,,,,
,,,,,1334,"ARS College of Engineering, Maraimalai Nagar Post, Chengalpattu District",,,,,,,,,,,,,,,,,,,,,,,,,,,,,,No detail page found in PDF,,,,,
NAVANEEDHAM,8110863000,No,STATE BANK OF INDIA,CE(60); EC(30),1335,"Sri Krishna Institute of Technology, Panapakkam, Padappai, Chennai 601301",35,17,KANCHIPURAM,principal.skit@gmail.com,Yes,Yes,1000,0,,500,500,0,30000,,4200,4200,18000,,Permanent,Permanent,,1200,1200,Yes,,Both,Both,No,TAMBARAM,,9840630259,601301,PROF N PARTHIBAN,KUNDRATHUR,www.srikrishnait.in
"SARATHY NAGAR, PUDUPER,",8939917087,No,AXIS BANK,AD(60); CS(180); EC(60),1398,Chennai Institute of Technology and Applied Research,45,14,KANCHIPURAM,INFO@CITAR.IN,Yes,Yes,0,0,,5000,5000,0,60000,,5000,5000,50000,,Permanent,Permanent,,70000,70000,Yes,,Both,Both,No,PALLAVARAM,,4471119111,600069,DR P DEIVA SUNDARI,SRIPERUMBATUR,WWW.CITAR.IN
"PUDUPER VILLAGE, SARATHY",8939917087,Yes,AXIS BANK,AD(150); AM(120); CB(60),1399,"Post, Kundrathur,Chennai 600069",45,14,KANCHIPURAM,principal@citchennai.net,Yes,Yes,0,0,,5000,5000,0,60000,,5000,5000,50000,,Permanent,Permanent,,70000,70000,Yes,,Both,Both,Yes,PALLAVARAM,,4471119111,600069,DR A RAMESH,SRIPERUMBATUR,www.citchennai.edu.in
"34 OMR, IT HIGHWAY, EGATTUR",8122171070,No,INDIAN BANK,AR(120),1400,"Mohamed Sathak A.J. Academy of Architecture, No.34, Old Mahabalipuram Road (OMR), Chengalpattu District 603103",20,20,1400,admin@msajaa.com,Yes,Yes,2000,0,,100,100,0,48000,,4500,4500,30000,,Permanent,Permanent,,4500,4500,Yes,,Both,Both,Yes,TAMBARAM,,4427470391,603103,DR RANEE VEDAMUTHU DIRECTOR,THIRUPORUR,www.msajaa.com
ADHIPARASAKTHI ENGINEERING,9442936797,No,CENTRAL BANK OF INDIA,CE(60); ME(60); EE(60),1401,"Adhiparasakthi Engineering College, Melmaruvathur, Chengalpattu District",36,3,CHENGALPATTU,principal@apec.edu.in,Yes,Yes,0,0,,7500,7500,500,38000,,48000,48000,7000,,Permanent,Permanent,,9000,9000,Yes,,Both,Both,No,MELMARUVATHUR,,4427529585,603319,DR J RAJA,CHEYYUR,www.apec.edu.in
CUDDALORE-ULUNDURPET MAIN,9842969992,No,STATE BANK OF INDIA,CS(60); EC(60); EE(60),1402,"Annai Teresa College of Engineering, Thirunavalur, Kallakkurichi District 607204",57,14,KALLAKURICHI,info.atce@gmail.com,Yes,Yes,1000,12000,,1200,1200,6500,25000,,5000,5000,25000,,Permanent,Rental,,1500,1500,Yes,,Veg,Veg,No,ULUNDURPET,,9842372393,607204,DR J KRISHNAKUMAR,ULUNDURPET,www.atce.ac.in
DR VPR NAGAR VARADHARAJA,9840620125,No,INDIAN OVERSEAS BANK,AD(120); CS(120); EC(60),1405,"Dhanalakshmi College of Engineering, Manimangalam, Chennai 601301",20,10,KANCHIPURAM,principal@dce.edu.in,Yes,Yes,2500,0,,12000,12000,30000,45000,,56000,56000,30000,,Permanent,Permanent,,12000,12000,Yes,,Both,Both,No,TAMBARAM,,7299016647,601301,DR C RAMESH BABU DURAI,SRIPERUMBUTHUR,www.dce.edu.in
"GKM NAGAR, NEW PERUNGALATHUR",9444963403,No,PUNJAB NATIONAL BANK,AD(30); AU(30); BM(30),1407,"G K M College of Engineering and Technology, Alappakkam-Mappedu Road, Chennai 600063",25,4,,principal@gkmcet.net.in,Yes,Yes,1000,0,,750,750,1500,23000,,5250,5250,12000,,Permanent,Permanent,,650,650,Yes,,Both,Both,No,PERUNGALATHUR,,9444256780,600063,DR N S BHUVANESWARI,TAMBARAM,www.gkmgroup.in
"IFET NAGAR, GANGARAMPALAYAM,",9442172456,Yes,INDIAN OVERSEAS BANK,AD(60); AL(60); CE(30),1408,"I F E T College of Engineering (Autonomous), Gangarampalayam, Villupuram District 605108",4,4,VILUPPURAM,college@ifet.ac.in,Yes,Yes,500,3000,,417,417,1500,26300,,3500,3500,8500,,Permanent,Permanent,,833,833,Yes,,Both,Both,No,VALAVANUR,,4146231456,605108,DR G MAHENDRAN M TECH PH D,VILLUPURAM,www.ifet.ac.in
"GST ROAD, CHINNA KOLAMBAKKAM,",9841122841,No,CANARA BANK,AD(60); BT(60),1409,"KarpagaVinayaga College of Engineering and Technology, Palayanoor Post, Maduranthagam Taluk, Chengalpattu District 603308",14,14,CHENGALPATTU,kvcet@live.com,Yes,Yes,1000,2500,,0,0,0,41500,,3125,3125,11550,,Permanent,Permanent,,3125,3125,Yes,,Both,Both,No,CHENGALPATTU,,4471565297,603308,DR P KASINATHA PANDIAN,1409,https:/www.kveg.in
"MADHA NAGAR, KUNDRATHUR,",8144264853,No,KARUR VYSYA BANK,AE(30); BT(30); BM(30),1411,"Madha Engineering College, Kundrathur, Chennai 600069",25,7,KANCHIPURAM,principal@madhaengineeringcollege.com,Yes,Yes,1000,0,,5000,5000,1000,30000,,3500,3500,20000,,Permanent,Permanent,,10000,10000,Yes,,Both,Both,Yes,PALLAVARM,,9790857567,600069,DR J VENU GOPALA KRISHNAN,SRIPERUMBUDUR,www.madhaengineeringcollege.com
MAILAM,9384428838,No,STATE BANK OF INDIA MAILAM,AD(60); CB(60); ME(120),1412,"Mailam Engineering College, Mailam, Villupuram District 604304",28,15,1412,mec@mailamengg.com,Yes,Yes,500,0,,5000,5000,0,29000,,45000,45000,14000,,Permanent,Permanent,,15000,15000,Yes,,Both,Both,No,TINDIVANAM,,8056524147,604304,DR R RAJAPPAN,TINDIVANAM,www.mailamengg.com
BHB NAGAR PONDUR PO VADAKAL,9941143542,No,STATE BANK OF INDIA,AD(60); CS(90); SC(60),1413,"Sri Venkateswaraa College of Technology, Sirukulathur, Vadakkal Village, Pondur Post, Sriperumbudur Taluk, Kancheepuram District 602105",30,20,KANCHIPURAM,svct2009@gmail.com,Yes,Yes,1000,0,,1000,1000,3500,40000,,3000,3000,30000,,Permanent,Permanent,,1500,1500,Yes,,Both,Both,No,TAMBARAM,,4461777777,602105,DR N JANAKI MANOHAR,SRIPERUMBUDUR,www.svct.edu.in
MEDAVAKKAM - MAMBAKKAM,9789832134,Yes,INDIAN OVERSEAS BANK,CS(60); CE(30); EC(120),1414,"Prince Shri Venkateshwara Padmavathy Engineering College(Autonomous), Ponmar, Chennai 600048",70,15,CHENGALPATTU,prince@psvpec.in,Yes,Yes,500,5000,,400,400,0,40000,,6000,6000,33000,,Permanent,Permanent,,750,750,Yes,,Both,Both,No,TAMBARAM,,9840100040,600127,DR G INDIRA,VANDALUR,www.psvpec.in
"INDHILI,MELUR,KALLAKURICHI.",9865989090,No,ICICI BANK,CE(60); CS(30); EE(60),1415,"T S M Jain College of Technology, Melur Village, Kallakurichi District 606201",15,15,1415,tsmjaincot@gmail.com,Yes,Yes,500,5000,,250,250,5000,15000,,3000,3000,7500,,Permanent,Permanent,,500,500,Yes,,Veg,Veg,No,CHINNASALEM,,9444114911,606201,DR ESWARAN THANGARAJU BE ME,CHINNASALEM,www.tsmjain.in
ST MARYS NAGAR NEAR AVADI,9994483785,No,INDIAN OVERSEAS BANK,CS(60); ME(60); BM(60),1416,"Jaya Sakthi Engineering College, Thirunindravur, Chennai 602024",15,1,TIRUVALLUR,principal.jsec2006@gmail.com,Yes,Yes,0,0,,835,835,0,30000,,2500,2500,20000,,Permanent,Permanent,,1250,1250,Yes,,Both,Both,Yes,NEMILICHERY JAYA COLLEGE,,4426340250,602024,DR P MARIMUTHU,AVADI,www.sakthiec.edu.in
"SAI LEO NAGAR, POONTHANDALAM",9677065557,Yes,CITY UNION BANK,CE(60); EC(240),1419,"Sri Sai Ram Enginering College (Autonomous), West Tambaram, Chennai",25,8,KANCHIPURAM,sairam@sairam.edu.in,Yes,Yes,1000,10000,,18000,18000,15000,42500,,5600,5600,23000,,Permanent,Permanent,,25200,25200,Yes,,Both,Both,No,TAMBARAM,,9677065557,600044,DR K PORKUMARAN,,www.sairam.edu.in
"RATHINAMANGALAM, VANDALUR -",7358259994,No,HDFC,AE(30); CS(120),1420,"Tagore Engineering College, Rathnamangalam, Vandalur Post, Chennai 600048",40,7,CHENGALPATTU,principal@tagore-engg.ac.in,Yes,Yes,0,0,,750,750,2500,40000,,3500,3500,20000,,Permanent,Permanent,,2833,2833,Yes,,Both,Both,No,VANDALUR,,4422299400,600127,DR R RAMESH,,www.tagore-engg.ac.in
ARASUR & POST,9443240278,No,TAMILNAD MERCANTILE BANK,CE(60); CS(120); EC(60),1421,"V R S College of Engineering and Technology, Arasur, Villupuram District",17,17,1421,vrscet@yahoo.com,Yes,Yes,0,1000,,0,0,0,16500,,3000,3000,5000,,Permanent,Permanent,,500,500,Yes,,Veg,Veg,No,VILLUPURAM,,4149298053,607107,DR N ANBAZHAGHAN PHD,THIRUVENNAINALLUR,www.vrscet.in
SRM NAGAR KATTANKULATHUR,9841578527,Yes,INDIAN BANK T NAGAR BRANCH,CE(30); CS(180); EE(60),1422,"SRM Valliammai Engineering College (Autonomous), Kattankulathur, Chennai",15,1,,principal@srmvalliammai.ac.in,Yes,Yes,3500,0,,12000,12000,7500,60000,,75000,75000,60000,,Permanent,Permanent,,32000,32000,Yes,,Both,Both,Yes,POTHERI,,9094537070,603203,DR M MURUGAN,VANDALUR,www.srmvalliammai.ac.in
"""ASAN NAGAR"", 9TH KM,",7708855476,No,FEDERAL BANK,EC(30); ME(30),1423,"Asan Memorial College of Engineering and Technology, Chengalpattu-603 001.",9,9,CHENGALPATTU,asanengg@yahoo.co.in,Yes,Yes,500,5000,,100,100,2000,35000,,4500,4500,15000,,Permanent,Permanent,,1200,1200,Yes,,Both,Both,Yes,CHENGALPATTU,,7010004781,603105,DR V K GNANAVEL,,amcet.co.in
DHAANISH NAGAR,8939100044,No,AXIS BANK,AD(90); CS(120),1424,"Dhaanish Ahmed College of Engineering, Padappai, Chennai 601301",35,15,KANCHIPURAM,principal@dhaanishcollege.co.in,Yes,Yes,1000,1000,,500,500,1000,35000,,4000,4000,20000,,Permanent,Permanent,,1750,1750,Yes,,Both,Both,Yes,TAMBARAM,,8939100045,601301,DR G UMA GOWRI,KUNDRATHUR,www.dhaanish.in
"KOLAPAKKAM, VANDALUR, CHENNAI",9360648201,No,INDIAN BANK NALLAMBAKKAM,CS(90); EC(60); EE(30),1426,"Sri Ramanujar Engineering College, Vandalur, Kolappakkam, Chennai 600127",30,5,,1426srec@gmail.com,Yes,Yes,2000,5000,,200,200,0,32000,,5000,5000,16000,,Permanent,Permanent,,800,800,Yes,,Both,Both,No,VANDALUR,,9444859455,600127,DR A DHANAPAL,VANDALUR,www.sriramanujar.ac.in
"PANAPAKKAM, NEAR PADAPPAI,",9884447125,No,STATE BANK OF INDIA,EE(30); EC(60),1427,"Sri Krishna Engineering College, Panappakkam, Padappai, Chennai 601301",35,17,KANCHIPURAM,principal.skec@gmail.com,Yes,Yes,1000,0,,500,500,0,30000,,4200,4200,18000,,Permanent,Permanent,,1200,1200,Yes,,Both,Both,No,TAMBARAM,,9710119126,601301,PROF N SIVANESAN,,www.skec.edu.in
"NO:3/249,E.S.NAGAR,NH-45,",9790466108,No,INDIAN BANK,AD(60); CS(60); EC(60),1428,"E S Engineering College, Chennai Trunk Road, Ayyankoilpattu, Villupuram District 605602",5,3,VILUPPURAM,admin@escet.in,Yes,Yes,1000,5000,,500,500,2000,30000,,5000,5000,2000,,Permanent,Permanent,,1000,1000,Yes,,Both,Both,No,VILLUPURAM,,9585287662,605601,DR K INDIRA,,https://escet.in/
"A.VASUDEVANUR (PO),",9789020231,No,UNION BANK OF INDIA,CE(30); CS(90); EE(60),1430,"Maha Bharathi Engineering College, A Vasudevanur, Chinnasalem, Kallakurichi District 606201",25,7,KALLAKURICHI,mbec123@gmail.com,Yes,Yes,500,2000,,250,250,2000,25000,,2500,2500,1500,,Permanent,Permanent,,750,750,Yes,,Both,Both,No,CHINNASALEM,,4151256333,606201,DR R GURUMANI,CHINNASALEM,www.mbec.ac.in
VENGAIVASAL MAIN ROAD,9884232271,No,INDIAN OVERSEAS BANK,AD(60); CS(90); SC(60),1431,"New Prince Shri Bhavani College of Engineering and Technology(Autonomous), Vengaivasal Main Road, Gowrivakkam, Chennai 600073",40,5,,npsbprincipal@gmail.com,Yes,Yes,5000,1000,,250,250,1000,20000,,3000,3000,16000,,Permanent,Permanent,,1750,1750,Yes,,Both,Both,No,TAMBARAM,,4422780303,600073,DR T SARAVANAN,TAMBARAM,WWW.NPSBCET.EDU.IN
KUTHAMBAKKAM,9840296158,Yes,INDIAN BANK,AD(180); CB(120); CO(60),1432,"Rajalakshmi Institute of Technology, Irulapalayam, (Autonomous) Kuthampakkam Post, Kancheepuram District, Chennai 600124",25,24,1432,mail@ritchennai.edu.in,Yes,Yes,1000,10000,,500,500,1000,40000,,2750,2750,40000,,Permanent,Permanent,,3000,3000,Yes,,Veg,Veg,Yes,TIRUVALLUR,,9840296158,600124,DR P K NAGARAJAN,POONAMALLEE,www.ritchennai.org
"SURYA GROUP OF INSTITUTIONS, GST",7598469950,No,AXIS BANK,AU(30); CE(30),1434,"Surya Group of Institutions, GST Road, Vikravandi Village, Villupuram District",15,15,VILUPPURAM,principalset@suryagroup.edu.in,Yes,Yes,0,0,,300,300,0,10000,,2200,2200,6500,,Permanent,Permanent,,2500,2500,Yes,,Both,Both,No,VILLUPURAM JUNCTION,,4146263221,605652,DR V KALYANA CHAKRAVARTHY,,www.suryagroup.edu.in
"VADAKUCHIPALAYAM,",9443070067,No,INDIAN BANK KOLIYANUR,AD(60); CE(30); ME(60),1436,"A R Engineering College, Vadakuchipalayam, Kappiyampuliyur Post, Villupuram District 605601",10,10,VILUPPURAM,arec.svet@gmail.com,Yes,Yes,2500,5000,,100,100,5000,35000,,2500,2500,5000,,Permanent,Permanent,,1000,1000,Yes,,Both,Both,No,VILLUPURAM,,9487447625,605601,DR PANNEERDHASS R,VIKKRAVANDI,www.arenggc.com
"SH-48,TAMBARAM TO ORAGADAM",9363604040,No,DBS BANK INDIA,CE(30); CS(60),1437,"Rrase College of Engineering, Padappai, Kancheepuram 601301",35,9,KANCHIPURAM,rrasecoe@gmail.com,Yes,Yes,500,0,,2400,2400,5000,25000,,31600,31400,12000,,Permanent,Permanent,,6000,6000,Yes,,Both,Both,No,VANDALUR,,4427174753,601301,RANGANATH MUTHU,,www.rrase.com
"UNAI VILLAGE, ANAICUT POST",9790607343,No,INDIAN BANK,ME(60); CE(30); CS(45),1438,"Sree Krishna College of Engineering, Anaicut Post, Unnai Village, Vellore District",20,20,VELLORE,principalskce5126@gmail.com,Yes,Yes,75000,3000,,200,200,1000,3000,,3000,3000,1500,,Permanent,Permanent,,1000,1000,Yes,,Both,Both,No,KATPADI GUDIYATTAM,,9894216849,632101,DR SRINIVASA RAO MADANE S,ANAICUT,www.skcevellore.ac.in
"AKT NAGAR, NEELAMANGALAM",9952759085,No,INDIAN BANK,CE(30); CS(60); EC(60),1441,"A K T Memorial College of Engineering and Technology, Neelamangalam Village, Kallakurichi District 606202",3,18,1441,aktengg@gmail.com,Yes,Yes,0,0,,0,0,0,25000,,4000,4000,5500,,Permanent,Permanent,,1000,1000,Yes,,Both,Both,No,CHINNASALEM,,4151223577,606213,DR R THANIGAIVELAN,KALLAKURICHI,www.aktmcet.in
MEDAVAKKAM - MAMBAKKAM,9884596363,No,INDIAN OVERSEAS BANK,AD(60); BM(30); SC(60),1442,"Prince Dr. K Vasudevan College of Engineering and Technology, Medavakkam- Mambakkam Road, Ponmar, Chennai 600127",70,15,CHENGALPATTU,prince@princedr.k.vasudevan.com,Yes,Yes,500,5000,,400,400,0,40000,,6000,6000,33000,,Permanent,Permanent,,750,750,Yes,,Both,Both,No,TAMBARAM,,9840100040,600127,DR T SUNDERSELWYN,VANDALUR,www.princedrkvasudevan.com
"ZAMIN ENDATHUR,",9445398094,No,KARUR VYSYA BANK,CE(30); EC(60),1444,"Chendu College of Engineering and Technology, ZaminEndathur Village, Madurantakam Taluk, Chengalpattu District 600127",32,6,CHENGALPATTU,principal@ccet.org.in,Yes,Yes,500,5000,,200,200,5000,35000,,3900,3900,12000,,Permanent,Permanent,,1700,1700,Yes,,Both,Both,No,MADURANTAKAM,,9445398096,603311,PROF A MOHAMED ABDUL KADHAR,MADURANTAKAM,www.chenduengg.com
NH77 TIRUVANNAMALAI -,9787470790,No,STATE BANK OF INDIA,CS(60); EC(30),1445,"Sri Rangapoopathi College of Engineering, Alampoondi Village, Gingee, Villupuram District 604151",40,30,VILUPPURAM,srceprince2009@gmail.com,Yes,Yes,1000,5000,,100,100,5000,19000,,4500,4500,5000,,Permanent,Permanent,,1000,1000,Yes,,Both,Both,No,TINDIVANAM,,9791263493,604151,DR E ARUN,,http://rangapoopathi.in/
NH45 MAIN ROAD,9894115500,No,INDIAN BANK,AG(60); CE(30); CS(60),1449,"Saraswathy College of Engineering and Technology, NH-45, Main Road, Olakkur, Tindivanam Taluk, Villupuram District 604307",13,3,1449,scet4218@gmail.com,Yes,Yes,1000,0,,0,0,0,3000,,3600,3600,1000,,Permanent,Permanent,,0,0,Yes,,Both,Both,No,OLAKKUR,,4147290370,604305,DR R RAJU,TINDIVANAM,https://vetscet.ac.in
LOYOLA COLLEGE,9003825594,No,INDIAN OVERSEAS BANK,CS(120); EC(60); EE(60),1450,"Loyola ICAM College of Engineering and Technology, Loyola College Campus, Nungambakkam, Chennai 600034",6,1,CHENNAI,licet@licet.ac.in,Yes,Yes,0,0,,0,0,0,0,,3500,3500,0,,Permanent,Permanent,,6000,6000,No,,Both,Both,Yes,NUNGAMBAKKAM,,9003900183,600034,DR L ANTONY MICHAEL RAJ,EGMORE,www.licet.ac.in
"PERI KNOWLEDEGE PARK,",9150594111,No,INDUSIND BANK,AD(30); AG(30); CB(60),1452,"PERI Institute of Technology, Mannivakkam, West Tambaram, Chennai 600048",25,2,CHENGALPATTU,admissions@periit.com,Yes,Yes,1000,0,,400,400,5000,50000,,6000,6000,30000,,Permanent,Permanent,,1100,1100,Yes,,Both,Both,No,VANDALUR,,9150594111,600048,DR R PALSON KENNEDY,VANDALUR,www.peri.education
"G.B.NAGAR, KALAVAI,",9994085790,No,CENTRAL BANK OF INDIA,CE(30); CS(60); EC(60),1501,"Adhiparasakthi College of Engineering, Kalavai, Ranipet District 632506",20,45,1501,apce501@gmail.com,Yes,Yes,250,0,,500,500,10000,25000,,3000,3000,7500,,Permanent,Permanent,,500,500,Yes,,Both,Both,No,KATPADI JUNCTION,,9003718817,632506,DR T KARTHIKEYAN,KALAVAI,www.apce.in
"VADAMAVANDAL VILLAGE,",8668010671,No,INDIAN BANK,CE(30); EE(30),1503,"Arulmigu Meenakshi Amman College of Engineering, Vadamavandal, Thiruvannamalai District 604410",90,18,TIRUVANNAMALAI,amacengg@yahoo.com,Yes,Yes,40000,0,,100,100,5000,2000,,3000,3000,1000,,Permanent,Permanent,,1000,1000,Yes,,Both,Both,Yes,KANCHIPURAM,,8939804010,604410,DR P RAMASUBRAMANIAN,VEMBAKKAM TALUK,www.amace.edu.in
"VELU NAGAR, MATHUR,",9442367155,No,INDIAN BANK,BT(60); CS(120); EC(120),1504,"Arunai Engineering College, Mathur, Thiruvannamalai District 606603",4,4,TIRUVANNAMALAI,aectvm1993@gmail.com,Yes,Yes,200,0,,150,150,0,27000,,3000,3000,18000,,Permanent,Permanent,,1750,1750,Yes,,Both,Both,No,TIRUVANNAMALAI,,9442367155,606603,DR RAVICHANDARAN R,TIRUVANNAMALAI,www.arunai.org
HAKEEM NAGAR MELVISHARAM,9894325466,No,STATE BANK OF INDIA,AD(60); CE(30); CS(120),1505,"C Abdul Hakeem College of Engineering and Technology, Melvisharam, Ranipet District 632509",4,5,,info.cahcet@gmail.com,Yes,Yes,600,2000,,380,380,8000,28000,,4500,4500,10000,,Permanent,Permanent,,360,360,Yes,,Both,Both,Yes,WALAJA ROAD,,4172267387,632509,DR M SASIKUMAR,WALAJA,www.cahcet.edu.in
GANADIPATHY TULSIS JAIN,9894419261,No,BANK OF BARODA,AD(60); EC(30),1507,"Ganadipathy Tulsi’s Jain Engineering College, Kaniyambadi, Vellore District",10,15,VELLORE,principal@gtec.ac.in,Yes,Yes,0,0,,0,0,0,25250,,3000,3000,12000,,Permanent,Permanent,,1500,1000,Yes,,Veg,Veg,No,KATPADI,,8012570109,632102,DR M BARATHI,VELLORE,www.gtec.ac.in
"12, VEMBULIAMMAN KOVIL STREET,",9791567506,No,INDIAN BANK,CS(120); IT(120); EC(120),1509,"Meenakshi College of Engineering, Vembuliamman Koil Street, K K Nagar (West), Chennai 600078",10,4,CHENNAI,principal@mce.edu.in,Yes,Yes,1000,0,,5000,5000,0,32000,,4000,4000,11000,,Permanent,Permanent,,24000,24000,Yes,,Both,Both,Yes,MAMBALAM,,9791529229,600078,DR R GANESAN,"MAMBALAM, GUINDY",mce.edu.in
"CHETTIYAPPANUR VILLAGE & POST,",9047666423,No,CANARA BANK,CE(60); CS(90); EC(60),1510,"Priyadarshini Engineering College, Vaniyambadi Post, Thiruppattur District",20,5,TIRUPATHUR,priyaecvnb@yahoo.com,Yes,Yes,500,2500,,500,500,2500,20000,,3500,3500,6000,,Permanent,Permanent,,1000,1000,Yes,,Both,Both,No,VANIYAMBADI,,9443491455,635751,DR K VIJAYARAJ,VANIYAMBADI,www.priyadarshini.net.in
"THENKADAPPANTHANGAL ,",8667013673,No,INDIAN BANK,CE(45); CS(45); EE(60),1511,"Ranipettai Engineering College, Thenkadappanthangal, Ranipet District 632513",6,6,RANIPET,recchairman@gmail.com,Yes,Yes,5000,5000,,0,0,0,12000,,3000,3000,5000,,Permanent,Permanent,,1000,1000,Yes,,Both,Both,No,WALAJA ROAD RAILWAY STATION,,4172299501,632513,MANJUNATHAN M,WALAJA,www.ranippettaiengcollege.com
BANGALORE-PONDICHERRY,9894304247,No,HDFC BANK LMITED,CE(60); CS(120); EC(60),1512,"S K P Engineering College, Thiruvannamalai District 606611",4,4,TIRUVANNAMALAI,principal@skpec.in,Yes,Yes,0,0,,10000,10000,0,30000,,30000,30000,20000,,Permanent,Permanent,,30000,30000,Yes,,,,Yes,TIRUVANNAMALAI,,9894335620,606611,DR S BASKARAN ME PHD,TIRUVANNAMALAI TALUK,www.skpec.edu.in
"ARCOT ROAD,IRUMBEDU",9843099201,No,INDIAN BANK,CS(60); EC(60); IT(60),1513,"Sri Balaji Chockalingam Engineering College, Arni, Thiruvannamalai District",60,8,1513,sbcecarni1513@gmail.com,Yes,Yes,0,0,,0,0,0,25000,,3000,3000,5500,,Permanent,Permanent,,1000,1000,Yes,,Both,Both,No,ARANI ROAD,,9843099201,632317,DR V THIRUNAVUKKARASU,ARNI,www.sbcecarni.org
"MOLAGARAMPATTIVILLAGE,",7019080599,No,UNION BANK OF INDIA,CS(60); EE(45); ME(60),1514,"SriNandhanamCollegeofEngineeringandTechnology,Molagarampatti,Tirupattur, Vellore-635601",3,5,TIRUPATHUR,engineering@nandhanam.edu.in,Yes,Yes,5000,5000,,0,0,0,1700,,3000,3000,1250,,Permanent,Permanent,,2500,2500,Yes,,Both,Both,No,JOLARPET,,8220789092,635602,DR SHANKAR,TIRUPATHUR,www.nandhanam.edu.in
"CHTTERI ROAD,BAGAYAM, VELLORE",8300891944,No,STATE BANK OF INDIA,CE(60); ME(120); EC(120),1516,"ThanthaiPeriyar Government Institute of Technology, Bagayam, Vellore District",10,12,1516,tpgitpa@gmail.com,Yes,Yes,250,5000,,250,250,6000,0,,2500,2500,0,,Permanent,Permanent,,200,200,No,,Veg,Veg,No,KATPADI JUNCTION,,4162267762,632002,DR J SREERAMBABU,VELLORE,www.tpgit.edu.in
THIRUMALAI ENGINEERING,9894870496,No,TAMILNAD MERCANTILE BANK,CS(120); EC(30),1517,"Thirumalai Engineering College, Kilambi, Kancheepuram District 631551",6,6,KANCHIPURAM,tecau1517@gmail.com,Yes,Yes,1000,5000,,500,500,0,20000,,3000,3000,5000,,Permanent,Permanent,,1000,1000,Yes,,Both,Both,No,KANCHIPURAM,,9894870496,631551,DR S LAKSHMI,,www.thirumalaiengg.in
PONNUR HILLS VANDAVASI,9360646172,No,KARUR VYSYA BANK,AE(45); AU(30); CE(68),1518,"Thiruvalluvar College of Engineering and Technology, Vandavasi, Thiruvannamalai District 604505",70,40,,tcet1998@gmail.com,Yes,Yes,0,10000,,0,0,0,35000,,3000,3000,5000,,Permanent,Permanent,,0,0,Yes,,Both,Both,No,MELMARUVATHUR,,9842313222,604505,DR V ARUMUGHAM,VANDAVASI,www.tcet.co.in
MGR NAGAR K.BANDARAPALLI,8939690965,No,INDIAN BANK,EE(60); IT(60),1519,"Bharathidasan Engineering College, Nattrampalli Post, Thiruppathur District",14,13,TIRUPATHUR,principal@bec.ac.in,Yes,Yes,500,0,,3000,3000,1000,24500,,3500,3500,4000,,Permanent,Rental,,12000,12000,Yes,,Both,Both,No,JOLARPET,,8939690965,635854,DR G BASKAR M E PH D FIE,,www.bec.ac.in
"CHITTOOR MAIN ROAD, CHIRISTIAN",9976849999,No,INDIAN BANK,CS(120); CB(30),1520,"Kingston Engineering College, Chithoor Main Road, Christianpet Village, Katpadi Taluk, Vellore District 632059",4,4,VELLORE,principal@kingston.ac.in,Yes,Yes,0,0,,6000,6000,0,32860,,38000,38000,7490,,Permanent,Permanent,,12000,12000,Yes,,Both,Both,No,KATPADI,,4162298300,632059,DR U V ARIVAZHAGU,,www.kingston.ac.in
"NO. 257/1, BANGALORE - CHENNAI",9487057966,No,STATE BANK OF INDIA,AU(30); CE(30); CS(90),1523,"Global Institute of Engineering and Technology, Bangalore-Chennai Highway, Melvisharam, Walajah Taluk, Ranipet District 632506",7,10,RANIPET,global_iet@yahoo.co.in,Yes,Yes,10000,5000,,500,500,0,28800,,4500,4500,9000,,Permanent,Permanent,,1250,1250,Yes,,Both,Both,No,WALAJAH ROAD,,9443132622,632509,DR V NATARAJAN,WALAJAH,www.getedu.in
"CHETPET TO POLUR ROAD,",9962513652,No,UNION BANK OF INDIA MODAIYUR,CE(30); CS(60); EE(30),1524,"Annamalaiar College of Engineering, Modaiyur Village, Polur Taluk, Thiruvannamalai District 606902",42,12,TIRUVANNAMALAI,annamalaiarcoe@gmail.com,Yes,Yes,500,3000,,100,100,5000,20000,,3000,3000,4000,,Permanent,Permanent,,500,500,Yes,,Both,Both,No,POLUR,,9962513652,606902,DR R KANNAN,POLUR,www.annamalaiarengg.com
"ADIYUR, SALEM MAIN ROAD",9488001525,No,CANARA BANK TIRUPATHUR,ME(60); CS(60); CE(30),1525,"Podhigai College of Engineering and Technology, Vinayakapuram, Adiyur Post, Tirupattur District 635601",3,3,1525,podhigaitech@gmail.com,Yes,Yes,1000,5000,,0,0,0,14000,,2000,2000,5500,,Permanent,Permanent,,1000,1000,Yes,,Veg,Veg,No,TIRUPATHUR JN,,4179225900,635601,DR M PRABHAKARAN,TIRUPATHUR,www.podhigaitech.ac.in
"T.R.S. CAMPUS, SRI KRISHNA NAGAR,",9159292520,No,HDFC BANK ARAKKONAM,CE(30); CS(60); EE(30),1526,"Sri Krishna College of Engineering, Tiruttani High Road, Arakkonam, Ranipet District 631003",55,3,RANIPET,principal1526@gmail.com,Yes,Yes,5000,5000,,750,750,5000,25000,,4500,4500,15000,,Permanent,Permanent,,1500,1500,Yes,,Both,Both,No,ARAKKONAM,,9944336600,631003,DR ARUNPRASATH R ME PHD MBA,ARAKKONAM,www.srikrishnacollege.co.in
VENMANI,9787669855,No,UNION BANK OF INDIA MODAIYUR,CS(60); EC(60); EE(60),1529,"Oxford College of Engineering, Venmani Village, Karaipoondi Post, Polur Taluk, Thiruvannamalai District 606803",32,3,1529,oceprincipal@gmail.com,Yes,Yes,1000,0,,0,0,0,7000,,1850,1850,3000,,Permanent,Permanent,,12000,12000,Yes,,Both,Both,No,POLUR,,4181223688,606803,M YUVARASU,POLUR,WWW.OXFORDCOLLEGEOFENGINEER
36 ELEVENTH AVENUE ASHOK,9884230077,No,UNION BANKOF INDIA ASHOK,BA(40),1530,"Papni School of Architecture, 302/1, Keeranallur Village, Sriperumbudhur Taluk, Kancheepuram District, Chennai 602108",18,14,CHENNAI,vinodrajappa.pisa@gmail.com,Yes,Yes,25000,25000,,500,500,15000,45000,,3500,3500,20000,,Permanent,Permanent,,1500,1500,Yes,,Both,Both,No,KANCHIPURAM,,9176630072,600083,VINOD RAJAPPA,CHENNAI,https://papniarch.ac.in
,,,,,1533,"Panimalar Engineering College Chennai City Campus, No.23, Railway Colony",,,,,,,,,,,,,,,,,,,,,,,,,,,,,,No detail page found in PDF,,,,,
IDHAYA ENGINEERING COLLEGE FOR,9843858770,No,INDIAN BANK,CS(90); EE(30); EC(60),1605,"Idhaya Engineering College for Women, Chinnasalem, Kallakkurichi District",15,4,KALLAKURICHI,idhaya@iecw.edu.in,No,Yes,200,0,250,,,0,30000,2500,,,7600,Permanent,,,750,,,Yes,Both,,,Yes,CHINNASALEM,,4151258325,606201,DR SR A JENITTA,CHINNASALEM,WWW.IECW.EDU.IN
"GCT, THADAGAM ROAD",9443749489,Yes,STATE BANK OF INDIA,CE(120); ME(120); EE(60),2005,"Government College of Technology (Autonomous), Thadagam Road, Coimbatore District 641013",7,6,COIMBATORE,gctcbe@gct.ac.in,Yes,Yes,200,5000,,250,250,2750,0,,1800,1800,0,,Permanent,Permanent,,200,200,No,,Veg,Veg,No,COIMBATORE JN,,4222432221,641013,DR K MANONMANI,COIMBATORE NORTH,www.gct.ac.in
"PSG COLLEGE OF TECHNOLOGY,",9894178219,Yes,CENTRAL BANK OF INDIA,AS(60); BS(60); BY(60),2006,"PSG College of Technology (Autonomous), Peelamedu, Coimbatore District",5,5,COIMBATORE,principal@psgtech.edu,Yes,Yes,1000,5000,,300,300,5350,0,,4850,4850,0,,Permanent,Permanent,,3000,3000,No,,Both,Both,No,COIMBATORE,,4224344777,641004,DR K PRAKASAN,COIMBATORE,www.psgtech.edu
CIVIL AERODROME POST,9442954202,Yes,INDIAN BANK,CE(45); CN(15); ME(65),2007,"Coimbatore Institute of Technology (Autonomous), Civil Aerodrome Post, Coimbatore District 641014",8,8,2007,principal@cit.edu.in,Yes,Yes,550,5000,,395,500,11000,0,,2500,2500,0,,Permanent,Permanent,,585,750,Yes,,Both,Both,No,COIMBATORE JUNCTION,,4222573187,641014,DR A RAJESWARI,COIMBATORE,www.cit.edu.in
"MARUTHAMALAI MAIN ROAD,",8778063690,No,STATE BANK OF INDIA,CS(60),2025,"Anna University Regional Campus - Coimbatore, Maruthamalai Main Road, NavavoorBharathiyar University Post, Somayampalayam, Coimbatore District",12,12,COIMBATORE,deancoimbatore@annauniv.edu,Yes,Yes,500,5000,,50,50,15000,0,,3000,3000,0,,Permanent,Permanent,,50,50,No,,Both,Both,No,COIMBATORE JUNCTION,,9894165888,641046,DR SARAVANAKUMAR M,COIMBATORE NORTH,www.aurcc.ac.in
"PULLIPALAYAM, MORUR POST,",7373696999,No,STATE BANK OF INDIA,AG(60); AD(60); BM(60),2302,"Sri Shanmugha College of Engineering and Technology, Morur Bit II Village, Salem District 637304",44,2,SALEM,principal@shanmugha.edu.in,Yes,Yes,3000,0,,8000,8000,0,25000,,3700,3700,3000,,Permanent,Permanent,,18000,18000,Yes,,Both,Both,No,SANKARI DURG,,7373696999,637304,DR G M TAMILSELVAN,SANKARI,https://shanmugha.edu.in/
"KAKKAVERI, RASIPURAM",8870007537,No,CANARA BANK,AG(60); CS(120); EC(60),2314,"Muthayammal College of Engineering, Kakkaveri Post, Namakkal District",30,5,2314,info@mce.ac.in,Yes,Yes,1250,2500,,650,650,5000,19000,,3250,3250,5000,,Permanent,Permanent,,1100,1100,Yes,,Both,Both,No,RASIPURAM,,4287220737,637408,DR P VENUGOPAL,RASIPURAM,www.mce.ac.in
"N.S.N. KALVI NAGAR, KARUR -",8220447799,No,KARUR VYSYA BANK,CS(60); EC(60),2327,"N S N College of Engineering and Technology, Karur-Madurai NH7, Manalmedu, Karur District 639003",10,11,KARUR,principal2327@gmail.com,Yes,Yes,5000,5000,,2500,2500,2500,24000,,3000,3000,10000,,Permanent,Permanent,,25000,25000,Yes,,Both,Both,No,KARUR,,8220447799,639003,DR J SHANMUGAPRIYAN ME PHD,,www.nsn.ac.in
"K.S.R. KALVI NAGAR, TIRUCHENGODE",7010695627,Yes,STATE BANK OF INDIA,BM(60); CS(90); SC(60),2328,"K S R Institute for Engineering and Technology(Autonomous), Thokkavadi, Namakkal District 637215",40,12,,principal@ksriet.ac.in,Yes,Yes,3750,0,,1000,1000,6500,40000,,4000,4000,40000,,Permanent,Permanent,,500,500,Yes,,Both,Both,No,ERODE,,4288274773,637215,DR M VENKATESAN,TIRUCHENGODE,www.ksriet.ac.in
"RATHINAM TECHNICAL CAMPUS,",9677968888,Yes,HDFC BANK,AG(30); AD(60),2329,"Rathinam Technical Campus(Autonomous), Pollachi Road, Eachanari, Coimbatore District 641021",7,7,COIMBATORE,principal@rathinamtechzone.com,Yes,Yes,16000,5000,,300,300,5000,25000,,4000,4000,7000,,Permanent,Permanent,,2000,2000,Yes,,Both,Both,No,COIMBATORE JUNCTION,,8122148500,641021,DR B NAGARAJ,MADUKARAI,https://www.rathinamtechnicalcampus.com/
"ERRATTAIKARADU PARUVACHI POST,",9566341010,No,UNION BANK OF INDIA,CS(60); EC(60),2332,"Aishwarya College of Engineering and Technology, ErrattaikaraduParuvachi Post, Anthiyur (Via), Bhavani Taluk, Erode District 638312",24,24,ERODE,acetdr@gmail.com,Yes,Yes,5000,3000,,0,0,0,18000,,4000,4000,6000,,Permanent,Permanent,,10000,10000,Yes,,Both,Both,No,ERODE JN,,9384281500,638312,DR T GOVINDASWAMY,2332,www.aishwaryaengg.ac.in
"294/2, ASIAN COLLEGE ROAD, NEAR",7708069402,No,SOUTH INDIAN BANK,EE(30); ME(30),2338,"Asian College of Engineering and Technology, Asian College Road, Kondayampalayam, Near Saravanampatti, Coimbatore District 641110",18,13,COIMBATORE,asiantccbe@gmail.com,Yes,Yes,0,2500,,200,200,0,25000,,2700,3000,10000,,Permanent,Permanent,,1500,1500,Yes,,Both,Both,No,THUDIYALUR RAILWAY STATION,,7708069402,641110,,,www.acetcbe.in
"ATTUR MAIN ROAD, METTUPATTI,",9865440414,No,KARUR VYSYA BANK,AD(60); BM(60); CE(30),2341,"Ganesh College of Engineering, Attur Main Road, Mettupatti, Salem District",10,10,SALEM,principal@ganeshenggcollege.org,Yes,Yes,2500,2000,,250,250,5000,30000,,2750,2750,30000,,Permanent,Permanent,,1250,1250,Yes,,Both,Both,No,SALEM JUNCTION,,4272211212,636111,,VALAPADI,http://ganeshenggcollege.org/
"1/162, ATHIPALAYAM THUDIYALUR,",7502664999,No,CANARA BANK,AD(30); CS(120); CE(30),2342,"Sri Ranganathar Institute of Engineering and Technology, Thudialur-Kovilpalay Road, Coimbatore District 641110",18,18,COIMBATORE,principalsriet1@gmail.com,Yes,Yes,1000,0,,200,200,5000,25500,,4000,4000,15000,,Permanent,Permanent,,1000,1000,Yes,,Both,Both,No,COIMBATORE JN,,7502664999,621110,DR H GANESAN,COIMBATORE(NORTH),www.sriet.ac.in
"TYPE V, INDIAN INSTITUTE OF",9952585751,No,CENTRAL BANK OF INDIA,,2343,"Indian Institute of Handloom Technology, Foulke's Compound, Thillai Nagar, Salem District 636001",2,1,SALEM,iiht.tnslm@nic.in,Yes,Yes,100,10000,,100,100,2000,0,,3700,3700,0,,Permanent,Permanent,,300,300,No,,Both,Both,No,SALEM TOWN,,8866985741,636001,DR AMIN HIRENBHAI NAVINBHAI,,www.iihtsalem.edu.in
"KEC CAMPUS,THOPPUPALYAM",7904074167,No,KARUR VYSYA BANK,AR(40),2344,"Kongu School of Architecture, Kongu Engineering College Campus, Perundurai Railway Station Road, Thoppupalayam (Post), Perundurai, Erode District",18,20,ERODE,ksa@kongu.ac.in,Yes,Yes,0,0,,500,500,0,31100,,3000,3000,7000,,Permanent,Permanent,,45000,45000,Yes,,Veg,Veg,No,ERODE,,9952412609,638060,G BHUVANESWARI,PERUNDURAI,http://www.ksakongu.edu.in/
"OPPOSITE SALEM AIRPORT,",9442273721,No,INDIAN OVERSEAS BANK,CE(30); AG(30); CS(150); AD(60); AE(60),2345,"Dhirajlal Gandhi College of Technology, Sikkanampatty, (Opp. to Airport), Omalur Taluk, Salem District 636309",20,6,SALEM,principal@dgct.ac.in,Yes,Yes,5000,5000,,100,100,5000,25000,,6000,6000,15000,,Permanent,Permanent,,1000,1000,Yes,,Veg,Veg,No,OMALUR,,4290233333,636309,DR A SELVARAJ ME PHD MISTE,,www.dgct.ac.in
"NH-544, KUPPANUR POST",6383911863,No,STATE BANK OF INDIA,CE(30); CS(60); EC(30),2346,"Shree Sathyam College of Engineering and Technology, NH-47, Manjakkalpatti, Kuppanur Post, Sankari Taluk, Salem District 637301",38,5,2346,balkisujatha@gmail.com,Yes,Yes,5000,15000,,300,300,7500,40000,,5000,5000,15000,,Permanent,Permanent,,2000,2000,Yes,,Both,Both,No,SANKARI DURG,,4283244080,637301,DR V SUJATHA,SANKARI,www.shreesathyam.edu.in
,,,,,2347,"AVS College of Technology, Attur Main Road, Near AVS College of Arts & Science, Chinnagoundapuram, Salem District 636106",,,,,,,,,,,,,,,,,,,,,,,,,,,,,,No detail page found in PDF,,,,,
ACC PIRIVU NAVAKARAI POST,9943060388,No,INDIAN OVERSEAS BANK,AR(40),2348,"San Academy of Architecture, ACC Pirivu, Navakarai Post, Walayar, Coimbatore District 641105",15,4,COIMBATORE,sanarchitecture7245@gmail.com,Yes,Yes,10000,10000,,500,500,1000,20000,,4000,4000,3500,,Permanent,Permanent,,2000,2000,Yes,,Both,Both,No,WALAYAR,,9447972284,641112,K S RAKESH,MADUKKARAI,www.sanarch.in
"PICHANUR POST, K.G. CHAVADI",8344916000,No,BANK OF BARODA,CS(60); BM(60); FD(60),2349,"Dhaanish Ahmed Institute of Technology, Pichanur Post, (Near K G Chavadi), Coimbatore District 641105",15,5,2349,principal@dhaanishcollege.in,Yes,Yes,0,5000,,200,200,0,25000,,4000,4000,12000,,Permanent,Permanent,,1600,1600,Yes,,Both,Both,Yes,ETTIMADAI,,4227172064,641105,DR K G PARTHIBAN,MADUKKARAI,www.dhaanish.com
"167A,",9944001608,No,CANARA BANK,CS(60); EC(60),2350,"Jairupaa College of Engineering, Thottiapalayam, Kathankanni Post, Kangayam, Tiruppur District 641 604",16,5,TIRUPPUR,jairupa2007@gmail.com,Yes,Yes,0,3000,,0,0,0,15000,,2000,2000,3000,,Permanent,Permanent,,500,500,Yes,,Veg,Veg,No,UTHUKULI,,9944001608,641604,DR T P JAYAKUMAR,,www.jairupa.org
"107/1B, DHARAPURAM MAIN ROAD,",9688245777,No,UNION BANK OF INDIA,CE(30); CS(60); EC(60),2354,"Pollachi Institute of Engineering and Technology, Main Road, Poosaripatti, Pollachi Taluk, Coimbatore District 642205",55,12,COIMBATORE,principal@pietech.edu.in,Yes,Yes,0,5000,,0,0,500,12000,,4500,4500,4000,,Permanent,Permanent,,1200,1200,Yes,,Both,Both,No,POLLACHI,,9524160950,642205,DR A DHANAMURUGAN,POLLACHI,www.pietech.edu.in
"THENNILAI , KARUR",9965096789,No,SOUTH INDIAN BANK,CS(60); EC(30); ME(60),2356,"Arulmurugan College of Engineering, Karvazhi Road, Thennilai Post, Karur District 639206",28,28,2356,engg@arulmurugan.edu.in,Yes,Yes,1000,5000,,200,200,5000,14500,,3000,3000,9000,,Permanent,Permanent,,1000,1000,Yes,,Both,Both,No,KARUR,,9750976789,639206,DR P SHANMUGAM PH D,PUGALUR,www.arulmurugan.edu.in
"NH-209,COIMBATORE-POLLACHI",8220048512,No,AXIS BANK,AG(30); CE(30),2357,"V S B College of Engineering Technical Campus, EalurPirivu, Solavampalayam Post, Coimbatore District 642109",20,2,COIMBATORE,principal@vsbcetc.com,Yes,Yes,0,0,,200,200,0,30000,,3750,3750,4000,,Permanent,Permanent,,2500,2500,Yes,,Both,Both,No,KINATHUKADAVU,,8220048512,642109,DR V VELMURUGAN,KINATHUKADAVU,www.vsbcetc.com
"NEHRU NAGAR WEST, KALAPATTI",9600941234,No,INDIAN BANK,AD(90); CS(60); AG(30),2360,"Suguna College of Engineering, Kalappatti Road, Civil Aerodrome Post, Coimbatore District 641014",10,10,COIMBATORE,sugucoe@gmail.com,Yes,Yes,5000,0,,100,100,0,4000,,3300,3300,1500,,Permanent,Permanent,,1200,1200,Yes,,Both,Both,No,COIMBATORE JUNCTION,,4222223512,641014,DR R MAGUTEESWARAN,COIMBATORE,www.sugunace.com
"RAM NAGR SOUTH , PELOT NO: 1638",9894658027,No,SOUTH INDIAN BANK,AR(80),2361,"Sasi Creative School of Archiecture, No.293/2B, Roja Raja Garden, Pollachi Main Road, Myleripalayam, Coimbatore District 641032",18,13,2361,director@scsa.ac.in,Yes,Yes,15000,25000,,500,700,15000,45000,,2500,3000,10000,,Rental,Permanent,,2800,3500,Yes,,Veg,Veg,No,POTHANUR,,9500539327,600091,MANINDER SINGH,MADIPAKKAM,www.scsa.ac.in
"VELLIMALAIPATTINAM,",9789516041,No,UNION BANK OF INDIA,,2364,"School of Architecture Coimbatore Institute of Engineering and Technology, VellimalaiPattinam, Narasipuram Post, Thondamuthur Via, Coimbatore District",20,20,COIMBATORE,soaciet@gmail.com,Yes,Yes,250,5000,,1500,1500,750,25000,,3350,3350,12000,,Permanent,Permanent,,20000,20000,Yes,,Both,Both,No,COIMBATORE,,9790038605,641109,AR S MAHALAKSHMI,,www.soaciet.edu.in
,,,,,2365,"Nehru School of Architecture, No.451-D, Palakkad Main Road, Kuniamuthur, Coimbatore District 641008",,,,,,,,,,,,,,,,,,,,,,,,,,,,,,No detail page found in PDF,,,,,
"310/1B, ARJUN COLLEGE OF",9443182869,No,CITY UNION BANK LTD,CE(30); EC(30),2367,"Arjun College of Technology, Chettiyakkapalayam, Kinathukadavu, Coimbatore District 642120",15,5,COIMBATORE,arjuncollegeoftechnology@yahoo.com,Yes,Yes,500,5000,,200,200,1000,24000,,4000,4000,12000,,Permanent,Permanent,,1000,1000,Yes,,Both,Both,No,KINATHUKADAVU JN,,4259200200,642120,DR C UTHAYAKUMAR,KINATHUKADAVU,www.actechnology.in
,,,,,2368,"Vishnu Lakshmi College of Engineering and Technology, Vellalore Post, Coimbatore District 641111",,,,,,,,,,,,,,,,,,,,,,,,,,,,,,No detail page found in PDF,,,,,
GOVERNMENT COLLEGE OF,9444565950,No,STATE BANK OF INDIA,CS(60); EC(60),2369,"Government College of Engineering, Chettikkarai Post, Dharmapuri District",5,8,DHARMAPURI,principalgcedpi@gmail.com,Yes,Yes,5050,7000,,250,250,5000,0,,2500,2500,0,,Permanent,Permanent,,200,200,No,,Veg,Veg,No,DHARMAPURI,,9444565950,636704,DR V SUMATHY,,www.gcedpi.edu.in
AVINASHI,9994486381,No,CANARA BANK,,2372,"Park Institute of Architecture, Avinashi Road, NH-47, Kaniyur, Coimbatore District 641659",23,23,COIMBATORE,pia@park.ac.in,Yes,Yes,0,0,,0,0,0,35000,,3500,3500,10000,,Permanent,Permanent,,2000,2000,Yes,,Both,Both,No,COIMBATORE,,9443792222,641659,RAHUL P M,,http://www.park.ac.in/
"VALLEY CAMPUS, POLLACHI",8098786151,No,CITY UNION BANK,AR(40),2373,"Hindusthan School of Architecture, Othakkalmandabam Post, Coimbatore District 641032",13,12,COIMBATORE,barch@hindusthan.net,Yes,Yes,1500,0,,600,600,0,28000,,2900,1200,10000,,Permanent,Permanent,,1300,1200,Yes,,Both,Both,No,COIMBATORE JUNCTION,,8098786151,641032,AR SURESH BHASKAR,COIMBATORE SOUTH,www.hsoa.ac.in
"RATHINAM SCHOOL, OF",9994615151,No,HDFC BANK,,2376,Coimbatore - 641021,7,7,COIMBATORE,principal.rsa@rathinam.in,Yes,Yes,16000,5000,,300,300,5000,25000,,4000,4000,7000,,Permanent,Permanent,,2000,2000,Yes,,Both,Both,No,COIMBATORE JUNCTION,,9940814141,641021,AR SHIYAM NMS,MADUKARAI,https://www.rathinamcollege.edu.in/architect
"AVINASHI ROAD, NEELAMBUR,",9994380356,No,CENTRAL BANK OF INDIA,CE(60); CS(60); EE(60),2377,641062,16,8,COIMBATORE,principal@psgitech.ac.in,Yes,Yes,1000,0,,300,300,0,43700,,6000,6000,20000,,Permanent,Permanent,,5000,5000,Yes,,Both,Both,Yes,COIMBATORE RAILWAY STATION,,9500814830,641062,DR N SARAVANAKUMAR,SULUR,www.psgitech.ac.in
"DR MGR NAGAR, KUMUDEPALLI",9487819104,Yes,INDIAN QVERSEAS BANK,AE(60); AD(60); BM(60),2601,"Adhiyamaan College of Engineering (Autonomous), Hosur, Krishnagiri District",40,6,2601,principal@adhiyamaan.ac.in,Yes,Yes,50,100,,100,100,100,25000,,3000,2500,5000,,Permanent,Permanent,,1500,1500,Yes,,Both,Both,No,HOSUR,,4344261001,635130,DR G RANGANATH,HOSUR,www.adhiyamaan.ac.in
ANNAI MATHAMMAL SHEELA,9944643999,No,STATE BANK OF INDIA,AD(30); CS(60),2602,"AnnaiMathammal Sheela Engineering College, Erumapatty Post, Namakkal District 637013",21,21,NAMAKKAL,principalamsec@gmail.com,Yes,Yes,10000,0,,100,100,5000,25000,,4500,4500,6000,,Permanent,Permanent,,1000,1000,Yes,,Both,Both,No,NAMAKKAL,,9443711881,637013,DR T PARITHIMAR KALAIGNAN,SENDHAMANGALAM,www.amsheela.org.in
"NH46, CHENNAI BANGALORE",9443440134,Yes,INDIAN BANK,EE(60); CS(60),2603,"Government College of Engineering (Autonomous), Bargur, Krishnagiri District",14,40,KRISHNAGIRI,principal503@gmail.com,Yes,Yes,200,5000,,1150,1150,2750,6250,,1700,1700,1000,,Permanent,Permanent,,200,200,No,,Veg,Veg,No,JOLARPETTAI,,9443440134,635104,DR R VIJAYAN,,www.gcebargur.ac.in
"HOGENAKKAL FALLS MAIN ROAD ,",9047138388,No,BANK OF BARODA,AE(30); CE(90); CS(60),2606,"Jayam College of Engineering and Technology, Nallanur Post, Dharmapuri District 636813",18,20,DHARMAPURI,principal@jcet.ac.in,Yes,Yes,500,0,,500,500,5000,25000,,4000,4000,6000,,Permanent,Permanent,,1000,1000,Yes,,Both,Both,No,DHARMAPURI,,9842999923,636813,DR M R SUBBARAYAN,PENNAGARAM,www.jcet.ac.in
K S R KALVI NAGAR KUCHIPALAYAM,9942166425,Yes,AXIS BANK,AD(60); CS(120); ME(60),2607,"K S Rangasamy College of Technology (Autonomous), Tiruchengode, Namakkal District 637215",40,14,NAMAKKAL,principal@ksrct.ac.in,Yes,Yes,500,0,,1000,1000,8000,40000,,4500,4500,40000,,Permanent,Permanent,,0,0,Yes,,Both,Both,No,ERODE,,4288274741,637215,DR R GOPALAKRISHNAN,TIRUCHENGODE,https://ksrct.ac.in/
"THALAVAPALAYAM(PO),PUNJAI",9566676377,Yes,AXIS BANK,AD(120); CB(60); CS(120),2608,"M Kumarasamy College of Engineering (Autonomous), Thalavapalayam, Karur District 639113",12,12,KARUR,PRINCIPAL@MKCE.AC.IN,Yes,Yes,0,0,,0,0,0,38000,,5000,5000,8400,,Permanent,Permanent,,30000,30000,Yes,,Both,Both,No,KARUR,,4324272155,639113,DR B S MURUGAN,PUGALUR,WWW.MKCE.AC.IN
"MAHENDHIRAPURI,",6382083091,Yes,UNION BANK OF INDIA,AE(60); AG(60); AO(60),2609,"Mahendra Engineering College (Autonomous), Mahendhirapuri, Mallasamudram, Namakkal District 637503",50,30,NAMAKKAL,info@mahendrainstitutions.com,Yes,Yes,500,0,,1200,1200,5000,35000,,40000,40000,5000,,Permanent,Permanent,,23000,23000,Yes,,Both,Both,No,SALEM,,6382083091,637503,DR R V MAHENDRA GOWDA,TIRUCHENGODE,www.mahendra.info
"KAKKAVERI, RASIPURAM",9629219394,Yes,CANARA BANK,BM(60); BT(60); CE(30),2610,"Muthayammal Engineering College (Autonomous), Rasipuram, Namakkal District 637408",30,5,2610,info@mec.edu.in,Yes,Yes,1250,2500,,650,650,5000,19000,,3250,3250,5000,,Permanent,Permanent,,1100,1100,Yes,,Both,Both,No,RASIPURAM,,4287220837,637408,DR M MADHESWARAN,RASIPURAM,www.mec.edu.in
"NH-44, PAAVAI NAGAR, PACHAL",9965466888,Yes,UNION BANK OF INDIA,AD(60); AG(60); AE(60),2611,"Paavai Engineering College (Autonomous), NH-7, Pachal Post, Namakkal District 637018",20,5,NAMAKKAL,pecprincipal@paavai.edu.in,Yes,Yes,500,0,,550,550,0,33600,,4550,4550,3840,,Permanent,Permanent,,1000,1000,Yes,,Both,Both,No,RASIPURAM,,9965466888,637018,DR M PREMKUMAR,NAMAKKAL,http://pec.paavai.edu.in
NH-44 NAMAKKAL - KARUR MAIN,9894838123,No,INDIAN BANK,AD(30); IT(60); CE(30),2612,"P G P College of Engineering and Technology, Paramathi Post, Namakkal District 637207",17,17,NAMAKKAL,engineering@pgpews.in,Yes,Yes,5500,0,,4800,4800,6000,25000,,27600,27600,3000,,Permanent,Permanent,,21600,21600,Yes,,Both,Both,No,NAMAKKAL,,8939808574,637207,DR V KAVITHA,PARAMATHY VELUR,ww.pgpcet.ac.in
K.S.R. COLLEGE OF ENGINEERING,9894402958,Yes,AXIS BANK LTD,CE(30); CS(120),2613,"K S R College of Engineering (Autonomous), Tiruchengode, Namakkal District",45,16,NAMAKKAL,principal@ksrce.ac.in,Yes,Yes,500,0,,1000,1000,8000,40000,,4500,4500,40000,,Permanent,Permanent,,0,0,Yes,,Both,Both,No,ERODE,,4288274741,637215,DR P SENTHILKUMAR,,www.ksrce.ac.in
"NH-544,SALEM MAIN ROAD",9894026708,No,UNION BANK OF INDIA,EC(60); CS(60); ME(60),2614,"S S M College of Engineering, Komarapalayam, Namakkal District 638183",58,23,2614,principal@ssmce.ac.in,Yes,Yes,1100,5000,,100,100,6000,10000,,3750,3750,5000,,Permanent,Permanent,,8000,8000,Yes,,Both,Both,No,ERODE,,9894026708,638183,DR R SUBASH CHANDRA BOSE,KOMARAPALAYAM,www.ssmce.ac.in
"NH-7, BANGALORE HIGHWAYS,",9385534716,Yes,STATE BANK OF INDIA OMALUR,CE(120); CS(60); EC(60),2615,"Government College of Engineering (Autonomous), Karuppur, Salem District",10,8,SALEM,principal@gcesalem.edu.in,Yes,Yes,200,3000,,250,250,2750,0,,1785,1650,0,,Rental,Rental,,200,200,Yes,,Veg,Veg,No,SALEM JUNCTION,,4272346157,636011,DR R MALAYALAMURTHI,OMALUR,www.gcesalem.edu.in
"NH-44,KRISHNAGIRI MAIN ROAD,",9894822452,No,PUNJAB NATIONAL BANK,AD(30); CE(30); CS(60),2616,"Sapthagiri College of Engineering, Periyanahalli Post, Dharmapuri District",12,12,DHARMAPURI,sapthagiriengg1993@gmail.com,Yes,Yes,500,1000,,0,0,500,0,,3500,3500,0,,Permanent,Permanent,,1500,1500,Yes,,Both,Both,No,DHARMAPURI,,4348247500,635205,PROF DR JBV SUBRAHMANYAM,KARIMANAGALAM TALUK,www.sapthagirigroup.com
"KUMARAMANGALAM PO,",9366653347,Yes,KARUR VYSYA BANK,CE(60); AD(60); CS(90),2617,"Sengunthar Engineering College (Autonomous), Tiruchengode, Namakkal District 637205",31,25,NAMAKKAL,principal@scteng.co.in,Yes,Yes,250,0,,500,500,3000,20000,,2600,2600,5000,,Permanent,Permanent,,1400,1400,Yes,,Both,Both,No,ERODE,,9842755552,637205,DR R SATISH KUMAR,TIRUCHENGODE,www.scteng.co.in
,,,,,2618,"Sona College of Technology (Autonomous), Suramangalam Post, Salem District",,,,,,,,,,,,,,,,,,,,,,,,,,,,,,No detail page found in PDF,,,,,
SATHINAICKENPALAYAM,9715172202,Yes,CITY UNION BANK,CS(120); IT(60); EC(120),2620,"Vivekanandha College of Engineering for Women (Autonomous), Sathinaickenpalayam, Elayampalayam Village, Kumaramangalam, Namakkal District 637205",25,30,NAMAKKAL,principal@vcew.ac.in,No,Yes,0,5000,0,,,0,0,3000,,,0,Permanent,,,3000,,,Yes,Both,,,No,ERODE,,9443734562,637205,DR KCK VIJAYAKUMAR ME PHD,TIRUCHENGODE,www.vcenggw.ac.in
,,,,,2621,"Er. Perumal Manimekalai College of Engineering, (Autonomous) Near Koneripalli, Hosur, Krishnagiri District 635117",,,,,,,,,,,,,,,,,,,,,,,,,,,,,,No detail page found in PDF,,,,,
"NH 67, COIMBATORE ROAD,",9585597212,Yes,AXIS BANK,AD(120); BM(60); BT(60),2622,"V S B Engineering College(Autonomous),Kovai Road, Karur District 639111",12,12,KARUR,admission@vsbec.com,Yes,Yes,0,0,,200,200,0,21000,,3750,3750,3000,,Permanent,Permanent,,2500,2500,Yes,,Both,Both,No,KARUR,,9994496212,639111,DR V NIRMAL KANNAN,PUGALUR,www.vsbec.com
"MAHENDRA SALEM CAMPUS, SALEM",9443695412,No,UNION BANK OF INDIA,BM(60); CS(180),2623,"Mahendra College of Engineering, Attur Road, Minnampalli, Valapady, Salem District 636106",12,17,SALEM,info@mahendracollege.com,Yes,Yes,500,0,,1200,1200,5000,35000,,40000,40000,5000,,Permanent,Permanent,,23000,23000,Yes,,Both,Both,No,SALEM JUNCTION,,9443695412,636106,DR N MOHANASUNDARARAJ,,www.mahendracollege.com
"NH-7, A.K.SAMUTHIRAM, PACHAL",9789499668,Yes,CITY UNION BANK,AD(120); AG(60); BM(120),2624,"Gnanamani College of Technology(Autonomous), Pachal Post, Namakkal District 637018",23,6,NAMAKKAL,INFO@GCT.ORG.IN,Yes,Yes,2000,0,,0,0,0,5000,,3750,3750,5000,,Permanent,Permanent,,0,0,Yes,,Both,Both,Yes,RASIPURAM JUNCTION,,7598293888,637018,DR T K KANNAN,NAMAKKAL,WWW.GCT.ORG.IN
THE KAVERY ENGINEERING,9524972156,No,AXIS BANK LTD,AG(60); AD(60); BM(60),2625,"The Kavery Engineering College, M Kalipatti Post, Mecheri, Salem District",35,30,SALEM,principal804@hotmail.com,Yes,Yes,500,5000,,2000,2000,0,22500,,3000,3000,7500,,Permanent,Permanent,,15000,12000,Yes,,Both,Both,No,SALEM JN,,9842350156,636453,DR V DURAISAMY ME PHD FIE,METTUR,www.kavery.org.in
"PONNUSAMY NAGAR, SALEM ROAD",9942231294,No,STATE BANK OF INDIA,BM(60); BT(60); CE(30),2627,"Selvam College of Technology, Pappanaickenpatti Post, Namakkal District",6,8,NAMAKKAL,principal@selvamtech.edu.in,Yes,Yes,500,3500,,0,0,0,25000,,3500,3500,4000,,Permanent,Permanent,,1500,1500,Yes,,Both,Both,No,NAMAKKAL,,9942099122,637003,DR A NATARAJAN,NAMAKKAL,www.selvamtech.edu.in
"NH-44, PAAVAI NAGAR, PACHAL POST",9715366888,No,UNION BANK OF INDIA,AD(60); AU(30); AM(60),2628,"Paavai College of Engineering,(Autonomous), NH-7, Pachal Post, Namakkal District 637018",20,5,2628,pceprincipal@paavai.edu.in,Yes,Yes,500,0,,550,550,0,33600,,4550,4550,3840,,Permanent,Permanent,,1000,1000,Yes,,Both,Both,No,RASIPURAM,,9715366888,637018,DR C SURESHKUMAR,NAMAKKAL,http://pce.paavai.edu.in
CHETTINAD COLLEGE OF,9345002630,No,KARUR VYSYA BANK,AD(60); EC(60),2630,"Chettinad College of Engineering and Technology, NH-67, Trichy Main Road, Puliyur C F, Karur District 639114",8,7,KARUR,principalccet@chettinadtech.ac.in,Yes,Yes,500,1500,,200,200,1200,18000,,3450,3450,15000,,Permanent,Permanent,,1500,1500,Yes,,Both,Both,No,KARUR JUNCTION,,9360702630,639114,DR A PUNITHA,KARUR,www.chettinadtech.ac.in
"SALEM - TIRUCHENGODE HIGHWAY,",9443457824,Yes,UNION BANK OF INDIA,BM(60); CS(240),2632,"Mahendra Institute of Technology (Autonomous), Mahendhirapuri, Mallasamudram, Namakkal District 637503",32,32,NAMAKKAL,principal@mahendratech.org,Yes,Yes,500,0,,1200,1200,5000,35000,,4000,4000,5000,,Permanent,Permanent,,23000,23000,Yes,,Both,Both,No,SALEM,,4288288527,637503,DR T ELANGO,,www.mahendratech.org
"VARAHOORAMPATTI VILLAGE,",9442141122,No,CITY UNION BANK,AD(30); SC(30); CS(60),2633,"Vidyaa Vikas College of Engineering and Technology, Varahoorampatti, Tiruchengode, Namakkal District 637 214",38,18,NAMAKKAL,principal@vvcet.ac.in,Yes,Yes,1000,0,,0,0,4000,8000,,3000,3000,2500,,Permanent,Permanent,,500,500,Yes,,Both,Both,No,ERODE AND SANKARIDURG,,9442141122,637214,DR K POORANA PRIYA,TIRUCHENGODE,http://vvcet.ac.in/
"544, SALEM MAIN ROAD,",9965641888,Yes,AXIS BANK,AG(60); AD(120),2634,"Excel Engineering College (Autonomous), NH-544, Salem Main Road, Pallakapalayam, Sankari West Post, Komarapalayam Taluk, Namakkal District -",40,25,NAMAKKAL,principaleec@excelcolleges.com,Yes,Yes,1000,7000,,3000,3000,10000,12000,,3400,3400,4000,,Permanent,Permanent,,18000,18000,Yes,,Both,Both,No,ERODE SANKARI,,9965641888,637303,,2634,www.excelinstitutions.com
CMS NAGAR ERNAPURAM,9444291829,No,KOTAK MAHINDRA BANK,CS(60); EC(30); EE(30),2635,"CMS College of Engineering, Emapuram Post, Namakkal District 637003",5,10,2635,principal602@gmail.com,Yes,Yes,500,0,,100,100,0,9000,,2000,2000,5000,,Permanent,Permanent,,1000,1000,Yes,,Both,Both,No,NAMAKKAL,,9444291829,637003,DR C A SATHYA MOORTHI,NAMAKKAL,www.cmsgroupofinstitutions.in
"MILITARY ROAD, AMMAPET",9976729569,No,INDIAN OVERSEAS BANK,AD(60); BM(30); CE(30),2636,"A V S Engineering College, Military Road, Ammapet, Salem District 636003",3,2,2636,principal@avsecmail.in,Yes,Yes,0,4000,,350,350,0,18000,,3250,3150,2500,,Permanent,Permanent,,1600,1600,Yes,,Both,Both,No,SALEM TOWN,,9442700200,636003,DR A SRINIVASAN,SALEM,www.avsenggcollege.ac.in
"KUMARAMANGALAM(PO),",9442323605,No,UNION BANK OF INDIA,CS(180); EC(120); IT(60),2638,"Mahendra Engineering College for Women, Kumaramangalam, Namakkal District 637205",33,13,NAMAKKAL,principal@mecw.org,No,Yes,500,0,1200,,,5000,35000,40000,,,5000,Permanent,,,23000,,,Yes,Both,,,No,SANKARI DURG,,9385239001,637205,DR B DORA ARULSELVI,TIRUCHENGODE,www.mecw.org
POOSARIPATTY (PO),9344972275,No,INDIAN BANK,AD(60); CS(120); EC(60),2639,"Narasu'sSarathy Institute of Technology, Poosaripatty Village, Omalur Taluk, Salem District 636305",23,12,SALEM,principal@nsit.edu.in,Yes,Yes,5000,5000,,2000,2000,0,36000,,4500,4500,18000,,Permanent,Permanent,,36000,36000,Yes,,Both,Both,No,OMALUR JN,,4290249661,636305,DR V MUNUSAMI,KADAYAMPATTY (TK),www.nsit.edu.in
THOPPUR,9894916315,No,INDIAN BANK,CS(120); AD(60); CE(30),2640,"Jayalakshmi Institute of Technology, Thoppur, Dharmapuri District 635352",24,2,2640,jit.thoppur@gmail.com,Yes,Yes,1500,0,,100,100,0,20000,,2600,2600,8000,,Permanent,Permanent,,2400,2400,Yes,,Veg,Veg,No,THOPPUR,,9894916315,636352,DR S VENKATESAN,NALLAMPALLI,www.jit.net.in
"KRISHNAGIRI MAIN ROAD,",9942113333,No,INDIAN BANK,CS(90); EC(60),2641,"VaruvanVadivelan Institute of Technology, Nallanahalli, Dharmapuri District",5,5,DHARMAPURI,vvitprincipal@yahoo.in,Yes,Yes,500,5000,,3000,3000,5000,30000,,40000,40000,8000,,Permanent,Permanent,,9000,9000,Yes,,Both,Both,No,DHARMAPURI,,9865754222,636701,DR S RAGUNATHAN,,www.vvitengineering.com
P.S.V COLLEGE OF ENGINEERING &,9965810701,No,FEDERAL BANK,CS(90),2642,"P S V College of Engineeering and Technology, Mittapalli, Balinayanapalli Post, Elathagiri, Krishnagiri District 635108",10,20,KRISHNAGIRI,selvam.psv@gmail.com,Yes,Yes,500,0,,25,25,0,23920,,4000,4000,6240,,Permanent,Permanent,,500,500,Yes,,Both,Both,No,JOLARPET,,9444494360,635108,DR P LAWRENCE,BARGUR,www.psvcet.ac.in
"43/3, DEVIYAKURICHI (PO),",9655144999,No,UNION BANK OF INDIA,CS(120); EE(60),2643,"Bharathiyar Institute of Engineering for Women, Deviayakurichi, Attur Taluk, Salem District 636112",68,3,SALEM,bharathiyar@biew.ac.in,No,Yes,250,0,200,,,100,27600,4000,,,4800,Permanent,,,1300,,,Yes,Both,,,No,THALAIVASAL,,9655144999,636112,DR R PUNIDHA ME PHD,,www.biew.ac.in
"NH-79, SALEM TO CHENNAI HIGH",9786400274,No,BANK OF BARODA,AD(60); AM(30); CE(30),2646,"Tagore Institute of Engineering and Technology, Deviyakurichi, Attur Taluk, Salem District 636112",65,3,SALEM,principaltiet@tagoreiet.ac.in,Yes,Yes,2500,0,,100,100,0,17000,,3000,3000,3000,,Permanent,Permanent,,800,800,Yes,,Both,Both,No,THALAIVASAL,,4282231474,636112,DR S JAYANTHI,THALAIVASAL,www.tagoreiet.ac.in
"NATARAJAPURAM, NH-544 (SALEM TO",9842710606,No,INDIAN BANK,CS(60); EC(60); EE(60),2647,"J K K Nataraja College of Engineering and Technology, Komarapalayam Amani, Thattankuttai Panchayat, Namakkal District 638183",45,17,NAMAKKAL,engg@jkkn.ac.in,Yes,Yes,0,0,,100,100,0,5000,,3300,3300,5000,,Permanent,Permanent,,1250,1250,Yes,,Both,Both,No,ERODE,,9842710606,638183,DR T RUBAN DEVA PRAKASH,KUMARAPALAYAM,https://engg.jkkn.ac.in
NH 47 SANKARI MAIN ROAD,9786911333,Yes,INDIAN BANK,AU(60); CE(60); AD(60),2648,"Annapoorana Engineering College (Autonomous), Sankari Main Road, NH-47, Periaseeragapadi, Salem District 636308",15,15,SALEM,principalaecsalem@gmail.com,Yes,Yes,2500,1000,,0,0,5000,14000,,3250,3250,3000,,Permanent,Permanent,,15000,15000,Yes,,Both,Both,No,SALEM JUNCTION,,9442000648,636308,DR A ANBUCHEZIAN,SALEM,www.aecsalem.edu.in
"CECILIA GARDENS,",9443612959,No,UNION BANK OF INDIA,CE(30); CS(60),2650,"Christ The King Engineering College, Cecilia Gardens, Chikkarampalayam Village, Coimbatore District 641104",30,8,COIMBATORE,principal@ckec.ac.in,Yes,Yes,40000,0,,0,0,0,25000,,0,0,8000,,Permanent,Permanent,,0,0,Yes,,Both,Both,No,METTUPALAYAM,,9443612959,641104,DR JEYAKUMAR M,,www.ckec.ac.in
DHARAPURAM ROAD,9047098314,No,THE SOUTH INDIA BANK LTD,CE(30); CS(90); EE(60),2651,"Jai Shriram Engineering College, Dharapuram Road, Avinashi Palayam, Tiruppur District 638660",5,20,TIRUPPUR,principal@jayshriram.edu.in,Yes,Yes,0,0,,0,0,0,28000,,48000,48000,8000,,Permanent,Permanent,,12000,12000,Yes,,Both,Both,No,TIRUPUR,,4212313335,638660,DR R THIRUMALAI,TIRUPUR,www.jayshriram.edu.in
"KARUNDEVANPALAYAM,NANJAI",9677794947,Yes,INDIAN BANK,AD(30); IT(30); CS(60),2652,"AL-Ameen Engineering College (Autonomous), KarundevanPalayam, NanjaiUthukuli Post, Erode District 638104",11,10,ERODE,alameenengg@yahoo.com,Yes,Yes,500,3000,,200,200,1000,18000,,3300,3300,7000,,Permanent,Permanent,,1000,1000,Yes,,Both,Both,No,ERODE JUNCTION,,9677794947,638104,DR A M J MD ZUBAIR RAHMAN,MODAKURUCHI,www.alameen.ac.in
"KIOT CAMPUS, KAKAPALAYAM (PO),",9790041414,Yes,UNION BANK OF INDIA,ME(120); EC(120); EE(60),2653,"Knowledge Institute of Technology(Autonomous), KIOT Campus, Kakapalayam Post, Salem District 637504",24,24,SALEM,principal@kiot.ac.in,Yes,Yes,1000,5000,,16000,16000,1000,26000,,4000,4000,10000,,Permanent,Permanent,,11000,11000,Yes,,Both,Both,No,SALEM JUNCTION,,4272433999,637504,DR PSS SRINIVASAN,SALEM,www.kiot.ac.in
"EBET KNOWLEDGE PARK,ERODE",9487811008,No,BANK OF BARODA,AD(60); CE(60); CS(60),2656,"Builders Engineering college, Nathakadaiyur, Erode Road, Palayakottai Village, Kangeyam, Tiruppur District 638108",35,35,TIRUPPUR,info@builderscollege.edu.in,Yes,Yes,0,0,,0,0,0,28000,,3000,3000,6000,,Permanent,Permanent,,2000,2000,Yes,,Both,Both,No,ERODE JUNCTION,,4257241935,638108,DR S RAMKUMAR,KANGEYAM,www.builderscollege.edu.in
NH-47 MAIN ROAD,9443143131,No,INDIAN OVERSEAS BANK,CE(30); BM(60); CS(60),2658,"V S A Group of Institutions, NH-47, Uthamasola Puram Post, Salem District",8,12,SALEM,vsacollege@gmail.com,Yes,Yes,8000,0,,100,100,1200,24000,,2100,2100,2400,,Permanent,Permanent,,1050,1050,Yes,,Both,Both,No,SALEM,,9443143131,636010,DR R PRABHU,SALEM,www.vsagroup.ac.in
,,,,,2659,"Salem College of Engineering and Technology, Salem-Attur Main Road, NH-68, MettupattyPerumapalayam, Salem District 636111",,,,,,,,,,,,,,,,,,,,,,,,,,,,,,No detail page found in PDF,,,,,
SATHINAICKENPALAYAM,9790463785,No,CITY UNION BANK,AD(60); AG(30); CE(30),2661,"Vivekanandha College of Technology for Women, Sathinaickenpalayam, Elayampalayam Village, Kumaramangalam, Namakkal District 637205",30,26,NAMAKKAL,principal@vctw.ac.in,No,Yes,0,5000,0,,,0,0,3000,,,0,Permanent,,,2000,,,Yes,Both,,,No,ERODE,,9443316543,637205,DR M DEVI,TIRUCHENGODE,www.vctw.ac.in
"MALLASAMUDRAM,TIRUCHENGODE,",9443489464,No,UNION BANK OF INDIA,AE(60); CE(60); CS(120),2665,"Mahendra Institute of Engineering and Technology, Mahendrapuri, Mallasamudram, Namakkal District 637503",45,25,NAMAKKAL,principal@miet.asia,Yes,Yes,500,5000,,1200,1200,5000,35000,,40000,40000,5000,,Permanent,Permanent,,23000,23000,Yes,,Both,Both,No,SALEM,,9443489464,637503,DR M SENTHILKUMAR,TIRUCHENGODE,www.miet.asia
"NH 544, SALEM MAIN ROAD, SANKARI",9965577789,No,AXIS BANK,AR(40),2667,"Excel College of Architecture and Planning, NH-544, Salem Main Road, Pallakapalayam, Sankari West Post, Komarapalayam Taluk, Namakkal District",45,10,NAMAKKAL,excelarch@gmail.com,Yes,Yes,1000,10000,,200,200,4000,12000,,3300,3300,4500,,Permanent,Permanent,,2000,2000,Yes,,Both,Both,No,SANKARI,,9842716900,637303,BALAJI V,KOMARAPALAYAM,www.excelinstitutions.com/excel_arch/
"899/1 & 898/2, OOTY MAIN ROAD",9600292686,No,CANARA BANK,AM(30); SC(30); IT(60),2673,"Sree Sakthi Engineering College, Bettathapuram, Bilichi Village, Karamadai, Coimbatore District 641104",18,18,2673,principal@sreesakthi.edu.in,Yes,Yes,5000,0,,200,200,0,38000,,3000,3000,19000,,Permanent,Permanent,,2000,2000,Yes,,Both,Both,No,COIMBATORE,,9600292686,641104,DR G RANGANATHAN,METTUPALAYAM,www.sreesakthi.edu.in
B PALLIPATTI,9442586159,No,INDIAN BANK,AG(60); BM(60); IT(60),2683,"Shreenivasa Engineering College, B Pallipatti, Bommidi, Pappireddipatti Taluk, Dharmapuri District 635301",35,5,2683,principal205@gmail.com,Yes,Yes,500,0,,0,0,0,15000,,3000,2500,3000,,Permanent,Permanent,,10000,10000,Yes,,Both,Both,No,BOMMIDI,,4346291056,635301,DR N NANDHAGOPAL,PAPPIREDDIPATTI,www.shreenivasa.info
SATHY-BHAVANI(STATEHIGHWAY),9842217170,Yes,AXIS BANK LTD,BM(60); CD(60); CE(30); AD(60),2702,"Bannari Amman Institute of Technology (Autonomous), Sathyamanagalam, Erode District 638401",65,65,ERODE,stayahead@bitsathy.ac.in,Yes,Yes,0,5000,,800,800,6000,45000,,3900,3900,8000,,Permanent,Permanent,,3100,3100,Yes,,Veg,Veg,No,ERODE,,9942921289,638401,DR C PALANISAMY,SATHYAMANGALAM,bitsathy.ac.in
"VELLIMALAIPATTINAM,",9965192996,Yes,UNION BANK OF INDIA,CE(30); CS(120),2704,"Coimbatore Institute of Engineering and Technolgoy (Autonomous), Narasipuram Post, Coimbatore District 641109",20,20,COIMBATORE,info@cietcbe.edu.in,Yes,Yes,250,5000,,1500,1500,750,25000,,3350,3350,12000,,Permanent,Permanent,,20000,20000,Yes,,Both,Both,No,COIMBATORE,,9790038605,641109,DR N NAGARAJAN,,www.cietcbe.edu.in
"CSI COLLEGE OF ENGINEERING,",9443360750,No,CANARA BANK YELLANALLI,CE(30); CS(120); EE(60),2705,"CSI College of Engineering, Ketti, The Nilgiris 643215",10,1,NILGIRIS,principal@csice.edu.in,Yes,Yes,1000,5000,,500,500,4000,27000,,4000,4000,8000,,Permanent,Permanent,,2000,2000,Yes,,Both,Both,Yes,KETTI RAILWAY STATION,,4232517474,643215,DR P D ARUMAIRAJ,COONOOR,www.csice.edu.in
"UDUMALAI ROAD,",9843867704,Yes,KARUR VYSYA BANK,AD(120); AM(60); SC(60),2706,"Dr. Mahalingam College of Engineering and Technology (Autonomous), Mackinaickenpatti Post, Pollachi Taluk, Coimbatore District 642003",45,5,COIMBATORE,principal@drmcet.ac.in,Yes,Yes,500,5000,,300,300,20000,0,,2500,2500,0,,Permanent,Permanent,,3600,3600,Yes,,Veg,Veg,No,POLLACHI,,4259236030,642003,DR P GOVINDASAMY,POLLACHI,www.mcet.in
"THUDUPATHI, PERUNDURAI TK,",9486783867,Yes,CITY UNION BANK LTD,AD(120); AG(60); BM(60),2707,"Erode Sengunthar Engineering College (Autonomous), Thudupathi Post, Erode District 638057",25,25,ERODE,esecprincipal@gmail.com,Yes,Yes,500,0,,7000,7000,8500,26500,,3500,3500,4700,,Permanent,Permanent,,14000,14000,Yes,,Both,Both,No,ERODE,,9442132706,638057,DR V VENKATACHALAM,PERUNDURAI,www.erode-sengunthar.ac.in
"VALLEY CAMPUS, POLLACHI HIGH",9894301002,Yes,CITY UNION BANK,AE(60); AG(60); AL(60),2708,"Hindusthan College of Engineering and Technology (Autonomous), Othakkalmandapam Post, Coimbatore District 641032",13,12,COIMBATORE,hindusthan107@gmail.com,Yes,Yes,1500,0,,600,600,0,28000,,2900,2700,10000,,Permanent,Permanent,,1300,1200,Yes,,Both,Both,No,COIMBATORE,,8098333333,641032,DR J JAYA M TECH PH D,COIMBATORE SOUTH,www.hindusthan.net
"SRI VASAVI COLLEGE (PO), ERODE",9245156617,No,STATE BANK OF INDIA,AU(60); CE(60); CS(60),2709,"Government Engineering College (Formerly Institute of Road and Transport Technology), Vasavi College Post, Erode District 638316",15,17,2709,gceeprincipal@gmail.com,Yes,Yes,200,500,,500,500,2750,7000,,3000,2700,3500,,Permanent,Permanent,,427,427,Yes,,,,No,ERODE,,4242533279,638316,DR R MURUGESAN,ERODE,www.gcee.ac.in
"S.F.NO.758, 759 &760",9842159855,Yes,AXIS BANK,CE(60); CD(60),2710,"Karpagam College of Engineering (Autonomous), Othakkalmandapam, Coimbatore District 641032",18,18,COIMBATORE,office@kce.ac.in,Yes,Yes,5000,0,,600,600,0,35000,,4500,4500,20000,,Permanent,Permanent,,1900,1900,Yes,,Both,Both,Yes,COIMBATORE,,4222619007,641032,DR V KUMAR CHINNAIYAN,,http://www.kce.ac.in
PERUNDURAI RAILWAY STATION,9965277765,Yes,KARUR VYSYA BANK LIMITED,AL(120); AU(30),2711,"Kongu Engineering College (Autonomous), Perundurai, Erode District 638052 Kongu School of Architecture, Kongu Engineering College Campus, Perundurai",18,20,ERODE,principal@kongu.edu,Yes,Yes,0,0,,500,500,0,31100,,3000,3000,7000,,Permanent,Permanent,,4500,4500,Yes,,Veg,Veg,No,ERODE,,4294226555,638060,DR V BALUSAMY BE HONS MTECH,,www.kongu.ac.in
CHINNAVEDAMPATTI,9944489489,Yes,KARUR VYSYA BANK,AD(120); AE(69); AU(60),2712,"Kumaraguru College of Technology (Autonomous), Chinnavedampatti Post, Coimbatore District 641006",12,12,COIMBATORE,principal@kct.ac.in,Yes,Yes,1000,5000,,5000,5000,15000,38000,,5000,5000,25000,,Permanent,Permanent,,24000,24000,Yes,,Veg,Veg,No,COIMBATORE CENTRAL,,4222661100,641049,DR D SARAVANAN,COIMBATORE NORTH,www.kct.ac.in
"SUDHANANDHEN KALVI NAGAR,",9443023112,No,INDIAN BANK,CE(30); CS(60); EC(60),2713,"M P Nachimuthu M Jaganathan Engineering College, Chennimalai, Erode District 638112",20,20,ERODE,mpnmjec@mpnmjec.ac.in,Yes,Yes,500,0,,750,750,0,25000,,3000,3000,3800,,Permanent,Permanent,,15000,15000,Yes,,Veg,Veg,No,ERODE,,4294251616,638112,DR M RAMESH,PERUNDURAI,www.mpnmjec.ac.in
"ERODE PERUNDURAI MAIN ROAD,",9750660111,Yes,INDIAN BANK,BM(60),2715,"Nandha Engineering College (Autonomous), Pitchandampalayam Post, Erode District 638052",12,12,ERODE,principal@nandhaengg.org,Yes,Yes,0,0,,0,0,0,20000,,3000,3000,10000,,Permanent,Permanent,,1000,1000,Yes,,Both,Both,No,ERODE JUNCTION,,7373714477,638052,DR N RENGARAJAN,PERUNDURAI,www.nandhaengg.org
"NH-47, AVINASHI ROAD, KANIYUR",9942477773,No,CANARA BANK,AE(60); AG(60); BM(60),2716,"Park College of Engineering and Technology, Kaniyur, Coimbatore District",25,22,2716,info@park.ac.in,Yes,Yes,0,0,,0,0,0,35000,,3500,3500,10000,,Permanent,Permanent,,2000,2000,Yes,,Both,Both,No,COIMBATORE,,9443792222,641659,DR D LAKSHMANAN,SULUR,www.pcet.ac.in
,,,,,2717,"Sasurie College of Engineering, Vijayamangalam, Tiruppur District 638056",,,,,,,,,,,,,,,,,,,,,,,,,,,,,,No detail page found in PDF,,,,,
KUNIAMUTHUR,9843169584,Yes,AXIS BANK,AD(129); CB(69); CE(69),2718,"Sri Krishna College of Enginering and Technology (Autonomous) ,Kuniamuthur, Coimbatore District 641008",10,10,2718,principal@skcet.ac.in,Yes,Yes,5000,0,,10000,10000,10000,70000,,6000,6000,60000,,Permanent,Permanent,,35000,35000,Yes,,Veg,Veg,No,COIMBATORE JUNCTION,,4222678001,641008,DR J JANET,COIMBATORE SOUTH,www.skcet.ac.in
"VATTAMALAIPALAYAM, N.G.G.O.",9994266855,Yes,ICICI BANK,AE(30); BM(60); CE(60),2719,"Sri Ramakrishna Engineering College (Autonomous), Vattamalaipalayam, Coimbatore District 641022",16,16,COIMBATORE,office@srec.ac.in,Yes,Yes,5000,0,,16000,16000,12000,49000,,2750,2750,22000,,Permanent,Permanent,,19000,19000,Yes,,Both,Both,No,COIMBATORE,,7530089996,641022,DR N R ALAMELU,COIMBATORE NORTH,www.srec.ac.in
PALANISAME RAVI NAGAR,9894612700,No,CANARA BANK,AD(30); AU(30); CE(30),2721,"Tamilnadu College of Engineering, Karumathampatti Post, Coimbatore District",25,25,COIMBATORE,tce@tnce.in,Yes,Yes,0,0,,0,0,0,35000,,3500,3500,10000,,Permanent,Permanent,,2000,2000,Yes,,Both,Both,No,COIMBATORE,,9894612700,641659,DR M KARTHIKEYAN,SULUR,www.tnce.in
"KOVAIPUDUR, COIMBATORE",9865816671,Yes,STATE BANK OF INDIA,CE(60); CS(240); EC(180),2722,"Sri Krishna College of Technology (Autonomous) ,Kovaipudur Post, Coimbatore District 641042",10,10,,info@skct.edu.in,Yes,Yes,5000,0,,10000,10000,10000,70000,,6000,6000,30000,,Permanent,Permanent,,35000,35000,Yes,,Veg,Veg,No,COIMBATORE JUNCTION,,4222984567,641042,DR M G SUMITHRA,MADUKKARAI,www.skct.edu.in
"PERUNDURAI MAIN ROAD, THINDAL",9750924402,Yes,BANK OF BARODA,BM(120); CE(30); CS(120),2723,"Velalar College of Engineering and Technology (Autonomous), Thindal Post, Erode District 638012",4,7,ERODE,principal@velalarengg.ac.in,Yes,Yes,0,0,,260,260,12500,16200,,3290,3290,5500,,Permanent,Permanent,,17000,17000,Yes,,Veg,Veg,No,ERODE,,4242244201,638012,DR M JAYARAMAN,ERODE,www.velalarengg.ac.in
"PACHAPALAYAM, PERUR",9842693221,Yes,INDIAN BANK,CS(180); EE(30); EC(60),2725,"Sri Ramakrishna Institute of Technology (Autonomous), Pachapalayam, Coimbatore District 641010",12,12,COIMBATORE,principal@srit.org,Yes,Yes,5000,0,,1000,1000,1083,49000,,2667,2667,23000,,Permanent,Permanent,,1917,1917,Yes,,Both,Both,No,COIMBATORE JUNCTION,,4222605577,641010,DR M PAULRAJ,COIMBATORE SOUTH,www.srit.org
"SNS KALVI NAGAR, SATHY MAIN",9597405666,Yes,CENTRAL BANK OF INDIA,AG(60); CE(60),2726,"SNS College of Technology (Autonomous), Kalappatti Post, Coimbatore District",10,10,COIMBATORE,snsct@snsgroups.com,Yes,Yes,5000,0,,0,0,0,39500,,4000,4000,16000,,Permanent,Permanent,,40000,40000,Yes,,Veg,Veg,No,COIMBATORE CENTRAL,,7550316701,641035,DR S CHENTHUR PANDIAN,COIMBATORE NORTH,www.snsct.org
L&T,9443687165,Yes,BANK OF BARODA,IT(180); EC(120),2727,"Sri Shakthi Institute of Engineering and Technology (Autonomous), L&T Bye- Pass, Venkitapuram Post, Comibatore District 641062",16,2,COIMBATORE,principal@siet.ac.in,Yes,Yes,5000,5000,,800,800,15000,33000,,3400,3400,9500,,Permanent,Permanent,,30000,30000,Yes,,Both,Both,No,IRUGUR,,4222369900,641062,DR A R RAVIKUMAR,,www.siet.ac.in
"TCE CAMPUS, KARUMATHAMPATTI",9442208932,No,CANARA BANK,AR(40),2728,"Tamilnadu School of Architecture, Tamilnadu College of Engineering Campus, Karumathampatti Post, Coimbatore District 641659",30,30,2728,info@tnsa.ac.in,Yes,Yes,500,5000,,500,500,1000,20000,,2500,2500,5000,,Permanent,Permanent,,2500,2500,Yes,,Both,Both,No,COIMBATORE,,9442208932,641659,PROF SURESH KUMAR D,SULUR,www.tnsa.ac.in
"NEHRU GARDENS,",9345451066,No,HDFC BANK,CB(60); AE(120),2729,"Nehru Institute of Engineering and Technology, Thirumalayampalayam Post, Coimbatore District 641105",15,4,COIMBATORE,nirtprincipal@nehrucolleges.com,Yes,Yes,0,1000,,0,0,0,15000,,45000,45000,6000,,Permanent,Permanent,,30000,30000,Yes,,Both,Both,No,MADUKKARAI,,9003936804,641105,DR P MANIIARASAN,,www.nehrucolleges.org
"KUMARAN KOTTAM CAMPUS,",9843232403,No,TAMILNADU GRAMA BANK,CS(60); EC(60); AD(90),2731,"R V S College of Engineering and Technology, Kannampalayam, Sulur, Coimbatore District 641402",15,15,COIMBATORE,principal@rvscet.ac.in,Yes,Yes,3000,0,,0,0,0,30000,,50000,50000,7000,,Permanent,Permanent,,20000,20000,Yes,,Both,Both,No,COIMBATORE JUNCTION,,7502328000,641402,DR M KANNAN,SULUR,www.rvscet.ac.in
NH 209 SATHY ROAD SS KULAM,9884335665,No,KARUR VYSYA BANK,CS(90); EC(60); EE(30),2732,"Info Institute of Engineering, Sarkar Samakulam, Coimbatore District 641107",20,16,COIMBATORE,info@infoengg.com,Yes,Yes,5000,5000,,5000,5000,0,30000,,45000,45000,10000,,Permanent,Permanent,,15000,15000,Yes,,Both,Both,No,COIMBATORE JUNCTION,,8489412277,641107,DR N KOTTISWARAN,COIMBATORE NORTH,www.infoengg.com
"ANGEL NAGER, DHARAPURAM",9994405029,No,KARUR VYSYA BANK,CE(60); CS(60); EE(60),2733,"Angel College of Engineering and Technology, P.K. Palayam, Ugayanur Village, Tirupur District 641 665",12,15,TIRUPPUR,principal@angelcollege.edu.in,Yes,Yes,0,0,,0,0,0,12000,,3000,3000,5000,,Rental,Rental,,12000,12000,Yes,,Both,Both,No,TIRUPUR,,9952358692,641665,DR E ARUN,TIRUPPUR SOUTH,https://angelcollege.edu.in/
"SNS KALVI NAGAR, SATHY MAIN",9894030121,Yes,CENTRAL BANK OF INDIA CROSS,EC(60); EE(30),2734,"SNS College of Engineering (Autonomous), Sathy Main Road, Kurumbapalayam Post, Coimbatore District 641107",10,10,COIMBATORE,principal@snsce.ac.in,Yes,Yes,5000,0,,0,0,0,39500,,4000,4000,16000,,Permanent,Permanent,,40000,40000,Yes,,Veg,Veg,No,COIMBATORE,,7550316708,641107,DR S CHARLES,,www.snsce.ac.in
"S.F.NO.247,248,LT BYEPASS",8428211211,No,AXIS BANK,AD(60); EC(180),2735,"Karpagam Institute of Technology, Seerapalayam Village, L&T By pass Road, Coimbatore District 641021",10,10,COIMBATORE,principalkit@gmail.com,Yes,Yes,5000,0,,600,600,0,35000,,4500,4500,20000,,Permanent,Permanent,,1900,1900,Yes,,Both,Both,Yes,COIMBATORE,,7397013334,641105,DR P MANIMARAN,MADUKKARAI,www.karpagamtech.ac.in
"KALAPATTI ROAD, COIMBATORE",9025286806,Yes,INDIAN BANK,AD(120); BM(60); CB(60),2736,"Dr. N G P Institute of Technology (Autonomous), Kalapatti Road, Coimbatore District 641035",12,12,2736,principal@drngpit.ac.in,Yes,Yes,0,0,,0,0,0,50150,,3500,3500,10150,,Permanent,Permanent,,3600,3200,Yes,,Both,Both,No,COIMBATORE,,8754955886,641048,DR S U PRABHA,COIMBATORE (NORTH),www.drngpit.ac.in
"REC KALVI NAGAR, VIRALIYUR",7373548413,No,BANK OF BARODA,CS(60); AM(30),2737,"Sri Sai Ranganathan Engineering College, Zahirnaickenpalayam Village, Viraliyur Post, Thondamuthur Via, Coimbatore District 641109",25,24,COIMBATORE,rec.cbe@gmail.com,Yes,Yes,5000,5000,,5000,5000,5000,35000,,40000,40000,10000,,Permanent,Permanent,,20000,20000,Yes,,Both,Both,No,COIMBATORE JUNCTION,,9500981246,641109,DR V RAJENDRAN,,www.reccbe.ac.in
"KONDAMPATTI POST, VADASITHUR",9842704129,Yes,UNION BANK OF INDIA,CS(180); EC(180); EE(60),2739,"Sri Eshwar College of Engineering (Autonomous), Kondampatti Post, Vadasithur (Via), Kinathukadavu, Coimbatore District 641202",24,5,COIMBATORE,sece@sece.ac.in,Yes,Yes,500,0,,6000,6000,5000,38000,,4500,4500,12000,,Permanent,Permanent,,30000,30000,Yes,,Both,Both,No,KINATHUKADAVU JN,,7373617171,641202,DR SUDHA MOHANRAM,KINATHUKADAVU,www.sece.ac.in
"VALLY CAMPUS,POLLACHI",9994630696,Yes,CITY UNION BANK,CS(180); EC(120),2740,"Hindusthan Institute of Technology (Autonomous), Othakkalmandapam, Coimbatore District 641032",13,13,COIMBATORE,hitprincipal@hindusthan.net,Yes,Yes,1500,0,,600,600,0,28000,,2900,2700,10000,,Permanent,Permanent,,1300,1200,Yes,,Both,Both,No,COIMBATORE,,9047010006,641032,DR C NATARAJAN,,www.hit.edu.in
"PALLADAM ROAD, POLLACHI",9486661800,Yes,BANK OF BARODA,AD(60); CS(180); EC(120),2741,"P A College of Engineering and Technology (Autonomous), Palladam Road, Pollachi, Coimbatore District 642002",45,6,2741,pacollege@yahoo.com,Yes,Yes,200,2000,,200,200,9000,27000,,2500,2500,9000,,Permanent,Permanent,,1200,1200,Yes,,Veg,Veg,No,POLLACHI,,4259221386,642002,DR T MANIGANDAN,POLLACHI,www.pacolleges.org
"NH 47, PALAKKAD MAIN ROAD,",9944773755,No,INDIAN OVERSEAS BANK,AG(30); BM(60),2743,"Dhanalakshmi Srinivasan College of Engineering (CBE), NH47, Palakkad Main Road, Navakkarai Post, Near Nandhi Temple, Coimbatore District 641105",22,6,COIMBATORE,dscollegecbe@gmail.com,Yes,Yes,0,0,,0,0,5000,28000,,3500,3500,6000,,Permanent,Permanent,,30000,30000,Yes,,Both,Both,Yes,WALAYAR,,4222935353,641105,DR C JEGADHEESAN,,www.dsce.ac.in
"SATHY MAIN ROAD,",9942245591,No,THE FEDERAL BANK LTD,CS(60); EE(30),2744,"Adithya Institute of Technology, Kurumbapalayam Village, Coimbatore District",14,15,COIMBATORE,principal@adithyatech.com,Yes,Yes,500,3000,,350,350,3000,30000,,4000,4000,15000,,Permanent,Permanent,,2500,2500,Yes,,Both,Both,No,COIMBATORE CENTRAL,,9842215906,641107,DR D SOMASUNDASWARI,,www.adithyatech.edu.in
NEELAMBUR AVINASHI ROAD,9626273374,No,TAMILNAD MERCANTILE BANK,CO(30); AD(60); CS(60),2745,"Kathir College of Engineering, Neelambur, Avinashi Road, Coimbatore District",18,18,2745,kathirce@gmail.com,Yes,Yes,5000,0,,0,0,0,26000,,3000,3000,12000,,Permanent,Permanent,,30000,30000,Yes,,Both,Both,No,COIMBATORE JUNCTION,,9626273374,641062,DR R UDAIYAKUMAR,SULUR,www.kathir.ac.in
SHREE VENKATESHWARA HI TECH,9865066242,Yes,INDIAN OVERSEAS BANK,CS(120),2747,"Shree Venkateshwara Hi-Tech Engineering College, (Autonomous) Othakuthirai, K Mettupalayam Post, Gobichettipalayam, Erode District 638455",30,31,ERODE,svhecgobi@gmail.com,Yes,Yes,0,0,,0,0,0,20000,,3500,3500,5500,,Permanent,Permanent,,1000,1000,Yes,,Both,Both,No,ERODE,,9942945555,638455,P THANGAVEL,GOBICHETTIPALAYAM,www.svhec.com
SURYA ENGINEERING,9750508644,No,THE FEDERAL BANK LTD,CE(30); ME(60),2748,"Surya Engineering College, Mettukadai, Kathirampatti Post, Erode District",8,10,ERODE,secerode@gmail.com,Yes,Yes,500,1000,,1800,1800,5000,15000,,30000,30000,5000,,Permanent,Permanent,,7200,7200,Yes,,Both,Both,No,ERODE RAILWAY JUNCTION,,4242555018,638107,DR S MANOHARAN,,WWW.SURYA.AC.IN
NH-47 PALAKKAD MAIN ROAD,9364445555,No,INDIAN BANK,AD(60); AG(60); CS(60),2749,"Easa College of Engineering and Technology, NH-47, Coimbatore-Palakkad Main Road, Navakarai Post, Coimbatore District 641105",20,16,COIMBATORE,easaprincipal@gmail.com,Yes,Yes,1000,5000,,500,500,5000,37000,,4000,4000,17000,,Permanent,Permanent,,1500,1500,Yes,,Both,Both,No,COIMBATORE,,9364445555,641105,DR Z ROBERT KENNEDY,MADUKKARAI,www.easacollege.com
"SF NO. 282, 283 KANNAMPALAYAM",9965590099,Yes,INDIAN BANK,AD(60); AE(60); AG(60),2750,"KIT - Kalaignar Karunanidhi Institute of Technology (Autonomous), Kannampalayam, Coimbatore District 641402",10,10,COIMBATORE,principal@kitcbe.com,Yes,Yes,1000,5000,,750,750,5000,30000,,3000,3000,8000,,Permanent,Permanent,,2500,2500,Yes,,Both,Both,No,COIMBATORE JUNCTION,,9965590099,641402,DR N MOHAN DAS GANDHI,SULUR,www.kitcbe.com
"#365, KGISL CAMPUS,",9976944477,No,CANARA BANK,CB(60); CS(120),2751,"KGISL Institute of Technology, KGISL Campus, Thudiyalur Road, Saravanampatti, Coimbatore District 641035",12,12,COIMBATORE,principal@kgkite.ac.in,Yes,Yes,0,0,,0,0,0,30000,,4500,4500,22000,,Permanent,Permanent,,2500,2500,Yes,,Veg,Veg,No,COIMBATORE JUNCTION,,9865052298,641035,DR S SURESH KUMAR,,www.kgkite.ac.in
"235, CHENNIMALAIPALAYAM ROAD",9942308181,No,INDIAN BANK,CS(120); EC(60); EE(60),2752,"Nandha College of Technology, Pitchandampalayam Post, Erode District",12,12,2752,nandhatechnology@gmail.com,Yes,Yes,0,0,,0,0,0,20000,,3000,3000,10000,,Permanent,Permanent,,1000,1000,Yes,,Both,Both,No,ERODE JUNCTION,,7373714477,638052,DR S NANDAGOPAL,ERODE,www.nandhatech.org
"NH-209, SATHY ROAD,",9842205515,No,INDIAN BANK,AG(30); BM(30); AM(30),2753,"PPG Institute of Technology, Vilankurichi Village, Coimbatore District 641035",10,10,COIMBATORE,ppgit@ppg.edu.in,Yes,Yes,1000,0,,250,250,5000,25000,,3000,3000,5000,,Permanent,Permanent,,3000,3000,Yes,,Both,Both,No,COIMBATORE,,9047777277,641035,DR P SATHIASEELAN,COIMBATORE (NORTH),www.ppg.edu.in
"JAWAHAR GARDENS, KALIAPURAM",9442464988,No,HDFC BANK,AE(60); AG(60); CE(30),2755,"Nehru Institute of Technology(Autonomous), Thirumalayampalayam Post, Coimbatore District 641105",15,4,,nitprincipal@nehrucolleges.com,Yes,Yes,0,1000,,0,0,0,15000,,45000,45000,6000,,Permanent,Permanent,,30000,30000,Yes,,Both,Both,No,COIMBATORE JUNCTION,,9003936801,641105,DR M SIVARAJA,MADUKKARAI,www.nehruinstitute.com
"T.N.PALAYAM, GOBICHETTIPALAYAM",9789339900,No,CANARA BANK,CS(60); EC(30); EE(30),2758,"J K KMunirajah College of Technology, T N Palayam, Gobi Taluk, Erode District",50,50,2758,principal309@gmail.com,Yes,Yes,100,5000,,500,500,0,20000,,2500,2500,2000,,Permanent,Permanent,,1000,1000,Yes,,Both,Both,No,ERODE JUNCTION,,9789339900,638506,DR K SRIDHARAN,GOBICHETTIPALAYAM,www.jkkmct.edu.in
"5/635, PERAR, KOTAGIRI ROAD",9488229599,No,INDIAN BANK,AR(80),2759,The Nilgiris 643002,10,10,,ootyarchitecture@gmail.com,Yes,Yes,5000,20000,,500,500,10000,35000,,5000,5000,15000,,Permanent,Permanent,,5000,5000,Yes,,Both,Both,No,UDHAGAMANDALAM,,4232225970,643002,DR SATHEESH KUMAR,UDHAGAMANDALAM,www.mcgansarch.com
2/449 A DURAI RAJ NAGAR NGGO,9688655599,No,HDFC BANK,CS(60); EC(60); RM(30),2761,"United Institute of Technology, Gadalore Village, Perianaickenpalayam, Coimbatore District 641020",20,20,COIMBATORE,principal@uit.ac.in,Yes,Yes,1000,0,,1000,1000,5000,25000,,3250,3250,6500,,Permanent,Permanent,,24000,24000,Yes,,Veg,Veg,No,COIMBATORE,,9688655599,641022,DR R RADHAKRISHNAN,COIMBATORE,www.uit.ac.in
"SF.NO. 443/1,2, 442/1A & 442/1B,",9750053222,No,HDFC BANK LTD,CE(30); CB(60),2762,"Jansons Institute of Technology, Karumathampatty, Somaur, Coimbatore District 641659",30,30,COIMBATORE,info@jit.ac.in,Yes,Yes,0,5000,,0,0,0,28000,,3300,3300,10000,,Permanent,Permanent,,3300,3300,Yes,,Both,Both,No,COIMBATORE,,4212264900,641659,DR V NAGARAJAN,,www.jit.ac.in
"BAGAVATHIPALAYAM ROAD,",9688243777,No,BANK OF BARODA,CS(90); CB(30),2763,"Akshaya College of Engineering and Technology, Kinathukadavu, Coimbatore District 642109",21,21,COIMBATORE,info@acetcbe.edu.in,Yes,Yes,5000,0,,0,0,5000,32000,,4000,4000,10000,,Permanent,Permanent,,2500,2500,Yes,,Both,Both,No,COIMBATORE JUNCTION,,4259242570,642109,DR R RAVINDRAN,,www.acetcbe.edu.in
KPR INSTITUTE OF ENGINEERING,8344760413,Yes,PUNJAB NATIONAL BANK,AM(60); BM(60),2764,"K P R Institute of Engineering and Technology (Autonomous), Kollupalayam Village, Arasur Panchayat, Coimbatore District 641407",20,20,COIMBATORE,principal@kpriet.ac.in,Yes,Yes,1000,0,,200,200,7000,42000,,4500,4500,20000,,Permanent,Permanent,,3500,3500,Yes,,Both,Both,No,COIMBATORE JN,,7502755577,641407,DR M AKILA,,kpriet.ac.in
"SH 95, ANNIYAPURAM POST,",9080519803,No,STATE BANK OF INDIA,AD(30); BM(60); CE(30),2767,"SRG Engineering College, Aniyapuram Post, Namakkal District 637017",7,9,NAMAKKAL,srgengg@gmail.com,Yes,Yes,5000,2000,,150,150,1000,12000,,2200,2200,4000,,Permanent,Permanent,,1200,1200,Yes,,Both,Both,No,NAMAKKAL,,9442134279,637017,DR C ELANCHEZHIAN,NAMAKKAL,WWW.SRGEC.ORG
"PREMA RAVI NAGAR,",9842277621,No,CANARA BANK,AO(30); CE(30); CS(60),2768,"Park College of Technology, Prema Ravi Nagar, Karumathampatti, Coimbatore -",25,22,COIMBATORE,principal@pct.ac.in,Yes,Yes,0,0,,0,0,0,35000,,3500,3500,10000,,Permanent,Permanent,,2000,2000,Yes,,Both,Both,No,COIMBATORE,,7094472931,641659,DR C ANGALAPARAMESWARI,SULUR,www.pct.ac.in
"PICHANUR,COIMBATORE",9361488804,No,CANARA BANK,AD(90); BC(60); CE(30),2769,"J C T College of Engineering and Technology, Pichanur, Coimbatore District",23,5,2769,info@jct.ac.in,Yes,Yes,5000,0,,1200,1200,5000,24000,,3600,3600,12000,,Permanent,Permanent,,16800,16800,Yes,,Both,Both,No,ETTIMADAI,,9361488801,641105,DR S MANOHARAN,MADUKKARAI,www.jct.ac.in
"1/2A-1, ALAGU NACHIAMMAN KOVIL",9597379764,No,BANK OF INDIA,CS(120); EC(60); EE(30),2770,"Studyworld College of Engineering, Madukarai Post, Coimbatore - 641 105.",14,5,COIMBATORE,principal-swce@swehg.com,Yes,Yes,5000,0,,500,500,0,15000,,4000,4000,10000,,Permanent,Permanent,,500,500,Yes,,Both,Both,No,COIMBATORE JUNCTION,,9965596707,641105,DR P GOMATHI,MADUKKARAI,https://studyworldindia.com
"APPACHIGOUNDENPATHY,",9344514004,No,SOUTH INDIAN BANK,CB(30); CS(60),2772,"C M S College of Engineering and Technology, Appachigoundenpathy, Kumittipathi Post, Coimbatore District 641032",28,28,COIMBATORE,cmscet@gmail.com,Yes,Yes,0,0,,100,100,0,22000,,3000,3000,10000,,Permanent,Permanent,,2400,2400,Yes,,Both,Both,No,COIMBATORE JUNCTION,,9688194333,641032,DR N SUDHA,,www.cmscet.com
"KUMARAN KOTTAM CAMPUS,",8903949934,No,UNION BANK OF INDIA,AG(90); AU(30),2776,"R V S Technical Campus-Coimbatore, Kumaran Kottam Campus, Kannampalayam, Sulur, Coimbatore District 641 402",16,16,COIMBATORE,rvsetgi@rvsgroup.com,Yes,Yes,1000,0,,0,0,0,35000,,50000,50000,11000,,Permanent,Permanent,,20000,20000,Yes,,Both,Both,No,COIMBATORE,,4222687200,641402,DR S VIJAYAN,,rvstcc.ac.in
,,,,,2778,"R.V.S. School of Architecture (CBE), Kumaran Kottam Campus, Trichy Road, Kannampalayam Post, Coimbatore District 641402",,,,,,,,,,,,,,,,,,,,,,,,,,,,,,No detail page found in PDF,,,,,
"REC KALVI NAGAR, VIRALIYUR (PO),",8072623841,No,BANK OF BARODA,,2779,"Ranganathan Architecture College, REC Kalvi Nagar, Viraliyur Post, Thondamuthur Via, Coimbatore District 641109",30,30,COIMBATORE,raccbe2010@gmail.com,Yes,Yes,5000,5000,,500,500,5000,35000,,3500,3500,10000,,Permanent,Permanent,,2000,2000,Yes,,Both,Both,No,COIMBATORE JUNCTION,,9500981246,641109,AR MAYA MOHAN,,www.raccbe.ac.in
UNIVERSITY COLLEGE OF,,No,CANARA BANK,AU(60); CE(120); CS(120),3011,"University College of Engineering, Tiruchirappalli, (Bharathidasan Institute of Technology), Tiruchirappalli District 620024",12,12,TIRUCHIRAPPALLI,deanbit@annauniv.edu,Yes,Yes,1100,5000,,1100,1100,15000,0,,2400,2400,0,,Permanent,Permanent,,600,600,No,,Both,Both,No,TIRUCHIRAPPALLI JUNCTION,,4312407946,620024,DR T SENTHILKUMAR ME PHD,TIRUCHIRAPPALLI,www.aubit.edu.in
KATHANKUDIKADU,9944444266,No,STATE BANK OF INDIA,CE(60); CS(60); EC(60),3016,"University College of Engineering, Ariyalur, Kathankudikadu Village, Thelur Post, Ariyalur District 621704",18,20,3016,deanucea@gmail.com,Yes,Yes,1100,5000,,60,60,15000,0,,2500,2500,0,,Permanent,Permanent,,110,110,No,,Both,Both,No,ARIYALUR,,4329291727,621731,DR P SENTHAMIL SELVAN,ARIYALUR,https://www.auucea.edu.in
,,,,,3018,"University College of Engineering, Thirukkuvalai, Nagappattinam District",,,,,,,,,,,,,,,,,,,,,,,,,,,,,,No detail page found in PDF,,,,,
CHENNAI KUMBAKONAM HIGHWAY,9486830689,No,STATE BANK OF INDIA PANRUTI,CE(60); XC(30); CS(60),3019,"University College of Engineering, Panruti, Chennai-Kumbakonam Highway, Panikkankuppam, Panruti, Cuddalore District 607106",25,4,CUDDALORE,deanpanruti@annauniv.edu,Yes,Yes,500,5000,,100,100,15000,0,,2500,2500,0,,Permanent,Permanent,,100,100,No,,Both,Both,No,PANRUTI,,4142241000,607106,DR S MUTHUKUMARAN,PANRUTI,www.ucep.edu.in
UNIVERSITY COLLEGE OF,9787930620,No,CANARA BANK,CE(60); CS(60); EC(60); CS(45),3021,"University College of Engineering, Pattukkottai, ECR Road, Rajamadam, Pattukkottai Taluk, Thanjavur District 614701",63,5,THANJAVUR,deanpktau@gmail.com,Yes,Yes,500,5000,,600,600,15000,0,,3600,3600,0,,Rental,Rental,,600,600,No,,Both,Both,No,ADIRAMPATTINAM,,8940738181,614701,DR M KARTHIKEYAN,PATTUKKOTTAI,http://aucepkt.edu.in
"TRICHY-SALEM HIGHWAYS, (NEAR",9500812300,No,KARUR VYSYA BANK,AD(30); CE(30),3403,"Mahalakshmi Engineering College, Trichy-Salem Highways, (Near No.1 Tollgate), Melpathu, Siruganbur Post, Tiruchirappalli District 621213",10,6,TIRUCHIRAPPALLI,principalmect@gmail.com,Yes,Yes,10000,5000,,250,250,1000,36000,,5000,5000,12000,,Permanent,Permanent,,2500,2000,Yes,,,,No,SIX,,9361612300,621213,DR S MEENAKSHISUNDARAM,MANACHANALLUR,http://mectrichy.com/
"ANAND NAGAR, NELLIKUPPAM MAIN",9597880095,No,INDIAN OVERSEAS BANK,CS(60); EC(60),3410,"Krishnasamy College of Engineering and Technology, S Kumarapuram, Cuddalore District 607109",6,1,CUDDALORE,kcet.skret@gmail.com,Yes,Yes,100,0,,200,200,5000,20000,,3300,3300,8000,,Permanent,Permanent,,0,0,Yes,,Veg,Veg,Yes,VARAKKALPATTU,,4142285601,607109,DR G ELANGO,,www.kcet.in
JAYARAM,9344934806,No,HDFC BANK,CS(60); CE(30),3425,"C K College of Engineering and Technology, Chellangkuppam, Cuddalore District 607003",2,2,CUDDALORE,principal@ckcet.com,Yes,Yes,0,0,,0,0,0,25000,,46500,46500,15000,,Permanent,Permanent,,28500,28500,Yes,,Both,Both,No,CUDDALORE PORT,,9344934806,607003,DR SARAVANAN S,,www.ckcet.edu.in
"KOOHUR MAIN ROAD, KILVELUR",9443951423,No,INDIAN BANK,AR(80),3446,"Prime College of Architecture and Planning, Main Road, Kilvelur, Nagapattinam District 611104",10,2,,primearch2010@gmail.com,Yes,Yes,500,5000,,200,200,1200,27000,,3300,3300,6600,,Permanent,Permanent,,1000,1000,Yes,,Both,Both,No,KILVELUR,,9437020695,611104,PROF AR SNEHALATA DASH,KILVELUR,primearch.ac.in and primearchitecture.in
,,,,,3453,"RVS KVK School of Architecture, Dindigul Highway, Inamkulathur, Tiruchirappalli District 620 009",,,,,,,,,,,,,,,,,,,,,,,,,,,,,,No detail page found in PDF,,,,,
SRI SARADHA NAGAR NH 45,9944358663,No,CANARA BANK,AD(60); BM(60); CE(30),3454,"Sri Ramakrishna College of Engineering, Sri Saradha Nagar, NH-45, Perambalur District 621113",4,25,PERAMBALUR,sriramakrishnaengg@gmail.com,Yes,Yes,500,5000,,0,0,1000,25000,,2500,2500,7500,,Permanent,Permanent,,1200,1200,Yes,,Veg,Veg,No,ARIYALUR,,9585544688,621113,DR M MARIMUTHU,PERAMBALUR,www.sriramakrishna.ac.in
THANJAVUR MAIN ROAD,9865605752,No,CITY UNION BANK,AG(30); CS(60); ME(60),3456,"K S K College of Engineering and Technology, Thanjavur Main Road, Darasuram, Kumbakonam, Thanjavur District 612702",5,3,THANJAVUR,ksk1957@yahoo.com,No,No,100,0,,500,500,0,8000,,3000,3000,4000,,Rental,Rental,,0,0,Yes,,Both,Both,No,DARASURAM,,4352417588,612702,DR R RAJAVIGNESH,KUMBAKONAM,www.kskcet.edu.in
"SIVAGNANAM NAGAR, KONALAI",9786772055,No,INDIAN OVERSEAS BANK,CE(60); CS(60); EE(60),3460,"Surya College of Engineering, Konalai, Tiruchirappalli District 621132",30,15,3460,sureyacollege@gmail.com,Yes,Yes,1000,5000,,100,100,0,28000,,4000,4000,12000,,Permanent,Permanent,,400,400,Yes,,Both,Both,No,PITCHANDAR KOVIL,,8438609749,621132,DR V SELVAKUMAR,MANACHANALLUR,http://suryaengg.ac.in
"ESANOOR, KEELAIYUR (POST),",9994445396,No,CANARA BANK,CS(60); EC(30); EE(30),3461,"Arifa Institute of Technology (Formly Haji sheik Ismail Engineering College), Esanoor, Keelaiyur Post, Thirukkuvalai Taluk, Nagapattinam District 611103",25,17,3461,ARIFAPRINCIPAL@GMAIL.COM,Yes,Yes,0,0,,0,0,0,14500,,3600,3600,4500,,Permanent,Permanent,,0,0,Yes,,Both,Both,No,THIRUTHURAIPOONDI,,9150528941,611103,DR HUSSAIN LAL A,THIRUKKUVALAI,WWW.AITECH.ORG.IN
NH-227 TRICHY TO CHIDAMABARAM,9600872441,No,BANK OF INDIA,CE(60); EC(30),3462,"Ariyalur Engineering College, NH-227, Trichy-Chithambaram NH, Karuppur- Senapathy Post, Ariyalur District 621707",10,12,ARIYALUR,principalaec2013@gmail.com,Yes,Yes,300,1000,,100,100,100,25000,,2500,2500,5000,,Permanent,Permanent,,1200,1200,Yes,,Both,Both,No,ARIYALUR,,9600872441,621707,DR KUMAR P,ARIYALUR,https://aecedu.net.in/
GOVERNMENT COLLEGE OF,9842909713,No,INDIAN OVERSEAS BANK,CE(60); EE(60),3464,"Government College of Engineering, Gandarvakottai Road, Sengipatti, Thanjavur District 613402",25,25,THANJAVUR,gcesengipatti@gmai.com,Yes,Yes,500,10000,,250,250,3000,0,,2300,2000,0,,Permanent,Permanent,,200,200,No,,Veg,Veg,No,THANJAVUR,,4362221112,613402,DR S JAYABAL,BUDHALUR,www.gcetj.edu.in
THE PRINCIPAL GOVERNMENT,8903127517,No,STATE BANK OF INDIA,CS(60),3465,"Government College of Engineering, Srirangam, Sethurappatti, Tiruchirappalli District 620012",19,19,TIRUCHIRAPPALLI,gcesrirangam@gmail.com,Yes,Yes,200,5000,,250,250,6500,0,,2500,2500,0,,Permanent,Permanent,,200,200,No,,Veg,Veg,No,TIRUCHIRAPPALLI JUNCTION,,9488008656,620012,DR V M SHANTHI,SRIRANGAM,www.gces.edu.in
NH 227 NERINCHIKORAI,9942337856,No,UNION BANK OF INDIA,AD(60); CE(30); CS(60),3466,"Nelliandavar Institute of Technology, Nerunjikorai Village, Pudhupalayam, Ariyalur Taluk, Ariyalur District 621704",12,12,ARIYALUR,nelliandavar@gmail.com,Yes,Yes,2000,500,,250,250,500,8500,,2000,2000,2000,,Permanent,Permanent,,1500,1500,Yes,,Both,Both,No,ARIYALUR JN,,9443955435,621704,DR R KANNAN,ARIYALUR,nelliandavar.com
"VJP CAMPUS,",9444144314,No,INDIAN BANK,AR(40),3467,"Prime Nest College of Architecture and Planning, V.J.P. Campus, Trichy-Chennai Highway, Navaladiyan Nagar, Siruganur, Tiruchirappalli District 621105",20,20,TIRUCHIRAPPALLI,primenestindia@gmail.com,No,No,0,0,,0,0,0,10000,,0,0,8000,,Rental,Rental,,0,0,Yes,,Both,Both,No,TIRUCHIRAPPALLI JUNCTION,,9444144314,621105,DR S RADHAKRISHNAN,MANNACHANALLUR,www.primenest.org
"KARIYAMANICKAM ROAD,",7708222577,Yes,AXIS BANK LIMITED,AM(60); CE(60); ME(60),3701,"K Ramakrishnan College of Technology (Autonomous), Kariyamanickam Road, Samayapuram, Manachanallur Taluk, Tiruchirappalli District 621112",13,10,TIRUCHIRAPPALLI,principal@krct.ac.in,Yes,Yes,1000,0,,200,200,0,28000,,5000,5000,6600,,Permanent,Permanent,,30000,30000,Yes,,Both,Both,No,SRIRANGAM,,9842111377,621112,DR N VASUDEVAN,MANNACHANALLUR TK,www.krct.ac.in
VELANKANNI ROAD PAPPAKOIL,7373765117,No,CITY UNION BANK NAGORE,EC(60); ME(60),3760,"Sir Issac Newton College of Engineering and Technology, Anthanapeetai Post, Papakoil, Nagappattinam District 611102",3,1,NAGAPATTINAM,principal@sincet.ac.in,Yes,Yes,5000,5000,,500,500,0,21000,,3000,3000,3000,,Permanent,Permanent,,500,500,Yes,,Both,Both,No,ANDHANAPETTAI,,4365299763,611102,DR G GIFTSON SAMUEL,,www.sincet.ac.in
MANANKORAI VILLAGE,9443442928,No,INDIAN OVERSEAS BANK,CE(30); CS(60); EC(30),3766,"Star Lion College of Engineering and Technology, Manankorai Main Road, Manankorai Village, Thanjavur District 614206",10,10,3766,starlionengineering@gmail.com,Yes,Yes,3000,3000,,2000,2000,2000,23000,,25000,25000,7000,,Rental,Rental,,10000,10000,Yes,,Both,Both,No,THANJAVUR,,9443442928,614206,DR A MANIMARAN,THANJAVUR,www.starlionengineering.ac.in
TIRUCHIRAPPALLI-THURAIYUR MAIN,9551218000,No,INDIAN OVERSEAS BANK,CS(120); EE(30),3782,"OASYS Institute of Technology, Pulivalam Village, Musiri Taluk, Tiruchirappalli District 621006",41,20,TIRUCHIRAPPALLI,principal@oasys.edu.in,Yes,Yes,200,0,,150,150,0,12500,,2700,2700,2500,,Permanent,Permanent,,500,500,Yes,,Both,Both,No,SRIRANGAM,,7401298259,621006,DR K KALAISELVAN,MUSIRI,www.oasys.edu.in
,,,,,3783,"M.A.M. School of Architecture, Trichy-Chennai Trunk Road, Siruganur, Tiruchirappalli District 621105",,,,,,,,,,,,,,,,,,,,,,,,,,,,,,No detail page found in PDF,,,,,
"NO 27 THAYANUR, DINDUGAL ROAD,",8939612000,No,INDIAN BANK,AR(80),3784,"C.A.R.E School of Architecture, No.27, Thayanur Village, Kuttapatti, Srirangam Taluk, Tiruchirappalli District 620009",8,8,TIRUCHIRAPPALLI,pshabitha@care.ac.in,Yes,Yes,0,5000,,250,250,5250,25000,,4500,4500,2500,,Permanent,Permanent,,1500,1500,Yes,,Veg,Veg,No,TIRUCHIRAPPALLI JUNCTION,,9994165035,620009,DR SHABITHA S,TRICHY,www.care.ac.in/architecture
M.A.M SCHOOL OF ENGINEERING,9842887134,No,ICICI BANK,AD(30); AE(60); BM(60),3786,"M.A.M. School of Engineering, Siruganur, Tiruchirappalli District 621105",32,24,3786,mamschoolengg@yahoo.in,Yes,Yes,5000,5000,,200,200,1000,16000,,4000,4000,13000,,Rental,Rental,,1250,1250,Yes,,Both,Both,Yes,SRIRANGAM RAILWAY STATION,,7708000972,621105,DR P RANJITH KUMAR,SIRUGANUR,https://mamse.in/
"SRM TRP ENGINEERING COLLEGE,",8098100674,No,CITY UNION BANK,AD(60); CE(60); CS(180),3795,"SRM TRP Engineering College, Irungalur, Manachanallur Taluk, Tiruchirappalli District 621105",21,21,TIRUCHIRAPPALLI,principal@trp.srmtrichy.edu.in,Yes,Yes,0,0,,0,0,0,28000,,4200,4200,16000,,Permanent,Permanent,,1250,1250,Yes,,Both,Both,No,TIRUCHIRAPPALLI JUNCTION,,4312258940,621105,DR B GANESH BABU,MANACHANALLUR,https://trp.srmtrichy.edu.in/
"MANNAMPANDAL,",9442075675,No,INDIAN BANK,CE(60); CS(120); EC(60),3801,"A V C College of Engineering, Mannampandal Post, MayiladuthuraiDistrict",5,7,MAYILADUTHURAI,avcce@avccengg.net,Yes,Yes,100,5000,,4000,4000,3500,20800,,3000,3000,6200,,Permanent,Permanent,,7000,7000,Yes,,Veg,Veg,No,MAYILADUTHURAI JUNCTION,,4364227202,609305,DR C SUNDAR RAJ,MAYILADUTHURAI,www.avccengg.net
"SIRUGANOOR, TIRUCHIRAPPALLI 621",9443187952,No,CANARA BANK KOOTHUR TRICHY,EE(30); ME(60); CN(30),3802,"Shri Angalamman College of Engineering and Technology, Siruganoor, Tirachirapalli-621105.",24,24,TIRUCHIRAPPALLI,principal@sacet.edu.in,Yes,Yes,2000,10000,,10000,10000,10000,15000,,50000,50000,30000,,Permanent,Permanent,,15000,15000,Yes,,Both,Both,No,TIRUCHIRAPPALLI JUNCTION,,9790141513,621105,DR W CHRIST RAJ,MANNACHANALLUR,www.sacet.edu.in
ANJALAI AMMAL MAHALINGAM,9894577935,No,INDIAN BANK,CE(30); CS(90),3803,"Anjalai Ammal Mahalingam Engineering College, Kovilvenni, Thiruvarur District",28,1,TIRUVARUR,principal@aamec.edu.in,Yes,Yes,100,2500,,100,100,5000,22000,,4200,4200,8000,,Permanent,Permanent,,5000,5000,Yes,,Veg,Veg,No,KOYILVENNI RAILWAY STATION,,4374232516,614403,DR S N RAMASWAMY,,www.aamec.edu.in
"ARASU ENGINEERING COLLEGE,",7667673333,No,INDIAN OVERSEAS BANK,AG(60); BM(60),3804,"Arasu Engineering College, Chennai Main Road, Kumbakonam, Thanjavur District 612501",40,10,THANJAVUR,arasuengg@gmail.com,Yes,Yes,0,0,,2000,2000,0,30000,,36000,36000,10000,,Permanent,Permanent,,12000,12000,Yes,,Both,Both,No,KUMBAKONAM,,7667443333,612501,DR T BALAMURUGAN,,www.aec.org.in
THURAIYUR ROAD,9962444876,Yes,TAMILNAD MERCANTILE BANK,AE(60); AG(60); AD(180),3805,"Dhanalakshmi Srinivasan Engineering College (Autonomous), Thuraiyur Road, Perambalur District 621212",2,33,3805,principal@dsengg.ac.in,Yes,Yes,500,0,,75,75,5000,37500,,4550,4550,5000,,Permanent,Permanent,,1000,1000,Yes,,Both,Both,Yes,ARIYALUR,,7094433186,621212,DR K ELANGOVAN,PERAMBALUR,www.dsengg.ac.in
"OLD NAGORE ROAD, THETHI",8248427249,Yes,DBS BANK INDIA LTD,IT(120); CS(180); EC(120),3806,"E G S Pillay Engineering College (Autonomous), Nagapattinam District 611002",1,2,NAGAPATTINAM,principal.egspec@gmail.com,Yes,Yes,500,5000,,200,200,0,15000,,3400,3400,2800,,Permanent,Permanent,,600,600,Yes,,Both,Both,No,NAGORE,,9894831458,611002,DR S RAMABALAN,NAGAPATTINAM,www.egspec.org
"AMMAPETTAI,",9842811776,No,HDFC BANK,AD(60); AE(30); CS(180),3807,"J J College of Engineering and Technology, Poolankulathupatti Post, Thiruchirappalli District 620009",15,15,TIRUCHIRAPPALLI,principal@jjcet.ac.in,Yes,Yes,1000,0,,0,0,0,25000,,3750,3750,8000,,Permanent,Permanent,,20000,20000,Yes,,Both,Both,No,TRICHIRAPPALLI JUNCTION,,9865211776,620009,MATHIYALAGAN P,SRIRANGAM,www.jjcet.a.cin
JAYARAM COLLEGE OF ENGINEERING,9843867513,No,STATE BANK OF INDIA,CE(60); EC(60),3808,"Jayaram College of Engineering and Technology, Karattampatti, Pagalavadi Po, Thuraivur, Trichy-621014",35,31,TIRUCHIRAPPALLI,principal@jayaramcet.edu.in,Yes,Yes,0,5000,,500,500,0,1800,,2000,2000,600,,Permanent,Permanent,,1000,1000,Yes,,Both,Both,No,SRIRANGAM,,4327230270,621014,DR N V AMUDARASAN,THURAIYUR,www.jayaramcet.edu.in
,,,,,3809,"Kurinji College of Engineering and Technology, Manapparai, Tiruchirappalli District 621307",,,,,,,,,,,,,,,,,,,,,,,,,,,,,,No detail page found in PDF,,,,,
"TRICHY-CHENNAI TRUNK ROAD,",8220026054,No,ICICI,AG(60); CS(150),3810,"M.A.M. College of Engineering, Siruganur, Tiruchirappalli District 621105",23,16,TIRUCHIRAPPALLI,principalmamce@mamce.org,Yes,Yes,700,0,,5400,5400,3700,20000,,2200,2200,4000,,Permanent,Permanent,,13800,13800,Yes,,Both,Both,Yes,SRIRANGAM,,8220026054,621105,DR M SHANMUGAPRIYA,,www.mamce.org
TRICHY - PUDUKKOTTI MAIN ROAD,9443836516,No,INDIAN BANK,CE(30); EC(60); AD(60),3811,"M I E T Engineering College, Trichy-Pudukkottai Road, Tiruchirappalli District",8,8,3811,principalengg@miet.edu,Yes,Yes,3000,3000,,6000,3500,10000,22000,,4800,4800,5600,,Permanent,Permanent,,6000,3500,Yes,,Both,Both,Yes,TIRUCHIRAPPALLI,,9787393272,620007,DR A NAVEEN SAIT M E PH D,TIRUVERUMBUR,www.miet.edu
"SRINIVASANAGAR, KALAMAVUR,",9865031411,No,KARUR VYSYA BANK,CE(30); CS(120),3812,"Mookambigai College of Engineering, Keeranur, Pudukkottai District 622502",20,2,PUDUKKOTTAI,pdkmce@gmail.com,Yes,Yes,0,0,,500,500,0,25000,,3000,3000,4000,,Permanent,Permanent,,2500,2500,Yes,,Veg,Veg,Yes,KEERANUR JN,,9443708560,622502,DR R ELANGOVAN,,www.mookambigai.ac.in
"KARUMANDAPAM,PIRATTIYUR,TRICH",9442949689,No,INDIAN OVERSEAS BANK,CE(60); CS(60); EC(60),3813,"Oxford Engineering College, Karumandapam, Pirattiyur, Trichy-620 009",2,3,TIRUCHIRAPPALLI,principal@oxfordec.edu.in,Yes,Yes,2000,2000,,200,200,2000,7000,,3000,3000,2000,,Permanent,Permanent,,2500,2500,Yes,,Both,Both,No,TPJ JUNCTION,,8072471490,620009,DR S PRABAKARAN,TRICHY,www.oxfordec.edu.in
"P R ENGINEERING COLLOGE, TRICHY",9443263559,No,IDFC FIRST BANK,CE(60); AD(30),3814,"P R Engineering College, Vallam, Thanjavur District 613403",15,15,THANJAVUR,principal@prec.edu.in,Yes,Yes,500,0,,1000,1000,0,14000,,2500,2500,6000,,Permanent,Permanent,,1500,1500,Yes,,Both,Both,No,THANJAVUR JUNCTION,,9443263559,613403,DR C RAJINIKANTH,,www.Prec@Edu.in
"THANJAI NATARAJAN NAGAR,",9865081743,No,STATE BANK OF INDIA,AD(30); BM(30); BT(30),3815,"Pavendar Bharathidasan College of Engineering and Technology, Pudukkottai Main Road, Tiruchirappalli District 622515",15,15,PUDUKKOTTAI,pabprincipal@gmail.com,Yes,Yes,0,0,,0,0,0,12000,,2750,2750,4000,,Permanent,Permanent,,0,0,Yes,,Both,Both,No,TIRUCHIRAPPALLI,,9865181743,622515,DR D SARAVANAN,KULATHUR,www.pabcet.in
ELAMBALUR POST,9976703227,No,STATE BANK OF INDIA,CE(60); CS(90); EE(60),3817,"Roever Engineering College, Elambalur, Perambalur District 621212",5,30,3817,office@roeverengg.edu.in,Yes,Yes,500,0,,0,0,10000,25000,,5000,5000,25000,,Permanent,Permanent,,0,0,Yes,,Both,Both,Yes,ARIYALUR,,9750970161,621220,PROF DR V S SREE BALAJI,PERAMBALUR,www.roeverengg.edu.in
"VENKATESWARA NAGAR, PANJAPPUR",8489915212,No,CITY UNION BANK LTD,CS(120); EC(120); EE(60),3819,"Saranathan College of Engineering, Panjappur, Tiruchirappalli District 620012",5,4,3819,principal@saranathan.ac.in,Yes,Yes,5000,0,,5000,5000,5000,30000,,55000,55000,15000,,Permanent,Permanent,,25000,25000,Yes,,Veg,Veg,No,TIRUCHIRAPPALLI JUNCTION,,8489915204,620012,DR D VALAVAN,TIRUCHIRAPPALLI,https://www.saranathan.ac.in/
SIVAGNANAM,9944889749,No,KARUR VYSYA BANK,CE(30); CS(90); AM(30),3820,"Trichy Engineering College, Konalai, Tiruchirappalli District 621132",15,10,TIRUCHIRAPPALLI,principal@trichyengg.ac.in,Yes,Yes,500,0,,500,500,100,18000,,3000,3000,6000,,Permanent,Permanent,,500,500,Yes,,Veg,Veg,No,SRIRANGAM,,9442856435,621105,DR R JOSELIN,MANACHANALLUR,www.trichyengg.ac.in
"THIRUMAKKOTTAI MAIN ROAD,",9750988221,No,ICICI,CE(30); CS(90); EE(30),3821,"A R J College of Engineering and Technology, Mannargudi Taluk, Thiruvarur District 614001",33,7,TIRUVARUR,principalcet@arj.edu.in,Yes,Yes,250,3000,,0,0,0,22000,,3600,3600,6500,,Permanent,Permanent,,1000,1000,Yes,,Both,Both,No,MANNARGUDI,,8608782222,614016,DR T VENKADESAN,MANNARGUDI,www.arj.edu.in
"RAJA NAGAR,",7867086702,No,BANK OF BARODA,CE(30); CS(60); EC(30),3822,"Dr.NavalarNedunchezhiyan College of Engineering, Raja Nagar, Vaithiyanathapuram, tholudur, Cuddalore-606303",95,26,CUDDALORE,drnnceprincipal@gmail.com,Yes,Yes,1000,0,,0,0,0,25000,,2500,2500,5000,,Permanent,Permanent,,1000,1000,Yes,,Veg,Veg,No,PENNADAM,,7867086702,606303,DR R LATHA,TITTAGUDI,www.drnnce.ac.in
"A.S. NAGAR, ELUPATTI,",9894463989,No,UNION BANK OF INDIA PORUR,AD(60); CS(120); EC(60),3825,"St. Joseph's College of Engineering and Technology, Elupatti Village, Rawaspatti Post, Thanjavur District 613403",7,11,THANJAVUR,sjcet.tnj@gmail.com,Yes,Yes,1000,5000,,250,250,0,25000,,3000,3000,15000,,Permanent,Permanent,,750,750,Yes,,Both,Both,Yes,THANJAVUR,,9444395284,613403,DR D SHANMUGASUNDARAM,THANJAVUR,https://sjcettnj.edu.in/
NAMAKKAL -TRICHY MAIN,8012505051,Yes,INDIAN BANK,AG(60); BM(60),3826,"Kongunadu College of Engineering and Technology (Autonomous), Tholurpatti, Thottiyam, Tiruchirappalli District 621215",58,18,TIRUCHIRAPPALLI,principalkncet@gmail.com,Yes,Yes,0,0,,2000,2000,8000,25000,,48000,48000,6000,,Permanent,Permanent,,12000,12000,Yes,,Both,Both,No,KULITHALAI,,8012505011,621215,DR R ASOKAN BE MS MTECH PHD,THOTTIAM,www.kongunadu.ac.in
"TRICHY-CHENNAI TRUNK ROAD,",9965055162,No,ICICI BANK,AD(60); CE(30); CS(90),3829,"M.A.M. College of Engineering and Technology, Trichy-Chennai Trunk Road, Siruganur, Tiruchirappalli District 621105",25,15,TIRUCHIRAPPALLI,principal@mamcet.com,Yes,Yes,500,0,,500,500,1000,18000,,2400,2400,6000,,Permanent,Permanent,,1150,1150,Yes,,Both,Both,Yes,SRIRANGAM,,9965055162,621105,DR SUSAN CHRISTINA X,MANACHANALLUR,www.mamcet.com
"NH45, SAMAYAPURAM (PO),",9003829977,Yes,AXIS BANK LTD,ME(60); EC(120); CS(120),3830,"K Ramakrishnan College of Engineering (Autonomous), Kariyamanickam Road, Samayapuram, Manachanallur Taluk, Tiruchirappalli District 621112",13,10,TIRUCHIRAPPALLI,principal@krce.ac.in,Yes,Yes,1000,0,,200,200,0,28000,,5000,5000,6600,,Permanent,Permanent,,30000,30000,Yes,,Both,Both,No,SRIRANGAM,,9842991377,621112,DR D SRINIVASAN,MANNACHANALLUR,www.krce.ac.in
"NH45B, MANIKANDAM",8508688828,No,INDIAN BANK,AD(60); AG(60); CS(60),3831,"Indra Ganesan College of Engineering, Madurai Main Road, Manikandam, Tiruchirappalli District 620012",7,7,3831,director@igceng.com,Yes,Yes,10000,0,,5000,5000,0,25000,,35000,35000,12000,,Permanent,Permanent,,25000,25000,Yes,,Both,Both,No,TIRUCHIRAPALLI JUNCTION,,8508688845,620012,DR G BALAKRISHNAN,MANIKANDAM,www.igceng.com
"NH 67, RING ROAD, NANJIKKOTTAI,",8344047047,No,INDIAN BANK,AE(30); CE(30); CS(120),3833,"Parisutham Institute of Technology and Science, Ring Road, Nanjikottai, Thanjavur District 613006",3,6,THANJAVUR,pitsprincipal@gmail.com,Yes,Yes,0,4000,,500,500,4450,22000,,4000,4000,14000,,Permanent,Permanent,,1000,1000,Yes,,Both,Both,Yes,THANJAVUR,,9659073327,613006,DR J NIRMALA,THANJAVUR,www.parisuthamtech.com
"NO.27,THAYANUR,TRICHY",9994023736,No,INDIAN BANK,AD(120); CE(30); ME(30),3841,"CARE College of Engineering (Formerly C.A.R.E Group of Institutions), Thayanoor Village, Thayanoor Village, Kuttappatti, Srirangam Taluk, Tiruchirappalli District 620009",10,10,3841,principal.coe@care.ac.in,Yes,Yes,0,5000,,250,250,5250,25000,,4500,4500,2500,,Permanent,Permanent,,1500,1500,Yes,,Veg,Veg,No,TRICHY JUNCTION,,9962733133,620009,DR S SHANTHI,SRIRANGAM,www.care.ac.in
"NATTARMANGALAM VILLAGE,",9444206138,No,INDIAN BANK,CE(30); CS(90); EC(90),3843,"M R K Institute of Technology, Nattarmangalam Village, Kattumannarkoil, Cuddalore District 608306",70,27,CUDDALORE,aucoe8224@gmail.com,Yes,Yes,0,0,,100,100,0,6000,,1200,1200,0,,Permanent,Permanent,,1100,1100,Yes,,Both,Both,No,CHIDAMBARAM,,4144262728,608301,DR K ANANDAVELU,KATTUMANNARKOIL,www.mrkit.in
"POOLANGULATHUPATTI POST,SRI",9789705744,No,CANARA BANK,CS(60); BM(60); AD(60),3844,"Shivani Engineering College, Trichy-Dindigul NH Road, Poolangulathupatti, Tiruchirappalli - 620009",14,14,TIRUCHIRAPPALLI,principal@shivani-sec.ac.in,Yes,Yes,1000,0,,250,250,1000,15000,,3100,3100,6000,,Permanent,Permanent,,750,750,Yes,,Both,Both,No,CENTRAL RAILWAY JUNCTION,,9750965056,620009,GANESAN SHANTHI,SRIRANGAM,www.shivani.ac.in
"KANNANUR, THURAIYUR",7092708274,No,STATE BANK OF INDIA THURAIYUR,AD(60); AM(30); SC(30),3845,"Imayam College of Engineering, Kannanur, Thuraiyur, Tiruchirappalli District",45,15,3845,imayamengg2009@gmail.con,Yes,Yes,500,5000,,300,300,5000,14000,,4000,4000,6000,,Permanent,Permanent,,1500,1500,Yes,Veg,,,No,KULITHALAI,,8072787390,621206,DR JOSEPH M,THURAIYUR,www.imayam.com
METTUSALAI,9942904535,No,SBI ANNAVASAL,AD(60); CB(60); CE(60),3846,"Mother Terasa College of Engineering and Technology, Mettusalai Post and Taluk, Pudukkottai District 622102",26,25,3846,mtcetilluppur@gmail.com,Yes,Yes,1000,0,,5000,5000,1000,25000,,45000,45000,4000,,Permanent,Permanent,,15000,15000,Yes,,Both,Both,No,PUDUKKOTTAI,,9942904535,622102,DR M RAJESHWARAN,ILLUPPUR,www.mtcet.in
,,,,,3848,"Vandayar Engineering College, Pulavarnatham Post, Mariamman Koil (Via), Thanjavur District 613001",,,,,,,,,,,,,,,,,,,,,,,,,,,,,,No detail page found in PDF,,,,,
KOVILACHERI,8807053849,No,UNION BANK OF INDIA,CE(120); ME(120); EC(120),3849,"Annai College of Engineering and Technology, Anakudi Road, Kovilacheri, Kumbakonam, Thanjavur District 612503",10,10,3849,acet3849@annaiengg.org,Yes,Yes,1500,10000,,200,200,1000,12500,,3000,3000,4500,,Permanent,Permanent,,2000,2000,Yes,,Both,Both,No,KUMBAKONAM,,9488488241,612503,ARULPRAKASHJOSE,THIRUVIDAIMARUTHUR,www.annaiengg.org
"NAMAKKAL-TRICHY MAIN ROAD,",8344927745,No,STATE BANK OF INDIA,CS(60); EC(30); EE(30),3850,"VetriVinayaha College of Engineering and Technology, Namakkal-Trichy Main Road, Tholurpatti Village, Thottiam, Tiruchirappalli District 621215",55,20,TIRUCHIRAPPALLI,principalvvcet850@gmail.com,Yes,Yes,500,0,,3000,3000,0,6000,,2200,2200,2000,,Permanent,Permanent,,15000,15000,Yes,,Both,Both,No,KULITHALAI JUNCTION,,4326233777,621215,DR M ARULKUMARAN,THOTTIAM,www.vetrivinayaha.org
"ARANTHANGI ROAD,KAIKURICHI(PO),",9344843129,No,CANARA BANK,CE(60); CS(60); EE(30),3852,"Sri Bharathi Engineering College for Women, Kaikkuruchi Village, Alangudi Taluk, Pudukkottai District 622303",7,6,3852,sribharathienggcollege@gmail.com,No,Yes,0,0,300,,,3000,21000,3300,,,7700,Permanent,,,500,,,Yes,Both,,,No,PUDUKKOTTAI,,9750928029,622303,DR S THILAGAVATHI ME PHD,ALANGUDI,www.sbec.edu.in
NM NAGAR SITHANNAVASAL ROAD,7339128011,No,CANARA BANK,CS(60); EE(60); ME(60),3854,"Mahath Amma Institute of Engineering and Technology (MIET), Ariyur, Annavasal Road, Illupur Taluk, Pudukkottai District 622101",10,12,PUDUKKOTTAI,maietpdkt@gmail.com,Yes,Yes,1000,0,,0,0,0,25000,,2000,2000,5000,,Permanent,Permanent,,1000,1000,Yes,,Both,Both,No,PUDUKKOTTAI,,9003536835,622101,DR P RAVEENDRAN,ILLUPPUR,www.maietpdkt.org
"THIRUMANGALAKUDI, ADUTHURAI",9894245281,No,CITY UNION BANK,AD(30); CE(30); ME(60),3855,"As-Salam College of Engineering and Technology, Thirumangalakudi, Aduthurai, Thiruvidaimaruthur, Thanjavur District 612102",40,3,3855,ascetao2017@gmail.com,Yes,Yes,0,0,,00,0,0,6250,,2000,2000,1500,,Permanent,Permanent,,2500,2500,Yes,,Both,Both,No,ADUTHURAI,,9894245281,612102,DR RAMKUMAR D,THIRUVIDAIMARUTHUR,www.assalamcollege.in
MEENAKSHI RAMASWAMY,9994238432,No,CANARA BANK,ME(90); CS(60),3857,"Meenakshi Ramaswamy Engineering College, Trichy Main Road, Thathanur, Udayarpalayam, Ariyalur District 621804",25,25,ARIYALUR,mrengg2@yahoo.co.in,Yes,Yes,3300,3000,,0,0,5000,25000,,3000,3000,5000,,Permanent,Permanent,,0,0,Yes,,Veg,Veg,No,ARIYALUR JN,,9894732128,621804,DR N MATHIAZHAGAN,,https://mrcengg.org.in/
SEMBODAI POST,7867016138,No,CITY UNION BANK VEDARANIYAM,CE(15); CS(30); EC(15),3859,"Sembodai Rukmani Varadharajan Engineering College, Sembodhai Village, Vadaraniam, Nagapattinam dist-614820",40,25,3859,859srvec@gmail.com,Yes,Yes,150,1000,,100,100,0,10000,,3000,3000,3000,,Permanent,Permanent,,300,300,Yes,,Both,Both,No,VELANKANNI,,4369276381,614809,DR N SENTHIL VELAN M TECH PHD,VEDARANYAM,www.srvgroups.in
ANGUCHETTYPALAYAM,6383781072,No,TAMILNAD MERCANTILE BANK,CS(60); EC(60); EE(60),3860,"St. Anne's College of Engineering and Technology, Anguchettypalayam, Siruvathur Post, Panruti, Cuddalore District 607110",28,5,3860,stannescet@gmail.com,Yes,Yes,250,2000,,1000,1000,2000,23500,,3300,3300,3500,,Permanent,Permanent,,4000,4000,Yes,,Both,Both,Yes,PANRUTI,,9080160429,607106,DR R AROKIADASS,PANRUTI,www.stannescet.ac.in
PUNALKULAM,9443900509,No,INDIAN OVERSEAS BANK,AD(30); CS(120); EE(60),3905,"Kings College of Engineering, Punalkulam, Pudukkottai District 613303",45,19,3905,contact@kingsengg.edu.in,Yes,Yes,0,0,,0,0,0,26000,,3800,3800,3000,,Permanent,Permanent,,1000,1000,Yes,,Both,Both,No,THANJAVUR,,6380989024,613303,DR J ARPUTHA VIJAYA SELVI,GANDARVAKKOTTAI,www.kingsengg.edu.in
"LENAVILAKKU, PILIVALAM POST",9659173000,No,HDFC BANK,AD(30); CS(120); EC(60),3908,"Mount Zion College of Engineering and Technology, Pilivalam Post, Pudukkottai District 622507",10,4,,info@mzcet.in,Yes,Yes,2000,5000,,200,200,2000,20000,,3500,3500,8000,,Permanent,Permanent,,1000,1000,Yes,,Both,Both,No,NAMUNASAMUTHIRAM,,8973510000,622507,DR P BALAMURUGAN,THIRUMAYAM,www.mzcet.in
"PILIVALAM(POST),ARASAMPATTI",9443440692,No,BANK OF INDIA,AM(30); CS(60); CE(30),3918,"Shanmuganathan Engineering College, Pillivalam Post, Pudukkottai District",14,3,3918,shanmuganathanengg@gmail.com,Yes,Yes,2500,0,,100,100,0,15000,,3000,3000,5000,,Permanent,Permanent,,1000,1000,Yes,,Both,Both,No,THIRUMAYAM,,4333274914,622507,MUTHURAMU KL,THIRUMAYAM,www.shanmuganathanengg.in
SATHIYAMANGALAM,9865669610,No,CANARA BANK,AD(60); CE(30); CS(60),3920,"Sudharsan Engineering College, Sathiyamangalam Post, Pudukkottai District",11,12,3920,principal@sec.ac.in,Yes,Yes,500,2000,,500,500,3500,28000,,3500,3500,6800,,Permanent,Permanent,,1000,1000,Yes,,Veg,Veg,No,PUDUKKOTTAI,,9865669610,622501,DR K SRINIVASAN,KULATHUR,www.sec.ac.in
"DHAKSHINAPURAM,",8883652118,No,STATE BANK OF INDIA,AD(30); AG(30); CE(30),3923,"M N S K College of Engineering, Vallathirakkottai Post, Pudukkottai District",15,15,PUDUKKOTTAI,principalmnsk2012@gmail.com,Yes,Yes,40000,2500,,0,0,0,8000,,3000,3000,2500,,Permanent,Permanent,,500,500,Yes,,Both,Both,No,PUDUKKOTTAI,,7845338820,622305,DR AL MAYILVAHANAN,ALANGUDI,www.mnsk.ac.in
"LENA VILAKKU, PILIVALAM POST,",7373755574,No,INDIAN BANK,EC(60); EE(60),3926,"Chendhuran College of Engineering and Technology, Madurai Road, Lenavilakku, Pilivalam Post, Pudukkottai - 622 507",13,5,PUDUKKOTTAI,admin@chendhuran.in,Yes,Yes,0,1000,,25,25,4000,16000,,2250,2250,4000,,Permanent,Permanent,,580,580,Yes,,Both,Both,No,NAMANASAMUDRAM,,7373755574,622507,DR K GANESH BABU,,www.chendhuran.ac.in
"""ANNA UNIVERSITY REGIONAL",9443562314,No,INDIAN BANK,CS(60); GI(60),4020,"Anna University Regional Campus - Tirunelveli, Trivandrum Road, Palayamkottai, Tirunelveli District 627007",5,6,TIRUNELVELI,deanoffice@auttvl.ac.in,Yes,Yes,500,5000,,50,50,16100,0,,3000,3000,0,,Permanent,Permanent,,50,50,No,,Both,Both,No,TIRUNELVELI JUNCTION,,4622551298,627007,SHENBAGA VINAYAGA MOORTHI N,TIRUNELVELI,www.auttvl.ac.in
"INDUSTRIAL ESTATE KONAM,",9442031182,No,INDIAN OVERSEAS BANK GPT,CE(60); ME(60); CS(120),4023,"University College of Engineering, Nagercoil, Nagercoil Industrial Estate, Konam, Kanyakumari District 629004",1,3,KANNIYAKUMARI,deanucen@gmail.com,Yes,Yes,500,5000,,600,600,15000,800,,2000,2000,600,,Permanent,Permanent,,600,600,Yes,,Both,Both,No,NAGERCOIL JUNCTION,,9443110201,629004,DR V A NAGARAJAN,AGATHEESWARAM,www.ucen.ac.in
7TH STREET BRYANT NAGAR,9486124735,No,INDIAN BANK,CE(60); EC(60); EE(60),4024,"University V.O.C. College of Engineering, Thoothukudi, Near V.O.C. College, Millerpuram, Thoothukudi District 628008",6,5,4024,deanautut@annauniv.edu,Yes,Yes,500,5000,,600,600,16100,20000,,2300,2300,18000,,Permanent,Permanent,,600,600,Yes,,Both,Both,No,MELUR STATION,,9486124735,628008,DEAN,THOOTHUKUDI,www.annaunivtut.in
"CHIDHAMBARANAGAR,",9360904669,No,TAMILNAD MERCANTILE BANK,CE(30); CS(120); EC(90),4669,"Thamirabharani Engineering College, Chathirampudukulam Village, Thatchanallur, Tirunelveli District 627358",6,7,TIRUNELVELI,principal@tec-edu.in,Yes,Yes,3000,1000,,200,200,1000,25000,,2000,2000,10000,,Permanent,Permanent,,1100,1100,Yes,,Both,Both,No,TIRUNELVELI JUNCTION,,9360904669,627358,DR D RAVINDRAN,THATCHANALLUR,https://tec-edu.in/
ANJUGRAMAM-KANYAKUMARI MAIN,9894218888,No,TAMILNAD MERCANTILE BANK,AG(60); BM(60); CE(60),4670,"Rohini College of Engineering & Technology, Anjugramam-Kanyakumari Main Road, Palkulam, Variyoor Post, Kanyakumari District 629401",15,5,KANNIYAKUMARI,principal@rcet.org.in,Yes,Yes,750,0,,1200,1200,0,30000,,3600,3500,10800,,Permanent,Permanent,,4800,4800,Yes,,Both,Both,No,KANYAKUMARI,,4652218888,629401,DR R RAJESH,AGASTHEESWARAM,www.rcet.org.in
"MOODODU,ANDUCODE POST, NEAR",9445536236,No,UNION BANK OF INDIA,,4671,"Sigma College of Architecture, Moododu, Anucode Post, Marthandam, Kanyakumari District 629168",27,4,KANNIYAKUMARI,sigmagroup155@gmail.com,Yes,Yes,0,5000,,0,0,0,14850,,4500,4500,5280,,Permanent,Permanent,,2000,2000,Yes,,Both,Both,No,KUZHITHURAI WEST,,4651209028,629168,AR B NARESH KUMAR,,www.sica.edu.in
"ARUTHENGANVILAI, KALLUKATTI",9791342084,No,UNION BANK OF INDIA,AD(60); CE(60); CS(120),4672,"Stella Mary's College of Engineering, ArunthenganVilai, Azhikal Post, Kanyakumari District 629202",14,15,KANNIYAKUMARI,info@stellamaryscoe.edu.in,Yes,Yes,500,2500,,100,100,100,25000,,4000,4000,9000,,Permanent,Permanent,,500,500,Yes,,Both,Both,No,NAGERCOIL,,4651239122,629202,DR R SURESH PREMIL KUMAR,AGASTEESWARAM,www.stellamaryscoe.edu.in
"ANBAGAM CAMPUS, RADHAPURAM",9003409585,No,STATE BANK OF INDIA,CE(30); CS(60); EE(60),4675,"Universal College of Engineering and Technology, Anbagam Campus, Radhapuram Road, Vallioor, Tirunelveli District 627117",40,8,TIRUNELVELI,unienggtech@gmail.com,Yes,Yes,0,0,,200,200,0,25000,,3800,3800,5000,,Permanent,Permanent,,1000,1000,Yes,,Both,Both,No,VALLIOOR,,9003409585,627117,DR T ASEER BRABIN,RADHAPURAM,www.unienggtech.com
"SALVARPATTI, SIVAKASI",9677972857,No,ICICI BANK,AD(60); CS(120); EE(30),4676,"RenganayagiVaratharaj College of Engineering, Salvarpatti, Sivakasi, Virudhunagar District 626128",26,11,,rvceoffice@gmail.com,Yes,Yes,500,1000,,100,100,1000,21000,,3000,3000,6000,,Permanent,Permanent,,500,500,Yes,,Both,Both,No,SATTUR,,9445110528,626128,DR I NEETHIMANICKAM,SATTUR,www.rvce.ac.in
MARTHANDAM- KARUNGAL MAIN,9841511400,No,INDIAN OVERSEAS BANK,ME(60); CS(60),4677,"Lourdes Mount College of Engineering and Technology, Marthandam-Karungal Road, Chundavilai, Mullanganavilai, Nattalam Post, Kanyakumari District",38,4,KANNIYAKUMARI,lmcetprincipal@gmail.com,Yes,Yes,1000,5000,,200,200,2000,3000,,4000,4000,300,,Permanent,Rental,,1000,1000,Yes,,Both,Both,No,KULLITHURAI,,9443692427,629165,DR S S VINSLEY,,www.lourdesmountcollege.com
"RAMCO INSTITUTE OF TECHNOLOGY,",9489634782,No,FEDERAL,CE(60),4678,"Ramco Institute of Technology, North venganallur Village, Krishnapuram Panchayat, Rajapalayam, Virudhunagar District 626117",63,7,VIRUDHUNAGAR,rit@ritrjpm.ac.in,Yes,Yes,0,0,,200,200,8000,40000,,3250,3250,14000,,Permanent,Permanent,,2750,2750,Yes,,Veg,Veg,No,RAJAPALAYAM,,9788212234,626117,DR L GANESAN,RAJAPALAYAM,https://www.ritrjpm.ac.in/
"V.P.M.NAGAR, KRISHNANKOIL",7868989839,No,AXIS BANK,AR(20),4679,"V.P.M.M. College of Architecture For Women,V.P.M.Nagar,Krishnankoil,Srivilliputtur,Virudhunagar District 626190",7,7,,vpmmarchitecture@gmail.com,Yes,Yes,500,2000,,3000,3000,3000,30000,,42000,42000,5000,,Permanent,Permanent,,18000,18000,Yes,,Both,Both,No,SRIVILLIPUTTUR,,4563289337,626190,MR RAMNATH A R R,SRIVILLIPUTTUR,www.vpmminstitutions.com
"KAMARAJAR EDUCATIONAL ROAD,",8124011542,No,AXIS BANK SIVAKASI,CS(120); EE(60),4680,"AAA College of Engineering and Technology, Kamarajar Educational Road, Amathur Village, Sivakasi, Virudhunagar District 626005",11,11,VIRUDHUNAGAR,aaaengineeringcollege@gmail.com,Yes,Yes,5000,0,,250,250,0,24850,,3600,3600,6000,,Permanent,Permanent,,2000,2000,Yes,,Both,Both,No,VIRUDHUNAGAR,,4562251111,626005,DR M SEKAR,,aaaenggcoll.ac.in
"MARUTHAMPARAI POST, KALIYAL",7598260793,No,ICICI BANK,CE(60); CS(60); EC(60),4686,"Good Shepherd College of Engineering and Technology, Maruthamparai, Kanyakumari District 629101",45,27,4686,gscet2018@gmail.com,Yes,Yes,0,0,,0,0,0,15000,,4000,4000,5000,,Permanent,Permanent,,1000,1000,Yes,,Both,Both,No,KUZHITHURAI,,8610904031,629101,DR B BEN SUJITHA,VILAVANCODE,www.gscet.org
"V V NAGAR, ARASOOR VILLAGE,",8220244716,No,FEDERAL BANK,CE(30); CS(90); EC(60),4864,"V V College of Engineering, Arasoor Village, Idaichivilai Post, Santhakulam Taluk, Thoothukudi District 628656",70,20,THOOTHUKUDI,info@vvcoe.org,Yes,Yes,1000,2000,,84,84,4000,33800,,5000,5000,8500,,Permanent,Permanent,,666,666,Yes,,Both,Both,No,VALLIOOR,,7010987744,628656,DR K S SAJI,SATHANKULAM,www.vvcoe.org
"PULLOOR, KARIAPATTI TALUK,",8220007050,Yes,INDIAN OVERSEAS BANK,AD(60); AG(60); AM(60),4917,"Sethu Institute of Technology (Autonomous), Kariapatti Post, Virudhunagar District 626115",25,25,VIRUDHUNAGAR,principal@sethu.ac.in,Yes,Yes,0,0,,600,600,0,47000,,5500,5500,12000,,Permanent,Permanent,,1000,1000,Yes,,Both,Both,No,MADURAI JUNCTION,,9443564850,626115,DR A SENTHIL KUMAR,KARIAPATTI,www.sethu.ac.in
,,,,,4925,"Sun College of Engineering and Technology, Ammandivilai& Post, Kanyakumari District - 629204",,,,,,,,,,,,,,,,,,,,,,,,,,,,,,No detail page found in PDF,,,,,
ATTOOR,9842646190,No,UNION BANK OF INDIA,AU(30); CE(60); CS(60),4927,"Maria College of Engineering and Technology, AttoorPuliyamoodu Junction, Thiruvattar Post, Kanyakumari District 629177",26,4,4927,pplmaria@yahoo.com,Yes,Yes,500,0,,400,125,0,11500,,1750,1750,7800,,Rental,Permanent,,600,400,Yes,,Both,Both,Yes,KUZITHURAI,,7373057776,629177,DR Y SUJAR,THIRUVATTAR,www.mariacollegeofengineering.org
"MALANKARA HILLS, ELAVUVILAI",8754355441,No,CANARA BANK,CE(60); CS(120); EC(60),4928,"MAR Ephraem College of Engineering & Technology, Malankara Hills, Elavuvillai, Marthandam, Kanyakumari District 629171",30,3,4928,marephraem@gmail.com,Yes,Yes,1000,10000,,200,200,1000,32000,,3000,3000,8000,,Permanent,Permanent,,1300,1300,Yes,,Both,Both,Yes,KUZHITHURAI,,9442448111,629171,PROF DR A LENIN FRED,VILAVANCODE,www.marephraem.edu.in
"NO.: 13/142 A9/9 MOGALS GARDEN,",7339477554,No,AXIS BANK,CS(90); EC(60),4929,"M E T Engineering College, Mogals Garden, Thovalai Village, Aralvaimozhi Town Panchayat, Thovalai, Kanyakumari District 629304",13,4,KANNIYAKUMARI,metec09@gmail.com,Yes,Yes,0,0,,100,100,5000,20000,,3000,3000,4000,,Permanent,Permanent,,400,400,Yes,,Both,Both,No,ARALVOIMOZHI,,9003390996,629301,DR P SENTHIL KUMAR,THOVALAI,https://metcolleges.in/
"TIRUCHENDUR ROAD, MULLAKKADU,",8903518089,No,TAMILNAD MERCANTILE BANK,AD(30); CE(30); CS(120),4931,"Grace College of Engineering, Chandy Nagar, Mullakkadu, Thoothukudi District",10,10,THOOTHUKUDI,info@gracecoe.org,Yes,Yes,500,5000,,100,100,10000,15000,,4000,4000,5000,,Permanent,Permanent,,100,100,Yes,,Both,Both,No,THOOTHUKUDI JUNCTION,,9443113113,628005,DR S RICHARD,THOOTHUKUDI,www.gracecoe.org
"#143/C LAL NIVAS,",8072618847,No,INDIAN OVERSEAS BANK,AE(30); CS(48),4932,"Immanuel Arasar J.J. College of Engineering, Edavilagam, Nattalam, Marthandam, Kanyakumari-629165",26,5,KANNIYAKUMARI,iajj.principal2011@gmail.com,Yes,Yes,1000,5000,,500,500,1000,25000,,4000,4000,5000,,Permanent,Permanent,,1000,1000,Yes,,Both,Both,Yes,KULITTURAI,,4651292368,629165,DR J V MURUGA LAL JEYAN,VILAVANCODE,http://www.iajjce.com
"MUDIVAITHANENDAL POST,",7373751368,No,INDIAN BANK,CS(180); EC(60); EE(60),4933,"St. Mother Theresa Engineering College, Vagaikulam, Thoothukudi District",12,12,THOOTHUKUDI,principal@mtec.ac.in,Yes,Yes,0,0,,150,150,3000,22000,,2600,2600,6000,,Permanent,Permanent,,1000,1000,Yes,,Both,Both,Yes,THOOTHUKUDI,,4612269301,628102,DR J JASPER GNANA CHANDRAN,SRIVAIKUNDAM TALUK,www.mtecac.in
"7/131,HOLYCROSS NAGAR,",9994226362,No,TAMILNAD MERCANTILE BANK,BM(60); EC(60),4934,"Holy Cross Engineering College, Vagaikulam, Sri Mulakarai, Srivaikuntam, Thoothukudi District 628851",22,22,THOOTHUKUDI,dgrtrust@gmail.com,Yes,Yes,1000,2000,,100,100,6000,22000,,3000,3000,10000,,Permanent,Permanent,,1000,1000,Yes,,Both,Both,No,THOOTHUKUDI,,9994226362,628851,DR JERALD JEBAKUMAR S,ERAL,www.holycrossengineeringcollege.com
,,,,,4937,"A.R College of Engineering and Technology, A.R Nagar, Kadayam-Alangulam Road, TherkkumadathoorP.o, Ambasamudram Taluk, Tirunelveli-627423",,,,,,,,,,,,,,,,,,,,,,,,,,,,,,No detail page found in PDF,,,,,
SIVAJI COLLEGE OF ENGINEERING,9894069852,No,CANARA BANK,AD(60); CE(60),4938,"Sivaji College of Engineering and Technology, ManivillaPalulai Panchayat, Vilavancode, Kanyakumari District 629171",35,6,KANNIYAKUMARI,sivajicollege@gmail.com,Yes,Yes,2000,5000,,0,0,0,24000,,3500,3500,5400,,Permanent,Permanent,,24000,24000,Yes,,Both,Both,No,PARASSALA,,9443595639,629170,DR T R SETHURAMAN,,https://sivajicollegeofengineering.com
"SUBA NAGAR , NEAR NEW BUSSTAND",9942490023,No,CITY UNION BANK,CS(60); EE(60); EC(60),4941,"Unnamalai Institute of Technology, Ayyaneri, Kovilpatti, Thoothukudi District",62,6,4941,uitkpt@gmail.com,Yes,Yes,0,0,,300,300,500,15000,,3000,3000,8000,,Permanent,Permanent,,700,700,Yes,,Both,Both,No,KOVILPATTI,,4632221232,628502,DR R SHANMUGAM,KOVILPATTI,www.uitkovilpatti.ac.in
,,,,,4943,"Satyam College of Engineering and Technology, Satyam Nagar, Aralvoimozhi, Kanyakumari-629301",,,,,,,,,,,,,,,,,,,,,,,,,,,,,,No detail page found in PDF,,,,,
"THANKA GARDENS, MANAVILAI,",9443418553,No,FEDERAL BANK LTD,AD(120); CE(30); CS(120),4944,"Arunachala College of Engineering for Women, Thanka Gardens, Manavilai, Vellichanthai, Nagercoil, Kanyakumari District 629203",10,5,KANNIYAKUMARI,acewomenscollege@gmail.com,No,Yes,10000,5000,3000,,,20000,48000,30000,,,11500,Permanent,,,27000,,,Yes,Both,,,No,ERANIEL STATION,,9443418553,629203,DR JOSEPH JAWHAR,KALKULAM,www.arunachalacollege.com
"KUMARAPURAM ROAD,",9150076732,No,UNION BANK OF INDIA,AD(60); CS(90); CE(30),4946,"D M I Engineering College, Aralvaimozhi Village, Thovalai, Kanyakumari District",15,5,KANNIYAKUMARI,dmieckk@gmail.com,Yes,Yes,1000,10000,,500,500,5000,27000,,2000,2000,12000,,Permanent,Permanent,,1500,1500,Yes,,Both,Both,Yes,ARALVAIMOZHI,,9150076732,629301,DR P BABU AURTHERSON,THOVALAI,www.dmiengg.edu.in
"OZHUGINASERY,NAGERCOIL",9487416927,No,INDIAN BANK MEENAKSHIPURAM,CS(60); EC(60); EE(30),4948,"Rajas Institute of Technology, Ozhuginasery, Nagercoil, Kanyakumari District",1,2,4948,info@riit.cc,Yes,Yes,0,5000,,0,0,0,30000,,3000,3000,6000,,Permanent,Permanent,,2000,2000,Yes,,Both,Both,No,NAGERCOIL JUNCTION,,4652272223,629001,DR I SIVA BE ME PHD,AGASTHEESWARAM,www.rit.cc
MELATHEDIYOOR,9486507441,No,INDIAN BANK TIRUNELVELI TOWN,EC(60); EE(60); ME(60),4949,"PSN Institute of Technology and Science,Melathediyoor, Tirunelveli-627 152",15,18,,psnits.principal@gmail.com,Yes,Yes,0,0,,0,0,0,30000,,3000,3000,8000,,Permanent,Permanent,,1000,1000,Yes,,Both,Both,No,TIRUNELVELI JUNCTION,,9486507441,627152,DR M KATHIRVEL,PALAYAMKOTTAI,www.psnits.ac.in
"GRACE GARDEN, THOVALAI",9842155719,No,INDIAN OVERSEAS BANK,CE(30); CS(120); EE(60),4952,"C S I Institute of Technology, Thovalai, Kanyakumari District 629302",12,3,4952,csiit_thovalai@yahoo.com,Yes,Yes,500,3000,,100,100,7200,25000,,3500,3000,4000,,Permanent,Permanent,,300,300,Yes,,Both,Both,Yes,THOVALAI,,9489463270,629302,DR N M SPENCER PRATHAP SINGH,THOVALAI,www.csiit.ac.in
"LEVENGIPURAM,RAJAKRISHNAPURA",9443544532,No,INDIAN BANK,CE(30); AM(30); CS(120),4953,"CAPE Institute of Technology, Levingipuram, Tirunelveli District 627114 CARE College of Engineering (Formerly C.A.R.E Group of Institutions),",65,20,TIRUNELVELI,capeitech@yahoo.com,Yes,Yes,500,5000,,200,200,1500,18000,,3000,3000,5000,,Permanent,Permanent,,1000,1000,Yes,,Both,Both,No,KANYAKUMARI,,9442079322,627114,DR B THANUKUMARI ME PHD,RADHAPURAM,www.capeitech.org
"TIRUNELVELI ROAD, TIRUCHENDUR",9444440491,No,STATE BANK OF INDIA,CE(30); CS(60); EE(30),4954,"Dr.SivanthiAditanar College of Engineering, Tiruchendur, Thoothukudi District",42,5,4954,princyengg@aei.edu.in,Yes,Yes,200,3000,,2750,2750,10500,22518,,40000,40000,5165,,Permanent,Permanent,,2000,2000,Yes,,Both,Both,No,TIRUCHENDUR,,9443087064,628215,DR G WISELIN JIJI,TIRUCHENDUR,www.drsacoe.org
103 G2 BY PASS ROAD,9942978550,Yes,CANARA BANK,AD(120); CS(180); EC(120),4955,"Francis Xavier Engineering College (Autonomous), Vannarpettai, Tirunelveli District 627003",1,2,TIRUNELVELI,principal@francisxavier.ac.in,Yes,Yes,0,0,,450,450,0,40000,,5220,5220,14000,,Permanent,Permanent,,1450,1450,Yes,,Both,Both,Yes,TIRUNELVELI JUNCTION,,4622502283,627003,DR V VELMURUGAN,TIRUNELVELI,www.francisxavier.ac.in
"RAJA NAGER, MUPPANDAL,",9943025306,No,THE CATHOLIC SYRIAN BANK LTD,CE(60); CS(30); EE(34),4956,"Jayamatha Engineering College, Aralvaimozhi, Kanyakumari District-629301",16,3,KANNIYAKUMARI,jayamathacollege@yahoo.com,Yes,Yes,300,0,,300,300,2700,10374,,4500,4500,6195,,Permanent,Permanent,,1000,1000,Yes,,Both,Both,Yes,ARALVAIMOZHI,,9943025312,629301,DR R UMA,THOVALAI,jayamatha.org
MARGOSCHIS NAGAR NAZARETH,9442242889,No,CANARA BANK,CS(60); IT(60); EC(60),4957,"JayarajAnnapackiam CSI College of Engineering, Nazareth, Thoothukudi District",45,3,4957,jacsiprincipalce@gmail.com,Yes,Yes,1000,0,,0,0,10000,25000,,2500,2500,8000,,Permanent,Permanent,,0,0,Yes,,Both,Both,No,NAZARETH,,9442242889,628617,DR S JEYAKUMAR,ERAL,www.jacsicoe.in
S.P.G.CHIDAMBARA NADAR,9943544486,Yes,TAMILNAD MERCANTILE BANK,AD(60); CE(30),4959,"Kamaraj College of Engineering and Technology (Autonomous), Virudhunagar District 626001",30,10,MADURAI,mail@kamarajengg.edu.in,Yes,Yes,0,0,,0,0,10000,42000,,3500,3500,16000,,Permanent,Permanent,,1500,1500,Yes,,Both,Both,No,VIRUDHUNAGAR,,4549278171,625701,DR S SENTHIL,KALLIGUDI,www.kamarajengg.edu.in
MEPCOENGINEERINGCOLLEGE(PO)-,9443118679,Yes,TAMILNAD MERCANTILE BANK,CE(120); EE(120); EC(180),4960,"Mepco Schlenk Engineering College (Autonomous), Sivakasi, Virudhunagar District 626005",16,16,VIRUDHUNAGAR,principal@mepcoeng.ac.in,Yes,Yes,5000,2000,,6000,6000,10000,28500,,4400,3600,12000,,Permanent,Permanent,,18000,18000,Yes,,Both,Both,No,VIRUDHUNAGAR,,7845305843,626005,DR S ARIVAZHAGAN,SIVAKASI,www.mepcoeng.ac.in
"MOONDRADAIPPU, MARUTHAKULAM",9894112984,No,INDIAN BANK,CE(60); CS(90); EC(60),4961,"Nellai College of Engineering (Formerly National College of Engineering), Maruthakulam Post, Tirunelveli District 627151",16,16,TIRUNELVELI,nceng@mhtrust.com,Yes,Yes,500,1000,,500,500,0,2600,,3500,3000,1000,,Permanent,Permanent,,500,500,Yes,,Both,Both,Yes,TIRUNELVELI JUNCTION,,9787009922,627151,DR M JINNAH SHEIK MOHAMED,NANGUNERI,www.nce.ac.in
"K.R NAGAR, KOVILPATTI",9442505839,Yes,INDIAN OVERSEAS BANK,AD(60); CE(60); CS(120),4962,"National Engineering College (Autonomous), Kovilpatti, Thoothukudi District",60,6,4962,principal@nec.edu.in,Yes,Yes,5000,5000,,6000,6000,14000,30000,,2500,2200,5000,,Permanent,Permanent,,6000,6000,Yes,,Both,Both,No,KOVILPATTI,,4632222502,628503,DR K KALIDASA MURUGAVEL,KOVILPATTI,https://nec.edu.in/
"MELATHEDIYOOR, PALAYAMKOTTAI",9442591197,Yes,INDIAN BANK,AE(90); CE(60); CS(90),4964,"PSN College of Engineering and Technology (Autonomous), Melathediyoor, Tirunelveli-627 152",18,18,TIRUNELVELI,principal@psncet.ac.in,Yes,Yes,0,0,,0,0,0,32500,,48000,48000,7000,,Permanent,Permanent,,10000,10000,Yes,Both,,,No,TIRUNELVELI JUNCTION,,4634279680,627152,DR V MANIKANDAN,PALAYAMKOTTAI,www.psncet.ac.in
"APPAYANAICKENPATTI,SEVALPATTI",9952495905,Yes,BANK OF INDIA,AD(60); BM(60); BT(30),4965,"P S R Engineering College (Autonomous), Appayanaickenpatti, Sevalpatty, Virudhunagar District 626140",60,28,4965,contact@psr.edu.in,Yes,Yes,2500,2000,,1000,1000,7500,25000,,4000,4000,20000,,Permanent,Permanent,,1000,1000,Yes,,Both,Both,Yes,SATTUR,,8012531321,626140,DR J S SENTHILKUMAAR,VEMBAKOTTAI,www.psr.edu.in
"PET ENGINEERING COLLEGE, POST",9486378600,No,INDIAN BANK,CS(90); CE(30),4966,"PET Engineering College, Vallioor Post, Tirunelveli District 627117",35,3,TIRUNELVELI,pet.engg@gmail.com,Yes,Yes,0,3000,,375,375,4500,36300,,2500,2500,5335,,Permanent,Permanent,,500,500,Yes,,Both,Both,Yes,VALLIOOR,,4637220999,627117,DR K MADHAN KUMAR,,www.petengg.ac.in
"S V C NAGAR, PULIANGUDI",9025262526,No,CITY UNION BANAK,AD(60); CE(30); CS(60),4967,"S VeerasamyChettiar College of Engineering and Technology, Puliangudi Post, Tenkasi District 627855",26,3,4967,principal@svccollege.ac.in,Yes,Yes,0,2500,,2000,2000,750,27225,,60000,60000,5500,,Permanent,Permanent,,10000,10000,Yes,,Both,Both,No,PAMBUKOVIL SHANDY,,9551005603,627855,DR R RADHAKRISHNAN,KADAYANALLUR,www.svccollege.ac.in
"RAJA NAGAR, ADAIKALAPATTINAM",8220077060,No,TAMILNAD MERCANTILE BANK,AD(60); CE(30); CS(60),4968,"Sardar Raja College of Engineering, Alangulam, Tenkasi District 627808",19,10,TENKASI,srce-principal@src.org.in,Yes,Yes,0,0,,0,0,0,7500,,30000,30000,25000,,Permanent,Permanent,,15000,15000,Yes,,Both,Both,No,PAVOORCHATRAM,,4633210475,627808,PROF B KANAGAPANDIAN,ALANGULAM,www.src.org.in
"SCAD NAGAR,CHERANMAHADEVI",9942978676,No,INDIAN BANK,CE(30); CS(180); EC(60),4969,"SCAD College of Engineering and Technology, Cheranmahadevi, Tirunelveli District 627414",20,2,4969,principal@scadengineering.ac.in,Yes,Yes,0,0,,250,250,5000,40000,,3000,3000,7000,,Permanent,Permanent,,1000,1000,Yes,,Both,Both,Yes,CHERANMAHADEVI,,4634261701,627414,JUSTIN DIRAVIAM A,CHERANMAHADEVI,www.scadengineering.ac.in
ARUPPUKOTTAI TO THOOTHUKUDI,9942322358,No,INDIAN OVERSEAS BANK,CS(120); EC(60),4970,"Sree Sowdambika College of Engineering, Aruppukkottai Taluk, Virudhunagar District 626134",30,4,Status,ssceengg@gmail.com,Yes,Yes,0,0,,0,0,0,26000,,3600,3600,9000,,Permanent,Permanent,,1400,1400,Yes,,Both,Both,No,ARUPPUKOTTAI,,04566229801,626134,DR.K. AURULMOZHI,ARUPPUKOTTAI,www.sowdambikaengg.edu.in
ST. XAVIERS CATHOLIC COLLEGE OF,9384291118,Yes,INDIAN OVERSEAS BANK,AD(60); CS(120),4971,"St. Xavier's Catholic College of Engineering, (Autonomous) Chunkankadai, Nagercoil, Kanyakumari District 629807",8,10,KANNIYAKUMARI,principal@sxcce.edu.in,Yes,Yes,3000,2000,,650,650,7500,30000,,3000,3000,8000,,Permanent,Permanent,,350,350,Yes,,Both,Both,Yes,NAGERCOIL,,9842799973,629003,DR J MAHESWARAN,KALKULAM,www.sxcce.edu.in
"AMRITAGIRI,ERACHAKULAM",9994820666,No,KARUR VYSYA BANK,CE(30); CS(120); EE(60),4972,"AMRITA College of Engineering and Technology, Erachakulam Post, Kanyakumari District 629902",6,8,KANNIYAKUMARI,principal@amrita.edu.in,Yes,Yes,0,0,,210,210,0,48000,,3000,3000,3500,,Permanent,Permanent,,1000,1000,Yes,,Veg,Veg,No,NAGERCOIL,,4652237400,629901,DR T KANNAN,THOVALAI,https://amrita.edu.in
"TIRUVANDRUM ROAD, TIRUNELVELI",9486338310,No,CANARA BANK,ME(120); CE(60); CS(60),4974,"Government College of Engineering, Tirunelveli District 627007",6,8,4974,principal@gcetly.ac.in,Yes,Yes,3700,5000,,90,90,3750,5760,,3000,2550,4000,,Permanent,Permanent,,100,100,Yes,,Both,Both,No,TIRUNELVELI,,4622552450,627007,DR S SIDHARDHAN,TIRUNELVELI,www.gcetly.ac.in
"POPE NAGAR, SAWYERPURAM",9487846993,No,CENTRAL BANK OF INDIA,CS(60); EC(60); EE(40),4975,"Dr. G U Pope College of Engineering, Sawyerpuram, Thoothukudi District",20,20,4975,drgupopeengineering@yahoo.com,Yes,Yes,500,2000,,250,250,1000,20000,,1800,1800,5000,,Permanent,Permanent,,500,500,Yes,,Both,Both,No,THOOTHUKUDI,,4630273933,628251,DR J JAPHYNTH,ERAL,https://www.drgupopeengg.org/
KAMARAJAR NAGAR,9444881111,No,BANK OF INDIA,AG(60); CS(60),4976,"Infant Jesus College of Engineering, Thoothukudi Highway (NH7/A), Thoothukudi District 628851",33,18,THOOTHUKUDI,contact@ijce.ac.in,Yes,Yes,500,1500,,300,300,3000,28000,,3500,3000,14000,,Permanent,Permanent,,900,900,Yes,,Both,Both,Yes,TIRUNELVELI,,9444446699,628851,DR SENTHILSINGH C,,www.ijce.ac.in
CHITTADAVU,8056356216,No,STATE BANK OF INDIA,AU(27); CE(60),4977,"Narayanaguru College of Engineering, Manjalumoodu, Kanyakumari District",40,15,KANNIYAKUMARI,info@ngce.ac.in,Yes,Yes,500,4000,,800,800,0,23000,,5000,5000,7000,,Permanent,Permanent,,1000,1000,Yes,,Both,Both,Yes,KUZHITHURAI,,9486955017,629151,DR M SIVAPRAGASH,,www.ngce.ac.in
"UDAYA NAGAR, VELLAMODI",9281090005,No,STATE BANK OF INDIA,AE(30); BM(60); BT(60),4978,"Udaya School of Engineering, Ammandivilai Post, Kanyakumari District 629204",13,9,KANNIYAKUMARI,978udayaengineering@gmail.com,Yes,Yes,500,0,,100,100,1000,38000,,2000,2000,10000,,Permanent,Permanent,,2000,2000,Yes,,Both,Both,No,ERANIEL,,9281090009,629204,DR S JOTHIBASU,KALKULAM,www.udayaschoolofengineering.com
VPM NAGAR KRISHNANKOIL,7868989839,No,AXIS BANK,CE(30); CS(60); IT(60),4979,"Arul Tharum VPMM College of Engineering and Technology, Krishnakoil, Virudhunagar-626 190",7,7,,vpmmecw@rediffmail.com,Yes,Yes,500,2000,,3000,3000,3000,30000,,42000,42000,5000,,Permanent,Permanent,,18000,18000,Yes,,Both,Both,No,SRIVILLIPUTTUR,,4563289337,626190,DR R RAJASEKARAN,SRIVILLIPUTTUR,www.vpmminstitutions.com
"SIR,C,V,RAMAN NAGAR,",9840107780,No,INDIAN BANK,CS(120); CE(30); EE(60),4980,"Einstein College of Engineering, Seethaparpanallur, Tirunelveli District 627012",15,15,TIRUNELVELI,principal@einsteincollege.ac.in,Yes,Yes,0,0,,300,300,0,35000,,5000,4500,15000,,Permanent,Permanent,,1000,1000,Yes,,Both,Both,No,TIRUNELVELI JUNCTION,,9489903804,627012,DRRVELAYUTHAM,MANUR,www.einsteincollege.ac.in
PONJESLY COLLEGE OF,9489986220,No,AXIS BANK,AD(60); CS(120); CE(30),4981,"Ponjesly College of Engineering, Vettornimadam Post, Nagercoil, Kanyakumari District 629003",5,4,KANNIYAKUMARI,ponjeslyce@yahoo.co.in,Yes,Yes,2000,0,,0,0,0,36000,,4000,4000,9900,,Permanent,Permanent,,1000,1000,Yes,,Both,Both,Yes,NAGERCOIL TOWN,,4652259680,629003,DR G NATARAJAN M E PH D,AGASTEESWARAM,www.ponjesly.ac.in
"VINS NAGER,CHUNKANKADAI",9791945719,No,INDIAN BANK,AD(60); AM(30); CS(60),4982,"Vins Christian College of Engineering, Chunkankadai Post, Nagercoil, Kanyakumari District 629807",4,2,,vinsengg@gmail.com,Yes,Yes,600,5000,,250,250,750,19000,,7200,7200,6000,,Permanent,Permanent,,1500,1500,Yes,,Both,Both,Yes,ALOOR,,9787747072,629003,DR J A ALEX RAJJU BALAN,KALKULAM,https://vinsengineeringcollege.org/
"PSN NAGAR,",9524124334,No,AXIS BANK NAGERCOIL,AG(60); CS(60),4983,"Lord Jegannath College of Engineering and Technology, Kumarapuram, Thoppur Post, Kanyakumari District 629402",15,12,KANNIYAKUMARI,principalljcet@yahoo.com,Yes,Yes,1000,1000,,1200,1200,1000,23000,,3000,3000,5000,,Permanent,Permanent,,12000,12000,Yes,,Both,Both,No,NAGERCOIL,,9442367452,629402,DR G JIJI,,www.ljcet.org
"P.M. VILLAGE ROAD, KUTTAKUZHI,",9791668886,No,FEDERAL BANK MARTHANDAM,CS(90); EE(30),4984,"Marthandam College of Engineering & Technology, Kuttakuzhi, Veeyanoor Post, Kanyakumari District 629177",28,9,KANNIYAKUMARI,macet.office@gmail.com,Yes,Yes,0,3000,,0,0,0,24000,,3500,3500,6000,,Permanent,Permanent,,1500,1500,Yes,,Both,Both,No,KUZHITHURAI,,9345646460,629177,DR C SUDHAHAR,,www.macet.edu.in
MELATHEDIYOOR,9095581216,No,INDIAN BANK,AG(60); CE(60); CS(60),4989,"PSN Engineering College, Melathediyoor, Tirunelveli District 627152",18,10,4989,principalpsnec@gmail.com,Yes,Yes,0,0,,0,0,0,30000,,32400,32400,8000,,Permanent,Permanent,,6000,6000,Yes,,Both,Both,No,CERANMAHADEVI,,9442591131,627152,DR M S RAVIKUMAR,PALAYAMKOTTAI,www.psnec.ac.in
"NADUTHERI, KARUNGAL",9489058383,No,TAMILNAD MERCANTILE BANK,CE(30); CS(60); EC(60),4992,"Bethlahem Institute of Engineering, Karungal, Kanyakumari District 629157",25,12,4992,mail@bethlahem.org,Yes,Yes,750,0,,100,100,0,35000,,3500,3500,10000,,Permanent,Permanent,,1500,1500,Yes,,Both,Both,Yes,KUZHITHURAI,,9489058366,629157,DR EMMY PREMA C,KILIYOOR,http://bethlahem.org/engineering/index.php
"LOYOLA NAGAR, THOVALAI",9244775555,No,INDIAN OVERSEAS BANK,AD(30); BM(60); CS(60),4993,"Loyola Institute of Technology and Science, Loyola Nagar, P B No.2, Thovalai, Kanyakumari District 629302",12,12,KANNIYAKUMARI,lites2008@hotmail.com,Yes,Yes,1000,5000,,900,900,5000,40000,,3000,3000,4000,,Permanent,Permanent,,1000,1000,Yes,,Both,Both,Yes,NAGERCOIL,,9244775545,629302,DR J D DARWIN,AGASTEESWARAM,www.lites.edu.in
"COLLEGE ROAD, AYIKUDY, TENKASI",8012520500,No,AXIS BANK,CE(30); ME(30); EC(60),4994,"J P College of Engineering, College Road, Ayakudy, Tenkasi Taluk, Tenkasi District 627852",5,7,4994,principal@jpcoe.ac.in,Yes,Yes,500,0,,0,0,0,24000,,2000,2000,6000,,Permanent,Permanent,,2000,2000,Yes,,Both,Both,Yes,TENKASI JUNCTION,,8012520430,627852,DR M RAJKUMAR,KADAYANALLUR,www.jpcoe.ac.in
"APPAYANAICKENPATTI,SEVALPATTI,",6380051257,No,BANK OF INDIA,AD(60); CS(60); EC(60),4995,"P.S.R.R College of Engineering, Appayanaickenpatti, Sevalpatti, Virudhunagar District 626140",60,32,VIRUDHUNAGAR,contact@psrr.edu.in,Yes,Yes,2500,2000,,1000,1000,7500,25000,,4000,4000,20000,,Permanent,Permanent,,1000,1000,Yes,,Both,Both,Yes,SATTUR KOVILPATTI,,8012531325,626140,DR S SABARUNISHA BEGUM,VEMBAKOTTAI,www.psrr.edu.in
SIVAKASI MAIN ROAD,9750977100,No,AXIS BANK,CE(30); CS(60); EC(60),4996,"Sri Vidya College of Engineering and Technology, Sivakasi Main Road, P Kumaralinapuram, Virudhunagar District 626005",3,3,4996,srivcetvnr@gmail.com,Yes,Yes,750,0,,300,300,1250,22000,,2600,2600,12500,,Permanent,Permanent,,700,700,Yes,,Both,Both,No,VIRUDHUNAGAR,,9750977100,626005,DR T LOUIE FRANGO,VIRUDHUNAGAR,www.srividyaengg.ac.in
"KOIL NAGAR , ATHUVAZHI VIA ,",9965303259,No,CANARA BANK,CE(30); CS(30); EC(30),4998,"MahakaviBharathiyar College of Engineering and Technology, Vasudevanallur, Tenkasi District 627758",40,25,TENKASI,mkbharathi2008@gmail.com,Yes,Yes,2500,5000,,150,150,1000,15000,,4000,3500,5000,,Permanent,Permanent,,500,500,Yes,,Both,Both,No,SANKARANKOIL,,9345530572,627760,DR S SIVAKUMAR,SIVAGIRI,www.mbceat.in
"AVK NAGAR, POTHAIYADI SALAI,",9841017289,No,CANARA BANK,CS(60); ME(60),4999,"AnnaiVailankanni College of Engineering, Pothaiyadi Salai, Pottalkulam, Azhagappapuram, Kanyakumari District 629401",14,4,KANNIYAKUMARI,principal@avce.edu.in,Yes,Yes,0,2000,,150,150,0,23000,,3500,3500,3150,,Permanent,Permanent,,500,500,Yes,,Both,Both,Yes,KANYAKUMARI,,9841011759,629401,DR R ANGELINE PRABHAVATHY,,www.avce.edu.in
THIRUPPARANKUNDRAM,9444108500,Yes,ICICI BANK,CE(40); CN(80); ME(50),5008,"Thiagarajar College of Engineering (Autonomous),Tirupparankundram, Madurai District 625015",12,8,,principal@tce.edu,Yes,Yes,3000,7500,,300,300,22500,30000,,2800,2800,21000,,Permanent,Permanent,,2600,2600,Yes,,Veg,Veg,No,MADURAI,,7540078734,625015,DR M PALANINATHARAJA,MADURAI,www.tce.edu
GOVERNMENT COLLEGE OF,9487564005,No,STATE BANK OF INDIA,CE(60); EE(60),5009,"Government College of Engineering, Melachokkanathapuram, Bodinayakkanur, Theni District 625582",16,4,THENI,gcebodi@gmail.com,Yes,Yes,250,5000,,250,250,3000,0,,2000,2000,0,,Permanent,Permanent,,200,200,No,,Veg,Veg,No,BODINAYAKKANUR JUNCTION,,4546282555,625582,DR C VASANTHANAYAKI,BODINAYAKKANUR,www.gcebodi.ac.in
KANYAKUMARI NATIONAL,9443746149,No,CANARA BANK THIRUNAGAR,CE(60); CS(60); EE(60),5010,"Anna University Regional Campus - Madurai, Kanyakumari National Highway, Keelakuilkudi, Madurai District 625019",15,18,MADURAI,dean@autmdu.ac.in,Yes,Yes,1100,5000,,1100,1100,15000,0,,15000,15000,0,,Permanent,Permanent,,600,600,No,,Both,Both,No,MADURAI JUNCTION,,9443746149,625019,DR K LINGADURAI,MADURAI SOUTH,www.autmdu.in
"ALAGAPPA PURAM, CSIR-CECRI,",9442134088,No,INDIAN BANK,CC(40),5012,"Central Electrochemical Research Institute CECRI), Karaikudi, Sivagangai District",54,3,SIVAGANGAI,cfe@cecri.res.in,Yes,Yes,500,7000,,6000,6000,19000,0,,3000,3000,0,,Permanent,Permanent,,5000,5000,No,,Both,Both,No,KARAIKUDI JUNCTION,,4565241531,630003,DR B RAMESH BABU,KARAIKUDI,https://cecri.res.in/
"EAST COAST ROAD, PULLANGUDI",9940740238,No,INDIAN OVERSEAS BANK,CE(60); ME(60); EC(60),5017,"University College of Engineering, Ramanathapuram, Pullangudi, Ramanathapuram District 623513",7,7,,ucermd@gmail.com,Yes,Yes,500,5000,,50,50,16100,0,,3000,3000,0,,Permanent,Permanent,,50,50,No,,Both,Both,No,RAMANATHAPURAM,,4567260260,623513,DR T UDAYAKUMAR,RAMANATHAPURAM,www.aucermd.edu.in
UNIVERSITY COLLEGE OF,,No,BANK OF BARODA,CE(60); EC(60); EE(60),5022,"University College of Engineering, Dindigul, MangaraiPirivu, Reddiyarchathiram, Dindigul District 624622",15,4,DINDIGUL,deandglau@gmail.com,Yes,Yes,500,5000,,600,600,15000,0,,2400,2400,0,,Permanent,Permanent,,600,600,No,,Both,Both,No,AKKARAIPATTI,,9498004242,624622,DR S SUTHA,ATHOOR,https://auucedgl.ac.in/
"17, KURUCHIPURAVU, DR.SRIDHAR",7373711343,No,STATE BANK OF INDIA,CE(30); CS(60); EC(60),5502,"Sri Raajaraajan College of Engineering & Technology, Amaravathi Village, AmaravathiPudur Post, Karaikudi, Sivagangai District 630301",30,2,SIVAGANGAI,elango.arum69@gmail.com,Yes,Yes,0,0,,300,300,0,2000,,2125,2125,600,,Permanent,Permanent,,700,700,Yes,,Both,Both,No,DEVAKOTTAI RASTHA,,9843963007,630003,DR A ELANGO,KARAIKUDI,www.sriraajaraajan.in
"AKKARAI PATTY, SINDALAGUNDU",7373707003,No,AXIS BANK,AU(30); CE(30),5530,"SSM Institute of Engineering and Technology, Kuttathupatti Village, Sindalaigundu Post, Dindigul District 624002",5,1,DINDIGUL,ssmietdgl@gmail.com,Yes,Yes,1000,0,,250,250,0,23000,,2500,2500,7000,,Rental,Rental,,1500,1500,Yes,,Both,Both,No,AKKARAIPATTI,,7373707003,624002,DR D SENTHIL KUMARAN PHD,,www.ssmiet.ac.in
"THERKU THERU, MELUR POST,",7010007801,No,INDIAN OVERSEAS BANK,CE(60); CS(60); EE(60),5532,"Vaigai College of Engineering, Therkutheru, Melur Taluk, Madurai District",17,20,MADURAI,vaigaiprincipal@gmail.com,Yes,Yes,1000,3000,,500,500,1000,21000,,5000,5000,7000,,Permanent,Permanent,,500,500,Yes,,Both,Both,No,MADURAI JUNCTION,,7010007801,625122,DR A BANUMATHI,MELUR,www.vaigai.org
KIT AND KIM TECHNICAL,9790427112,No,INDIAN OVERSEAS BANK,CS(60); EC(30),5533,"Karaikudi Institute of Technology and Karaikudi Institute of Management, KIT & KIM Technical Campus, Keeranipatti, Thalakkuvur, Karaikudi, Sivagangai District",35,15,SIVAGANGAI,kitandkimtechnicalcampus@yahoo.com,Yes,Yes,2250,6000,,200,200,8000,15000,,4500,4500,10000,,Permanent,Permanent,,800,800,Yes,,Both,Both,No,KARAIKUDI,,8903632366,630307,DR A PARTHASARATHY,,www.kitandkimtechnicalcampus.org
7-1-139-MANGAYARKARASI,9092282292,No,AXIS BANK,AG(60); CS(60); EE(60),5536,"Mangayarkarasi College of Engineering, First Street, Mangayarkarasi Nagar, Paravai, Madurai District 625402",4,4,MADURAI,mangai.enggcoll@gmail.com,Yes,Yes,2000,2000,,200,200,2000,10000,,2000,2000,0,,Permanent,Permanent,,2000,2000,Yes,,Both,Both,No,MADURAI JUNCTION,,9150358900,625402,DR J KARTHIKEYAN,MADURAI NORTH,mce-madurai.ac.in
DINDIGUL -THENI MAIN ROAD,9442260569,No,INDIAN BANK,CE(30); CS(30); EC(30),5537,"Jainee College of Engineering and Technology, Dindigul-Theni Main Road (Near Vakkampatti), Dindigul District 624303",10,12,5537,jaineeedu@yahoo.in,Yes,Yes,2500,00,,200,200,0,16000,,3500,3500,6000,,Permanent,Permanent,,1000,1000,Yes,,Both,Both,No,DINDIGUL,,9442180199,624303,DR MURALI MANOHAR,ATHOOR,www.jaineecollegeofengineering.org
,,,,,5538,"J.K. College of Architecture, NH-7, Madurai Road, Begampur Post, Dindigul",,,,,,,,,,,,,,,,,,,,,,,,,,,,,,No detail page found in PDF,,,,,
,,,,,5544,"Agni School of Architecture and Design Excellence (ASADE), NH45, Trichy Road, Morepatty (Post), Vadamadurai (Via), Dindigul District 624 802",,,,,,,,,,,,,,,,,,,,,,,,,,,,,,No detail page found in PDF,,,,,
"NEAR CHECK POST, ODDANCHATRAM",9486637172,No,SOUTH INDIAN BANK,CS(60); EE(60); EC(60),5703,"Christian College of Engineering and Technology, Oddanchatram, Dindigul District 624619",31,1,DINDIGUL,principal@christianengineering.in,Yes,Yes,300,5000,,500,500,0,25000,,3000,3000,12500,,Permanent,Permanent,,1500,1500,Yes,,Both,Both,Yes,ODDANCHATRAM JUNCTION,,9524124125,624619,DR P THARCIS,ODDANCHATRAM,https://christianengineering.in/
,,,,,5720,"Sri Subramanya College of Engineering and Technology, Sukkamanaickanpatti, Palani, Dindigul District 624615",,,,,,,,,,,,,,,,,,,,,,,,,,,,,,No detail page found in PDF,,,,,
NPR NAGAR PUNNAPATTI VILLAGE,8973555559,Yes,AXIS BANK,AD(60); CE(30); CS(120),5832,"N P R College of Engineering and Technology(Autonomous), Natham, Dindigul District 624401",28,27,DINDIGUL,nprcetprincipal@nprcolleges.org,Yes,Yes,5000,2000,,280,280,0,22000,,4400,4400,14000,,Permanent,Permanent,,2000,2000,Yes,,Both,Both,No,DINDIGUL,,7373444449,624401,DR J SUNDARARAJAN,NATHAM TK,WWW.NPRCET.ORG
"POTTAPALAYAM, SIVAGANGAI",7845800144,No,AXIS BANK,CE(60); ME(30); EC(60),5842,"Taluk, Sivagangai District 630611",12,13,SIVAGANGAI,principal.miet9111@gmail.com,Yes,Yes,0,5000,,400,400,12000,21000,,4200,4200,12000,,Permanent,Permanent,,3800,3800,Yes,,Both,Both,No,MADURAI JUNCTION,,7845800144,630612,DR S DURAIRAJ,THIRUPPUVANAM,www.srmmcet.edu.in
PVP NAGAR DINDIGUL TO KUMILY,9842456906,No,ICICI BANK,CE(60); CS(60); EC(60),5851,"Veeramal Engineering College, PVP Nagar, K. Singrakottai, Dindigul-624708.",21,15,DINDIGUL,vec.pvp@gmail.com,Yes,Yes,2000,5000,,0,0,0,15000,,4000,4000,8000,,Permanent,Permanent,,15000,15000,Yes,,Both,Both,No,KODAI ROAD,,9786179143,624708,DR R ELANGOVAN,ATTUR,www.pvpveerammal.com
RVS NAGAR OLD KARUR ROAD,8012405500,No,INDIAN BANK,AE(30); AG(60); AU(30),5862,"R V S Educational Trust’s Groups of Institutions (Integrated Campus), N Paraipatti Post, Vedasandur Taluk, Dindigul District 624005",10,10,DINDIGUL,principalrvsetgi@rvsgroup.com,Yes,Yes,2500,5000,,0,0,2500,9500,,3500,3500,38500,,Permanent,Permanent,,1500,1500,Yes,,Both,Both,No,DINDIGUL,,4551227229,624005,DR RAJKUMAR M,VEDASANDUR,https://www.rvsetgidgl.ac.in
"RVS NAGAR, N.PARAIPATTI, OLD",8012405500,No,INDIAN BANK,AR(10),5863,"R V S Educational Trust's Group of Institutions (foremerly R V S School of Architecture), RVS Nagar, Karur Road, N Paraipatti Post, Vedasandur Taluk, Dindigul District 624005",10,10,DINDIGUL,rvssoadgl@rvsgroup.com,Yes,Yes,2500,5000,,0,0,2500,9500,,3500,3500,38500,,Permanent,Permanent,,1500,2000,Yes,,Both,Both,No,DINDIGUL,,9597029632,624005,BALAJI G,DINDIGUL,https://www.rvsarchdgl.ac.in
"VADAPUDUPATTI,ANNANJI PO,THENI",9443488999,No,THE FEDERAL BANK LTD,CE(60); CS(60); EC(60),5865,"Nadar Saraswathi College of Engineering and Technology, Vadupudupatti, Annanji Post, Theni District 625531",3,5,5865,principal@nscet.org,Yes,Yes,300,2500,,200,200,7000,25080,,4100,4100,8360,,Permanent,Permanent,,600,600,Yes,,Both,Both,No,THENI,,4546263900,625531,DR C MATHALAI SUNDARAM,PERIYAKULAM,www.nscet.org
ALAGAPPA CHETTIAR GOVERNMENT,9629377320,Yes,SBI KARAIKUDI,ME(120),5901,"Alagappa Chettair Government College of Engineering and Technology (Autonomous), Karaikudi, Sivagangai District 630004",52,3,SIVAGANGAI,accetprincipal@gmail.com,Yes,Yes,200,7000,,250,250,5350,0,,2000,2000,0,,Permanent,Permanent,,200,200,No,,Veg,Veg,No,KARIAIKUDI JUNCTION,,4565224528,630003,DR P K PALANI,KARAIKUDI,www.accetedu.in
"SRI GOWRI NAGAR,",9944099132,No,KARUR VYSYA BANK,AD(60); CE(30); CS(60),5902,"Bharath Niketan Engineering College, Thimmarasanaickanoor, Aundipatti, Theni District 625536",22,7,THENI,bnecadmin@gmail.com,Yes,Yes,1500,0,,0,0,0,4500,,2500,2500,20000,,Permanent,Permanent,,1000,1000,Yes,,Both,Both,No,AUNDIPATTY,,9003750504,625536,DR P V ARUL KUMAR,AUNDIPATTY,www.bnec.ac.in
"POTTAPALAYAM, MADURAI -",9443564967,Yes,STATE BANK OF INDIA,AD(60); CS(120); EC(120),5904,"K L N College of Engineering (Autonomous), Pottapalayam, Sivagangai District",50,12,SIVAGANGAI,info@klnce.edu,Yes,Yes,5000,5000,,13200,13200,4500,24000,,3300,3300,17000,,Permanent,Permanent,,13200,13200,Yes,,Both,Both,Yes,MADURAI RAILWAY JUNCTION,,4522090184,630612,DR A V RAMPRASAD,THIRUPPUVANAM,www.klnce.edu
"SATHAK NAGAR,EAST COAST",9994588212,No,INDIAN BANK,AE(60); AD(60); AG(30),5907,"Mohamed Sathak Engineering College, Kilakarai, Ramanathapuram District",20,20,RAMANATHAPURAM,admission@msec.org.in,Yes,Yes,0,0,,0,0,0,30000,,4166,4166,8000,,Permanent,Permanent,,35000,35000,Yes,,Both,Both,Yes,RAMANATHAPURAM,,9940004506,623806,DR S SELVAPERUMAL,KILAKARAI,www.msec.org.in
KOTHANDARAMAN NAGAR PALANI,9842154139,Yes,AXIS BANK,AD(60); BM(60); CE(60),5910,"P S N A Colllege of Engineering and Technology, Dindigul District 624622",10,10,DINDIGUL,principal@psnacet.edu.in,Yes,Yes,1000,0,,750,750,10000,35400,,3000,3000,9500,,Permanent,Permanent,,1250,1250,Yes,,Both,Both,No,DINDIGUL,,4512554411,624622,DR D VASUDEVAN,DINDIGUL,https://www.psnacet.edu.in/
"THANAPANDIYAN NAGAR,AIIMS",9360033000,No,INDIAN BANK,CE(30); CS(30); EC(30),5911,"P T R College of Engineering and Technology, Thanapandiyan Nagar, Austinpatty Post, Madurai District 625008",12,6,MADURAI,officeptrcet@gmail.com,Yes,Yes,0,5000,,200,200,0,12000,,3000,3000,3000,,Permanent,Permanent,,1000,1000,Yes,,Both,Both,No,THIRUPARANKUNRAM,,9360033000,625008,DR D THRESHKUMAR,THIRUPARANKUNRAM,www.ptrcet.edu.in
"MADURAI -SIVAGANGAI HIGHWAY,",7373002628,No,INDIAN BANK,CS(90); EE(30),5912,"Pandian Saraswathi Yadav Engineering College, Thirumansolai Post, Sivagangai District 630 561",16,16,SIVAGANGAI,info@psyec.edu.in,Yes,Yes,0,0,,100,100,2000,21000,,4500,4500,12500,,Permanent,Permanent,,700,700,Yes,,Both,Both,No,SIVAGANGAI,,9842102628,630561,DR R RAJA,,www.psyec.edu.in
"R V S COLLEGE OF ENGINEERING, N",9976441414,No,INDIAN OVERSEAS BANK,CS(60); EE(30),5913,"R V S College of Engineering, N Paraipatti Post, Dindigul District 624005",8,8,DINDIGUL,rvscet.dgl@rvsgroup.com,Yes,Yes,2500,5000,,0,0,2500,35000,,3500,3500,10000,,Permanent,Permanent,,2000,2000,Yes,,Both,Both,No,DINDIGUL,,9842449284,624005,DR S MOHANAMURUGAN,,www.rvseng.ac.in
S V RAJA NAGAR VEERAPANJAN,8012506072,No,KARUR VYSYA BANK,AD(60); CB(60); CE(30),5914,"Solamalai College of Engineering, Veerapanjan, Madurai District 625020",7,7,5914,SOLAMALAI.SCEMDU@GMAIL.COM,Yes,Yes,500,3000,,600,600,1000,20000,,4000,4000,9000,,Permanent,Permanent,,1200,1200,Yes,,Both,Both,No,MADURAI JUNCTION,,8012506082,625020,DR SANTHI M,MADURAI EAST,WWW.SOLAMALAICE.AC.IN
KIDARIPATTI ALAGARKOIL,8300076901,No,INDIAN BANK,CE(60); ME(60); EE(60),5915,"SACS-M A V M M Engineering College, Kidaripatty Post, Madurai District",26,26,5915,principal@sacsmec.in,Yes,Yes,500,5000,,1000,1000,2000,17500,,3500,3500,10000,,Permanent,Permanent,,15000,15000,Yes,,Both,Both,No,MADURAI,,8300076901,625301,DR S NAVANEETHA KRISHNAN,MELUR,www.sacsmec.in
ST.SANTHIYAGAPPER,9942796746,No,INDIAN OVERSEAS BANK,BT(60); CH(30); CS(60),5919,"St. Michael College of Engineering and Technology, Kalayarkoil, Sivagangai District 630551",15,15,SIVAGANGAI,info@smcet.edu.in,Yes,Yes,5000,0,,200,200,0,29050,,3500,3500,8000,,Permanent,Permanent,,1500,1500,Yes,,Both,Both,Yes,SIVAGANGAI,,9942796723,630551,DR S KARPAGAM ME MBA PHD,KALAYARKOIL,www.smcet.edu.in
"DR E M ABDULLAH CAMPUS,",9842529558,No,CANARA BANK,CB(30); CS(120),5921,"Syed Ammal Engineering College, AchuthanVayal Post, Ramanathapuram District 623502",8,8,RAMANATHAPURAM,office@syedengg.ac.in,Yes,Yes,500,5000,,8400,8400,12400,35000,,3750,3750,9700,,Permanent,Permanent,,4200,4200,Yes,,Both,Both,Yes,RAMANATHAPURAM,,9487304000,623502,DR M PERIYASAMY,,www.syedengg.ac.in
MELAKAVANUR PO- PARAMAKUDI,9787673091,No,STATE BANK OF INDIA,CE(60); CS(60); EC(60),5924,"Ganapathy Chettiar College of Engineering and Technology, Melakavanur Post, Paramakudi, Ramanathapuram District 623706",32,7,5924,ganapathyec@gmail.com,Yes,Yes,1500,5000,,300,300,500,15000,,4500,4500,8000,,Permanent,Permanent,,1500,1500,Yes,,Both,Both,No,PARAMAKUDI,,8667712621,623706,DR R PARTHASARATHI,PARAMAKUDI,WWW.GANAPATHYCHETTIARENGINE
"SBM NAGAR,THAMARAIPADI,TRICHY",9842190901,No,INDIAN OVERSEAS BANK,CE(120); CS(60); EE(60),5930,"SBM College of Engineering and Technology, Thamaraipady, T N ParaipattiPirivu, Dindigul District 624005",10,12,DINDIGUL,sbmecollege@gmail.com,Yes,Yes,0,0,,0,0,0,25000,,3000,3000,3000,,Permanent,Permanent,,1500,1500,Yes,,Both,Both,No,DINDIGUL,,9842190901,624005,DR G VIJAY CHAKARAVARTHY,DINDIGUL,www.sbminstitutions.ac.in
MADURAI - SIVAGANGAI MAIN,9994096116,No,INDIAN OVERSEAS BANK K PUDUR,CE(60); CS(60),5935,"Fatima Michael College of Engineering and Technology, Sengottai Village, Sivagangai Main Road, Madurai District 625020",18,18,MADURAI,fmcet935@gmail.com,Yes,Yes,5000,0,,5000,5000,0,21500,,2500,2500,12500,,Permanent,Permanent,,15000,15000,Yes,,Both,Both,No,MADURAI,,9942982321,625020,DR P NELSON RAJA,,www.fmcet.ac.in
"69/1A, ULTRA NAGAR, MADURAI -",9443799966,No,BANK OF BARODA,CE(30); CS(60); EC(60),5942,"Ultra College of Engineering and Technology, Kodikulam, 1 Bit Village, Madurai- Chennai Highway, Madurai District 625104",6,13,MADURAI,principal@ucetw.ac.in,Yes,Yes,1000,4000,,400,400,8000,25000,,4500,4500,20000,,Permanent,Permanent,,1100,1100,Yes,,Veg,Veg,No,MADURAI,,9443799922,625104,DR V SRINIVASA RAMAN,MADURAI,www.ucetw.ac.in
"VELAMMAL NAGAR,VIRAGANOOR",9894445438,Yes,INDIAN OVERSEAS BANK,AD(60); CE(60); CS(180),5986,"Velammal College of Engineering and Technology(Autonomous), Madurai District 625009",6,10,5986,principal@vcet.ac.in,Yes,Yes,1000,3000,,1000,1000,0,30000,,5000,5000,30000,,Permanent,Permanent,,3000,3000,Yes,,Both,Both,No,MADURAI JUNCTION,,9994994991,625009,DR P ALLI,MADURAI SOUTH,www.vcet.ac.in
"KAMMAVAR NAGAR, THENI MAIN",6382428336,No,BANK OF INDIA,CS(60); EE(60),5988,"Theni Kammavar Sangam College of Technology, Theni Main Road, Koduvillarpatti Post, Theni District 625534",5,5,THENI,principaltksct@gmail.com,Yes,Yes,0,3000,,0,0,0,25000,,3500,3500,5000,,Permanent,Permanent,,11000,11000,Yes,,Both,Both,No,THENI,,4546250496,625534,DR V SRINIVASA RAGHAVAN,,www.tksct.in
LATHA MATHAVAN NAGAR,9597473420,No,CITY UNION BANK LTD,CS(90); EE(45),5990,"Latha Mathavan Engineering College, Kidaripatti Post, Alagarkoil (Via), Melur Taluk, Madurai District 625301",20,20,MADURAI,lmecmdu@yahoo.co.in,Yes,Yes,0,0,,0,0,0,25000,,3750,3750,10000,,Permanent,Permanent,,1500,1500,Yes,,Veg,Veg,No,MADURAI JN,,9965503926,625301,DR M VARATHA VIJAYAN,,www.lathamathavan.edu.in
