collegeCode,collegeName,highestCutoff,competitiveBranch,cutoffYear,closingRank,programs,placementRate,medianSalary,averageSalary,highestSalary,placementYears,nirfEngineering,nirfYear,naacGrade,autonomous,hostelAvailable,facilities,website,evidenceConfidence,evidenceSourceCount,evidenceSources,missingFields,dataCoveragePercent
1,"University Departments of Anna University, Chennai - CEG Campus, Sardar Patel Road, Guindy, Chennai 600 025",200,CS,2025,28,18,,,,,0,,,,true,true,,ceg.annauniv.edu,unknown,0,,placementRate | medianSalary | averageSalary | highestSalary | nirfEngineering | naacGrade | facilities,46
2,"University Departments of Anna University, Chennai - ACT Campus, Sardar Patel Road, Guindy, Chennai 600 025",195,CH,2025,4799,11,,,,,0,,,,true,true,Medical facilities,https://www.annauniv.edu/act/,medium,1,https://actechhostels.in/home,placementRate | medianSalary | averageSalary | highestSalary | nirfEngineering | naacGrade,54
3,"School of Architecture and Planning, Anna University, Chennai 600025",187,BP,2025,19440,1,64.45,750000,,,3,,,,true,true,Medical facilities | Sports facilities | Cafeteria | Auditorium | Central library | Laboratories | Innovation centre,www.annauniv.edu,medium,2,https://www.annauniv.edu/NIRF/Engineering_Anna%20University_09.03.2026.pdf | https://www.annauniv.edu/,averageSalary | highestSalary | nirfEngineering | naacGrade,69
4,"University Departments of Anna University, Chennai - MIT Campus, Chrompet, Tambaram Taluk, Chengalpattu District 600 044",199.5,CS,2025,365,12,,,,,0,,,,true,true,,www.annauniv.edu/www.mitindia.edu,unknown,0,,placementRate | medianSalary | averageSalary | highestSalary | nirfEngineering | naacGrade | facilities,46
5,"Annamalai University Faculty of Engineering and Technology, Annamalai nagar,",178.5,CS,2025,39965,12,,,,,0,,,,true,true,Central library | Gymnasium | Innovation centre | Laboratories,www.annamalaiuniversity.ac.in,medium,2,https://www.annamalaiuniversity.ac.in/ | https://www.annamalaiuniversity.ac.in/Infrastructure_index.php,placementRate | medianSalary | averageSalary | highestSalary | nirfEngineering | naacGrade,54
1013,"University College of Engineering, Villupuram, Kakuppam, Villupuram District",182.5,CS,2025,29530,6,,,,,0,,,,false,true,,http://www.aucev.edu.in/index.html,unknown,0,,placementRate | medianSalary | averageSalary | highestSalary | nirfEngineering | naacGrade | facilities,46
1014,"University College of Engineering, Tindivanam, Melpakkam, Tindivanam, Villupuram District 604001",179.5,CS,2025,37146,6,,,,,0,,,,false,true,Medical facilities | Cafeteria | Central library,www.aucet.in,medium,1,https://www.aucet.in/,placementRate | medianSalary | averageSalary | highestSalary | nirfEngineering | naacGrade,54
1015,"University College of Engineering, Arni, Arni to Devikapuram Road, Thatchur, Arni, Thiruvannamalai District 632326",174,CS,2025,51434,5,64.45,750000,,,3,,,,false,true,Laboratories | Central library | Cafeteria | Auditorium,https://www.aucearni.in/,medium,2,https://www.annauniv.edu/NIRF/Engineering_Anna%20University_09.03.2026.pdf | https://www.aucearni.in/,averageSalary | highestSalary | nirfEngineering | naacGrade,69
1026,"University College of Engineering, Kancheepuram, Ponnerikarai Campus, NH4, Chennai-Bangalore Highway, Karaipettai Village & Post, Kancheepuram District",181,CS,2025,33564,5,,,,,0,,,,false,true,Central library | Medical facilities | Cafeteria,www.aucek.in,medium,2,http://www.aucek.in/ | http://www.aucek.in/hostel.html,placementRate | medianSalary | averageSalary | highestSalary | nirfEngineering | naacGrade,54
1101,"Aalim Muhammed Salegh College of Engineering, Muthapudupet, Avadi IAF, Chennai 600055",159,AD,2025,93785,9,,,,,0,,,,false,true,Sports facilities | Auditorium | Cafeteria | Gymnasium | Laboratories | Central library,www.aalimec.ac.in,medium,2,https://aalimec.ac.in/campus/ | https://aalimec.ac.in/,placementRate | medianSalary | averageSalary | highestSalary | nirfEngineering | naacGrade,54
1102,Bhajarang Engineering College,133,IT,2025,164501,5,,,,,0,,,,false,,,,unknown,0,,placementRate | medianSalary | averageSalary | highestSalary | nirfEngineering | naacGrade | hostelAvailable | facilities | website,31
1106,"Jaya Engineering College, Thirunindravur, Chennai 602024",142.5,EC,2025,140033,13,,,,,0,,,,false,true,Cafeteria | Auditorium | Sports facilities | Medical facilities | Wi-Fi campus | Gymnasium | Laboratories | Innovation centre | Central library,www.jec.ac.in,medium,3,https://jec.ac.in/ | https://jec.ac.in/naac-jec/ | https://jec.ac.in/hostel/,placementRate | medianSalary | averageSalary | highestSalary | nirfEngineering | naacGrade,54
1107,"Jaya Institute of Technology, Kanchipadi Post, Thiruvallur-TiruttaniNH Road, Thiruvallur District 631204",127,CS,2025,180170,5,,,,,0,,,,false,true,Central library | Transport | Laboratories | Cafeteria,www.jitcollege.edu.in,medium,2,https://www.jitcollege.edu.in/facilities.php | https://www.jitcollege.edu.in/,placementRate | medianSalary | averageSalary | highestSalary | nirfEngineering | naacGrade,54
1110,"Prathyusha Engineering college, (Autonomous) Aranvoyalkuppam, Thiruvallur District 602025",165.5,CS,2025,75061,10,,,,,0,,,,false,true,Transport | Central library | Laboratories | Cafeteria | Auditorium | Medical facilities,www.prathyusha.edu.in,medium,3,https://prathyusha.edu.in/ | https://prathyusha.edu.in/infrastructure/ | https://prathyusha.edu.in/hostel/,placementRate | medianSalary | averageSalary | highestSalary | nirfEngineering | naacGrade,54
1111,Rajalakshmi Engineering College (Off Campus),,,,,0,,,,,0,,,,false,,,,unknown,0,,highestCutoff | closingRank | programs | placementRate | medianSalary | averageSalary | highestSalary | nirfEngineering | naacGrade | hostelAvailable | facilities | website,8
1112,"R M D Engineering College (Autonomous), Kavaraipettai, Gummidipoondi, Thiruvallur District 601206",182.5,CS,2025,29535,5,66.08,400000,420000,2200000,4,201-300,2025,,true,true,Sports facilities | Auditorium | Central library | Laboratories | Gymnasium,www.rmd.ac.in,high,5,https://www.rmd.ac.in/placement/placement.html | https://www.rmd.ac.in/nirf/overall-dcs2026.pdf | https://www.nirfindia.org/Rankings/2025/EngineeringRanking300.html | https://www.rmd.ac.in/campus/facilities.html | https://www.rmd.ac.in/,naacGrade,92
1113,"R M K Engineering College (Autonomous), Kavaraipettai, Gummidipoondi, Thiruvallur District 601206",190,CS,2025,13444,11,85,600000,507000,2500000,4,151-200,2025,A,true,true,Central library | Innovation centre | Laboratories | Gymnasium,www.rmkec.ac.in,high,5,https://www.rmkec.ac.in/2023/training_placement/about-training-and-placement/ | https://www.rmkec.ac.in/2023/wp-content/uploads/2026/04/R.M.K.-Engineering-College-NIRF-2026-Overall-1.pdf | https://www.nirfindia.org/Rankings/2025/EngineeringRanking200.html | https://www.rmkec.ac.in/2023/ | https://www.rmkec.ac.in/2023/campus/general-facilities/,,100
1114,"S A Engineering College (Autonomous), Thiruverkadu, Chennai 600077",168,CS,2025,67643,11,82,400000,,,4,,,,true,true,Sports facilities | Cafeteria | Gymnasium | Central library,www.saec.ac.in,medium,3,https://www.saec.ac.in/placement.php | https://www.saec.ac.in/assets/images/nirf/S.A.EngineeringCollege20260226-Overall.pdf | https://www.saec.ac.in/,averageSalary | highestSalary | nirfEngineering | naacGrade,69
1115,"Sri Ram Engineering College, Perumalpattu, Veppampattu (R S), Thiruvallur District 602 024",155.5,EC,2025,102845,8,,,,,0,,,,false,,,,unknown,0,,placementRate | medianSalary | averageSalary | highestSalary | nirfEngineering | naacGrade | hostelAvailable | facilities | website,31
1116,"Sri Venkateswara College of Engineering and Technology, Thirupachur, Thiruvallur District 631203",167,CS,2025,71033,9,,,300000,,1,,,,false,true,Cafeteria | Wi-Fi campus | Laboratories | Central library | Transport,www.sriventech.ac.in,medium,3,https://www.sriventech.ac.in/ | https://www.sriventech.ac.in/hostel.php | https://www.sriventech.ac.in/it-facilities.php,placementRate | medianSalary | highestSalary | nirfEngineering | naacGrade,62
1118,"Vel Tech Multi Tech Dr. Rangarajan Dr.Sakunthala Engineering College (Autonomous), Avadi-Alamathi Road, Chennai 600 062",175,CS,2025,48194,9,90,400000,,,4,,,,true,true,Central library | Laboratories,www.veltechmultitech.org,medium,3,https://www.veltechmultitech.org/placements/ | https://www.veltechmultitech.org/wp-content/uploads/2026/02/2026-NIRF-ENGINEERING.pdf | https://www.veltechmultitech.org/,averageSalary | highestSalary | nirfEngineering | naacGrade,69
1120,"Velammal Engineering College (Autonomous), Ambattur-Redhills Road, Chennai 600066",180,CS,2025,35779,10,,,,,0,,,,true,true,,www.velammal.edu.in,unknown,0,,placementRate | medianSalary | averageSalary | highestSalary | nirfEngineering | naacGrade | facilities,46
1121,"Sri Venkateswara Institute of Science and Technology, Kozhundalur, Thiruvallur District 631203",117,CS,2024,157687,4,,,,,0,,,,false,true,Cafeteria,www.sverct.in,medium,1,https://www.sverct.in/,placementRate | medianSalary | averageSalary | highestSalary | nirfEngineering | naacGrade,54
1122,"Vel Tech High Tech Dr. Rangarajan Dr.Sakunthala Engineering College (Autonomous), Avadi-Alamathi Road, Chennai 600 062",176,CS,2025,46330,9,,,,,0,,,A,true,true,Innovation centre | Central library | Medical facilities | Sports facilities,https://www.velhightech.com,medium,2,https://www.velhightech.com/ | https://www.velhightech.com/single_page.php?id=NP-18&mid=MID-2&sid=SID-39,placementRate | medianSalary | averageSalary | highestSalary | nirfEngineering,62
1123,"Gojan School of Business and Technology, Alamathi, Chennai 600062",149.5,CS,2025,120199,14,,,,,0,,,,false,true,,www.gojaneducation.tech,unknown,0,,placementRate | medianSalary | averageSalary | highestSalary | nirfEngineering | naacGrade | facilities,46
1126,"J.N.N Institute of Engineering(Autonomous), Ushaa Garden, Kannigaipair Village, Uthukottai Taluk, Thiruvallur District 601102",168,EC,2025,67797,7,,,,,0,,,A,true,true,Laboratories | Innovation centre | Central library,https://www.jnn.edu.in/,medium,2,https://www.jnn.edu.in/ | https://www.jnn.edu.in/naac/,placementRate | medianSalary | averageSalary | highestSalary | nirfEngineering,62
1127,"St. Peters College of Engineering and Technology, College Road, Avadi, Chennai",144.5,CH,2025,133634,9,70,280000,,,2,,,,false,true,Gymnasium | Innovation centre | Laboratories | Central library | Sports facilities | Medical facilities,www.spcet.ac.in,medium,4,https://www.spcet.ac.in/assets/img/2025/doc/nirf_engineering.pdf | https://www.spcet.ac.in/naac.php | https://www.spcet.ac.in/ | https://www.spcet.ac.in/infrastructure.php,averageSalary | highestSalary | nirfEngineering | naacGrade,69
1128,"R M K College of Engineering and Technology (Autonomous), Puduvoyal, Gummidipoondi Taluk, Thiruvallur District 601206",178.5,CS,2025,39942,5,,,,6600000,1,201-300,2025,,true,true,Cafeteria | Auditorium | Sports facilities | Gymnasium | Central library,www.rmkcet.ac.in,high,3,https://www.rmkcet.ac.in/ | https://www.nirfindia.org/Rankings/2025/EngineeringRanking300.html | https://www.rmkcet.ac.in/hostel.php,placementRate | medianSalary | averageSalary | naacGrade,69
1133,"AnnaiVeilankannis College of Engineering, Gandhi Road, Nedungundram, Chennai 600048",129.5,AD,2025,174648,4,,,,,0,,,,false,true,,https://avce.annaiveilankannis.com,unknown,0,,placementRate | medianSalary | averageSalary | highestSalary | nirfEngineering | naacGrade | facilities,46
1137,"Annai Mira College of Engineering and Technology, Arcot Road, Arappakkam Village, WalajaTaulk, Ranipet District 632 517",164.5,CS,2025,76945,7,95,,,,1,,,A,false,true,Medical facilities | Cafeteria | Auditorium | Laboratories | Central library,www.amcet.in,medium,3,https://amcet.in/ | https://amcet.in/infrastructure/smart-classrooms/ | https://amcet.in/infrastructure/,medianSalary | averageSalary | highestSalary | nirfEngineering,69
1140,"Jeppiaar Institute of Technology, kunnam Village, SriperumpudurTaulk, Kancheepuram District 631604",174,AD,2025,49852,6,67.96,419000,,,2,,,,false,true,Cafeteria | Sports facilities | Medical facilities | Gymnasium | Innovation centre | Laboratories | Central library,www.jeppiaarinstitute.org,medium,4,https://www.jeppiaarinstitute.org/wp-content/uploads/2025/01/NIRF-ENGINEERING.pdf | https://www.jeppiaarinstitute.org/ | https://www.jeppiaarinstitute.org/hostel-life/ | https://www.jeppiaarinstitute.org/lab-facilities/,averageSalary | highestSalary | nirfEngineering | naacGrade,69
1150,"Sri Jayaram Institute of Engineering and Technology, 51 N, Elavur, 58N, Natham, Gummidipoondi Taluk, Thiruvallur District 601201",110,AD,2025,215577,5,,,,,0,,,,false,true,Central library | Cafeteria,www.sjiet.org,medium,1,https://www.sjiet.org/,placementRate | medianSalary | averageSalary | highestSalary | nirfEngineering | naacGrade,54
1202,"D M I College of Engineering, Palanchoor, Nazrethpet, Chennai 602103",148.5,EC,2025,123728,8,,,,,0,,,,false,true,Gymnasium | Laboratories | Central library | Auditorium | Cafeteria | Medical facilities,www.dmice.ac.in,medium,2,https://dmice.ac.in/infrastructure/ | https://dmice.ac.in/,placementRate | medianSalary | averageSalary | highestSalary | nirfEngineering | naacGrade,54
1203,Madras Engineering College,156,CS,2025,102154,6,,,,,0,,,,false,,,,unknown,0,,placementRate | medianSalary | averageSalary | highestSalary | nirfEngineering | naacGrade | hostelAvailable | facilities | website,31
1207,"Kings Engineering College, Sriperumpudur Taluk, Kancheepuram District",150,AM,2025,118445,8,39.58,300000,450000,450000,4,,,A,false,true,Gymnasium | Laboratories | Transport | Central library | Cafeteria | Auditorium | Sports facilities,www.kingsedu.ac.in,medium,6,https://www.kingsedu.ac.in/placements/ | https://kingsedu-assets.in-maa-1.linodeobjects.com/nirf/NIRF-KEC.pdf | https://www.kingsedu.ac.in/accreditations/ | https://www.kingsedu.ac.in/naac/ | https://www.kingsedu.ac.in/campus-life/ | https://www.kingsedu.ac.in/,nirfEngineering,92
1210,"Panimalar Engineering College (Autonomous), Nazarethpet, Poonamallee, Chennai 602123",179.5,CS,2025,37908,7,85.19,600000,,1500000,4,,,,true,true,Central library,www.panimalar.ac.in,medium,3,https://www.panimalar.ac.in/placement.php | https://www.panimalar.ac.in/assets/pdf/academics/nirf/PEC-NIRF_2026-Engineering.pdf | https://www.panimalar.ac.in/,averageSalary | nirfEngineering | naacGrade,77
1211,"Rajalakshmi Engineering College (Autonomous), Thandalam, Sriperumpudur Taluk, Kancheepuram District 602105",193.5,CS,2025,7010,19,,,,,0,101-150,2025,,true,true,Medical facilities | Cafeteria | Central library,www.rajalakshmi.edu.in,high,2,https://www.nirfindia.org/Rankings/2025/EngineeringRanking150.html | http://www.rajalakshmi.edu.in/,placementRate | medianSalary | averageSalary | highestSalary | naacGrade,62
1212,"Rajiv Gandhi College of Engineering, Nemili, Sriperumpudur Taluk, Kancheepuram District 602105",143.5,CS,2025,137357,7,100,,,,1,,,,false,true,Wi-Fi campus | Laboratories | Central library | Transport | Cafeteria | Auditorium | Medical facilities,www.rgce.edu.in,medium,2,https://rgei.ac.in/ | https://rgei.ac.in/facilities-infrastructure.php,medianSalary | averageSalary | highestSalary | nirfEngineering | naacGrade,62
1213,"S K R Engineering College, Poonamallee, Chennai 600123",,,,,0,,,,,0,,,,false,true,,www.skrec.in,unknown,0,,highestCutoff | closingRank | programs | placementRate | medianSalary | averageSalary | highestSalary | nirfEngineering | naacGrade | facilities,23
1216,"Saveetha Engineering College (Autonomous), Thandalam, Sriperumpudur Taluk, Kancheepuram District 602105",190,SC,2025,12994,10,97,550000,536000,4400000,4,201-300,2025,,true,true,Medical facilities | Central library | Laboratories | Wi-Fi campus,www.saveetha.ac.in,high,6,https://saveetha.ac.in/placement/ | https://saveetha.ac.in/wp-content/uploads/2026/02/SAVEETHA-ENGINEERING-COLLEGE20260216-.pdf | https://www.nirfindia.org/Rankings/2025/EngineeringRanking300.html | https://saveetha.ac.in/hostel/ | https://saveetha.ac.in/ | https://saveetha.ac.in/computing-internet-facility/,naacGrade,92
1217,"Sree Sastha Institute of Engineering and Technology, Chembarambakkam, Chennai 600103",152.5,AL,2025,112278,14,92,250000,,2200000,2,,,A,false,true,Central library | Laboratories,https://sasthainstitutions.in/,medium,3,https://sasthainstitutions.in/ | https://sasthainstitutions.in/wp-content/uploads/2024/03/NIRF-2024.pdf | https://sasthainstitutions.in/infrastructure/,averageSalary | nirfEngineering,85
1218,"Sri Muthukumaran Institute of Technology, Near Mangadu, Chennai 600069 Sri Venkateswara College of Engineering (Autonomous), Post Bag No.1, Chennai-",158,CS,2025,96754,11,92.59,350000,,450000,4,,,A,false,true,Cafeteria | Central library | Gymnasium | Laboratories | Innovation centre,www.smit.edu.in,medium,3,https://smit.edu.in/placement/ | https://smit.edu.in/wp-content/uploads/2026/04/Overall-NIRF-2026.pdf | https://smit.edu.in/,averageSalary | nirfEngineering,85
1219,"Sri Venkateswara College of Engineering (Autonomous), Post Bag No.1, Chennai-Bengaluru High Road, Pennalur, Irungattukottai S.O., Sriperumbudur Taluk, Kancheepuram District 602105",192,CS,2025,9491,12,82.15,620000,700000,4700000,4,201-300,2025,A,true,true,Central library | Laboratories,www.svce.ac.in,high,3,https://www.svce.ac.in/ | https://www.svce.ac.in/wp-content/uploads/2026/04/NIRF-Engineering.pdf | https://www.nirfindia.org/Rankings/2025/EngineeringRanking300.html,,100
1221,"Jaya College of Engineering and Technology, Parivakkam, Poonamallee, Chennai 600056",120,CS,2025,195777,2,,,,,0,,,,false,,,,unknown,0,,placementRate | medianSalary | averageSalary | highestSalary | nirfEngineering | naacGrade | hostelAvailable | facilities | website,31
1222,"P B College of Engineering, Irungkattukottai, Sriperumpudur Taluk, Kancheepuram District 602117",140,AD,2025,145888,8,,,,,0,,,,false,true,Auditorium | Cafeteria | Sports facilities | Central library | Transport | Laboratories,www.pbce.in,medium,2,https://www.pbce.in/infrastructure.html | https://www.pbce.in/,placementRate | medianSalary | averageSalary | highestSalary | nirfEngineering | naacGrade,54
1225,Chennai 600123,166.5,CS,2025,72288,7,,,,,0,,,,false,true,,www.litedu.in,unknown,0,,placementRate | medianSalary | averageSalary | highestSalary | nirfEngineering | naacGrade | facilities,46
1226,"P T Lee Chengalvaraya Naicker College of Engineering and Technology, Oovery, Veliyur Post, Kancheepuram District 631 502",162,IT,2025,84211,6,,,,,0,,,,false,true,,www.ptleecncet.com,unknown,0,,placementRate | medianSalary | averageSalary | highestSalary | nirfEngineering | naacGrade | facilities,46
1228,"Alpha College of Engineering, No.34, Udayavar Koil Street, Poonamallee, Thirumazhisai, Chennai - 600124",147,CS,2025,127257,7,,,,,0,,,,false,true,Transport | Central library | Sports facilities | Cafeteria,https://alphagroup.edu/engineering/,medium,2,https://alphagroup.edu/engineering/campus-life.php | https://alphagroup.edu/engineering/,placementRate | medianSalary | averageSalary | highestSalary | nirfEngineering | naacGrade,54
1229,"Indira Institute of Engineering and Technology, VGR Gardens, Pandur, Thiruvallur District 631203",138,ME,2025,151421,5,,,,,0,,,,false,true,Cafeteria | Auditorium | Central library | Gymnasium | Laboratories,www.indiraeducational.org,medium,1,https://www.indiraeducational.org/?campus_life,placementRate | medianSalary | averageSalary | highestSalary | nirfEngineering | naacGrade,54
1230,"Apollo Engineering College, Mevaloorkuppam, Valarpuram Post, Sriperumpudur, Kancheepuram District 602105",141,CS,2025,143877,7,,,,,0,,,,false,true,,www.apolloengg.in,unknown,0,,placementRate | medianSalary | averageSalary | highestSalary | nirfEngineering | naacGrade | facilities,46
1232,"A R M College of Engineering and Technology, Sattamangalam, Maraimalainagar, Chengalpattu District 603209",150.5,SC,2025,117563,6,,,,,0,,,,false,,,,unknown,0,,placementRate | medianSalary | averageSalary | highestSalary | nirfEngineering | naacGrade | hostelAvailable | facilities | website,31
1233,"Adhi College of Engineering and Technology, Pazhayaseevaram, Madura Sankarapuram Village, Kancheepuram District 631605",145,AD,2025,132167,6,,,,900000,1,,,B,false,true,Central library | Laboratories,www.adhi.edu.in,medium,1,https://www.adhi.edu.in/,placementRate | medianSalary | averageSalary | nirfEngineering,69
1235,"JeiMathaajee College of Engineering, Vishaandikuppam, Karappettai (via), Siruvakkam, Kancheepuram District 631 552",112.5,CS,2025,211275,3,,,,,0,,,,false,,,,unknown,0,,placementRate | medianSalary | averageSalary | highestSalary | nirfEngineering | naacGrade | hostelAvailable | facilities | website,31
1237,"Velammal Institute of Technology, Chennai-Kolkatta Highway, Panchetti Village, Ponneri Taluk, Thiruvallur District 601204",167,CS,2025,70409,7,75.58,412000,,,3,,,,false,true,Laboratories | Central library | Transport | Medical facilities | Cafeteria,WWW.VELAMMALITECH.EDU.IN,medium,3,https://velammalitech.edu.in/wp-content/uploads/2026/04/NIRF-Engineering-2026.pdf | https://velammalitech.edu.in/cse-infrastructure/ | https://velammalitech.edu.in/,averageSalary | highestSalary | nirfEngineering | naacGrade,69
1238,"G R T Institute of Engineering and Technology, GRT Mahalakshmi Nagar, Chennai-Tirupathi Highway, Tiruttani Taluk, Thiruvallur District 631209",155,CS,2025,104635,7,88.96,327000,,,3,,,A,false,true,Laboratories | Central library | Transport,www.grt.edu.in,medium,3,https://grt.edu.in/wp-content/uploads/2026/02/NIRF-ENGINEERING-2026.pdf | https://grt.edu.in/ | https://grt.edu.in/facilities/hostel/,averageSalary | highestSalary | nirfEngineering,77
1241,"T J S Engineering College, Peruvoyal, Near Kavaraipettai, Gummidipoondi Taluk, Thiruvallur District 601206",149,CS,2025,121695,7,,,,,0,,,,false,true,Cafeteria | Medical facilities | Central library,www.tjsec.in,medium,1,https://tjsec.in/,placementRate | medianSalary | averageSalary | highestSalary | nirfEngineering | naacGrade,54
1243,"Sadhananthapuram, Thandalam Post, Chennai 602101",129,IT,2025,175243,5,,,,,0,,,,false,true,,www.mietchennai.in,unknown,0,,placementRate | medianSalary | averageSalary | highestSalary | nirfEngineering | naacGrade | facilities,46
1301,"Mohammed Sathak A J College of Engineering, Old Mahabalipuram Road (OMR), Egattur, Chengalpattu District 603103",161.5,CS,2025,86190,12,16.07,420000,320000,600000,4,,,,false,true,Gymnasium | Innovation centre | Laboratories | Central library | Cafeteria | Sports facilities | Medical facilities,www.msajce-edu.in,medium,5,https://www.msajce-edu.in/uploads/aqar/AnnualReport2023-2024.pdf | https://www.msajce-edu.in/uploads/nift/MSAJCE-ENGG-2026.pdf | https://www.msajce-edu.in/naac.php | https://www.msajce-edu.in/ | https://www.msajce-edu.in/hostel.php,nirfEngineering | naacGrade,85
1303,"Anand Institute of Higher Technology, Old Mahabalipuram Road (OMR), Kazhipattur, Chengalpattu District 603103",153,AD,2025,110802,9,95.38,385000,,,2,,,,false,true,Transport | Central library | Cafeteria,www.aiht.ac.in,medium,3,http://www.aiht.ac.in/vendor/pdf/AIHT-NIRF-DCS-ENGG.pdf | http://www.aiht.ac.in/hostel.php | http://www.aiht.ac.in/,averageSalary | highestSalary | nirfEngineering | naacGrade,69
1304,"Easwari Engineering College (Autonomous), Ramapuram, Chennai 600089",188,CS,2025,17161,15,,,,,0,101-150,2025,,true,true,Medical facilities | Auditorium | Cafeteria | Sports facilities | Central library | Laboratories | Gymnasium,www.srmeaswari.ac.in,high,3,https://www.nirfindia.org/Rankings/2025/EngineeringRanking150.html | https://srmeaswari.ac.in/ | https://srmeaswari.ac.in/hostel/,placementRate | medianSalary | averageSalary | highestSalary | naacGrade,62
1306,"Jeppiaar Engineering College, Old Mahabalipuram Road (OMR), Chennai",174,CS,2025,51572,9,36.94,400000,,,2,,,,false,true,Laboratories | Central library | Medical facilities | Auditorium | Cafeteria | Sports facilities,www.jeppiaarcollege.org,medium,2,https://jeppiaarcollege.org/jeppiaar/wp-content/uploads/2025/07/NIRF-OVERALL-2025.pdf | https://jeppiaarcollege.org/jeppiaar/,averageSalary | highestSalary | nirfEngineering | naacGrade,69
1307,"Jerusalem College of Engineering (Autonomous), Narayanapuram, Pallikaranai, Chennai 600 100",169,CS,2025,64804,9,92.2,500000,,1200000,3,,,,true,true,Auditorium | Innovation centre,https://www.jerusalemengg.ac.in,medium,3,https://jerusalemengg.ac.in/placement/index.php | https://jerusalemengg.ac.in/pdf/JCE-Engineering-NIRF2025.pdf | https://www.jerusalemengg.ac.in/,averageSalary | nirfEngineering | naacGrade,77
1309,"Meenakshi Sundararajan Engineering College, Kodambakkam, Chennai 600024",180.5,CS,2025,35162,7,97.27,560000,,1800000,4,,,,false,true,Laboratories | Central library | Auditorium,www.msec.edu.in,medium,3,https://msec.edu.in/placement%20brochure.pdf | https://msec.edu.in/Meenakshi%20Sundararajan%20Engineering%20College20260304-.pdf | https://msec.edu.in/students-life.html,averageSalary | nirfEngineering | naacGrade,77
1310,"MisrimalNavajeeMunoth Jain Engineering College, Rajiv Gandhi Salai (OMR), Thorappakkam, Chennai 600096",167,CS,2025,71182,8,,,,,0,,,,false,true,Central library | Medical facilities | Cafeteria,www.mnmjec.ac.in,medium,1,https://www.mnmjec.ac.in/,placementRate | medianSalary | averageSalary | highestSalary | nirfEngineering | naacGrade,54
1311,"K C G College of Technology, (Autonomous) Karappakkam, Chennai 600096",179.5,AO,2025,37825,14,85.2,600000,,,3,,,,true,true,Central library | Laboratories,www.kcgcollege.ac.in,medium,3,https://kcgcollege.ac.in/pdf/NIRF-2026/NIRF-DCS-FULL-REPORT-ENGINEERING-2026.pdf | https://kcgcollege.ac.in/ | https://kcgcollege.ac.in/academics/aeronautical-aerospace/infrastructure-facilities/,averageSalary | highestSalary | nirfEngineering | naacGrade,69
1316,"Agni College of Technology, Old Mahabalipuram Road (OMR), Thalambur Village, Chengalpattu District 603103",162.5,AD,2025,82748,10,,,,,0,,,,false,true,,www.act.edu.in,unknown,0,,placementRate | medianSalary | averageSalary | highestSalary | nirfEngineering | naacGrade | facilities,46
1317,"St. Joseph’s College of Engineering (Autonomous), Old Mahabalipuram Road (OMR), Chennai 600 119",187.5,CS,2025,18987,13,79.35,475000,,,3,201-300,2025,,true,true,Laboratories,www.stjosephs.ac.in,high,3,https://stjosephs.ac.in/NIRF/NIRF2026/NIRF2026.pdf | https://www.nirfindia.org/Rankings/2025/EngineeringRanking300.html | https://stjosephs.ac.in/index.html,averageSalary | highestSalary | naacGrade,77
1319,"Thangavelu Engineering College, Karappakkam, Chennai 600097",130.5,AD,2025,171713,7,,,,,0,,,,false,true,,www.thangavelu.edu.in,unknown,0,,placementRate | medianSalary | averageSalary | highestSalary | nirfEngineering | naacGrade | facilities,46
1321,"of Plastics Engineering and Technology) (CIPET), Guindy, Chennai 600032",178.5,MN,2025,39485,2,,,,,0,,,,false,true,,www.cipet.gov.in,unknown,0,,placementRate | medianSalary | averageSalary | highestSalary | nirfEngineering | naacGrade | facilities,46
1322,"Dhanalakshmi Srinivasan College of Engineering and Technology, East Coast Road, Poonjeri, Chennai 603104",149.5,AD,2025,120859,17,98.13,420000,,,2,,,,false,true,Gymnasium | Laboratories | Innovation centre | Central library | Medical facilities,www.dscet.ac.in,medium,3,https://dscet.ac.in/nirf/pdf/NIRF2025.pdf | https://dscet.ac.in/hostel/ | https://www.dscet.ac.in/,averageSalary | highestSalary | nirfEngineering | naacGrade,69
1325,"St. Joseph College of Engineering, Trinity Campus, Nemili, Sriperumpudur Taluk, Kancheepuram District 602105",155,AD,2025,105357,6,90.52,375200,700000,700000,4,,,,false,true,Innovation centre | Central library,www.stjoseph.ac.in,medium,3,https://www.stjoseph.ac.in/placement1.php | https://www.stjoseph.ac.in/nirf/NIRF%20Report%202026.pdf | https://www.stjoseph.ac.in/,nirfEngineering | naacGrade,85
1333,"Vi Institute of Technology, Sirunkundram Village & Post, Chengalpattu District",104.5,EE,2025,224269,6,,,,,0,,,,false,,,,unknown,0,,placementRate | medianSalary | averageSalary | highestSalary | nirfEngineering | naacGrade | hostelAvailable | facilities | website,31
1335,"Sri Krishna Institute of Technology, Panapakkam, Padappai, Chennai 601301",116,SC,2025,204547,6,,,,,0,,,,false,true,,www.srikrishnait.in,unknown,0,,placementRate | medianSalary | averageSalary | highestSalary | nirfEngineering | naacGrade | facilities,46
1339,Mahalakshmi Tech Campus,159.5,AD,2025,92179,6,,,,,0,,,,false,,,,unknown,0,,placementRate | medianSalary | averageSalary | highestSalary | nirfEngineering | naacGrade | hostelAvailable | facilities | website,31
1399,"Post, Kundrathur,Chennai 600069",196,CS,2025,3452,14,,,,,0,101-150,2025,,true,true,,www.citchennai.edu.in,high,1,https://www.nirfindia.org/Rankings/2025/EngineeringRanking150.html,placementRate | medianSalary | averageSalary | highestSalary | naacGrade | facilities,54
1401,"Adhiparasakthi Engineering College, Melmaruvathur, Chengalpattu District",164.5,AM,2025,77672,10,70.08,1500000,,,3,,,,false,true,Sports facilities | Wi-Fi campus | Central library,www.apec.edu.in,medium,2,https://assets.super.so/47fa140c-5512-4ac6-a02b-6305f7e083a9/files/b2e7dd26-fa42-44cc-8fc6-e6c8988cb7bb/apec_nirf_engineering_2026_-ir-e-c-16487.pdf | https://apec.edu.in/,averageSalary | highestSalary | nirfEngineering | naacGrade,69
1402,"Annai Teresa College of Engineering, Thirunavalur, Kallakkurichi District 607204",128.5,EC,2025,176045,2,,,,,0,,,,false,true,,www.atce.ac.in,unknown,0,,placementRate | medianSalary | averageSalary | highestSalary | nirfEngineering | naacGrade | facilities,46
1405,"Dhanalakshmi College of Engineering, Manimangalam, Chennai 601301",159,CS,2025,93510,8,83.52,330000,5000000,,4,,,A,false,true,Wi-Fi campus | Laboratories | Transport | Central library | Sports facilities | Auditorium | Cafeteria | Medical facilities,www.dce.edu.in,medium,4,https://dce.edu.in/admissions-dce/ | https://dce.edu.in/wp-content/uploads/2026/03/NIRF-2026.pdf | https://dce.edu.in/ | https://dce.edu.in/life-at-dce/,highestSalary | nirfEngineering,85
1407,"G K M College of Engineering and Technology, Alappakkam-Mappedu Road, Chennai 600063",145.5,IT,2025,130761,10,87.5,450000,,,2,,,,false,true,Gymnasium | Laboratories | Central library | Sports facilities | Cafeteria | Medical facilities,www.gkmgroup.in,medium,4,https://www.gkmcet.net.in/pdf/NIRF-2025.pdf | https://www.gkmcet.net.in/hostel.php | https://www.gkmcet.net.in/ | https://www.gkmcet.net.in/facilities.php,averageSalary | highestSalary | nirfEngineering | naacGrade,69
1408,"I F E T College of Engineering (Autonomous), Gangarampalayam, Villupuram District 605108",176,CS,2025,46665,8,86.53,450000,,,3,,,A,true,true,Central library | Laboratories | Medical facilities | Cafeteria,www.ifet.ac.in,medium,3,https://ifet.ac.in/wp-content/uploads/2024/08/NIRF-Engg-2026.pdf | https://ifet.ac.in/ | https://ifet.ac.in/campus-life/,averageSalary | highestSalary | nirfEngineering,77
1411,"Madha Engineering College, Kundrathur, Chennai 600069",128.5,AD,2025,176854,10,,,,,0,,,,false,true,Laboratories | Innovation centre | Transport | Central library | Cafeteria | Sports facilities | Medical facilities,www.madhaengineeringcollege.com,medium,2,https://www.madhaengineeringcollege.com/ | https://www.madhaengineeringcollege.com/hostels/,placementRate | medianSalary | averageSalary | highestSalary | nirfEngineering | naacGrade,54
1412,"Mailam Engineering College, Mailam, Villupuram District 604304",170,CS,2025,62528,8,96.05,228000,3300000,3300000,3,,,,false,true,Sports facilities | Auditorium | Cafeteria | Laboratories | Innovation centre | Gymnasium | Central library,www.mailamengg.com,medium,4,https://mailamengg.ac.in/placements/ | https://mailamengg.ac.in/wp-content/uploads/2025/02/Mailam-Engineering-College-2025.pdf | https://mailamengg.ac.in/ | https://mailamengg.ac.in/facilities/,nirfEngineering | naacGrade,85
1413,"Sri Venkateswaraa College of Technology, Sirukulathur, Vadakkal Village, Pondur Post, Sriperumbudur Taluk, Kancheepuram District 602105",172,CS,2025,57071,12,,,,3200000,1,,,,false,true,Laboratories | Innovation centre | Sports facilities,www.svct.edu.in,medium,2,https://www.svct.edu.in/placements | https://www.svct.edu.in/,placementRate | medianSalary | averageSalary | nirfEngineering | naacGrade,62
1414,"Prince Shri Venkateshwara Padmavathy Engineering College(Autonomous), Ponmar, Chennai 600048",195,CS,2025,4818,6,89.38,500000,,,3,201-300,2025,,true,true,Sports facilities | Cafeteria | Auditorium | Innovation centre | Laboratories | Gymnasium | Central library | Transport,www.psvpec.in,high,4,https://psvpec.in/wp-content/uploads/2026/04/NIRF.pdf | https://www.nirfindia.org/Rankings/2025/EngineeringRanking300.html | https://psvpec.in/ | https://psvpec.in/facilities/,averageSalary | highestSalary | naacGrade,77
1415,"T S M Jain College of Technology, Melur Village, Kallakurichi District 606201",,,,,0,,,,,0,,,,false,true,,www.tsmjain.in,unknown,0,,highestCutoff | closingRank | programs | placementRate | medianSalary | averageSalary | highestSalary | nirfEngineering | naacGrade | facilities,23
1416,"Jaya Sakthi Engineering College, Thirunindravur, Chennai 602024",127,AD,2025,179660,6,95,,,,1,,,A,false,true,Innovation centre | Laboratories | Central library,www.sakthiec.edu.in,medium,2,https://www.sakthiec.edu.in/ | https://www.sakthiec.edu.in/NAAC.php,medianSalary | averageSalary | highestSalary | nirfEngineering,69
1419,"Sri Sai Ram Enginering College (Autonomous), West Tambaram, Chennai",186,CS,2025,21966,15,82.79,520000,,,3,151-200,2025,A,true,true,Central library | Gymnasium | Laboratories | Sports facilities | Cafeteria | Auditorium,www.sairam.edu.in,high,4,https://sairam.edu.in/wp-content/uploads/2026/04/NIRF-ENGINEERING-2026.pdf | https://www.nirfindia.org/Rankings/2025/EngineeringRanking200.html | https://sairam.edu.in/ | https://sairam.edu.in/infrastructure/,averageSalary | highestSalary,85
1420,"Tagore Engineering College, Rathnamangalam, Vandalur Post, Chennai 600048",157.5,AD,2025,98234,7,,,,,0,,,,false,true,Cafeteria | Medical facilities | Central library | Innovation centre,www.tagore-engg.ac.in,medium,2,https://www.tagore-engg.ac.in/ | https://tagore-engg.ac.in/facilities/Infrastructure.php,placementRate | medianSalary | averageSalary | highestSalary | nirfEngineering | naacGrade,54
1421,"V R S College of Engineering and Technology, Arasur, Villupuram District",147.5,CS,2025,125797,6,,,,,0,,,,false,true,Laboratories | Central library | Cafeteria | Auditorium | Medical facilities,www.vrscet.in,medium,2,http://vrscet.in/ | http://vrscet.in/infrastructure/,placementRate | medianSalary | averageSalary | highestSalary | nirfEngineering | naacGrade,54
1422,"SRM Valliammai Engineering College (Autonomous), Kattankulathur, Chennai",184.5,CS,2025,25740,11,88,,,,1,,,A,true,true,Transport | Central library | Laboratories | Cafeteria | Sports facilities | Medical facilities,www.srmvalliammai.ac.in,medium,3,https://srmvalliammai.ac.in/placement/ | https://srmvalliammai.ac.in/ | https://srmvalliammai.ac.in/campus-life/,medianSalary | averageSalary | highestSalary | nirfEngineering,69
1423,"Asan Memorial College of Engineering and Technology, Chengalpattu-603 001.",148.5,AD,2025,123313,6,,,,,0,,,,false,true,Central library | Transport | Laboratories | Cafeteria,amcet.co.in,medium,1,https://www.amcet.co.in/,placementRate | medianSalary | averageSalary | highestSalary | nirfEngineering | naacGrade,54
1424,"Dhaanish Ahmed College of Engineering, Padappai, Chennai 601301",184,AD,2025,26999,7,,,,,0,,,,false,true,,www.dhaanish.in,unknown,0,,placementRate | medianSalary | averageSalary | highestSalary | nirfEngineering | naacGrade | facilities,46
1426,"Sri Ramanujar Engineering College, Vandalur, Kolappakkam, Chennai 600127",144.5,AD,2025,133923,7,,,,,0,,,,false,true,,www.sriramanujar.ac.in,unknown,0,,placementRate | medianSalary | averageSalary | highestSalary | nirfEngineering | naacGrade | facilities,46
1427,"Sri Krishna Engineering College, Panappakkam, Padappai, Chennai 601301",147,AD,2025,127639,6,,,,,0,,,,false,true,Central library | Transport | Laboratories | Auditorium | Sports facilities | Medical facilities,www.skec.edu.in,medium,4,https://www.skec.edu.in/ | https://www.skec.edu.in/Infrastructure | https://www.skec.edu.in/Ourcampus | https://www.skec.edu.in/Hostel,placementRate | medianSalary | averageSalary | highestSalary | nirfEngineering | naacGrade,54
1428,"E S Engineering College, Chennai Trunk Road, Ayyankoilpattu, Villupuram District 605602",118,CS,2025,199897,4,,,,,0,,,,false,true,Laboratories | Central library,https://escet.in/,medium,2,https://escet.in/ | https://escet.in/facilities,placementRate | medianSalary | averageSalary | highestSalary | nirfEngineering | naacGrade,54
1430,"Maha Bharathi Engineering College, A Vasudevanur, Chinnasalem, Kallakurichi District 606201",142,AD,2025,140629,6,,,,,0,,,,false,true,Cafeteria | Central library | Transport,www.mbec.ac.in,medium,1,https://www.mbec.ac.in/facilities.html,placementRate | medianSalary | averageSalary | highestSalary | nirfEngineering | naacGrade,54
1431,"New Prince Shri Bhavani College of Engineering and Technology(Autonomous), Vengaivasal Main Road, Gowrivakkam, Chennai 600073",153,EC,2025,110706,7,100,675000,,,3,,,,false,true,Laboratories | Central library | Cafeteria,WWW.NPSBCET.EDU.IN,medium,2,https://npsbcet.edu.in/wp-content/uploads/2026/04/NIRF-OVERALL-2026.pdf | https://npsbcet.edu.in/,averageSalary | highestSalary | nirfEngineering | naacGrade,69
1432,"Rajalakshmi Institute of Technology, Irulapalayam, (Autonomous) Kuthampakkam Post, Kancheepuram District, Chennai 600124",191,CS,2025,11918,9,25,725000,,,4,201-300,2025,A,true,true,Gymnasium | Laboratories | Innovation centre | Central library | Sports facilities,www.ritchennai.org,high,5,https://ritchennai.org/placement-why-rit.php | https://ritchennai.org/nirf-2026/RIT-Data-Capturing-System-OVERALL-2026.pdf | https://www.nirfindia.org/Rankings/2025/EngineeringRanking300.html | https://www.ritchennai.org/ | https://ritchennai.org/naac.php,averageSalary | highestSalary,85
1434,"Surya Group of Institutions, GST Road, Vikravandi Village, Villupuram District",147.5,CS,2025,126468,10,,,,,0,,,,false,true,Auditorium | Cafeteria | Sports facilities | Laboratories | Central library,www.suryagroup.edu.in,medium,1,https://suryagroup.edu.in/,placementRate | medianSalary | averageSalary | highestSalary | nirfEngineering | naacGrade,54
1436,"A R Engineering College, Vadakuchipalayam, Kappiyampuliyur Post, Villupuram District 605601",116,ME,2025,203674,5,,,,,0,,,,false,true,Central library | Transport | Gymnasium | Laboratories | Cafeteria | Auditorium | Sports facilities | Medical facilities,www.arenggc.com,medium,2,http://www.arenggc.com/ | http://www.arenggc.com/infrastructure.php,placementRate | medianSalary | averageSalary | highestSalary | nirfEngineering | naacGrade,54
1437,"Rrase College of Engineering, Padappai, Kancheepuram 601301",143.5,CS,2025,137590,7,80,300000,,,2,,,,false,true,Laboratories | Transport | Central library | Sports facilities,www.rrase.com,medium,4,https://rrase.com/wp-content/uploads/2025/02/RRASE-College-of-Engineering20241230-.pdf | https://rrase.com/ | https://rrase.com/infrastructure/ | https://rrase.com/hostel/,averageSalary | highestSalary | nirfEngineering | naacGrade,69
1438,"Sree Krishna College of Engineering, Anaicut Post, Unnai Village, Vellore District",102.5,CS,2025,226923,3,,,,,0,,,,false,true,Central library | Laboratories | Medical facilities | Cafeteria,www.skcevellore.ac.in,medium,1,https://www.skcevellore.ac.in/,placementRate | medianSalary | averageSalary | highestSalary | nirfEngineering | naacGrade,54
1441,"A K T Memorial College of Engineering and Technology, Neelamangalam Village, Kallakurichi District 606202",131,CS,2025,170266,7,95.3,226800,,,3,,,A,false,true,Auditorium | Cafeteria | Medical facilities | Central library | Laboratories,www.aktmcet.in,medium,4,https://www.aktmcet.in/ | https://www.aktmcet.in/assets/img/NIRF%202024.pdf | https://www.aktmcet.in/hostel.html | https://www.aktmcet.in/internet.html,averageSalary | highestSalary | nirfEngineering,77
1442,"Prince Dr. K Vasudevan College of Engineering and Technology, Medavakkam- Mambakkam Road, Ponmar, Chennai 600127",192.5,AD,2025,8869,3,90.82,500000,,,3,,,B,false,true,Cafeteria | Central library | Laboratories,www.princedrkvasudevan.com,medium,3,https://www.princedrkvasudevan.com/AICTE/NIRF.pdf | https://www.princedrkvasudevan.com/ | https://www.princedrkvasudevan.com/Campus%20Facilities/index.html,averageSalary | highestSalary | nirfEngineering,77
1444,"Chendu College of Engineering and Technology, ZaminEndathur Village, Madurantakam Taluk, Chengalpattu District 600127",112.5,SC,2025,211151,5,,,,,0,,,,false,true,,www.chenduengg.com,unknown,0,,placementRate | medianSalary | averageSalary | highestSalary | nirfEngineering | naacGrade | facilities,46
1445,"Sri Rangapoopathi College of Engineering, Alampoondi Village, Gingee, Villupuram District 604151",146,EE,2025,130403,6,,,,,0,,,,false,true,,http://rangapoopathi.in/,unknown,0,,placementRate | medianSalary | averageSalary | highestSalary | nirfEngineering | naacGrade | facilities,46
1449,"Saraswathy College of Engineering and Technology, NH-45, Main Road, Olakkur, Tindivanam Taluk, Villupuram District 604307",134.5,CS,2025,161515,7,,,,,0,,,,false,true,,https://vetscet.ac.in,unknown,0,,placementRate | medianSalary | averageSalary | highestSalary | nirfEngineering | naacGrade | facilities,46
1450,"Loyola ICAM College of Engineering and Technology, Loyola College Campus, Nungambakkam, Chennai 600034",193,CS,2025,8206,6,,,,,0,,,,false,true,,www.licet.ac.in,unknown,0,,placementRate | medianSalary | averageSalary | highestSalary | nirfEngineering | naacGrade | facilities,46
1452,"PERI Institute of Technology, Mannivakkam, West Tambaram, Chennai 600048",144.5,AD,2025,134533,14,,,,,0,,,,false,true,Central library | Cafeteria,www.peri.education,medium,1,https://www.peri.education/periit/campusdrivejan2920.php,placementRate | medianSalary | averageSalary | highestSalary | nirfEngineering | naacGrade,54
1501,"Adhiparasakthi College of Engineering, Kalavai, Ranipet District 632506",155.5,CS,2025,102932,8,88.89,240000,240000,,4,,,,false,true,Transport | Central library | Auditorium | Cafeteria,www.apce.in,medium,4,https://www.apce.in/placement-training.php | https://www.apce.in/doc/NIRF%202026_Overall.pdf | https://www.apce.in/facilities.php | https://www.apce.in/,highestSalary | nirfEngineering | naacGrade,77
1503,"Arulmigu Meenakshi Amman College of Engineering, Vadamavandal, Thiruvannamalai District 604410",112.5,ME,2025,211064,6,18.75,50000,,,2,,,,false,true,Central library | Laboratories | Gymnasium | Auditorium | Cafeteria,www.amace.edu.in,medium,3,https://www.amace.edu.in/uploads/nirf/nirf_amace_engineering.pdf | https://www.amace.edu.in/ | https://www.amace.edu.in/facilities,averageSalary | highestSalary | nirfEngineering | naacGrade,69
1504,"Arunai Engineering College, Mathur, Thiruvannamalai District 606603",166,AD,2025,72717,12,,,,,0,,,,false,true,,www.arunai.org,unknown,0,,placementRate | medianSalary | averageSalary | highestSalary | nirfEngineering | naacGrade | facilities,46
1505,"C Abdul Hakeem College of Engineering and Technology, Melvisharam, Ranipet District 632509",171.5,AD,2025,58379,7,,,,,0,,,,false,true,,www.cahcet.edu.in,unknown,0,,placementRate | medianSalary | averageSalary | highestSalary | nirfEngineering | naacGrade | facilities,46
1507,"Ganadipathy Tulsi’s Jain Engineering College, Kaniyambadi, Vellore District",148,AD,2025,124624,8,,,,,0,,,,false,true,Central library | Transport | Cafeteria | Sports facilities | Medical facilities,www.gtec.ac.in,medium,2,http://www.gtec.ac.in/ | http://www.gtec.ac.in/internet.php,placementRate | medianSalary | averageSalary | highestSalary | nirfEngineering | naacGrade,54
1509,"Meenakshi College of Engineering, Vembuliamman Koil Street, K K Nagar (West), Chennai 600078",169.5,AD,2025,63489,10,71.96,260000,,,2,,,,false,true,Medical facilities | Cafeteria | Laboratories | Wi-Fi campus | Transport | Central library,mce.edu.in,medium,2,https://mce.edu.in/uploads/nirf/mce_nirf_engi.pdf | https://mce.edu.in/,averageSalary | highestSalary | nirfEngineering | naacGrade,69
1510,"Priyadarshini Engineering College, Vaniyambadi Post, Thiruppattur District",144.5,AD,2025,133785,7,,,,,0,,,,false,true,Central library | Gymnasium | Innovation centre | Auditorium,www.priyadarshini.net.in,medium,2,http://www.priyadarshini.net.in/pec_new/ | http://www.priyadarshini.net.in/pec_new/hostel.php,placementRate | medianSalary | averageSalary | highestSalary | nirfEngineering | naacGrade,54
1512,"S K P Engineering College, Thiruvannamalai District 606611",154.5,EC,2025,105748,9,,,,,0,,,,false,true,Laboratories | Central library,www.skpec.edu.in,medium,1,https://skpec.edu.in/,placementRate | medianSalary | averageSalary | highestSalary | nirfEngineering | naacGrade,54
1513,"Sri Balaji Chockalingam Engineering College, Arni, Thiruvannamalai District",144,CS,2025,135344,5,,,,,0,,,,false,true,,www.sbcecarni.org,unknown,0,,placementRate | medianSalary | averageSalary | highestSalary | nirfEngineering | naacGrade | facilities,46
1516,"ThanthaiPeriyar Government Institute of Technology, Bagayam, Vellore District",190,CS,2025,13951,6,,,,,0,,,,false,true,,www.tpgit.edu.in,unknown,0,,placementRate | medianSalary | averageSalary | highestSalary | nirfEngineering | naacGrade | facilities,46
1517,"Thirumalai Engineering College, Kilambi, Kancheepuram District 631551",140,AD,2025,146215,8,,,,,0,,,,false,true,Laboratories | Central library,www.thirumalaiengg.in,medium,1,https://thirumalaiengg.org/,placementRate | medianSalary | averageSalary | highestSalary | nirfEngineering | naacGrade,54
1518,"Thiruvalluvar College of Engineering and Technology, Vandavasi, Thiruvannamalai District 604505",124.5,IT,2025,185612,7,,,,,0,,,,false,true,,www.tcet.co.in,unknown,0,,placementRate | medianSalary | averageSalary | highestSalary | nirfEngineering | naacGrade | facilities,46
1519,"Bharathidasan Engineering College, Nattrampalli Post, Thiruppathur District",141,AD,2025,143943,6,,,,,0,,,,false,true,Sports facilities | Auditorium | Transport | Central library | Laboratories,www.bec.ac.in,medium,1,https://www.bec.ac.in/,placementRate | medianSalary | averageSalary | highestSalary | nirfEngineering | naacGrade,54
1520,"Kingston Engineering College, Chithoor Main Road, Christianpet Village, Katpadi Taluk, Vellore District 632059",172.5,AD,2025,55306,7,,,,,0,,,,false,true,,www.kingston.ac.in,unknown,0,,placementRate | medianSalary | averageSalary | highestSalary | nirfEngineering | naacGrade | facilities,46
1523,"Global Institute of Engineering and Technology, Bangalore-Chennai Highway, Melvisharam, Walajah Taluk, Ranipet District 632506",149.5,AD,2025,119632,7,95.65,800000,,,3,,,B,false,true,Laboratories | Central library,www.getedu.in,medium,2,https://getedu.in/nirf/NIRF-2026.pdf | https://www.getedu.in/,averageSalary | highestSalary | nirfEngineering,77
1524,"Annamalaiar College of Engineering, Modaiyur Village, Polur Taluk, Thiruvannamalai District 606902",136,EC,2025,156965,5,,,,,0,,,,false,true,Central library | Laboratories | Auditorium | Medical facilities,www.annamalaiarengg.com,medium,2,https://www.annamalaiarengg.com/ | https://www.annamalaiarengg.com/rules-and-regulations/,placementRate | medianSalary | averageSalary | highestSalary | nirfEngineering | naacGrade,54
1525,"Podhigai College of Engineering and Technology, Vinayakapuram, Adiyur Post, Tirupattur District 635601",124,CS,2025,187134,6,,,,,0,,,,false,true,Laboratories | Central library | Transport | Auditorium | Sports facilities,www.podhigaitech.ac.in,medium,2,https://www.podhigaitech.ac.in/ | https://www.podhigaitech.ac.in/facilities,placementRate | medianSalary | averageSalary | highestSalary | nirfEngineering | naacGrade,54
1526,"Sri Krishna College of Engineering, Tiruttani High Road, Arakkonam, Ranipet District 631003",112,CS,2025,211638,4,,,,,0,,,B,false,true,Cafeteria | Laboratories | Wi-Fi campus | Transport | Central library,www.srikrishnacollege.co.in,medium,2,https://www.srikrishnacollege.co.in/ | https://www.srikrishnacollege.co.in/facilities.php,placementRate | medianSalary | averageSalary | highestSalary | nirfEngineering,62
1605,"Idhaya Engineering College for Women, Chinnasalem, Kallakkurichi District",157,EE,2025,98635,4,,,,,0,,,,false,true,Central library | Laboratories | Innovation centre | Sports facilities,WWW.IECW.EDU.IN,medium,1,https://iecw.edu.in/,placementRate | medianSalary | averageSalary | highestSalary | nirfEngineering | naacGrade,54
2005,"Government College of Technology (Autonomous), Thadagam Road, Coimbatore District 641013",197.5,CS,2025,1990,10,,,,,0,,,,true,true,,www.gct.ac.in,unknown,0,,placementRate | medianSalary | averageSalary | highestSalary | nirfEngineering | naacGrade | facilities,46
2006,"PSG College of Technology (Autonomous), Peelamedu, Coimbatore District",199.5,CM,2025,342,24,74.6,700000,,,1,67,2025,,true,true,,www.psgtech.edu,high,2,https://www.nirfindia.org/nirfpdfcdn/2025/pdf/Engineering/IR-E-C-37013.pdf | https://www.nirfindia.org/Rankings/2025/EngineeringRanking.html,averageSalary | highestSalary | naacGrade | facilities,69
2007,"Coimbatore Institute of Technology (Autonomous), Civil Aerodrome Post, Coimbatore District 641014",198,CS,2025,1429,14,87.88,680000,,1540000,3,101-150,2025,,true,true,Sports facilities | Cafeteria | Auditorium | Medical facilities | Central library | Laboratories,www.cit.edu.in,high,6,https://cit.edu.in/placements/placement-records | https://cit.edu.in/uploads/epdf_documents/1a5a87365c853fcf3afbd733e6ac657b.pdf | https://www.nirfindia.org/Rankings/2025/EngineeringRanking150.html | https://cit.edu.in/general-facilities | https://cit.edu.in/life-at-cit/academic-facilities | http://cit.edu.in/,averageSalary | naacGrade,85
2025,"Anna University Regional Campus - Coimbatore, Maruthamalai Main Road, NavavoorBharathiyar University Post, Somayampalayam, Coimbatore District",194,CS,2025,6641,6,,,,,0,,,,false,true,,www.aurcc.ac.in,unknown,0,,placementRate | medianSalary | averageSalary | highestSalary | nirfEngineering | naacGrade | facilities,46
2302,"Sri Shanmugha College of Engineering and Technology, Morur Bit II Village, Salem District 637304",150.5,CS,2025,116903,8,,,,,0,,,,false,true,,https://shanmugha.edu.in/,unknown,0,,placementRate | medianSalary | averageSalary | highestSalary | nirfEngineering | naacGrade | facilities,46
2323,Dhanalakshmi Srinivasan College of Engineering and Technology (Autonomous Tiruppur Campus),,,,,0,,,,,0,,,,false,,,,unknown,0,,highestCutoff | closingRank | programs | placementRate | medianSalary | averageSalary | highestSalary | nirfEngineering | naacGrade | hostelAvailable | facilities | website,8
2327,"N S N College of Engineering and Technology, Karur-Madurai NH7, Manalmedu, Karur District 639003",127,CS,2025,179703,7,,,,,0,,,,false,true,Central library | Laboratories,www.nsn.ac.in,medium,1,https://nsn.ac.in/,placementRate | medianSalary | averageSalary | highestSalary | nirfEngineering | naacGrade,54
2329,"Rathinam Technical Campus(Autonomous), Pollachi Road, Eachanari, Coimbatore District 641021",180.075,AD,2025,35404,11,96.24,950000,450000,4100000,4,201-300,2025,A,true,true,Laboratories | Central library,https://www.rathinamtechnicalcampus.com/,high,4,https://rtc.ac.in/ | https://rtc.ac.in/wp-content/uploads/2026/04/NIRF-Overall-2.4.26.pdf | https://www.nirfindia.org/Rankings/2025/EngineeringRanking300.html | https://rtc.ac.in/liferathinam/,,100
2332,"Aishwarya College of Engineering and Technology, ErrattaikaraduParuvachi Post, Anthiyur (Via), Bhavani Taluk, Erode District 638312",104,AD,2025,225098,1,,,,,0,,,,false,true,,www.aishwaryaengg.ac.in,unknown,0,,placementRate | medianSalary | averageSalary | highestSalary | nirfEngineering | naacGrade | facilities,46
2338,"Asian College of Engineering and Technology, Asian College Road, Kondayampalayam, Near Saravanampatti, Coimbatore District 641110",134,CS,2025,162551,7,,,,,0,,,,false,true,,www.acetcbe.in,unknown,0,,placementRate | medianSalary | averageSalary | highestSalary | nirfEngineering | naacGrade | facilities,46
2341,"Ganesh College of Engineering, Attur Main Road, Mettupatti, Salem District",114,CS,2025,207625,8,,,,,0,,,,false,true,Transport | Central library | Laboratories | Innovation centre | Sports facilities,http://ganeshenggcollege.org/,medium,1,http://ganeshenggcollege.org/,placementRate | medianSalary | averageSalary | highestSalary | nirfEngineering | naacGrade,54
2342,"Sri Ranganathar Institute of Engineering and Technology, Thudialur-Kovilpalay Road, Coimbatore District 641110",149,AD,2025,121928,7,97.22,350000,,500000,3,,,,false,true,Central library | Gymnasium | Wi-Fi campus | Laboratories | Cafeteria,www.sriet.ac.in,medium,3,https://sriet.ac.in/wp-content/uploads/2025/02/placed.pdf | https://sriet.ac.in/wp-content/uploads/2025/02/NIRF-2025-ENGINEERING.pdf | https://www.sriet.ac.in/,averageSalary | nirfEngineering | naacGrade,77
2343,"Indian Institute of Handloom Technology, Foulke's Compound, Thillai Nagar, Salem District 636001",175,HT,2025,48702,1,,,,,0,,,,false,true,Cafeteria | Auditorium | Laboratories | Gymnasium | Central library,www.iihtsalem.edu.in,medium,2,https://www.iihtsalem.edu.in/ | https://www.iihtsalem.edu.in/boys-hostel/,placementRate | medianSalary | averageSalary | highestSalary | nirfEngineering | naacGrade,54
2345,"Dhirajlal Gandhi College of Technology, Sikkanampatty, (Opp. to Airport), Omalur Taluk, Salem District 636309",148.5,EC,2025,122524,9,86.72,360000,,,3,,,,false,true,Sports facilities | Cafeteria | Auditorium | Laboratories | Transport | Central library,www.dgct.ac.in,medium,3,https://www.dgct.ac.in/nirf2026.pdf | https://www.dgct.ac.in/ | https://www.dgct.ac.in/green-campus.php,averageSalary | highestSalary | nirfEngineering | naacGrade,69
2346,"Shree Sathyam College of Engineering and Technology, NH-47, Manjakkalpatti, Kuppanur Post, Sankari Taluk, Salem District 637301",144.5,BM,2025,134354,7,,,,,0,,,B,false,true,Transport | Central library | Gymnasium | Laboratories | Innovation centre | Auditorium | Cafeteria | Medical facilities,www.shreesathyam.edu.in,medium,2,https://shreesathyam.edu.in/ | https://shreesathyam.edu.in/facility/,placementRate | medianSalary | averageSalary | highestSalary | nirfEngineering,62
2347,"AVS College of Technology, Attur Main Road, Near AVS College of Arts & Science, Chinnagoundapuram, Salem District 636106",146,EC,2025,130369,7,,,,,0,,,,false,,,,unknown,0,,placementRate | medianSalary | averageSalary | highestSalary | nirfEngineering | naacGrade | hostelAvailable | facilities | website,31
2349,"Dhaanish Ahmed Institute of Technology, Pichanur Post, (Near K G Chavadi), Coimbatore District 641105",171.5,CS,2025,58166,9,,,,,0,,,,false,true,,www.dhaanish.com,unknown,0,,placementRate | medianSalary | averageSalary | highestSalary | nirfEngineering | naacGrade | facilities,46
2350,"Jairupaa College of Engineering, Thottiapalayam, Kathankanni Post, Kangayam, Tiruppur District 641 604",156.56,EC,2025,99808,2,,,,,0,,,,false,true,,www.jairupa.org,unknown,0,,placementRate | medianSalary | averageSalary | highestSalary | nirfEngineering | naacGrade | facilities,46
2354,"Pollachi Institute of Engineering and Technology, Main Road, Poosaripatti, Pollachi Taluk, Coimbatore District 642205",132,CS,2025,168160,7,,,,,0,,,,false,true,Cafeteria | Central library | Laboratories,www.pietech.edu.in,medium,1,https://www.pietech.edu.in/,placementRate | medianSalary | averageSalary | highestSalary | nirfEngineering | naacGrade,54
2356,"Arulmurugan College of Engineering, Karvazhi Road, Thennilai Post, Karur District 639206",127,EC,2025,179524,4,,,,,0,,,,false,true,Laboratories | Central library | Medical facilities | Cafeteria,www.arulmurugan.edu.in,medium,2,https://arulmurugan.edu.in/ | https://arulmurugan.edu.in/campus-life/,placementRate | medianSalary | averageSalary | highestSalary | nirfEngineering | naacGrade,54
2357,"V S B College of Engineering Technical Campus, EalurPirivu, Solavampalayam Post, Coimbatore District 642109",173,CS,2025,54396,8,91.62,400000,460000,450000,2,,,,false,true,Medical facilities | Central library | Laboratories | Gymnasium,www.vsbcetc.com,medium,4,https://vsbcetc.edu.in/placement-details/ | https://vsbcetc.edu.in/wp-content/uploads/2024/03/V.S.B-College-2022-23-NIRF-RANKING-2024.pdf | https://vsbcetc.edu.in/ | https://vsbcetc.edu.in/hostel-2/,nirfEngineering | naacGrade,85
2360,"Suguna College of Engineering, Kalappatti Road, Civil Aerodrome Post, Coimbatore District 641014",142.5,CS,2025,140061,7,,,,,0,,,,false,true,Cafeteria | Auditorium | Central library | Laboratories,www.sugunace.com,medium,2,https://www.sugunace.com/ | https://www.sugunace.com/pricing.html,placementRate | medianSalary | averageSalary | highestSalary | nirfEngineering | naacGrade,54
2361,"Sasi Creative School of Archiecture, No.293/2B, Roja Raja Garden, Pollachi Main Road, Myleripalayam, Coimbatore District 641032",100.5,IF,2025,228954,1,,,,,0,,,,false,true,Transport | Central library | Wi-Fi campus | Auditorium | Cafeteria,www.scsa.ac.in,medium,2,https://scsa.ac.in/infrastructure/ | https://scsa.ac.in/,placementRate | medianSalary | averageSalary | highestSalary | nirfEngineering | naacGrade,54
2367,"Arjun College of Technology, Chettiyakkapalayam, Kinathukadavu, Coimbatore District 642120",150.5,EC,2025,117510,9,,,,,0,,,A,false,true,Laboratories | Central library,www.actechnology.in,medium,1,https://www.actechnology.in/,placementRate | medianSalary | averageSalary | highestSalary | nirfEngineering,62
2368,"Vishnu Lakshmi College of Engineering and Technology, Vellalore Post, Coimbatore District 641111",127,CE,2024,136785,1,,,,,0,,,,false,,,,unknown,0,,placementRate | medianSalary | averageSalary | highestSalary | nirfEngineering | naacGrade | hostelAvailable | facilities | website,31
2369,"Government College of Engineering, Chettikkarai Post, Dharmapuri District",183.5,CS,2025,27510,6,,,,,0,,,,false,true,,www.gcedpi.edu.in,unknown,0,,placementRate | medianSalary | averageSalary | highestSalary | nirfEngineering | naacGrade | facilities,46
2377,641062,197,CS,2025,2379,8,86.5,750000,,,3,101-150,2025,,false,true,Central library | Laboratories | Cafeteria | Medical facilities,www.psgitech.ac.in,high,3,https://psgitech.ac.in/uploads/pdf/NIRF/NIRF_2026_PSGiTech.pdf | https://www.nirfindia.org/Rankings/2025/EngineeringRanking150.html | https://psgitech.ac.in/,averageSalary | highestSalary | naacGrade,77
2378,Cheran College of Technology,152.5,EC,2024,80474,1,,,,,0,,,,false,,,,unknown,0,,placementRate | medianSalary | averageSalary | highestSalary | nirfEngineering | naacGrade | hostelAvailable | facilities | website,31
2601,"Adhiyamaan College of Engineering (Autonomous), Hosur, Krishnagiri District",158.5,CS,2025,94735,14,,,,,0,,,,true,true,,www.adhiyamaan.ac.in,unknown,0,,placementRate | medianSalary | averageSalary | highestSalary | nirfEngineering | naacGrade | facilities,46
2602,"AnnaiMathammal Sheela Engineering College, Erumapatty Post, Namakkal District 637013",146,AG,2025,130110,5,,,,,0,,,,false,true,Central library | Medical facilities | Auditorium | Cafeteria,www.amsheela.org.in,medium,2,https://www.amsheela.org.in/facilities.aspx | https://www.amsheela.org.in/,placementRate | medianSalary | averageSalary | highestSalary | nirfEngineering | naacGrade,54
2603,"Government College of Engineering (Autonomous), Bargur, Krishnagiri District",191,CS,2025,11109,5,,,,,0,,,,true,true,,www.gcebargur.ac.in,unknown,0,,placementRate | medianSalary | averageSalary | highestSalary | nirfEngineering | naacGrade | facilities,46
2607,"K S Rangasamy College of Technology (Autonomous), Tiruchengode, Namakkal District 637215",172,AD,2025,56730,13,85,,,,1,,,A,true,true,Sports facilities | Auditorium | Central library | Laboratories,https://ksrct.ac.in/,medium,3,https://ksrct.ac.in/training-placement.php | https://ksrct.ac.in/ | https://ksrct.ac.in/Life-at-Ksrct.php,medianSalary | averageSalary | highestSalary | nirfEngineering,69
2608,"M Kumarasamy College of Engineering (Autonomous), Thalavapalayam, Karur District 639113",176.5,CS,2025,44300,11,,,,680000,1,201-300,2025,A,true,true,Central library,WWW.MKCE.AC.IN,high,3,https://www.mkce.ac.in/placement | https://www.nirfindia.org/Rankings/2025/EngineeringRanking300.html | https://www.mkce.ac.in/,placementRate | medianSalary | averageSalary,77
2609,"Mahendra Engineering College (Autonomous), Mahendhirapuri, Mallasamudram, Namakkal District 637503",157.5,CS,2025,97067,11,,,,,0,,,A,true,true,Auditorium | Cafeteria | Medical facilities | Laboratories | Central library,www.mahendra.info,medium,3,https://mahendra.info/ | https://mahendra.info/other-facilities/ | https://mahendra.info/hostel/,placementRate | medianSalary | averageSalary | highestSalary | nirfEngineering,62
2610,"Muthayammal Engineering College (Autonomous), Rasipuram, Namakkal District 637408",142,CE,2025,140685,14,75.76,503707,,,3,,,A,true,true,Cafeteria | Auditorium | Central library,www.mec.edu.in,medium,3,https://mec.edu.in/storage/2026/03/Muthayammal-Engineering-College20260314-Engineering.pdf | https://mec.edu.in/about-us/accreditation/ | https://mec.edu.in/facilities/,averageSalary | highestSalary | nirfEngineering,77
2611,"Paavai Engineering College (Autonomous), NH-7, Pachal Post, Namakkal District 637018",159.5,AD,2025,91241,19,90.76,440000,,,3,,,A,true,true,Auditorium | Medical facilities | Central library | Gymnasium | Laboratories,http://pec.paavai.edu.in,medium,3,https://pec.paavai.edu.in/wp-content/uploads/2026/04/Paavai-Engineering-College.pdf | https://pec.paavai.edu.in/ | https://pec.paavai.edu.in/facilities/,averageSalary | highestSalary | nirfEngineering,77
2612,"P G P College of Engineering and Technology, Paramathi Post, Namakkal District 637207",127,EC,2025,179733,8,,,,,0,,,,false,true,,ww.pgpcet.ac.in,unknown,0,,placementRate | medianSalary | averageSalary | highestSalary | nirfEngineering | naacGrade | facilities,46
2613,"K S R College of Engineering (Autonomous), Tiruchengode, Namakkal District",167,CS,2025,70558,11,,,,,0,,,A,true,true,Central library | Laboratories | Medical facilities | Cafeteria,www.ksrce.ac.in,medium,1,https://www.ksrce.ac.in/,placementRate | medianSalary | averageSalary | highestSalary | nirfEngineering,62
2614,"S S M College of Engineering, Komarapalayam, Namakkal District 638183",130,PE,2025,173004,8,63.66,380000,,,2,,,,false,true,Central library | Laboratories | Sports facilities | Auditorium | Cafeteria,www.ssmce.ac.in,medium,4,https://www.ssmce.ac.in/pdf/NIRF-SSM_College_of_Engineering_2025_NEW.pdf | https://www.ssmce.ac.in/ | https://www.ssmce.ac.in/fac_infra.php | https://www.ssmce.ac.in/infrainitiative.php,averageSalary | highestSalary | nirfEngineering | naacGrade,69
2615,"Government College of Engineering (Autonomous), Karuppur, Salem District",195,CS,2025,4832,7,,,,,0,,,,true,true,,www.gcesalem.edu.in,unknown,0,,placementRate | medianSalary | averageSalary | highestSalary | nirfEngineering | naacGrade | facilities,46
2616,"Sapthagiri College of Engineering, Periyanahalli Post, Dharmapuri District",118,EC,2025,200561,4,,,,,0,,,,false,true,,www.sapthagirigroup.com,unknown,0,,placementRate | medianSalary | averageSalary | highestSalary | nirfEngineering | naacGrade | facilities,46
2617,"Sengunthar Engineering College (Autonomous), Tiruchengode, Namakkal District 637205",152.5,EC,2025,111320,12,95,420000,,,2,,,A,true,true,Medical facilities | Gymnasium | Central library,www.scteng.co.in,medium,3,https://sect.edu.in/pdf/OVERALL%20_NIRF%202025.pdf | https://sect.edu.in/ | https://sect.edu.in/infrastructure.html,averageSalary | highestSalary | nirfEngineering,77
2618,"Sona College of Technology (Autonomous), Suramangalam Post, Salem District",185,CS,2025,23821,18,,,,,0,151-200,2025,,false,,,,high,1,https://www.nirfindia.org/Rankings/2025/EngineeringRanking200.html,placementRate | medianSalary | averageSalary | highestSalary | naacGrade | hostelAvailable | facilities | website,38
2620,"Vivekanandha College of Engineering for Women (Autonomous), Sathinaickenpalayam, Elayampalayam Village, Kumaramangalam, Namakkal District 637205",168.5,AD,2025,65788,10,65.17,312000,280000,,4,,,,true,true,Cafeteria | Central library,www.vcenggw.ac.in,medium,3,https://www.vcenggw.ac.in/placement.php | https://www.vcenggw.ac.in/pdf/nirf/2026/Overall.pdf | https://www.vcenggw.ac.in/,highestSalary | nirfEngineering | naacGrade,77
2621,"Er. Perumal Manimekalai College of Engineering, (Autonomous) Near Koneripalli, Hosur, Krishnagiri District 635117",157.5,CS,2025,98196,12,,,,,0,,,,false,,,,unknown,0,,placementRate | medianSalary | averageSalary | highestSalary | nirfEngineering | naacGrade | hostelAvailable | facilities | website,31
2622,"V S B Engineering College(Autonomous),Kovai Road, Karur District 639111",179,CS,2025,38585,13,,,750000,4700000,1,,,A,true,true,Central library | Laboratories | Cafeteria,www.vsbec.com,medium,3,https://vsbec.edu.in/placements/ | https://admissions.vsbcetc.edu.in/application-form-vsb-karur-campus?utm_source=organic& | https://vsbec.edu.in/,placementRate | medianSalary | nirfEngineering,77
2623,"Mahendra College of Engineering, Attur Road, Minnampalli, Valapady, Salem District 636106",155.5,EC,2025,103243,7,,,,,0,,,,false,true,,www.mahendracollege.com,unknown,0,,placementRate | medianSalary | averageSalary | highestSalary | nirfEngineering | naacGrade | facilities,46
2624,"Gnanamani College of Technology(Autonomous), Pachal Post, Namakkal District 637018",144,BT,2025,136046,11,,,,,0,,,A,true,true,Central library | Transport | Innovation centre | Medical facilities,WWW.GCT.ORG.IN,medium,1,https://www.gct.org.in/,placementRate | medianSalary | averageSalary | highestSalary | nirfEngineering,62
2625,"The Kavery Engineering College, M Kalipatti Post, Mecheri, Salem District",144.5,EC,2025,134015,10,,,,,0,,,,false,true,Central library | Gymnasium | Medical facilities | Cafeteria,www.kavery.org.in,medium,3,https://www.kavery.org.in/ | https://www.kavery.org.in/hostel.aspx | https://www.kavery.org.in/infrastructure.aspx,placementRate | medianSalary | averageSalary | highestSalary | nirfEngineering | naacGrade,54
2627,"Selvam College of Technology, Pappanaickenpatti Post, Namakkal District",133.5,CS,2025,164005,9,80.4,225000,,,3,,,,false,true,Sports facilities | Transport | Central library,www.selvamtech.edu.in,medium,3,https://selvamtech.edu.in/wp-content/uploads/2026/04/SCT-NIRF-Engg-Application-2024-2025.pdf | https://selvamtech.edu.in/facilities/ | https://selvamtech.edu.in/,averageSalary | highestSalary | nirfEngineering | naacGrade,69
2628,"Paavai College of Engineering,(Autonomous), NH-7, Pachal Post, Namakkal District 637018",148.5,AD,2025,123085,8,,,,,0,,,A,false,true,Gymnasium | Innovation centre | Laboratories | Central library | Transport | Auditorium | Medical facilities,http://pce.paavai.edu.in,medium,3,https://pce.paavai.edu.in/ | https://pce.paavai.edu.in/naac/ | https://pce.paavai.edu.in/facilities/transport/,placementRate | medianSalary | averageSalary | highestSalary | nirfEngineering,62
2630,"Chettinad College of Engineering and Technology, NH-67, Trichy Main Road, Puliyur C F, Karur District 639114",162.5,CS,2025,83182,6,,,,200000,1,,,,false,true,Cafeteria | Transport | Central library | Laboratories,www.chettinadtech.ac.in,medium,2,https://www.chettinadtech.ac.in/assets/pdf/MandatoryDisclosure26.pdf | https://www.chettinadtech.ac.in/,placementRate | medianSalary | averageSalary | nirfEngineering | naacGrade,62
2632,"Mahendra Institute of Technology (Autonomous), Mahendhirapuri, Mallasamudram, Namakkal District 637503",137,EC,2025,155149,7,,,,,0,,,,true,true,,www.mahendratech.org,unknown,0,,placementRate | medianSalary | averageSalary | highestSalary | nirfEngineering | naacGrade | facilities,46
2633,"Vidyaa Vikas College of Engineering and Technology, Varahoorampatti, Tiruchengode, Namakkal District 637 214",104,SC,2025,225180,5,,,,,0,,,,false,true,,http://vvcet.ac.in/,unknown,0,,placementRate | medianSalary | averageSalary | highestSalary | nirfEngineering | naacGrade | facilities,46
2634,"Excel Engineering College (Autonomous), NH-544, Salem Main Road, Pallakapalayam, Sankari West Post, Komarapalayam Taluk, Namakkal District -",158,CB,2025,95580,16,,,320000,800000,1,,,,true,true,Cafeteria,www.excelinstitutions.com,medium,2,https://excelinstitutions.com/placement-day-2026-campus-to-corporate/ | https://excelinstitutions.com/campus-facilities/,placementRate | medianSalary | nirfEngineering | naacGrade,69
2635,"CMS College of Engineering, Emapuram Post, Namakkal District 637003",116,EC,2025,204591,7,,,,,0,,,,false,true,,www.cmsgroupofinstitutions.in,unknown,0,,placementRate | medianSalary | averageSalary | highestSalary | nirfEngineering | naacGrade | facilities,46
2636,"A V S Engineering College, Military Road, Ammapet, Salem District 636003",145.5,EC,2025,131870,9,,,,,0,,,A,false,true,Sports facilities | Cafeteria | Innovation centre | Laboratories | Central library,www.avsenggcollege.ac.in,medium,1,https://www.avsenggcollege.ac.in/,placementRate | medianSalary | averageSalary | highestSalary | nirfEngineering,62
2638,"Mahendra Engineering College for Women, Kumaramangalam, Namakkal District 637205",138,EC,2025,152015,3,,,,,0,,,,false,true,Medical facilities | Cafeteria | Laboratories | Innovation centre | Gymnasium | Central library,www.mecw.org,medium,3,https://mecw.org/hostel/ | https://mecw.org/ | https://mecw.org/naac/,placementRate | medianSalary | averageSalary | highestSalary | nirfEngineering | naacGrade,54
2639,"Narasu'sSarathy Institute of Technology, Poosaripatty Village, Omalur Taluk, Salem District 636305",143.5,IT,2025,136945,7,,,,,0,,,,false,true,,www.nsit.edu.in,unknown,0,,placementRate | medianSalary | averageSalary | highestSalary | nirfEngineering | naacGrade | facilities,46
2640,"Jayalakshmi Institute of Technology, Thoppur, Dharmapuri District 635352",127.5,AG,2025,178615,8,,,,,0,,,,false,true,Cafeteria | Auditorium | Central library,www.jit.net.in,medium,1,https://www.jit.net.in/,placementRate | medianSalary | averageSalary | highestSalary | nirfEngineering | naacGrade,54
2641,"VaruvanVadivelan Institute of Technology, Nallanahalli, Dharmapuri District",113.499999999999,AD,2025,209240,7,,,,,0,,,,false,true,,www.vvitengineering.com,unknown,0,,placementRate | medianSalary | averageSalary | highestSalary | nirfEngineering | naacGrade | facilities,46
2642,"P S V College of Engineeering and Technology, Mittapalli, Balinayanapalli Post, Elathagiri, Krishnagiri District 635108",155.5,AD,2025,102683,9,94.41,400000,,,3,,,A,false,true,Cafeteria | Auditorium | Medical facilities | Gymnasium | Central library,www.psvcet.ac.in,medium,3,https://psvcet.ac.in/psv-doc/psv2026overall.pdf | https://psvcet.ac.in/ | https://psvcet.ac.in/hostel/,averageSalary | highestSalary | nirfEngineering,77
2643,"Bharathiyar Institute of Engineering for Women, Deviayakurichi, Attur Taluk, Salem District 636112",146,IT,2025,130592,6,87.22,288000,,,1,,,B,false,true,Central library | Laboratories | Innovation centre | Auditorium,www.biew.ac.in,medium,2,https://biew.ac.in/wp-content/uploads/2023/02/BHARATHIYAR-INSTITUTE-OF-ENGINEERING-FOR-WOMEN20230120-OVERALL.pdf | https://biew.ac.in/,averageSalary | highestSalary | nirfEngineering,77
2646,"Tagore Institute of Engineering and Technology, Deviyakurichi, Attur Taluk, Salem District 636112",130,EC,2025,173066,8,,,,,0,,,,false,true,,www.tagoreiet.ac.in,unknown,0,,placementRate | medianSalary | averageSalary | highestSalary | nirfEngineering | naacGrade | facilities,46
2647,"J K K Nataraja College of Engineering and Technology, Komarapalayam Amani, Thattankuttai Panchayat, Namakkal District 638183",139,CS,2025,149008,5,95,168000,1200000,450000,2,,,A,false,true,Sports facilities | Auditorium | Cafeteria | Wi-Fi campus | Central library | Transport,https://engg.jkkn.ac.in,medium,4,https://placements.jkkn.ac.in/ | https://engg.jkkn.ac.in/documents/nirf/2024/engineering.pdf | https://engg.jkkn.ac.in/ | https://engg.jkkn.ac.in/facilities/transport,nirfEngineering,92
2648,"Annapoorana Engineering College (Autonomous), Sankari Main Road, NH-47, Periaseeragapadi, Salem District 636308",152.5,CS,2025,111815,9,79.32,350000,,,3,,,,true,true,Medical facilities | Laboratories | Central library,www.aecsalem.edu.in,medium,2,https://www.aecsalem.edu.in/files/NIRF/AEC-NIRF-2026.pdf | https://www.aecsalem.edu.in/,averageSalary | highestSalary | nirfEngineering | naacGrade,69
2650,"Christ The King Engineering College, Cecilia Gardens, Chikkarampalayam Village, Coimbatore District 641104",135,IT,2025,159214,6,98.46,400000,,,3,,,B,false,true,Central library,www.ckec.ac.in,medium,2,https://ckec.ac.in/ANNAUNIVERSITY/nirf/nirf2026.pdf | http://www.ckec.ac.in/,averageSalary | highestSalary | nirfEngineering,77
2651,"Jai Shriram Engineering College, Dharapuram Road, Avinashi Palayam, Tiruppur District 638660",154.5,EC,2025,106612,8,89.13,325000,,,1,,,,false,true,Central library | Auditorium,www.jayshriram.edu.in,medium,2,https://www.jayshriram.edu.in/pdf/NIRF-Overall_merged.pdf | https://www.jayshriram.edu.in/,averageSalary | highestSalary | nirfEngineering | naacGrade,69
2652,"AL-Ameen Engineering College (Autonomous), KarundevanPalayam, NanjaiUthukuli Post, Erode District 638104",134.5,AD,2025,161006,6,97.94,240000,,,3,,,,true,true,Transport | Central library,www.alameen.ac.in,medium,2,https://alameen.ac.in/wp-content/uploads/2026/04/AL-Ameen-Engineering-College20260415-1-3.pdf | https://alameen.ac.in/,averageSalary | highestSalary | nirfEngineering | naacGrade,69
2653,"Knowledge Institute of Technology(Autonomous), KIOT Campus, Kakapalayam Post, Salem District 637504",174,CS,2025,50930,9,94.9,350000,,,3,,,B,true,true,Central library,www.kiot.ac.in,medium,2,https://kiot.ac.in/wp-content/uploads/2026/04/NIRF-2026-Engineering.pdf | https://kiot.ac.in/,averageSalary | highestSalary | nirfEngineering,77
2656,"Builders Engineering college, Nathakadaiyur, Erode Road, Palayakottai Village, Kangeyam, Tiruppur District 638108",179,CS,2025,38132,9,,,,,0,,,,false,true,,www.builderscollege.edu.in,unknown,0,,placementRate | medianSalary | averageSalary | highestSalary | nirfEngineering | naacGrade | facilities,46
2658,"V S A Group of Institutions, NH-47, Uthamasola Puram Post, Salem District",128.5,CS,2025,176546,4,90,,,,1,,,,false,true,Central library | Laboratories | Cafeteria,www.vsagroup.ac.in,medium,1,https://www.vsagroup.ac.in/,medianSalary | averageSalary | highestSalary | nirfEngineering | naacGrade,62
2659,"Salem College of Engineering and Technology, Salem-Attur Main Road, NH-68, MettupattyPerumapalayam, Salem District 636111",138,AD,2025,152320,9,,,,,0,,,,false,,,,unknown,0,,placementRate | medianSalary | averageSalary | highestSalary | nirfEngineering | naacGrade | hostelAvailable | facilities | website,31
2673,"Sree Sakthi Engineering College, Bettathapuram, Bilichi Village, Karamadai, Coimbatore District 641104",168,CS,2025,68213,9,96.72,330000,500000,1400000,3,,,A,false,true,Gymnasium | Central library | Cafeteria,www.sreesakthi.edu.in,medium,4,https://www.sreesakthi.edu.in/assets/documents/Annual-Report.pdf | https://www.sreesakthi.edu.in/assets/documents/iqac/NIRF.pdf | https://www.sreesakthi.edu.in/naac | https://www.sreesakthi.edu.in/,nirfEngineering,92
2683,"Shreenivasa Engineering College, B Pallipatti, Bommidi, Pappireddipatti Taluk, Dharmapuri District 635301",122.5,AD,2025,190303,8,,,,,0,,,,false,true,Central library,www.shreenivasa.info,medium,1,https://shreenivasa.info/,placementRate | medianSalary | averageSalary | highestSalary | nirfEngineering | naacGrade,54
2702,"Bannari Amman Institute of Technology (Autonomous), Sathyamanagalam, Erode District 638401",189.5,CS,2025,14432,11,87.37,550000,,4400000,4,,,A,true,true,Auditorium | Cafeteria | Sports facilities | Medical facilities | Transport | Central library | Laboratories | Innovation centre,bitsathy.ac.in,medium,6,https://www.bitsathy.ac.in/placement/ | https://www.bitsathy.ac.in/wp-content/uploads/NIFR-2026.pdf | https://www.bitsathy.ac.in/ | https://www.bitsathy.ac.in/campus-facilities/ | https://www.bitsathy.ac.in/sports-facilities/ | https://www.bitsathy.ac.in/college-bus-facility/,averageSalary | nirfEngineering,85
2704,"Coimbatore Institute of Engineering and Technolgoy (Autonomous), Narasipuram Post, Coimbatore District 641109",176,CS,2025,46685,11,,,800000,,1,,,A,true,true,Central library | Auditorium,www.cietcbe.edu.in,medium,2,https://www.cietcbe.edu.in/placements | https://www.cietcbe.edu.in/,placementRate | medianSalary | highestSalary | nirfEngineering,69
2705,"CSI College of Engineering, Ketti, The Nilgiris 643215",148.5,AD,2025,123006,7,79.63,370000,,,2,,,,false,true,Medical facilities | Central library | Transport,www.csice.edu.in,medium,2,https://csice.edu.in/wp-content/uploads/2025/02/NIRF_CSI-College-of-Engineering20250121.pdf | https://csice.edu.in/,averageSalary | highestSalary | nirfEngineering | naacGrade,69
2706,"Dr. Mahalingam College of Engineering and Technology (Autonomous), Mackinaickenpatti Post, Pollachi Taluk, Coimbatore District 642003",187.5,CS,2025,18352,11,,,,,0,,,,true,true,,www.mcet.in,unknown,0,,placementRate | medianSalary | averageSalary | highestSalary | nirfEngineering | naacGrade | facilities,46
2707,"Erode Sengunthar Engineering College (Autonomous), Thudupathi Post, Erode District 638057",159.5,SC,2025,91597,19,95.92,350000,,,3,,,,true,true,Auditorium | Central library | Innovation centre,www.erode-sengunthar.ac.in,medium,3,https://erode-sengunthar.ac.in/wp-content/uploads/2026/04/NIRF-ENGG-26.pdf | https://erode-sengunthar.ac.in/overall-infrastructure-gallery/ | https://erode-sengunthar.ac.in/,averageSalary | highestSalary | nirfEngineering | naacGrade,69
2708,"Hindusthan College of Engineering and Technology (Autonomous), Othakkalmandapam Post, Coimbatore District 641032",181,CS,2025,33347,17,,,,,0,201-300,2025,A,true,true,Central library | Gymnasium | Laboratories | Cafeteria,www.hindusthan.net,high,3,https://www.nirfindia.org/Rankings/2025/EngineeringRanking300.html | https://www.hindusthan.net/ | https://www.hindusthan.net/the-campus-experience.html,placementRate | medianSalary | averageSalary | highestSalary,69
2709,"Government Engineering College (Formerly Institute of Road and Transport Technology), Vasavi College Post, Erode District 638316",191.5,CS,2025,11049,8,24.84,140000,,,1,,,,false,true,Innovation centre | Laboratories | Gymnasium | Central library | Transport | Medical facilities | Auditorium | Cafeteria,www.gcee.ac.in,medium,3,https://www.gcee.ac.in/NIRF/NIRF2024.pdf | https://www.gcee.ac.in/ | https://www.gcee.ac.in/medicalfacilities.php,averageSalary | highestSalary | nirfEngineering | naacGrade,69
2710,"Karpagam College of Engineering (Autonomous), Othakkalmandapam, Coimbatore District 641032",193.5,SC,2025,7129,9,,,,450000,1,201-300,2025,A,true,true,Innovation centre | Central library | Auditorium | Cafeteria | Sports facilities,http://www.kce.ac.in,high,3,https://kce.ac.in/placement-overview | https://www.nirfindia.org/Rankings/2025/EngineeringRanking300.html | https://kce.ac.in/,placementRate | medianSalary | averageSalary,77
2711,"Kongu Engineering College (Autonomous), Perundurai, Erode District 638052 Kongu School of Architecture, Kongu Engineering College Campus, Perundurai",186.5,CS,2025,20273,14,,,,,0,101-150,2025,,true,true,,www.kongu.ac.in,high,1,https://www.nirfindia.org/Rankings/2025/EngineeringRanking150.html,placementRate | medianSalary | averageSalary | highestSalary | naacGrade | facilities,54
2712,"Kumaraguru College of Technology (Autonomous), Chinnavedampatti Post, Coimbatore District 641006",195.5,CS,2025,4268,14,,,580000,,1,151-200,2025,A,true,true,Central library | Laboratories | Gymnasium | Medical facilities | Sports facilities | Cafeteria | Auditorium,www.kct.ac.in,high,4,https://kct.ac.in/wp-content/uploads/2024/07/KCT_Annual-Report-23.pdf | https://www.nirfindia.org/Rankings/2025/EngineeringRanking200.html | https://kct.ac.in/the-campus/ | https://kct.ac.in/,placementRate | medianSalary | highestSalary,77
2713,"M P Nachimuthu M Jaganathan Engineering College, Chennimalai, Erode District 638112",143,EC,2025,138979,6,83.64,300000,,,3,,,,false,true,Cafeteria | Gymnasium | Innovation centre | Laboratories | Central library,www.mpnmjec.ac.in,medium,3,https://mpnmjec.ac.in/wp-content/uploads/2026/04/NIRF2026-ENGG.pdf | https://mpnmjec.ac.in/ | https://mpnmjec.ac.in/naac-2/,averageSalary | highestSalary | nirfEngineering | naacGrade,69
2715,"Nandha Engineering College (Autonomous), Pitchandampalayam Post, Erode District 638052",165.5,CS,2025,74256,12,92.59,414000,,4400000,3,,,A,true,true,Auditorium | Cafeteria | Sports facilities | Laboratories | Gymnasium | Central library | Transport,www.nandhaengg.org,medium,4,https://nandhaengg.org/placement/ | https://nandhaengg.org/wp-content/uploads/2025/02/NEC-NIRF-2025-Engineering.pdf | https://nandhaengg.org/ | https://nandhaengg.org/facilities/,averageSalary | nirfEngineering,85
2716,"Park College of Engineering and Technology, Kaniyur, Coimbatore District",155,AD,2025,104091,15,81.91,210000,,,2,,,A,false,true,Central library | Laboratories,www.pcet.ac.in,medium,3,https://www.pcet.ac.in/NIRF/PCET_NIRF_Engineering.pdf | https://www.pcet.ac.in/ | https://www.pcet.ac.in/infrastructure/,averageSalary | highestSalary | nirfEngineering,77
2717,"Sasurie College of Engineering, Vijayamangalam, Tiruppur District 638056",130,CE,2025,172843,8,,,,,0,,,,false,,,,unknown,0,,placementRate | medianSalary | averageSalary | highestSalary | nirfEngineering | naacGrade | hostelAvailable | facilities | website,31
2718,"Sri Krishna College of Enginering and Technology (Autonomous) ,Kuniamuthur, Coimbatore District 641008",192,CS,2025,9615,13,91.46,800000,,,3,100,2025,A,true,true,Central library | Medical facilities,www.skcet.ac.in,high,3,https://skcet.ac.in/wp-content/uploads/2026/04/Overall.pdf | https://www.nirfindia.org/Rankings/2025/EngineeringRanking.html | https://skcet.ac.in/,averageSalary | highestSalary,85
2719,"Sri Ramakrishna Engineering College (Autonomous), Vattamalaipalayam, Coimbatore District 641022",187,CS,2025,19855,12,,,,,0,151-200,2025,,true,true,,www.srec.ac.in,high,1,https://www.nirfindia.org/Rankings/2025/EngineeringRanking200.html,placementRate | medianSalary | averageSalary | highestSalary | naacGrade | facilities,54
2721,"Tamilnadu College of Engineering, Karumathampatti Post, Coimbatore District",152,CS,2025,112701,9,,,,,0,,,,false,true,Medical facilities | Sports facilities | Cafeteria | Auditorium | Central library | Laboratories | Innovation centre | Gymnasium | Wi-Fi campus,www.tnce.in,medium,4,https://tnce.ac.in/clubs | https://tnce.ac.in/naac | https://tnce.ac.in/facilities | https://tnce.ac.in/,placementRate | medianSalary | averageSalary | highestSalary | nirfEngineering | naacGrade,54
2723,"Velalar College of Engineering and Technology (Autonomous), Thindal Post, Erode District 638012",174.5,CS,2025,50068,10,85,350000,,900000,4,,,A,true,true,Cafeteria | Sports facilities | Central library | Gymnasium | Innovation centre | Laboratories,www.velalarengg.ac.in,medium,2,https://www.velalarengg.ac.in/ | https://www.velalarengg.ac.in/wp-content/uploads/2026/04/NIRF-2026-IR-E-C-37094-Report-Engineering.pdf,averageSalary | nirfEngineering,85
2725,"Sri Ramakrishna Institute of Technology (Autonomous), Pachapalayam, Coimbatore District 641010",177,AD,2025,43444,6,,,,,0,,,,true,true,,www.srit.org,unknown,0,,placementRate | medianSalary | averageSalary | highestSalary | nirfEngineering | naacGrade | facilities,46
2726,"SNS College of Technology (Autonomous), Kalappatti Post, Coimbatore District",183.49,AO,2025,28201,18,86,615000,,5300000,4,201-300,2025,A,true,true,Gymnasium,www.snsct.org,high,3,https://snsct.org/ | https://snsiqac.org/NIRF/NIRF%202026/NIRF%202026_SNSCT_ENGG.pdf | https://www.nirfindia.org/Rankings/2025/EngineeringRanking300.html,averageSalary,92
2727,"Sri Shakthi Institute of Engineering and Technology (Autonomous), L&T Bye- Pass, Venkitapuram Post, Comibatore District 641062",176,CS,2025,46733,14,,,,,0,,,,true,true,,www.siet.ac.in,unknown,0,,placementRate | medianSalary | averageSalary | highestSalary | nirfEngineering | naacGrade | facilities,46
2729,"Nehru Institute of Engineering and Technology, Thirumalayampalayam Post, Coimbatore District 641105",174,CS,2025,51575,9,93.5,440000,,1800000,4,,,A,false,true,Medical facilities | Cafeteria | Innovation centre | Central library,www.nehrucolleges.org,medium,3,https://www.nehrucolleges.org/ | https://www.nehrucolleges.org/docs/nirf/2026/NIET-26-NIRF-ENGINEERING.pdf | https://www.nehrucolleges.org/gallery-facilities,averageSalary | nirfEngineering,85
2731,"R V S College of Engineering and Technology, Kannampalayam, Sulur, Coimbatore District 641402",164,CS,2025,78787,8,,,,,0,,,A,false,true,Medical facilities | Sports facilities | Cafeteria | Transport | Central library | Laboratories | Innovation centre | Gymnasium,www.rvscet.ac.in,medium,2,https://rvscet.ac.in/ | https://rvscet.ac.in/campus-life/,placementRate | medianSalary | averageSalary | highestSalary | nirfEngineering,62
2732,"Info Institute of Engineering, Sarkar Samakulam, Coimbatore District 641107",145,AD,2025,133124,6,86.21,300000,,,3,,,B,false,true,Central library | Laboratories | Innovation centre | Cafeteria | Auditorium,www.infoengg.com,medium,2,http://www.infoengg.com/images/NIRF2526INFO.pdf | http://www.infoengg.com/,averageSalary | highestSalary | nirfEngineering,77
2733,"Angel College of Engineering and Technology, P.K. Palayam, Ugayanur Village, Tirupur District 641 665",119.5,ME,2025,197292,4,,,,,0,,,,false,true,Central library | Gymnasium | Laboratories | Auditorium | Cafeteria | Sports facilities,https://angelcollege.edu.in/,medium,2,https://angelcollege.edu.in/ | https://angelcollege.edu.in/campus/,placementRate | medianSalary | averageSalary | highestSalary | nirfEngineering | naacGrade,54
2736,"Dr. N G P Institute of Technology (Autonomous), Kalapatti Road, Coimbatore District 641035",183,CS,2025,28363,10,89.02,300000,,,3,,,,true,true,Auditorium | Central library | Innovation centre | Laboratories | Wi-Fi campus,www.drngpit.ac.in,medium,3,https://www.drngpit.ac.in/pdfs/nirf/nirf-overall-2026-full-report.pdf | https://www.drngpit.ac.in/academic-facilities | https://www.drngpit.ac.in/,averageSalary | highestSalary | nirfEngineering | naacGrade,69
2737,"Sri Sai Ranganathan Engineering College, Zahirnaickenpalayam Village, Viraliyur Post, Thondamuthur Via, Coimbatore District 641109",170,CS,2025,62252,9,,,,,0,,,,false,true,Central library,www.reccbe.ac.in,medium,1,https://www.reccbe.ac.in/,placementRate | medianSalary | averageSalary | highestSalary | nirfEngineering | naacGrade,54
2739,"Sri Eshwar College of Engineering (Autonomous), Kondampatti Post, Vadasithur (Via), Kinathukadavu, Coimbatore District 641202",193.5,CS,2025,7509,10,,,,,0,201-300,2025,,true,true,,www.sece.ac.in,high,1,https://www.nirfindia.org/Rankings/2025/EngineeringRanking300.html,placementRate | medianSalary | averageSalary | highestSalary | naacGrade | facilities,54
2740,"Hindusthan Institute of Technology (Autonomous), Othakkalmandapam, Coimbatore District 641032",179,AD,2025,38578,6,,,,,0,,,A,true,true,Sports facilities | Cafeteria | Gymnasium | Laboratories | Central library | Transport,www.hit.edu.in,medium,2,https://hit.edu.in/ | https://hit.edu.in/facilities.html,placementRate | medianSalary | averageSalary | highestSalary | nirfEngineering,62
2741,"P A College of Engineering and Technology (Autonomous), Palladam Road, Pollachi, Coimbatore District 642002",166.5,CS,2025,71549,6,84.32,300000,,,3,,,A,true,true,Transport | Central library | Laboratories | Gymnasium | Medical facilities | Cafeteria | Auditorium,www.pacolleges.org,medium,3,https://www.pacolleges.org/images/accrediation/NIRF%202026.pdf | https://www.pacolleges.org/ | https://www.pacolleges.org/infra.html,averageSalary | highestSalary | nirfEngineering,77
2743,"Dhanalakshmi Srinivasan College of Engineering (CBE), NH47, Palakkad Main Road, Navakkarai Post, Near Nandhi Temple, Coimbatore District 641105",168.5,CS,2025,66214,10,73.65,750000,,,3,,,A,false,true,Cafeteria | Laboratories | Wi-Fi campus | Central library | Transport,www.dsce.ac.in,medium,4,https://dsce.ac.in/wp-content/uploads/2025/11/NIRF-ENGINEERING.pdf | https://dsce.ac.in/ | https://dsce.ac.in/facilities/ | https://dst.gov.in/,averageSalary | highestSalary | nirfEngineering,77
2744,"Adithya Institute of Technology, Kurumbapalayam Village, Coimbatore District",165,AD,2025,76595,7,98.28,168000,,,1,,,,false,true,Central library | Sports facilities,www.adithyatech.edu.in,medium,3,https://adithyatech.edu.in/wp-content/uploads/2026/04/AIT_NIRF_Engineering_2024.pdf | https://adithyatech.edu.in/library/ | https://adithyatech.edu.in/,averageSalary | highestSalary | nirfEngineering | naacGrade,69
2745,"Kathir College of Engineering, Neelambur, Avinashi Road, Coimbatore District",166.5,CS,2025,72330,7,,,,,0,,,,false,true,,www.kathir.ac.in,unknown,0,,placementRate | medianSalary | averageSalary | highestSalary | nirfEngineering | naacGrade | facilities,46
2747,"Shree Venkateshwara Hi-Tech Engineering College, (Autonomous) Othakuthirai, K Mettupalayam Post, Gobichettipalayam, Erode District 638455",147.5,AM,2025,125691,12,99.14,385000,,,3,,,A,true,true,Central library | Gymnasium | Cafeteria,www.svhec.com,medium,3,https://www.svhec.com/wp-content/uploads/2026/03/NIRF.pdf | https://www.svhec.com/ | https://www.svhec.com/facilit/,averageSalary | highestSalary | nirfEngineering,77
2748,"Surya Engineering College, Mettukadai, Kathirampatti Post, Erode District",132.5,SC,2025,166580,8,,,,,0,,,,false,true,Sports facilities | Cafeteria | Central library | Transport | Laboratories | Wi-Fi campus,WWW.SURYA.AC.IN,medium,2,https://www.surya.ac.in/ | https://www.surya.ac.in/infrastructure-facilities.html,placementRate | medianSalary | averageSalary | highestSalary | nirfEngineering | naacGrade,54
2749,"Easa College of Engineering and Technology, NH-47, Coimbatore-Palakkad Main Road, Navakarai Post, Coimbatore District 641105",151.5,AD,2025,115296,10,96.97,370000,,,3,,,,false,true,Cafeteria | Gymnasium | Innovation centre | Laboratories | Central library | Transport,www.easacollege.com,medium,3,https://www.easacollege.com/assets/NIRF/Engg.pdf | https://www.easacollege.com/life-at-easa-campus | https://www.easacollege.com/naac,averageSalary | highestSalary | nirfEngineering | naacGrade,69
2750,"KIT - Kalaignar Karunanidhi Institute of Technology (Autonomous), Kannampalayam, Coimbatore District 641402",185.5,CS,2025,23385,12,,,,,0,201-300,2025,,true,true,,www.kitcbe.com,high,1,https://www.nirfindia.org/Rankings/2025/EngineeringRanking300.html,placementRate | medianSalary | averageSalary | highestSalary | naacGrade | facilities,54
2751,"KGISL Institute of Technology, KGISL Campus, Thudiyalur Road, Saravanampatti, Coimbatore District 641035",183.5,AD,2025,27421,9,95,280000,,,4,,,A,false,true,Medical facilities | Cafeteria | Central library | Innovation centre | Laboratories | Gymnasium,www.kgkite.ac.in,medium,4,https://www.kgkite.ac.in/ | https://www.kgkite.ac.in/wp-content/uploads/2026/04/NIRF-2026-ENGINEERING.pdf | https://www.kgkite.ac.in/kite-amenities/ | https://www.kgkite.ac.in/naac/,averageSalary | highestSalary | nirfEngineering,77
2752,"Nandha College of Technology, Pitchandampalayam Post, Erode District",158.5,AD,2025,95362,5,,,,,0,,,,false,true,Central library | Cafeteria,www.nandhatech.org,medium,1,https://nandhatech.org/,placementRate | medianSalary | averageSalary | highestSalary | nirfEngineering | naacGrade,54
2753,"PPG Institute of Technology, Vilankurichi Village, Coimbatore District 641035",161,AD,2025,87580,8,,,,,0,,,,false,true,,www.ppg.edu.in,unknown,0,,placementRate | medianSalary | averageSalary | highestSalary | nirfEngineering | naacGrade | facilities,46
2755,"Nehru Institute of Technology(Autonomous), Thirumalayampalayam Post, Coimbatore District 641105",167,SC,2025,70030,9,95.38,550000,,,3,,,,false,true,Medical facilities | Central library | Innovation centre,www.nehruinstitute.com,medium,3,https://www.nitcbe.ac.in/wp-content/uploads/2026/03/Overall-2026.pdf | http://nitcbe.ac.in/facilities/ | http://nitcbe.ac.in/,averageSalary | highestSalary | nirfEngineering | naacGrade,69
2758,"J K KMunirajah College of Technology, T N Palayam, Gobi Taluk, Erode District",123.5,CS,2025,187777,9,96.15,300000,,,3,,,A,false,true,Laboratories | Central library,www.jkkmct.edu.in,medium,2,https://jkkmct.edu.in/JKKMCT-NIRF2026.pdf | https://www.jkkmct.edu.in/,averageSalary | highestSalary | nirfEngineering,77
2761,"United Institute of Technology, Gadalore Village, Perianaickenpalayam, Coimbatore District 641020",153.5,CS,2025,108445,6,,,,,0,,,,false,true,,www.uit.ac.in,unknown,0,,placementRate | medianSalary | averageSalary | highestSalary | nirfEngineering | naacGrade | facilities,46
2762,"Jansons Institute of Technology, Karumathampatty, Somaur, Coimbatore District 641659",167,CS,2025,70865,6,90.78,300000,,,2,,,,false,true,Laboratories | Central library | Cafeteria | Auditorium,www.jit.ac.in,medium,3,https://jit.ac.in/files/iqac/QA%20Files/NIRF/NIRF%202025/DCS_Engg.pdf | https://jit.ac.in/ | https://jit.ac.in/hostel/,averageSalary | highestSalary | nirfEngineering | naacGrade,69
2763,"Akshaya College of Engineering and Technology, Kinathukadavu, Coimbatore District 642109",155,EC,2025,105198,8,97.14,240000,,,3,,,,false,true,Central library | Laboratories | Wi-Fi campus | Gymnasium | Auditorium,www.acetcbe.edu.in,medium,2,https://www.acetcbe.edu.in/wp-content/uploads/2026/04/NIRF_2026_Overall.pdf | https://www.acetcbe.edu.in/,averageSalary | highestSalary | nirfEngineering | naacGrade,69
2764,"K P R Institute of Engineering and Technology (Autonomous), Kollupalayam Village, Arasur Panchayat, Coimbatore District 641407",192,CS,2025,9797,13,,,,650000,1,101-150,2025,B,true,true,Laboratories | Central library,kpriet.ac.in,high,3,https://kpriet.ac.in/career-development-centre | https://www.nirfindia.org/Rankings/2025/EngineeringRanking150.html | https://kpriet.ac.in/,placementRate | medianSalary | averageSalary,77
2767,"SRG Engineering College, Aniyapuram Post, Namakkal District 637017",110.5,ME,2025,214781,7,,,,,0,,,,false,true,,WWW.SRGEC.ORG,unknown,0,,placementRate | medianSalary | averageSalary | highestSalary | nirfEngineering | naacGrade | facilities,46
2768,"Park College of Technology, Prema Ravi Nagar, Karumathampatti, Coimbatore -",145,AD,2025,132847,8,,,,,0,,,A,false,true,,www.pct.ac.in,medium,1,https://www.pct.ac.in/,placementRate | medianSalary | averageSalary | highestSalary | nirfEngineering | facilities,54
2769,"J C T College of Engineering and Technology, Pichanur, Coimbatore District",164,CS,2025,79310,11,98,,900000,900000,1,,,A,false,true,Sports facilities | Laboratories | Central library,www.jct.ac.in,medium,3,https://www.jct.ac.in/ | https://www.jct.ac.in/accreditations | https://www.jct.ac.in/campus-life,medianSalary | nirfEngineering,85
2770,"Studyworld College of Engineering, Madukarai Post, Coimbatore - 641 105.",150.5,SC,2025,116785,8,,,,,0,,,,false,true,Central library,https://studyworldindia.com,medium,1,https://studyworldindia.com/,placementRate | medianSalary | averageSalary | highestSalary | nirfEngineering | naacGrade,54
2772,"C M S College of Engineering and Technology, Appachigoundenpathy, Kumittipathi Post, Coimbatore District 641032",135.5,SC,2025,158105,7,,,,,0,,,,false,true,,www.cmscet.com,unknown,0,,placementRate | medianSalary | averageSalary | highestSalary | nirfEngineering | naacGrade | facilities,46
2776,"R V S Technical Campus-Coimbatore, Kumaran Kottam Campus, Kannampalayam, Sulur, Coimbatore District 641 402",166,SC,2025,73420,10,78.23,400000,,,1,,,A,false,true,Medical facilities | Cafeteria | Innovation centre | Laboratories | Gymnasium | Central library,rvstcc.ac.in,medium,4,https://www.rvstcc.ac.in/wp-content/uploads/2024/12/RVS_TCC_SSR_REPORT_11072016.pdf | https://www.rvstcc.ac.in/ | https://www.rvstcc.ac.in/campus-tour/ | https://www.rvstcc.ac.in/naac/,averageSalary | highestSalary | nirfEngineering,77
2777,Hindusthan College of Engineering,145,CS,2025,133380,4,,,,,0,,,,false,,,,unknown,0,,placementRate | medianSalary | averageSalary | highestSalary | nirfEngineering | naacGrade | hostelAvailable | facilities | website,31
3011,"University College of Engineering, Tiruchirappalli, (Bharathidasan Institute of Technology), Tiruchirappalli District 620024",191,CS,2025,11106,18,,,,,0,,,,false,true,Laboratories | Central library | Auditorium,www.aubit.edu.in,medium,1,https://aubit.edu.in/,placementRate | medianSalary | averageSalary | highestSalary | nirfEngineering | naacGrade,54
3016,"University College of Engineering, Ariyalur, Kathankudikadu Village, Thelur Post, Ariyalur District 621704",168.5,CS,2025,66822,7,,,,,0,,,,false,true,Central library,https://www.auucea.edu.in,medium,1,https://www.auucea.edu.in/,placementRate | medianSalary | averageSalary | highestSalary | nirfEngineering | naacGrade,54
3018,"University College of Engineering, Thirukkuvalai, Nagappattinam District",172,AD,2025,57501,9,,,,,0,,,,false,,,,unknown,0,,placementRate | medianSalary | averageSalary | highestSalary | nirfEngineering | naacGrade | hostelAvailable | facilities | website,31
3019,"University College of Engineering, Panruti, Chennai-Kumbakonam Highway, Panikkankuppam, Panruti, Cuddalore District 607106",170,AM,2025,61969,8,70,,,,1,,,,false,true,Central library | Laboratories,www.ucep.edu.in,medium,1,https://www.ucep.edu.in/,medianSalary | averageSalary | highestSalary | nirfEngineering | naacGrade,62
3021,"University College of Engineering, Pattukkottai, ECR Road, Rajamadam, Pattukkottai Taluk, Thanjavur District 614701",172,CS,2025,57393,8,,,,,0,,,,false,true,Cafeteria | Medical facilities | Gymnasium | Laboratories | Transport | Central library,http://aucepkt.edu.in,medium,2,https://aucepkt.edu.in/facilities.php | https://aucepkt.edu.in/,placementRate | medianSalary | averageSalary | highestSalary | nirfEngineering | naacGrade,54
3410,"Krishnasamy College of Engineering and Technology, S Kumarapuram, Cuddalore District 607109",156.5,CS,2025,100207,7,94.53,300000,,,3,,,,false,true,Medical facilities | Auditorium | Central library | Laboratories | Wi-Fi campus,www.kcet.in,medium,2,https://kcet.in/uploads/documents/kcet/national-institutional-ranking-framework-69ef231791b18.pdf | https://www.kcet.in/,averageSalary | highestSalary | nirfEngineering | naacGrade,69
3425,"C K College of Engineering and Technology, Chellangkuppam, Cuddalore District 607003",175,CS,2025,48361,9,,,,,0,,,,false,true,,www.ckcet.edu.in,unknown,0,,placementRate | medianSalary | averageSalary | highestSalary | nirfEngineering | naacGrade | facilities,46
3454,"Sri Ramakrishna College of Engineering, Sri Saradha Nagar, NH-45, Perambalur District 621113",159.5,CS,2025,92187,7,,,,,0,,,,false,true,Auditorium | Cafeteria | Sports facilities | Transport | Central library | Laboratories | Wi-Fi campus,www.sriramakrishna.ac.in,medium,2,https://www.sriramakrishna.ac.in/ | https://www.sriramakrishna.ac.in/facilities.html,placementRate | medianSalary | averageSalary | highestSalary | nirfEngineering | naacGrade,54
3456,"K S K College of Engineering and Technology, Thanjavur Main Road, Darasuram, Kumbakonam, Thanjavur District 612702",126.5,CS,2025,180747,6,62.82,120000,,,1,,,,false,false,Cafeteria | Laboratories | Gymnasium | Central library,www.kskcet.edu.in,medium,2,https://kskcet.edu.in/wp-content/uploads/2024/03/K.S.K-College-of-Engineering-and-Technology-New20240308-.pdf | https://kskcet.edu.in/,averageSalary | highestSalary | nirfEngineering | naacGrade,69
3461,"Arifa Institute of Technology (Formly Haji sheik Ismail Engineering College), Esanoor, Keelaiyur Post, Thirukkuvalai Taluk, Nagapattinam District 611103",123.5,IT,2025,187815,7,,,,,0,,,,false,true,Laboratories | Innovation centre | Central library | Sports facilities,WWW.AITECH.ORG.IN,medium,1,https://www.aitech.org.in/,placementRate | medianSalary | averageSalary | highestSalary | nirfEngineering | naacGrade,54
3464,"Government College of Engineering, Gandarvakottai Road, Sengipatti, Thanjavur District 613402",182.5,CS,2025,30441,6,,,,,0,,,,false,true,,www.gcetj.edu.in,unknown,0,,placementRate | medianSalary | averageSalary | highestSalary | nirfEngineering | naacGrade | facilities,46
3465,"Government College of Engineering, Srirangam, Sethurappatti, Tiruchirappalli District 620012",188,CS,2025,17072,6,,,,,0,,,,false,true,,www.gces.edu.in,unknown,0,,placementRate | medianSalary | averageSalary | highestSalary | nirfEngineering | naacGrade | facilities,46
3466,"Nelliandavar Institute of Technology, Nerunjikorai Village, Pudhupalayam, Ariyalur Taluk, Ariyalur District 621704",139,BM,2025,149109,6,,,,,0,,,,false,true,,nelliandavar.com,unknown,0,,placementRate | medianSalary | averageSalary | highestSalary | nirfEngineering | naacGrade | facilities,46
3477,Sri Vignesh College of Engineering and Technology,135,ME,2025,160065,5,,,,,0,,,,false,,,,unknown,0,,placementRate | medianSalary | averageSalary | highestSalary | nirfEngineering | naacGrade | hostelAvailable | facilities | website,31
3555,Ayyappa Engineering College,,,,,0,,,,,0,,,,false,,,,unknown,0,,highestCutoff | closingRank | programs | placementRate | medianSalary | averageSalary | highestSalary | nirfEngineering | naacGrade | hostelAvailable | facilities | website,8
3701,"K Ramakrishnan College of Technology (Autonomous), Kariyamanickam Road, Samayapuram, Manachanallur Taluk, Tiruchirappalli District 621112",171,CS,2025,59234,8,82.11,,,850000,1,201-300,2025,A,true,true,Central library | Gymnasium | Innovation centre | Laboratories | Sports facilities | Cafeteria | Medical facilities,www.krct.ac.in,high,4,https://krct.ac.in/placements/statistics/ | https://www.nirfindia.org/Rankings/2025/EngineeringRanking300.html | https://krct.ac.in/ | https://krct.ac.in/campus-life/,medianSalary | averageSalary,85
3760,"Sir Issac Newton College of Engineering and Technology, Anthanapeetai Post, Papakoil, Nagappattinam District 611102",141,AD,2025,143575,6,96.95,300000,,,2,,,B,false,true,Laboratories | Central library | Cafeteria | Auditorium,www.sincet.ac.in,medium,2,https://sincet.ac.in/pdf/NIRF-Engineering-20241227.pdf | https://sincet.ac.in/,averageSalary | highestSalary | nirfEngineering,77
3782,"OASYS Institute of Technology, Pulivalam Village, Musiri Taluk, Tiruchirappalli District 621006",148,AD,2025,124646,7,,,,,0,,,,false,true,Cafeteria | Innovation centre | Central library,www.oasys.edu.in,medium,1,https://www.oasys.edu.in/,placementRate | medianSalary | averageSalary | highestSalary | nirfEngineering | naacGrade,54
3786,"M.A.M. School of Engineering, Siruganur, Tiruchirappalli District 621105",140,CS,2025,146815,9,,,,,0,,,,false,true,Auditorium | Central library | Innovation centre | Laboratories | Gymnasium | Wi-Fi campus,https://mamse.in/,medium,2,https://mamse.in/ | https://mamse.in/PTV.html,placementRate | medianSalary | averageSalary | highestSalary | nirfEngineering | naacGrade,54
3795,"SRM TRP Engineering College, Irungalur, Manachanallur Taluk, Tiruchirappalli District 621105",176.5,AM,2025,44830,8,96.51,420000,,,2,,,,false,true,Laboratories,https://trp.srmtrichy.edu.in/,medium,2,https://trp.srmtrichy.edu.in/wp-content/uploads/2025/02/NIRF-2025_Engineering.pdf | https://trp.srmtrichy.edu.in/,averageSalary | highestSalary | nirfEngineering | naacGrade,69
3801,"A V C College of Engineering, Mannampandal Post, MayiladuthuraiDistrict",174.5,AD,2025,50506,8,,,,,0,,,A,false,true,Central library | Medical facilities | Cafeteria | Sports facilities,www.avccengg.net,medium,2,http://avccengg.net/Naac/Naac | https://www.avccengg.net/,placementRate | medianSalary | averageSalary | highestSalary | nirfEngineering,62
3803,"Anjalai Ammal Mahalingam Engineering College, Kovilvenni, Thiruvarur District",178,CS,2025,40963,8,55.56,350000,,,3,,,A,false,true,Cafeteria | Medical facilities | Central library,www.aamec.edu.in,medium,3,https://a.storyblok.com/f/286279/x/baa449ff5b/nirf-2025.pdf | https://www.aamec.edu.in/ | https://www.aamec.edu.in/campus,averageSalary | highestSalary | nirfEngineering,77
3804,"Arasu Engineering College, Chennai Main Road, Kumbakonam, Thanjavur District 612501",162,AD,2025,85276,7,90,240000,,,3,,,,false,true,Laboratories | Transport | Central library | Cafeteria | Auditorium | Medical facilities,www.aec.org.in,medium,3,https://aec.org.in/placement-details-2024/ | https://aec.org.in/wp-content/uploads/2025/02/NIRF25-Overall.pdf | https://aec.org.in/,averageSalary | highestSalary | nirfEngineering | naacGrade,69
3805,"Dhanalakshmi Srinivasan Engineering College (Autonomous), Thuraiyur Road, Perambalur District 621212",156.5,CS,2025,100321,11,97.37,550000,,,3,,,A,true,true,Laboratories | Innovation centre | Central library | Auditorium,www.dsengg.ac.in,medium,2,https://dsengg.ac.in/uploads/nrif/nirf_DSEC_Engineering_NIRF_2026.pdf | https://www.dsengg.ac.in/,averageSalary | highestSalary | nirfEngineering,77
3806,"E G S Pillay Engineering College (Autonomous), Nagapattinam District 611002",160,IT,2025,90135,9,100,,,1000000,1,201-300,2025,A,true,true,Central library | Laboratories | Sports facilities | Auditorium | Cafeteria,www.egspec.org,high,2,https://www.egspec.org/ | https://www.nirfindia.org/Rankings/2025/EngineeringRanking300.html,medianSalary | averageSalary,85
3807,"J J College of Engineering and Technology, Poolankulathupatti Post, Thiruchirappalli District 620009",165.5,EC,2025,75372,9,,,,,0,,,,false,true,,www.jjcet.a.cin,unknown,0,,placementRate | medianSalary | averageSalary | highestSalary | nirfEngineering | naacGrade | facilities,46
3810,"M.A.M. College of Engineering, Siruganur, Tiruchirappalli District 621105",147,AD,2025,126649,14,49.49,350000,1000000,500000,3,,,,false,true,Cafeteria | Central library | Transport,www.mamce.org,medium,3,https://www.mamce.org/placement | https://www.mamce.org/public/images/Mamce-NIRF.pdf | https://www.mamce.org/,nirfEngineering | naacGrade,85
3811,"M I E T Engineering College, Trichy-Pudukkottai Road, Tiruchirappalli District",143,AD,2025,138246,8,97.78,450000,,,3,,,,false,true,Cafeteria | Auditorium | Sports facilities | Central library | Laboratories | Innovation centre | Gymnasium,www.miet.edu,medium,3,https://www.miet.edu/pdf2/Over%20All%202026%20(2024-25).pdf | https://www.miet.edu/ | https://www.miet.edu/NAAC.html,averageSalary | highestSalary | nirfEngineering | naacGrade,69
3812,"Mookambigai College of Engineering, Keeranur, Pudukkottai District 622502",133,AD,2025,164511,9,,,,,0,,,,false,true,Laboratories | Innovation centre | Gymnasium | Central library | Cafeteria,www.mookambigai.ac.in,medium,2,https://www.mookambigai.ac.in/naac.php | https://www.mookambigai.ac.in/,placementRate | medianSalary | averageSalary | highestSalary | nirfEngineering | naacGrade,54
3813,"Oxford Engineering College, Karumandapam, Pirattiyur, Trichy-620 009",137,EE,2025,154062,5,,,,,0,,,,false,true,,www.oxfordec.edu.in,unknown,0,,placementRate | medianSalary | averageSalary | highestSalary | nirfEngineering | naacGrade | facilities,46
3815,"Pavendar Bharathidasan College of Engineering and Technology, Pudukkottai Main Road, Tiruchirappalli District 622515",145,ME,2025,132673,9,,,,,0,,,,false,true,,www.pabcet.in,unknown,0,,placementRate | medianSalary | averageSalary | highestSalary | nirfEngineering | naacGrade | facilities,46
3817,"Roever Engineering College, Elambalur, Perambalur District 621212",152,AD,2025,113558,7,,,,,0,,,B,false,true,Central library | Sports facilities | Cafeteria,www.roeverengg.edu.in,medium,2,https://roeverengg.edu.in/ | https://roeverengg.edu.in/sports/,placementRate | medianSalary | averageSalary | highestSalary | nirfEngineering,62
3819,"Saranathan College of Engineering, Panjappur, Tiruchirappalli District 620012",183.5,CS,2025,28160,10,35.13,350000,,,2,,,A,false,true,Cafeteria | Auditorium | Sports facilities | Laboratories | Central library,https://www.saranathan.ac.in/,medium,3,https://saranathan.ac.in/nirf/2024-2025/Saranathan%20College%20of%20Engineering20250108%20Engg.pdf | https://www.saranathan.ac.in/ | https://www.saranathan.ac.in/commonfaci.php?tgt=hostel,averageSalary | highestSalary | nirfEngineering,77
3820,"Trichy Engineering College, Konalai, Tiruchirappalli District 621132",115,ME,2025,206146,7,,,,,0,,,B,false,true,Cafeteria | Sports facilities | Central library | Transport | Laboratories,www.trichyengg.ac.in,medium,2,https://www.trichyengg.ac.in/ | https://www.trichyengg.ac.in/campus-location-size.html,placementRate | medianSalary | averageSalary | highestSalary | nirfEngineering,62
3821,"A R J College of Engineering and Technology, Mannargudi Taluk, Thiruvarur District 614001",141,AG,2025,143800,8,,,,,0,,,,false,true,,www.arj.edu.in,unknown,0,,placementRate | medianSalary | averageSalary | highestSalary | nirfEngineering | naacGrade | facilities,46
3822,"Dr.NavalarNedunchezhiyan College of Engineering, Raja Nagar, Vaithiyanathapuram, tholudur, Cuddalore-606303",171,EE,2025,60146,7,,,,,0,,,,false,true,Gymnasium | Central library | Cafeteria,www.drnnce.ac.in,medium,2,https://www.drnnce.ac.in/Hostel.html | https://www.drnnce.ac.in/,placementRate | medianSalary | averageSalary | highestSalary | nirfEngineering | naacGrade,54
3825,"St. Joseph's College of Engineering and Technology, Elupatti Village, Rawaspatti Post, Thanjavur District 613403",148,CS,2025,124209,6,76.92,330000,,,3,,,A,false,true,Cafeteria | Central library,https://sjcettnj.edu.in/,medium,2,https://sjcettnj.edu.in/docs/Engineering.pdf | https://sjcettnj.edu.in/,averageSalary | highestSalary | nirfEngineering,77
3826,"Kongunadu College of Engineering and Technology (Autonomous), Tholurpatti, Thottiyam, Tiruchirappalli District 621215",168,CS,2025,67397,9,,,,,0,,,,true,true,Cafeteria | Sports facilities | Laboratories | Innovation centre | Central library,www.kongunadu.ac.in,medium,1,https://kongunadu.ac.in/,placementRate | medianSalary | averageSalary | highestSalary | nirfEngineering | naacGrade,54
3829,"M.A.M. College of Engineering and Technology, Trichy-Chennai Trunk Road, Siruganur, Tiruchirappalli District 621105",147.5,EE,2025,126273,7,100,360000,300000,1000000,4,,,,false,true,Central library | Transport | Innovation centre | Cafeteria,www.mamcet.com,medium,4,https://mamcet.com/placement/ | http://mamcet.com/wp-content/uploads/2025/10/ANNUAL-REPORT-2024-2025-1.pdf | http://mamcet.com/wp-content/uploads/2026/04/M.-A.-M.-College-of-Engineering-and-Technology20260306-.pdf | https://mamcet.com/,nirfEngineering | naacGrade,85
3830,"K Ramakrishnan College of Engineering (Autonomous), Kariyamanickam Road, Samayapuram, Manachanallur Taluk, Tiruchirappalli District 621112",179,CS,2025,39114,8,,,,,0,201-300,2025,A,true,true,Medical facilities | Cafeteria | Sports facilities | Innovation centre | Laboratories | Gymnasium | Central library | Transport,www.krce.ac.in,high,3,https://www.nirfindia.org/Rankings/2025/EngineeringRanking300.html | https://www.krce.ac.in/infrastructure.html | https://www.krce.ac.in/,placementRate | medianSalary | averageSalary | highestSalary,69
3831,"Indra Ganesan College of Engineering, Madurai Main Road, Manikandam, Tiruchirappalli District 620012",133,AD,2025,164611,8,,,550000,550000,1,,,,false,true,Sports facilities | Laboratories,www.igceng.com,medium,2,https://www.igceng.com/index.html | https://www.igceng.com/,placementRate | medianSalary | nirfEngineering | naacGrade,69
3833,"Parisutham Institute of Technology and Science, Ring Road, Nanjikottai, Thanjavur District 613006",131,CS,2025,169817,7,,,,,0,,,A,false,true,Gymnasium | Transport | Central library | Cafeteria | Sports facilities,www.parisuthamtech.com,medium,2,https://www.parisuthamtech.com/ | https://www.parisuthamtech.com/facilities.htm,placementRate | medianSalary | averageSalary | highestSalary | nirfEngineering,62
3841,"CARE College of Engineering (Formerly C.A.R.E Group of Institutions), Thayanoor Village, Thayanoor Village, Kuttappatti, Srirangam Taluk, Tiruchirappalli District 620009",164.5,CS,2025,77794,6,,,,,0,,,,false,true,Central library | Laboratories,www.care.ac.in,medium,1,https://care.ac.in/campus/,placementRate | medianSalary | averageSalary | highestSalary | nirfEngineering | naacGrade,54
3843,"M R K Institute of Technology, Nattarmangalam Village, Kattumannarkoil, Cuddalore District 608306",153.5,AD,2025,109627,9,76.28,180000,,,1,,,,false,true,Cafeteria | Auditorium | Laboratories | Transport | Central library,www.mrkit.in,medium,3,https://mrkit.edu.in/assets/pdf/nirf/nirf-2024.pdf | https://mrkit.edu.in/ | https://mrkit.edu.in/infrastructure/,averageSalary | highestSalary | nirfEngineering | naacGrade,69
3844,"Shivani Engineering College, Trichy-Dindigul NH Road, Poolangulathupatti, Tiruchirappalli - 620009",131,CS,2025,170685,8,,,,,0,,,,false,true,Auditorium | Cafeteria | Innovation centre | Laboratories | Gymnasium | Central library | Transport,www.shivani.ac.in,medium,3,https://www.shivani.ac.in/ | https://www.shivani.ac.in/infrastructure | https://www.shivani.ac.in/naac,placementRate | medianSalary | averageSalary | highestSalary | nirfEngineering | naacGrade,54
3845,"Imayam College of Engineering, Kannanur, Thuraiyur, Tiruchirappalli District",146,CS,2025,130676,9,,,,,0,,,,false,true,,www.imayam.com,unknown,0,,placementRate | medianSalary | averageSalary | highestSalary | nirfEngineering | naacGrade | facilities,46
3846,"Mother Terasa College of Engineering and Technology, Mettusalai Post and Taluk, Pudukkottai District 622102",134.5,CS,2025,160960,8,88.46,320000,,,3,,,,false,true,Laboratories | Wi-Fi campus | Transport | Central library | Sports facilities | Cafeteria,www.mtcet.in,medium,2,https://www.mtcet.in/assets/img/AICTE/NIRF2026.pdf | https://www.mtcet.in/facilities.html,averageSalary | highestSalary | nirfEngineering | naacGrade,69
3848,"Vandayar Engineering College, Pulavarnatham Post, Mariamman Koil (Via), Thanjavur District 613001",123,CS,2025,189385,5,,,,,0,,,,false,,,,unknown,0,,placementRate | medianSalary | averageSalary | highestSalary | nirfEngineering | naacGrade | hostelAvailable | facilities | website,31
3849,"Annai College of Engineering and Technology, Anakudi Road, Kovilacheri, Kumbakonam, Thanjavur District 612503",119,ME,2025,198082,8,85,,540000,540000,1,,,,false,true,Sports facilities | Cafeteria | Auditorium | Medical facilities | Transport | Central library | Laboratories | Innovation centre,www.annaiengg.org,medium,4,https://www.annaiengg.org/top-recruiters.php | https://www.annaiengg.org/ | https://www.annaiengg.org/anti-ragging.php | https://www.annaiengg.org/infrastructure.php,medianSalary | nirfEngineering | naacGrade,77
3852,"Sri Bharathi Engineering College for Women, Kaikkuruchi Village, Alangudi Taluk, Pudukkottai District 622303",147.5,CS,2025,125321,6,,,,,0,,,,false,true,,www.sbec.edu.in,unknown,0,,placementRate | medianSalary | averageSalary | highestSalary | nirfEngineering | naacGrade | facilities,46
3854,"Mahath Amma Institute of Engineering and Technology (MIET), Ariyur, Annavasal Road, Illupur Taluk, Pudukkottai District 622101",99.5,IT,2025,229908,4,,,,,0,,,,false,true,,www.maietpdkt.org,unknown,0,,placementRate | medianSalary | averageSalary | highestSalary | nirfEngineering | naacGrade | facilities,46
3857,"Meenakshi Ramaswamy Engineering College, Trichy Main Road, Thathanur, Udayarpalayam, Ariyalur District 621804",144.5,AG,2025,134762,8,,,,,0,,,,false,true,,https://mrcengg.org.in/,unknown,0,,placementRate | medianSalary | averageSalary | highestSalary | nirfEngineering | naacGrade | facilities,46
3860,"St. Anne's College of Engineering and Technology, Anguchettypalayam, Siruvathur Post, Panruti, Cuddalore District 607110",127.5,AM,2025,178986,5,89.66,216900,,,3,,,,false,true,Central library | Innovation centre | Laboratories | Auditorium | Cafeteria,www.stannescet.ac.in,medium,2,https://www.stannescet.ac.in/media/files/SANCET-NIRF-2026.pdf | https://www.stannescet.ac.in/,averageSalary | highestSalary | nirfEngineering | naacGrade,69
3905,"Kings College of Engineering, Punalkulam, Pudukkottai District 613303",158,CS,2025,95869,7,98.63,320000,,,3,,,,false,true,Laboratories | Gymnasium | Central library | Medical facilities | Cafeteria | Auditorium | Sports facilities,www.kingsengg.edu.in,medium,4,https://www.kingsengg.edu.in/pdf/main/NIRF-25-26.pdf | https://www.kingsengg.edu.in/infrastructure.html | https://www.kingsengg.edu.in/ | https://www.kingsengg.edu.in/hostel.html,averageSalary | highestSalary | nirfEngineering | naacGrade,69
3908,"Mount Zion College of Engineering and Technology, Pilivalam Post, Pudukkottai District 622507",160,CS,2025,90461,7,57.46,234000,,,4,,,A,false,true,Laboratories | Central library,www.mzcet.in,medium,3,https://www.mzcet.in/placement.html | https://www.mzcet.in/assets/nirf.pdf | https://www.mzcet.in/,averageSalary | highestSalary | nirfEngineering,77
3918,"Shanmuganathan Engineering College, Pillivalam Post, Pudukkottai District",148.5,IT,2025,122815,9,78.26,200000,,,3,,,,false,true,Central library | Transport | Laboratories | Medical facilities | Cafeteria,www.shanmuganathanengg.in,medium,3,https://snec.ac.in/assets/pdf/nirf1.pdf | https://snec.ac.in/ | https://snec.ac.in/facility.php,averageSalary | highestSalary | nirfEngineering | naacGrade,69
3920,"Sudharsan Engineering College, Sathiyamangalam Post, Pudukkottai District",132.5,CS,2025,166608,9,,,,,0,,,A,false,true,Central library | Laboratories | Cafeteria | Auditorium | Sports facilities,www.sec.ac.in,medium,1,https://www.sec.ac.in/,placementRate | medianSalary | averageSalary | highestSalary | nirfEngineering,62
3923,"M N S K College of Engineering, Vallathirakkottai Post, Pudukkottai District",107,EC,2025,220316,1,,,,,0,,,,false,true,Laboratories | Wi-Fi campus | Transport | Central library | Sports facilities,www.mnsk.ac.in,medium,2,https://www.mnsk.ac.in/ | https://www.mnsk.ac.in/hostel.php,placementRate | medianSalary | averageSalary | highestSalary | nirfEngineering | naacGrade,54
3926,"Chendhuran College of Engineering and Technology, Madurai Road, Lenavilakku, Pilivalam Post, Pudukkottai - 622 507",118,CS,2025,199956,7,,,,,0,,,,false,true,,www.chendhuran.ac.in,unknown,0,,placementRate | medianSalary | averageSalary | highestSalary | nirfEngineering | naacGrade | facilities,46
4020,"Anna University Regional Campus - Tirunelveli, Trivandrum Road, Palayamkottai, Tirunelveli District 627007",184,CS,2025,25974,5,,,,,0,,,,false,true,,www.auttvl.ac.in,unknown,0,,placementRate | medianSalary | averageSalary | highestSalary | nirfEngineering | naacGrade | facilities,46
4023,"University College of Engineering, Nagercoil, Nagercoil Industrial Estate, Konam, Kanyakumari District 629004",178,CS,2025,41306,8,58.06,644166,,,3,,,,false,true,Central library | Cafeteria | Medical facilities,www.ucen.ac.in,medium,2,https://www.ucen.ac.in/docs/common/University%20College%20of%20Engineering%20Nagercoil20260316-2026.pdf | https://www.ucen.ac.in/,averageSalary | highestSalary | nirfEngineering | naacGrade,69
4024,"University V.O.C. College of Engineering, Thoothukudi, Near V.O.C. College, Millerpuram, Thoothukudi District 628008",177,CS,2025,43309,7,,,,,0,,,,false,true,Central library | Auditorium,www.annaunivtut.in,medium,1,http://www.annaunivtut.in/,placementRate | medianSalary | averageSalary | highestSalary | nirfEngineering | naacGrade,54
4669,"Thamirabharani Engineering College, Chathirampudukulam Village, Thatchanallur, Tirunelveli District 627358",128.5,CS,2025,176511,8,,,,,0,,,,false,true,Sports facilities | Auditorium | Laboratories | Transport | Central library,https://tec-edu.in/,medium,2,https://tec-edu.in/hostel-facilities | https://tec-edu.in/index,placementRate | medianSalary | averageSalary | highestSalary | nirfEngineering | naacGrade,54
4670,"Rohini College of Engineering & Technology, Anjugramam-Kanyakumari Main Road, Palkulam, Variyoor Post, Kanyakumari District 629401",164.5,CS,2025,77834,9,88.24,250000,,,3,,,A,false,true,Central library | Gymnasium | Laboratories | Cafeteria | Medical facilities,www.rcet.org.in,medium,3,https://www.rcet.org.in/uploads/files/NIRF/Overall/NIRF%20OVERALL%202024-2025.pdf | https://www.rcet.org.in/ | https://www.rcet.org.in/naac-declaration,averageSalary | highestSalary | nirfEngineering,77
4672,"Stella Mary's College of Engineering, ArunthenganVilai, Azhikal Post, Kanyakumari District 629202",146.5,CS,2025,128849,6,92.98,219000,,,3,,,,false,true,Cafeteria | Laboratories | Central library,www.stellamaryscoe.edu.in,medium,2,https://smcoeerp-docs.s3.ap-south-1.amazonaws.com/websitedocs/naac/13/12454?response-content-type=application%2Fpdf&response-content-disposition=inline%3B%20filename%3D%22NIRF2026.pdf%22&X-Amz-Algorithm=AWS4-HMAC-SHA256&X-Amz-Credential=AKIAXMYLEXS5TA6ILDQG%2F20260720%2Fap-south-1%2Fs3%2Faws4_request&X-Amz-Date=20260720T151700Z&X-Amz-Expires=3600&X-Amz-SignedHeaders=host&X-Amz-Signature=554ca7131957b0416c79ede22d4eca11b46944b3c600ea447f2c90fb57755c2d | https://www.stellamaryscoe.edu.in/,averageSalary | highestSalary | nirfEngineering | naacGrade,69
4675,"Universal College of Engineering and Technology, Anbagam Campus, Radhapuram Road, Vallioor, Tirunelveli District 627117",136.5,AD,2025,155923,6,,,,,0,,,,false,true,Central library | Medical facilities | Cafeteria,www.unienggtech.com,medium,1,http://www.unienggtech.com/,placementRate | medianSalary | averageSalary | highestSalary | nirfEngineering | naacGrade,54
4676,"RenganayagiVaratharaj College of Engineering, Salvarpatti, Sivakasi, Virudhunagar District 626128",153.5,AD,2025,109406,5,,,,,0,,,,false,true,Central library | Transport | Laboratories | Sports facilities | Auditorium,www.rvce.ac.in,medium,1,https://rvce.ac.in/,placementRate | medianSalary | averageSalary | highestSalary | nirfEngineering | naacGrade,54
4677,"Lourdes Mount College of Engineering and Technology, Marthandam-Karungal Road, Chundavilai, Mullanganavilai, Nattalam Post, Kanyakumari District",139.5,CS,2025,147887,5,,,,,0,,,,false,true,,www.lourdesmountcollege.com,unknown,0,,placementRate | medianSalary | averageSalary | highestSalary | nirfEngineering | naacGrade | facilities,46
4678,"Ramco Institute of Technology, North venganallur Village, Krishnapuram Panchayat, Rajapalayam, Virudhunagar District 626117",171.5,CS,2025,58024,9,,,,,0,,,,false,true,,https://www.ritrjpm.ac.in/,unknown,0,,placementRate | medianSalary | averageSalary | highestSalary | nirfEngineering | naacGrade | facilities,46
4680,"AAA College of Engineering and Technology, Kamarajar Educational Road, Amathur Village, Sivakasi, Virudhunagar District 626005",164.5,EC,2025,77286,8,,,,,0,,,A,false,true,Sports facilities | Auditorium | Gymnasium | Laboratories | Transport | Central library,aaaenggcoll.ac.in,medium,2,https://aaaenggcoll.ac.in/ | https://aaaenggcoll.ac.in/naac/,placementRate | medianSalary | averageSalary | highestSalary | nirfEngineering,62
4686,"Good Shepherd College of Engineering and Technology, Maruthamparai, Kanyakumari District 629101",114,AD,2025,207767,4,,,,,0,,,,false,true,Sports facilities | Cafeteria | Laboratories | Gymnasium | Central library | Transport,www.gscet.org,medium,2,https://gscet.org/facilities/ | https://gscet.org/,placementRate | medianSalary | averageSalary | highestSalary | nirfEngineering | naacGrade,54
4747,S. Thangapazham College of Engineering and Technology,,,,,0,,,,,0,,,,false,,,,unknown,0,,highestCutoff | closingRank | programs | placementRate | medianSalary | averageSalary | highestSalary | nirfEngineering | naacGrade | hostelAvailable | facilities | website,8
4864,"V V College of Engineering, Arasoor Village, Idaichivilai Post, Santhakulam Taluk, Thoothukudi District 628656",155.5,CS,2025,102996,6,,,,,0,,,,false,true,,www.vvcoe.org,unknown,0,,placementRate | medianSalary | averageSalary | highestSalary | nirfEngineering | naacGrade | facilities,46
4911,Sree Krishna College of Engineering and Technology - New Institution,,,,,0,,,,,0,,,,false,,,,unknown,0,,highestCutoff | closingRank | programs | placementRate | medianSalary | averageSalary | highestSalary | nirfEngineering | naacGrade | hostelAvailable | facilities | website,8
4917,"Sethu Institute of Technology (Autonomous), Kariapatti Post, Virudhunagar District 626115",164,CS,2025,79332,15,95.79,300000,,,3,,,A,true,true,Central library,www.sethu.ac.in,medium,2,https://sethu.ac.in/wp-content/uploads/2026/04/NIRF-25-Engineering-SIT.pdf | https://sethu.ac.in/,averageSalary | highestSalary | nirfEngineering,77
4925,"Sun College of Engineering and Technology, Ammandivilai& Post, Kanyakumari District - 629204",165,CH,2025,76121,7,,,,,0,,,,false,,,,unknown,0,,placementRate | medianSalary | averageSalary | highestSalary | nirfEngineering | naacGrade | hostelAvailable | facilities | website,31
4927,"Maria College of Engineering and Technology, AttoorPuliyamoodu Junction, Thiruvattar Post, Kanyakumari District 629177",150,ME,2025,118862,7,,,,,0,,,,false,true,,www.mariacollegeofengineering.org,unknown,0,,placementRate | medianSalary | averageSalary | highestSalary | nirfEngineering | naacGrade | facilities,46
4928,"MAR Ephraem College of Engineering & Technology, Malankara Hills, Elavuvillai, Marthandam, Kanyakumari District 629171",144,CS,2025,135772,6,,,,,0,,,,false,true,,www.marephraem.edu.in,unknown,0,,placementRate | medianSalary | averageSalary | highestSalary | nirfEngineering | naacGrade | facilities,46
4929,"M E T Engineering College, Mogals Garden, Thovalai Village, Aralvaimozhi Town Panchayat, Thovalai, Kanyakumari District 629304",112.5,AD,2025,210860,3,,,,,0,,,,false,true,,https://metcolleges.in/,unknown,0,,placementRate | medianSalary | averageSalary | highestSalary | nirfEngineering | naacGrade | facilities,46
4931,"Grace College of Engineering, Chandy Nagar, Mullakkadu, Thoothukudi District",145,CS,2025,132659,6,,,,,0,,,,false,true,Laboratories | Gymnasium | Central library | Cafeteria,www.gracecoe.org,medium,2,https://grace.edu.in/facility | https://grace.edu.in/,placementRate | medianSalary | averageSalary | highestSalary | nirfEngineering | naacGrade,54
4932,"Immanuel Arasar J.J. College of Engineering, Edavilagam, Nattalam, Marthandam, Kanyakumari-629165",163.5,IT,2025,80756,5,,,,,0,,,,false,true,,http://www.iajjce.com,unknown,0,,placementRate | medianSalary | averageSalary | highestSalary | nirfEngineering | naacGrade | facilities,46
4933,"St. Mother Theresa Engineering College, Vagaikulam, Thoothukudi District",122.5,EE,2025,190126,5,,,,,0,,,,false,true,,www.mtecac.in,unknown,0,,placementRate | medianSalary | averageSalary | highestSalary | nirfEngineering | naacGrade | facilities,46
4934,"Holy Cross Engineering College, Vagaikulam, Sri Mulakarai, Srivaikuntam, Thoothukudi District 628851",145.5,IT,2025,130758,7,100,,450000,450000,1,,,,false,true,Sports facilities | Cafeteria | Central library | Transport | Gymnasium | Innovation centre | Laboratories,www.holycrossengineeringcollege.com,medium,4,https://www.holycrossengineeringcollege.com/placement.php.html | https://www.holycrossengineeringcollege.com/ | https://www.holycrossengineeringcollege.com/campus-life.html | https://www.holycrossengineeringcollege.com/campus-initiatives.html,medianSalary | nirfEngineering | naacGrade,77
4938,"Sivaji College of Engineering and Technology, ManivillaPalulai Panchayat, Vilavancode, Kanyakumari District 629171",110.5,AG,2025,214956,3,,,,,0,,,,false,true,,https://sivajicollegeofengineering.com,unknown,0,,placementRate | medianSalary | averageSalary | highestSalary | nirfEngineering | naacGrade | facilities,46
4941,"Unnamalai Institute of Technology, Ayyaneri, Kovilpatti, Thoothukudi District",136.5,CS,2025,155780,5,78.95,200000,,,2,,,,false,true,Central library | Gymnasium | Cafeteria | Sports facilities,www.uitkovilpatti.ac.in,medium,2,https://uitkovilpatti.ac.in/Files/NIRF.pdf | https://uitkovilpatti.ac.in/,averageSalary | highestSalary | nirfEngineering | naacGrade,69
4943,"Satyam College of Engineering and Technology, Satyam Nagar, Aralvoimozhi, Kanyakumari-629301",114,CS,2025,207782,6,,,,,0,,,,false,,,,unknown,0,,placementRate | medianSalary | averageSalary | highestSalary | nirfEngineering | naacGrade | hostelAvailable | facilities | website,31
4944,"Arunachala College of Engineering for Women, Thanka Gardens, Manavilai, Vellichanthai, Nagercoil, Kanyakumari District 629203",155.5,CS,2025,103194,5,75.86,350000,,,2,,,,false,true,Medical facilities | Cafeteria | Sports facilities | Laboratories | Central library,www.arunachalacollege.com,medium,4,https://www.arunachalacollege.com/pdf/nirf2025.pdf | https://www.arunachalacollege.com/hostel.php | https://www.arunachalacollege.com/ | https://www.arunachalacollege.com/infrastructure.php,averageSalary | highestSalary | nirfEngineering | naacGrade,69
4946,"D M I Engineering College, Aralvaimozhi Village, Thovalai, Kanyakumari District",138,CS,2025,152191,6,,,,,0,,,,false,true,,www.dmiengg.edu.in,unknown,0,,placementRate | medianSalary | averageSalary | highestSalary | nirfEngineering | naacGrade | facilities,46
4949,"PSN Institute of Technology and Science,Melathediyoor, Tirunelveli-627 152",136,CS,2025,156557,9,,,,,0,,,,false,true,Central library | Gymnasium | Innovation centre | Laboratories,www.psnits.ac.in,medium,2,https://www.psnits.ac.in/ | https://www.psnits.ac.in/naac,placementRate | medianSalary | averageSalary | highestSalary | nirfEngineering | naacGrade,54
4952,"C S I Institute of Technology, Thovalai, Kanyakumari District 629302",140,CE,2025,145965,7,98,220000,,,4,,,,false,true,Cafeteria | Central library,www.csiit.ac.in,medium,3,https://www.csiit.ac.in/ | https://www.csiit.ac.in/wp-content/uploads/2026/05/NIRF-DCS-ENGINEERING-2026.pdf | https://www.csiit.ac.in/campus-life/,averageSalary | highestSalary | nirfEngineering | naacGrade,69
4953,"CAPE Institute of Technology, Levingipuram, Tirunelveli District 627114 CARE College of Engineering (Formerly C.A.R.E Group of Institutions),",113.5,EE,2025,209001,6,,,850000,850000,1,,,B,false,true,Auditorium | Central library | Laboratories,www.capeitech.org,medium,1,https://www.capeitech.org/,placementRate | medianSalary | nirfEngineering,77
4954,"Dr.SivanthiAditanar College of Engineering, Tiruchendur, Thoothukudi District",170.5,CS,2025,61028,7,,,,,0,,,,false,true,,www.drsacoe.org,unknown,0,,placementRate | medianSalary | averageSalary | highestSalary | nirfEngineering | naacGrade | facilities,46
4955,"Francis Xavier Engineering College (Autonomous), Vannarpettai, Tirunelveli District 627003",174,CS,2025,51306,6,84.75,400000,,1300000,4,,,,true,true,Cafeteria | Auditorium | Medical facilities | Central library,www.francisxavier.ac.in,medium,5,https://www.francisxavier.ac.in/placements | https://francisxavier.ac.in/cs-content/uploads/nirf/2026/NIRF_OVERALL.pdf | https://www.francisxavier.ac.in/infrastructure | https://www.francisxavier.ac.in/life-campus | https://www.francisxavier.ac.in/,averageSalary | nirfEngineering | naacGrade,77
4956,"Jayamatha Engineering College, Aralvaimozhi, Kanyakumari District-629301",92.5,IC,2025,235217,1,,,,,0,,,,false,true,Central library,jayamatha.org,medium,1,https://jayamatha.org/,placementRate | medianSalary | averageSalary | highestSalary | nirfEngineering | naacGrade,54
4957,"JayarajAnnapackiam CSI College of Engineering, Nazareth, Thoothukudi District",142.5,CS,2025,140006,5,,,,,0,,,,false,true,Central library,www.jacsicoe.in,medium,1,https://www.jacsicoe.in/,placementRate | medianSalary | averageSalary | highestSalary | nirfEngineering | naacGrade,54
4959,"Kamaraj College of Engineering and Technology (Autonomous), Virudhunagar District 626001",173,CS,2025,53633,9,,,2400000,350000,1,,,,true,true,Gymnasium | Wi-Fi campus | Laboratories | Transport | Central library | Sports facilities | Cafeteria | Auditorium | Medical facilities,www.kamarajengg.edu.in,medium,4,https://www.kamarajengg.edu.in/tdpc | https://www.kamarajengg.edu.in/infra | https://www.kamarajengg.edu.in/facilities | https://www.kamarajengg.edu.in/,placementRate | medianSalary | nirfEngineering | naacGrade,69
4960,"Mepco Schlenk Engineering College (Autonomous), Sivakasi, Virudhunagar District 626005",185.5,CS,2025,23439,9,,,,,0,151-200,2025,A,true,true,Central library,www.mepcoeng.ac.in,high,2,https://www.nirfindia.org/Rankings/2025/EngineeringRanking200.html | https://www.mepcoeng.ac.in/,placementRate | medianSalary | averageSalary | highestSalary,69
4961,"Nellai College of Engineering (Formerly National College of Engineering), Maruthakulam Post, Tirunelveli District 627151",142,AD,2025,141630,7,,,,,0,,,,false,true,Transport | Central library | Laboratories | Cafeteria | Auditorium,www.nce.ac.in,medium,2,https://nce.ac.in/facilities/ | https://nce.ac.in/,placementRate | medianSalary | averageSalary | highestSalary | nirfEngineering | naacGrade,54
4962,"National Engineering College (Autonomous), Kovilpatti, Thoothukudi District",188,CS,2025,17036,7,,,,,0,201-300,2025,,true,true,Cafeteria | Innovation centre | Laboratories | Central library | Transport,https://nec.edu.in/,high,2,https://www.nirfindia.org/Rankings/2025/EngineeringRanking300.html | https://nec.edu.in/,placementRate | medianSalary | averageSalary | highestSalary | naacGrade,62
4964,"PSN College of Engineering and Technology (Autonomous), Melathediyoor, Tirunelveli-627 152",145.5,CS,2025,131216,10,,,,,0,,,,true,true,Central library,www.psncet.ac.in,medium,1,https://psncet.ac.in/,placementRate | medianSalary | averageSalary | highestSalary | nirfEngineering | naacGrade,54
4965,"P S R Engineering College (Autonomous), Appayanaickenpatti, Sevalpatty, Virudhunagar District 626140",165,CS,2025,76176,9,,,,2700000,1,,,A,true,true,Innovation centre | Central library | Transport | Medical facilities | Cafeteria | Sports facilities,www.psr.edu.in,medium,1,https://psr.edu.in/,placementRate | medianSalary | averageSalary | nirfEngineering,69
4966,"PET Engineering College, Vallioor Post, Tirunelveli District 627117",148.5,AD,2025,123399,6,,,,,0,,,,false,true,Cafeteria | Central library | Laboratories,www.petengg.ac.in,medium,1,https://www.petengg.ac.in/,placementRate | medianSalary | averageSalary | highestSalary | nirfEngineering | naacGrade,54
4967,"S VeerasamyChettiar College of Engineering and Technology, Puliangudi Post, Tenkasi District 627855",118.5,EC,2025,198994,4,,,,,0,,,B,false,true,Cafeteria | Auditorium | Central library,www.svccollege.ac.in,medium,1,https://www.svccollege.ac.in/,placementRate | medianSalary | averageSalary | highestSalary | nirfEngineering,62
4968,"Sardar Raja College of Engineering, Alangulam, Tenkasi District 627808",128,CS,2025,178152,6,,,,,0,,,,false,true,Cafeteria | Medical facilities | Central library,www.src.org.in,medium,1,https://src.org.in/,placementRate | medianSalary | averageSalary | highestSalary | nirfEngineering | naacGrade,54
4969,"SCAD College of Engineering and Technology, Cheranmahadevi, Tirunelveli District 627414",137.5,EC,2025,152997,6,100,250000,,,2,,,,false,true,Cafeteria | Auditorium | Sports facilities | Central library,www.scadengineering.ac.in,medium,2,https://scadengineering.ac.in/wp-content/uploads/2025/02/SCAD-College-of-Engineering-and-Technology20250130-Overall.pdf | https://scadengineering.ac.in/,averageSalary | highestSalary | nirfEngineering | naacGrade,69
4970,"Sree Sowdambika College of Engineering, Aruppukkottai Taluk, Virudhunagar District 626134",146.5,CS,2025,128364,6,88.89,196000,,450000,4,,,,false,true,Sports facilities | Laboratories | Central library,www.sowdambikaengg.edu.in,medium,4,https://www.sowdambikaengg.edu.in/depts/patssce/index.html | https://www.sowdambikaengg.edu.in/NIRF26.pdf | https://www.sowdambikaengg.edu.in/depts/nacc/nacc.html | https://www.sowdambikaengg.edu.in/,averageSalary | nirfEngineering | naacGrade,77
4971,"St. Xavier's Catholic College of Engineering, (Autonomous) Chunkankadai, Nagercoil, Kanyakumari District 629807",177,CS,2025,43431,8,,,,,0,,,,true,true,,www.sxcce.edu.in,unknown,0,,placementRate | medianSalary | averageSalary | highestSalary | nirfEngineering | naacGrade | facilities,46
4974,"Government College of Engineering, Tirunelveli District 627007",193,CS,2025,8250,7,80,340000,,,4,,,,false,true,Central library | Laboratories | Innovation centre | Cafeteria | Sports facilities,www.gcetly.ac.in,medium,4,https://www.gcetly.ac.in/ | https://www.gcetly.ac.in/nirf/nirf2026_engineering.pdf | https://www.gcetly.ac.in/accreditation.php | https://www.gcetly.ac.in/centralfacilities.php,averageSalary | highestSalary | nirfEngineering | naacGrade,69
4975,"Dr. G U Pope College of Engineering, Sawyerpuram, Thoothukudi District",135,EC,2025,160288,5,,,,,0,,,,false,true,,https://www.drgupopeengg.org/,unknown,0,,placementRate | medianSalary | averageSalary | highestSalary | nirfEngineering | naacGrade | facilities,46
4976,"Infant Jesus College of Engineering, Thoothukudi Highway (NH7/A), Thoothukudi District 628851",123.5,ME,2025,188352,7,,,,,0,,,,false,true,Sports facilities | Cafeteria | Central library | Transport | Laboratories,www.ijce.ac.in,medium,2,https://www.ijce.ac.in/ | https://www.ijce.ac.in/scope-at-ijce-other-facilities,placementRate | medianSalary | averageSalary | highestSalary | nirfEngineering | naacGrade,54
4977,"Narayanaguru College of Engineering, Manjalumoodu, Kanyakumari District",107.5,EE,2025,219612,7,,,,,0,,,B,false,true,Transport | Central library | Laboratories | Innovation centre | Cafeteria,www.ngce.ac.in,medium,2,https://www.ngce.ac.in/ | https://www.ngce.ac.in/facilities/,placementRate | medianSalary | averageSalary | highestSalary | nirfEngineering,62
4978,"Udaya School of Engineering, Ammandivilai Post, Kanyakumari District 629204",119.5,CS,2025,197491,10,,,,,0,,,,false,true,Central library | Sports facilities | Cafeteria,www.udayaschoolofengineering.com,medium,1,http://www.udayaschoolofengineering.com/,placementRate | medianSalary | averageSalary | highestSalary | nirfEngineering | naacGrade,54
4980,"Einstein College of Engineering, Seethaparpanallur, Tirunelveli District 627012",149,AD,2025,122305,6,,,,,0,,,,false,true,,www.einsteincollege.ac.in,unknown,0,,placementRate | medianSalary | averageSalary | highestSalary | nirfEngineering | naacGrade | facilities,46
4981,"Ponjesly College of Engineering, Vettornimadam Post, Nagercoil, Kanyakumari District 629003",158.5,CS,2025,94597,8,,,,,0,,,,false,true,Cafeteria | Auditorium | Central library | Laboratories,www.ponjesly.ac.in,medium,2,https://www.ponjesly.ac.in/ | https://ponjesly.ac.in/NAAC/Website2025/CSE.html,placementRate | medianSalary | averageSalary | highestSalary | nirfEngineering | naacGrade,54
4982,"Vins Christian College of Engineering, Chunkankadai Post, Nagercoil, Kanyakumari District 629807",137.5,CE,2025,152701,7,46.3,240000,,,2,,,,false,true,Auditorium | Cafeteria | Central library | Innovation centre | Gymnasium,https://vinsengineeringcollege.org/,medium,2,https://vinsengineeringcollege.org/includes/documents/nirf.pdf | https://vinsengineeringcollege.org/,averageSalary | highestSalary | nirfEngineering | naacGrade,69
4983,"Lord Jegannath College of Engineering and Technology, Kumarapuram, Thoppur Post, Kanyakumari District 629402",117.5,RM,2025,201124,5,,,,,0,,,,false,true,Gymnasium | Laboratories | Innovation centre | Transport | Central library | Cafeteria | Auditorium | Medical facilities,www.ljcet.org,medium,3,https://www.ljcet.org/naac1.php | https://www.ljcet.org/facility.php | https://www.ljcet.org/,placementRate | medianSalary | averageSalary | highestSalary | nirfEngineering | naacGrade,54
4984,"Marthandam College of Engineering & Technology, Kuttakuzhi, Veeyanoor Post, Kanyakumari District 629177",103,EE,2025,226239,6,,,,,0,,,,false,true,Central library | Cafeteria,www.macet.edu.in,medium,1,https://www.macet.edu.in/,placementRate | medianSalary | averageSalary | highestSalary | nirfEngineering | naacGrade,54
4986,Noorul Islam College of Engineering and Technology,139.5,EC,2025,147724,5,,,,,0,,,,false,,,,unknown,0,,placementRate | medianSalary | averageSalary | highestSalary | nirfEngineering | naacGrade | hostelAvailable | facilities | website,31
4989,"PSN Engineering College, Melathediyoor, Tirunelveli District 627152",143,AD,2025,138831,9,18.18,140000,,,3,,,,false,true,,www.psnec.ac.in,medium,1,https://www.psnec.ac.in/NIRF.pdf,averageSalary | highestSalary | nirfEngineering | naacGrade | facilities,62
4992,"Bethlahem Institute of Engineering, Karungal, Kanyakumari District 629157",124.5,CS,2025,185796,8,,,,700000,1,,,,false,true,Medical facilities | Cafeteria | Central library | Laboratories,http://bethlahem.org/engineering/index.php,medium,1,http://bethlahem.org/engineering/frontend/web/index.php/main/index,placementRate | medianSalary | averageSalary | nirfEngineering | naacGrade,62
4993,"Loyola Institute of Technology and Science, Loyola Nagar, P B No.2, Thovalai, Kanyakumari District 629302",123,CS,2025,189120,9,81.55,170000,,460000,2,,,B,false,true,Central library | Innovation centre | Gymnasium | Cafeteria | Auditorium,www.lites.edu.in,medium,3,https://www.lites.edu.in/ | https://www.lites.edu.in/portal/nirf/LITES-IR-O-C-27087-NIRF-2024-OVERALL-REPORT.pdf | https://www.lites.edu.in/Academics/CampusDiscipline,averageSalary | nirfEngineering,85
4994,"J P College of Engineering, College Road, Ayakudy, Tenkasi Taluk, Tenkasi District 627852",139.5,CS,2025,148421,7,,,,,0,,,A,false,true,Wi-Fi campus | Laboratories | Central library,www.jpcoe.ac.in,medium,1,https://www.jpcoe.ac.in/,placementRate | medianSalary | averageSalary | highestSalary | nirfEngineering,62
4996,"Sri Vidya College of Engineering and Technology, Sivakasi Main Road, P Kumaralinapuram, Virudhunagar District 626005",128,EE,2025,177739,6,,,,,0,,,,false,true,Laboratories | Central library | Cafeteria,www.srividyaengg.ac.in,medium,1,https://www.srividyaengg.ac.in/,placementRate | medianSalary | averageSalary | highestSalary | nirfEngineering | naacGrade,54
4998,"MahakaviBharathiyar College of Engineering and Technology, Vasudevanallur, Tenkasi District 627758",,,,,0,,,,,0,,,,false,true,,www.mbceat.in,unknown,0,,highestCutoff | closingRank | programs | placementRate | medianSalary | averageSalary | highestSalary | nirfEngineering | naacGrade | facilities,23
4999,"AnnaiVailankanni College of Engineering, Pothaiyadi Salai, Pottalkulam, Azhagappapuram, Kanyakumari District 629401",141,CS,2025,143471,5,,,,,0,,,,false,true,,www.avce.edu.in,unknown,0,,placementRate | medianSalary | averageSalary | highestSalary | nirfEngineering | naacGrade | facilities,46
5008,"Thiagarajar College of Engineering (Autonomous),Tirupparankundram, Madurai District 625015",197.5,CS,2025,1581,15,83.63,745000,750000,4500000,4,101-150,2025,A,true,true,Central library,www.tce.edu,high,4,https://www.tce.edu/cdc/placement-statistics | https://www.tce.edu/sites/default/files/PDF/NIRF-2026-Overall.pdf | https://www.nirfindia.org/Rankings/2025/EngineeringRanking150.html | https://www.tce.edu/,,100
5009,"Government College of Engineering, Melachokkanathapuram, Bodinayakkanur, Theni District 625582",181,CS,2025,33249,6,,,,,0,,,,false,true,,www.gcebodi.ac.in,unknown,0,,placementRate | medianSalary | averageSalary | highestSalary | nirfEngineering | naacGrade | facilities,46
5010,"Anna University Regional Campus - Madurai, Kanyakumari National Highway, Keelakuilkudi, Madurai District 625019",184.5,CS,2025,24795,6,,,,,0,,,,false,true,,www.autmdu.in,unknown,0,,placementRate | medianSalary | averageSalary | highestSalary | nirfEngineering | naacGrade | facilities,46
5012,"Central Electrochemical Research Institute CECRI), Karaikudi, Sivagangai District",196.5,CC,2025,2524,1,,,,,0,,,,false,true,,https://cecri.res.in/,unknown,0,,placementRate | medianSalary | averageSalary | highestSalary | nirfEngineering | naacGrade | facilities,46
5017,"University College of Engineering, Ramanathapuram, Pullangudi, Ramanathapuram District 623513",166,CS,2025,73148,7,,,,,0,,,,false,true,,www.aucermd.edu.in,unknown,0,,placementRate | medianSalary | averageSalary | highestSalary | nirfEngineering | naacGrade | facilities,46
5022,"University College of Engineering, Dindigul, MangaraiPirivu, Reddiyarchathiram, Dindigul District 624622",170.5,CS,2025,61473,7,,,,,0,,,,false,true,Laboratories | Central library | Medical facilities | Cafeteria,https://auucedgl.ac.in/,medium,2,https://auucedgl.ac.in/civil-engineering/civil-engineering-facilities | https://auucedgl.ac.in/,placementRate | medianSalary | averageSalary | highestSalary | nirfEngineering | naacGrade,54
5502,"Sri Raajaraajan College of Engineering & Technology, Amaravathi Village, AmaravathiPudur Post, Karaikudi, Sivagangai District 630301",134.5,AD,2025,161261,7,89.77,320000,,,3,,,B,false,true,Central library | Transport | Laboratories,www.sriraajaraajan.in,medium,2,https://www.sriraajaraajan.in/img/need/SRRCET%20-%20NIRF%20DCS%20REPORT.pdf | https://www.sriraajaraajan.in/,averageSalary | highestSalary | nirfEngineering,77
5530,"SSM Institute of Engineering and Technology, Kuttathupatti Village, Sindalaigundu Post, Dindigul District 624002",170.5,CS,2025,60913,10,,,,,0,,,,false,true,,www.ssmiet.ac.in,unknown,0,,placementRate | medianSalary | averageSalary | highestSalary | nirfEngineering | naacGrade | facilities,46
5532,"Vaigai College of Engineering, Therkutheru, Melur Taluk, Madurai District",129,CS,2025,175717,5,,,,,0,,,,false,true,Laboratories | Wi-Fi campus | Central library | Transport | Cafeteria | Auditorium,www.vaigai.org,medium,1,https://www.vaigai.org/,placementRate | medianSalary | averageSalary | highestSalary | nirfEngineering | naacGrade,54
5533,"Karaikudi Institute of Technology and Karaikudi Institute of Management, KIT & KIM Technical Campus, Keeranipatti, Thalakkuvur, Karaikudi, Sivagangai District",127,FT,2025,180180,3,,,,,0,,,,false,true,Transport,www.kitandkimtechnicalcampus.org,medium,1,https://www.kitandkimtechnicalcampus.org/,placementRate | medianSalary | averageSalary | highestSalary | nirfEngineering | naacGrade,54
5536,"Mangayarkarasi College of Engineering, First Street, Mangayarkarasi Nagar, Paravai, Madurai District 625402",152.5,AM,2025,111646,8,48.9,300000,,,3,,,,false,true,Auditorium | Central library | Laboratories,mce-madurai.ac.in,medium,2,https://mce-madurai.ac.in/wp-content/uploads/2026/04/MANGAYARKARASI-COLLEGE-OF-ENGINEERING20260220-1-1.pdf | https://mce-madurai.ac.in/,averageSalary | highestSalary | nirfEngineering | naacGrade,69
5545,G.T.N College of Technology,122,AD,2025,191943,5,,,,,0,,,,false,,,,unknown,0,,placementRate | medianSalary | averageSalary | highestSalary | nirfEngineering | naacGrade | hostelAvailable | facilities | website,31
5546,Jamal Mohamed College of Engineering,122.5,CF,2025,190138,4,,,,,0,,,,false,,,,unknown,0,,placementRate | medianSalary | averageSalary | highestSalary | nirfEngineering | naacGrade | hostelAvailable | facilities | website,31
5703,"Christian College of Engineering and Technology, Oddanchatram, Dindigul District 624619",136,CS,2025,156783,9,,,,,0,,,,false,true,Cafeteria | Sports facilities | Gymnasium | Laboratories | Central library,https://christianengineering.in/,medium,1,https://christianengineering.in/,placementRate | medianSalary | averageSalary | highestSalary | nirfEngineering | naacGrade,54
5832,"N P R College of Engineering and Technology(Autonomous), Natham, Dindigul District 624401",154,CS,2025,107333,9,100,310000,,,2,,,A,true,true,Innovation centre,WWW.NPRCET.ORG,medium,2,http://nprcolleges.org/engineering/wp-content/uploads/sites/2/2025/08/nirf_2024-2025.pdf | https://nprcolleges.org/engineering/,averageSalary | highestSalary | nirfEngineering,77
5842,"Taluk, Sivagangai District 630611",171,CS,2025,59079,9,,,,,0,,,,false,true,Innovation centre | Laboratories | Central library | Transport | Cafeteria | Auditorium | Sports facilities,www.srmmcet.edu.in,medium,1,http://www.srmmcet.edu.in/,placementRate | medianSalary | averageSalary | highestSalary | nirfEngineering | naacGrade,54
5862,"R V S Educational Trust’s Groups of Institutions (Integrated Campus), N Paraipatti Post, Vedasandur Taluk, Dindigul District 624005",137,BM,2025,154793,8,,,,,0,,,A,false,true,Cafeteria | Medical facilities,https://www.rvsetgidgl.ac.in,medium,2,https://www.rvsetgidgl.ac.in/naac.php | https://www.rvsetgidgl.ac.in/,placementRate | medianSalary | averageSalary | highestSalary | nirfEngineering,62
5865,"Nadar Saraswathi College of Engineering and Technology, Vadupudupatti, Annanji Post, Theni District 625531",162.5,CS,2025,83604,7,89,252000,,1900000,4,,,A,false,true,Laboratories | Transport | Central library | Sports facilities | Cafeteria | Medical facilities,www.nscet.org,medium,4,https://www.nscet.org/placement/ | https://www.nscet.org/assets/pdf/NIRF/IR-E-C-56319%20ENGG%2025%20(1).pdf | https://www.nscet.org/ | https://www.nscet.org/infrastructure/,averageSalary | nirfEngineering,85
5901,"Alagappa Chettair Government College of Engineering and Technology (Autonomous), Karaikudi, Sivagangai District 630004",194,CS,2025,6155,6,,,,,0,,,,true,true,,www.accetedu.in,unknown,0,,placementRate | medianSalary | averageSalary | highestSalary | nirfEngineering | naacGrade | facilities,46
5902,"Bharath Niketan Engineering College, Thimmarasanaickanoor, Aundipatti, Theni District 625536",124,CS,2025,187624,8,,,,,0,,,,false,true,Central library,www.bnec.ac.in,medium,1,https://www.bnec.ac.in/,placementRate | medianSalary | averageSalary | highestSalary | nirfEngineering | naacGrade,54
5904,"K L N College of Engineering (Autonomous), Pottapalayam, Sivagangai District",173.5,CS,2025,52908,8,,,,,0,,,,true,true,Laboratories | Gymnasium | Transport | Central library | Medical facilities | Cafeteria | Sports facilities,www.klnce.edu,medium,2,https://www.klnce.edu/ | https://www.klnce.edu/Resources/Hostel.aspx,placementRate | medianSalary | averageSalary | highestSalary | nirfEngineering | naacGrade,54
5907,"Mohamed Sathak Engineering College, Kilakarai, Ramanathapuram District",180,MR,2025,35802,14,34.86,420000,,,3,,,,false,true,Medical facilities | Cafeteria | Central library | Laboratories | Gymnasium,www.msec.org.in,medium,3,https://www.msec.org.in/uploads/nirf/2025-ENGG.pdf | https://www.msec.org.in/hostel.php | https://www.msec.org.in/,averageSalary | highestSalary | nirfEngineering | naacGrade,69
5910,"P S N A Colllege of Engineering and Technology, Dindigul District 624622",183,CS,2025,29113,12,,,,,0,201-300,2025,,true,true,,https://www.psnacet.edu.in/,high,1,https://www.nirfindia.org/Rankings/2025/EngineeringRanking300.html,placementRate | medianSalary | averageSalary | highestSalary | naacGrade | facilities,54
5911,"P T R College of Engineering and Technology, Thanapandiyan Nagar, Austinpatty Post, Madurai District 625008",124,CE,2025,186830,8,,,,,0,,,,false,true,Central library | Laboratories | Cafeteria | Auditorium,www.ptrcet.edu.in,medium,2,https://www.ptrcet.edu.in/ | https://www.ptrcet.edu.in/infrastructures/,placementRate | medianSalary | averageSalary | highestSalary | nirfEngineering | naacGrade,54
5912,"Pandian Saraswathi Yadav Engineering College, Thirumansolai Post, Sivagangai District 630 561",138.5,IT,2025,150187,9,44.96,200000,,,3,,,,false,true,Central library | Transport | Laboratories | Medical facilities | Sports facilities,www.psyec.edu.in,medium,3,https://www.psyec.edu.in/assets/img/brochures/DCS-NIRF.pdf | https://www.psyec.edu.in/ | https://www.psyec.edu.in/hostel,averageSalary | highestSalary | nirfEngineering | naacGrade,69
5913,"R V S College of Engineering, N Paraipatti Post, Dindigul District 624005",147.5,AD,2025,125897,12,55.28,180000,,,2,,,,false,true,Central library | Innovation centre | Laboratories | Gymnasium,www.rvseng.ac.in,medium,2,https://rvseng.ac.in/wp-content/uploads/2025/09/RVSCE-NIRF-OVERALL-REPORT.pdf | https://rvseng.ac.in/naac-criterion/,averageSalary | highestSalary | nirfEngineering | naacGrade,69
5914,"Solamalai College of Engineering, Veerapanjan, Madurai District 625020",137,AD,2025,154140,9,,,,,0,,,,false,true,Auditorium | Central library,WWW.SOLAMALAICE.AC.IN,medium,1,https://www.solamalaice.ac.in/,placementRate | medianSalary | averageSalary | highestSalary | nirfEngineering | naacGrade,54
5915,"SACS-M A V M M Engineering College, Kidaripatty Post, Madurai District",149,AD,2025,122211,7,,,,,0,,,,false,true,,www.sacsmec.in,unknown,0,,placementRate | medianSalary | averageSalary | highestSalary | nirfEngineering | naacGrade | facilities,46
5919,"St. Michael College of Engineering and Technology, Kalayarkoil, Sivagangai District 630551",131,CS,2025,170341,8,,,,800000,1,,,A,false,true,Cafeteria | Sports facilities | Medical facilities | Wi-Fi campus | Laboratories | Central library | Transport,www.smcet.edu.in,medium,3,https://www.smcet.edu.in/placements/ | https://www.smcet.edu.in/ | https://www.smcet.edu.in/campus-life/,placementRate | medianSalary | averageSalary | nirfEngineering,69
5921,"Syed Ammal Engineering College, AchuthanVayal Post, Ramanathapuram District 623502",171,EC,2025,59495,9,90.06,712714,,,3,,,,false,true,Central library | Transport | Laboratories | Auditorium | Cafeteria | Sports facilities | Medical facilities,www.syedengg.ac.in,medium,3,https://www.syedengg.ac.in/pdf/NIRF/report/NIRF-2026-ENGINEERING.pdf | https://www.syedengg.ac.in/ | https://www.syedengg.ac.in/facilities-transport.php,averageSalary | highestSalary | nirfEngineering | naacGrade,69
5924,"Ganapathy Chettiar College of Engineering and Technology, Melakavanur Post, Paramakudi, Ramanathapuram District 623706",142,EE,2024,103783,6,,,,,0,,,,false,true,,WWW.GANAPATHYCHETTIARENGINE,unknown,0,,placementRate | medianSalary | averageSalary | highestSalary | nirfEngineering | naacGrade | facilities,46
5930,"SBM College of Engineering and Technology, Thamaraipady, T N ParaipattiPirivu, Dindigul District 624005",122.5,CS,2025,190514,8,,,,,0,,,,false,true,,www.sbminstitutions.ac.in,unknown,0,,placementRate | medianSalary | averageSalary | highestSalary | nirfEngineering | naacGrade | facilities,46
5935,"Fatima Michael College of Engineering and Technology, Sengottai Village, Sivagangai Main Road, Madurai District 625020",147,CS,2025,127001,7,,,,,0,,,,false,true,,www.fmcet.ac.in,unknown,0,,placementRate | medianSalary | averageSalary | highestSalary | nirfEngineering | naacGrade | facilities,46
5942,"Ultra College of Engineering and Technology, Kodikulam, 1 Bit Village, Madurai- Chennai Highway, Madurai District 625104",125,CS,2025,184761,7,,,,,0,,,,false,true,Central library | Laboratories,www.ucetw.ac.in,medium,1,https://ucetw.ac.in/,placementRate | medianSalary | averageSalary | highestSalary | nirfEngineering | naacGrade,54
5986,"Velammal College of Engineering and Technology(Autonomous), Madurai District 625009",188.5,CS,2025,16405,9,80.57,400250,,4700000,4,,,A,true,true,Laboratories | Transport | Central library | Auditorium | Cafeteria | Medical facilities,www.vcet.ac.in,medium,3,https://www.vcet.ac.in/ | https://www.vcet.ac.in/vcetit/pdfs/IQAC/NIRF/Engineering2026.pdf | https://www.vcet.ac.in/vcetit/camamen,averageSalary | nirfEngineering,85
5988,"Theni Kammavar Sangam College of Technology, Theni Main Road, Koduvillarpatti Post, Theni District 625534",142,CS,2025,140655,7,,,,,0,,,,false,true,Central library | Laboratories,www.tksct.in,medium,1,https://www.tksct.in/,placementRate | medianSalary | averageSalary | highestSalary | nirfEngineering | naacGrade,54
5990,"Latha Mathavan Engineering College, Kidaripatti Post, Alagarkoil (Via), Melur Taluk, Madurai District 625301",122.5,CS,2025,190752,5,58.14,250000,,,3,,,,false,true,Auditorium | Sports facilities | Central library | Laboratories,www.lathamathavan.edu.in,medium,3,https://www.lathamathavan.edu.in/wp-content/uploads/2026/04/NIRF-2024-25_REPORT.pdf | https://www.lathamathavan.edu.in/ | https://www.lathamathavan.edu.in/facilities/,averageSalary | highestSalary | nirfEngineering | naacGrade,69
