collegeCode,collegeName,status,grade,cycle,validFrom,validUntil,currentSourceUrl,collegeWebsite,officialNaacDashboard,searchName
1,"University Departments of Anna University, Chennai - CEG Campus, Sardar Patel Road, Guindy, Chennai 600 025",needs_verification,,,,,,ceg.annauniv.edu,https://assessmentonline.naac.gov.in/public/index.php/hei_dashboard,"University Departments of Anna University, Chennai - CEG Campus, Sardar Patel Road, Guindy, Chennai 600 025"
2,"University Departments of Anna University, Chennai - ACT Campus, Sardar Patel Road, Guindy, Chennai 600 025",needs_verification,,,,,,https://www.annauniv.edu/act/,https://assessmentonline.naac.gov.in/public/index.php/hei_dashboard,"University Departments of Anna University, Chennai - ACT Campus, Sardar Patel Road, Guindy, Chennai 600 025"
3,"School of Architecture and Planning, Anna University, Chennai 600025",needs_verification,,,,,,www.annauniv.edu,https://assessmentonline.naac.gov.in/public/index.php/hei_dashboard,"School of Architecture and Planning, Anna University, Chennai 600025"
4,"University Departments of Anna University, Chennai - MIT Campus, Chrompet, Tambaram Taluk, Chengalpattu District 600 044",needs_verification,,,,,,www.annauniv.edu/www.mitindia.edu,https://assessmentonline.naac.gov.in/public/index.php/hei_dashboard,"University Departments of Anna University, Chennai - MIT Campus, Chrompet, Tambaram Taluk, Chengalpattu District 600 044"
5,"Annamalai University Faculty of Engineering and Technology, Annamalai nagar,",needs_verification,,,,,,www.annamalaiuniversity.ac.in,https://assessmentonline.naac.gov.in/public/index.php/hei_dashboard,"Annamalai University Faculty of Engineering and Technology, Annamalai nagar,"
1013,"University College of Engineering, Villupuram, Kakuppam, Villupuram District",needs_verification,,,,,,http://www.aucev.edu.in/index.html,https://assessmentonline.naac.gov.in/public/index.php/hei_dashboard,"University College of Engineering, Villupuram, Kakuppam, Villupuram District"
1014,"University College of Engineering, Tindivanam, Melpakkam, Tindivanam, Villupuram District 604001",needs_verification,,,,,,www.aucet.in,https://assessmentonline.naac.gov.in/public/index.php/hei_dashboard,"University College of Engineering, Tindivanam, Melpakkam, Tindivanam, Villupuram District 604001"
1015,"University College of Engineering, Arni, Arni to Devikapuram Road, Thatchur, Arni, Thiruvannamalai District 632326",needs_verification,,,,,,https://www.aucearni.in/,https://assessmentonline.naac.gov.in/public/index.php/hei_dashboard,"University College of Engineering, Arni, Arni to Devikapuram Road, Thatchur, Arni, Thiruvannamalai District 632326"
1026,"University College of Engineering, Kancheepuram, Ponnerikarai Campus, NH4, Chennai-Bangalore Highway, Karaipettai Village & Post, Kancheepuram District",needs_verification,,,,,,www.aucek.in,https://assessmentonline.naac.gov.in/public/index.php/hei_dashboard,"University College of Engineering, Kancheepuram, Ponnerikarai Campus, NH4, Chennai-Bangalore Highway, Karaipettai Village & Post, Kancheepuram District"
1101,"Aalim Muhammed Salegh College of Engineering, Muthapudupet, Avadi IAF, Chennai 600055",needs_verification,,,,,,www.aalimec.ac.in,https://assessmentonline.naac.gov.in/public/index.php/hei_dashboard,"Aalim Muhammed Salegh College of Engineering, Muthapudupet, Avadi IAF, Chennai 600055"
1102,Bhajarang Engineering College,needs_verification,,,,,,,https://assessmentonline.naac.gov.in/public/index.php/hei_dashboard,Bhajarang Engineering College
1106,"Jaya Engineering College, Thirunindravur, Chennai 602024",needs_verification,,,,,,www.jec.ac.in,https://assessmentonline.naac.gov.in/public/index.php/hei_dashboard,"Jaya Engineering College, Thirunindravur, Chennai 602024"
1107,"Jaya Institute of Technology, Kanchipadi Post, Thiruvallur-TiruttaniNH Road, Thiruvallur District 631204",needs_verification,,,,,,www.jitcollege.edu.in,https://assessmentonline.naac.gov.in/public/index.php/hei_dashboard,"Jaya Institute of Technology, Kanchipadi Post, Thiruvallur-TiruttaniNH Road, Thiruvallur District 631204"
1110,"Prathyusha Engineering college, (Autonomous) Aranvoyalkuppam, Thiruvallur District 602025",needs_verification,,,,,,www.prathyusha.edu.in,https://assessmentonline.naac.gov.in/public/index.php/hei_dashboard,"Prathyusha Engineering college, (Autonomous) Aranvoyalkuppam, Thiruvallur District 602025"
1111,Rajalakshmi Engineering College (Off Campus),needs_verification,,,,,,,https://assessmentonline.naac.gov.in/public/index.php/hei_dashboard,Rajalakshmi Engineering College (Off Campus)
1112,"R M D Engineering College (Autonomous), Kavaraipettai, Gummidipoondi, Thiruvallur District 601206",needs_verification,,,,,,www.rmd.ac.in,https://assessmentonline.naac.gov.in/public/index.php/hei_dashboard,"R M D Engineering College (Autonomous), Kavaraipettai, Gummidipoondi, Thiruvallur District 601206"
1114,"S A Engineering College (Autonomous), Thiruverkadu, Chennai 600077",needs_verification,,,,,,www.saec.ac.in,https://assessmentonline.naac.gov.in/public/index.php/hei_dashboard,"S A Engineering College (Autonomous), Thiruverkadu, Chennai 600077"
1115,"Sri Ram Engineering College, Perumalpattu, Veppampattu (R S), Thiruvallur District 602 024",needs_verification,,,,,,,https://assessmentonline.naac.gov.in/public/index.php/hei_dashboard,"Sri Ram Engineering College, Perumalpattu, Veppampattu (R S), Thiruvallur District 602 024"
1116,"Sri Venkateswara College of Engineering and Technology, Thirupachur, Thiruvallur District 631203",needs_verification,,,,,,www.sriventech.ac.in,https://assessmentonline.naac.gov.in/public/index.php/hei_dashboard,"Sri Venkateswara College of Engineering and Technology, Thirupachur, Thiruvallur District 631203"
1118,"Vel Tech Multi Tech Dr. Rangarajan Dr.Sakunthala Engineering College (Autonomous), Avadi-Alamathi Road, Chennai 600 062",needs_verification,,,,,,www.veltechmultitech.org,https://assessmentonline.naac.gov.in/public/index.php/hei_dashboard,"Vel Tech Multi Tech Dr. Rangarajan Dr.Sakunthala Engineering College (Autonomous), Avadi-Alamathi Road, Chennai 600 062"
1120,"Velammal Engineering College (Autonomous), Ambattur-Redhills Road, Chennai 600066",needs_verification,,,,,,www.velammal.edu.in,https://assessmentonline.naac.gov.in/public/index.php/hei_dashboard,"Velammal Engineering College (Autonomous), Ambattur-Redhills Road, Chennai 600066"
1121,"Sri Venkateswara Institute of Science and Technology, Kozhundalur, Thiruvallur District 631203",needs_verification,,,,,,www.sverct.in,https://assessmentonline.naac.gov.in/public/index.php/hei_dashboard,"Sri Venkateswara Institute of Science and Technology, Kozhundalur, Thiruvallur District 631203"
1123,"Gojan School of Business and Technology, Alamathi, Chennai 600062",needs_verification,,,,,,www.gojaneducation.tech,https://assessmentonline.naac.gov.in/public/index.php/hei_dashboard,"Gojan School of Business and Technology, Alamathi, Chennai 600062"
1127,"St. Peters College of Engineering and Technology, College Road, Avadi, Chennai",needs_verification,,,,,,www.spcet.ac.in,https://assessmentonline.naac.gov.in/public/index.php/hei_dashboard,"St. Peters College of Engineering and Technology, College Road, Avadi, Chennai"
1128,"R M K College of Engineering and Technology (Autonomous), Puduvoyal, Gummidipoondi Taluk, Thiruvallur District 601206",needs_verification,,,,,,www.rmkcet.ac.in,https://assessmentonline.naac.gov.in/public/index.php/hei_dashboard,"R M K College of Engineering and Technology (Autonomous), Puduvoyal, Gummidipoondi Taluk, Thiruvallur District 601206"
1133,"AnnaiVeilankannis College of Engineering, Gandhi Road, Nedungundram, Chennai 600048",needs_verification,,,,,,https://avce.annaiveilankannis.com,https://assessmentonline.naac.gov.in/public/index.php/hei_dashboard,"AnnaiVeilankannis College of Engineering, Gandhi Road, Nedungundram, Chennai 600048"
1140,"Jeppiaar Institute of Technology, kunnam Village, SriperumpudurTaulk, Kancheepuram District 631604",needs_verification,,,,,,www.jeppiaarinstitute.org,https://assessmentonline.naac.gov.in/public/index.php/hei_dashboard,"Jeppiaar Institute of Technology, kunnam Village, SriperumpudurTaulk, Kancheepuram District 631604"
1150,"Sri Jayaram Institute of Engineering and Technology, 51 N, Elavur, 58N, Natham, Gummidipoondi Taluk, Thiruvallur District 601201",needs_verification,,,,,,www.sjiet.org,https://assessmentonline.naac.gov.in/public/index.php/hei_dashboard,"Sri Jayaram Institute of Engineering and Technology, 51 N, Elavur, 58N, Natham, Gummidipoondi Taluk, Thiruvallur District 601201"
1202,"D M I College of Engineering, Palanchoor, Nazrethpet, Chennai 602103",needs_verification,,,,,,www.dmice.ac.in,https://assessmentonline.naac.gov.in/public/index.php/hei_dashboard,"D M I College of Engineering, Palanchoor, Nazrethpet, Chennai 602103"
1203,Madras Engineering College,needs_verification,,,,,,,https://assessmentonline.naac.gov.in/public/index.php/hei_dashboard,Madras Engineering College
1210,"Panimalar Engineering College (Autonomous), Nazarethpet, Poonamallee, Chennai 602123",needs_verification,,,,,,www.panimalar.ac.in,https://assessmentonline.naac.gov.in/public/index.php/hei_dashboard,"Panimalar Engineering College (Autonomous), Nazarethpet, Poonamallee, Chennai 602123"
1211,"Rajalakshmi Engineering College (Autonomous), Thandalam, Sriperumpudur Taluk, Kancheepuram District 602105",needs_verification,,,,,,www.rajalakshmi.edu.in,https://assessmentonline.naac.gov.in/public/index.php/hei_dashboard,"Rajalakshmi Engineering College (Autonomous), Thandalam, Sriperumpudur Taluk, Kancheepuram District 602105"
1212,"Rajiv Gandhi College of Engineering, Nemili, Sriperumpudur Taluk, Kancheepuram District 602105",needs_verification,,,,,,www.rgce.edu.in,https://assessmentonline.naac.gov.in/public/index.php/hei_dashboard,"Rajiv Gandhi College of Engineering, Nemili, Sriperumpudur Taluk, Kancheepuram District 602105"
1213,"S K R Engineering College, Poonamallee, Chennai 600123",needs_verification,,,,,,www.skrec.in,https://assessmentonline.naac.gov.in/public/index.php/hei_dashboard,"S K R Engineering College, Poonamallee, Chennai 600123"
1216,"Saveetha Engineering College (Autonomous), Thandalam, Sriperumpudur Taluk, Kancheepuram District 602105",needs_verification,,,,,,www.saveetha.ac.in,https://assessmentonline.naac.gov.in/public/index.php/hei_dashboard,"Saveetha Engineering College (Autonomous), Thandalam, Sriperumpudur Taluk, Kancheepuram District 602105"
1221,"Jaya College of Engineering and Technology, Parivakkam, Poonamallee, Chennai 600056",needs_verification,,,,,,,https://assessmentonline.naac.gov.in/public/index.php/hei_dashboard,"Jaya College of Engineering and Technology, Parivakkam, Poonamallee, Chennai 600056"
1222,"P B College of Engineering, Irungkattukottai, Sriperumpudur Taluk, Kancheepuram District 602117",needs_verification,,,,,,www.pbce.in,https://assessmentonline.naac.gov.in/public/index.php/hei_dashboard,"P B College of Engineering, Irungkattukottai, Sriperumpudur Taluk, Kancheepuram District 602117"
1225,Chennai 600123,needs_verification,,,,,,www.litedu.in,https://assessmentonline.naac.gov.in/public/index.php/hei_dashboard,Chennai 600123
1226,"P T Lee Chengalvaraya Naicker College of Engineering and Technology, Oovery, Veliyur Post, Kancheepuram District 631 502",needs_verification,,,,,,www.ptleecncet.com,https://assessmentonline.naac.gov.in/public/index.php/hei_dashboard,"P T Lee Chengalvaraya Naicker College of Engineering and Technology, Oovery, Veliyur Post, Kancheepuram District 631 502"
1228,"Alpha College of Engineering, No.34, Udayavar Koil Street, Poonamallee, Thirumazhisai, Chennai - 600124",needs_verification,,,,,,https://alphagroup.edu/engineering/,https://assessmentonline.naac.gov.in/public/index.php/hei_dashboard,"Alpha College of Engineering, No.34, Udayavar Koil Street, Poonamallee, Thirumazhisai, Chennai - 600124"
1229,"Indira Institute of Engineering and Technology, VGR Gardens, Pandur, Thiruvallur District 631203",needs_verification,,,,,,www.indiraeducational.org,https://assessmentonline.naac.gov.in/public/index.php/hei_dashboard,"Indira Institute of Engineering and Technology, VGR Gardens, Pandur, Thiruvallur District 631203"
1230,"Apollo Engineering College, Mevaloorkuppam, Valarpuram Post, Sriperumpudur, Kancheepuram District 602105",needs_verification,,,,,,www.apolloengg.in,https://assessmentonline.naac.gov.in/public/index.php/hei_dashboard,"Apollo Engineering College, Mevaloorkuppam, Valarpuram Post, Sriperumpudur, Kancheepuram District 602105"
1232,"A R M College of Engineering and Technology, Sattamangalam, Maraimalainagar, Chengalpattu District 603209",needs_verification,,,,,,,https://assessmentonline.naac.gov.in/public/index.php/hei_dashboard,"A R M College of Engineering and Technology, Sattamangalam, Maraimalainagar, Chengalpattu District 603209"
1235,"JeiMathaajee College of Engineering, Vishaandikuppam, Karappettai (via), Siruvakkam, Kancheepuram District 631 552",needs_verification,,,,,,,https://assessmentonline.naac.gov.in/public/index.php/hei_dashboard,"JeiMathaajee College of Engineering, Vishaandikuppam, Karappettai (via), Siruvakkam, Kancheepuram District 631 552"
1237,"Velammal Institute of Technology, Chennai-Kolkatta Highway, Panchetti Village, Ponneri Taluk, Thiruvallur District 601204",needs_verification,,,,,,WWW.VELAMMALITECH.EDU.IN,https://assessmentonline.naac.gov.in/public/index.php/hei_dashboard,"Velammal Institute of Technology, Chennai-Kolkatta Highway, Panchetti Village, Ponneri Taluk, Thiruvallur District 601204"
1241,"T J S Engineering College, Peruvoyal, Near Kavaraipettai, Gummidipoondi Taluk, Thiruvallur District 601206",needs_verification,,,,,,www.tjsec.in,https://assessmentonline.naac.gov.in/public/index.php/hei_dashboard,"T J S Engineering College, Peruvoyal, Near Kavaraipettai, Gummidipoondi Taluk, Thiruvallur District 601206"
1243,"Sadhananthapuram, Thandalam Post, Chennai 602101",needs_verification,,,,,,www.mietchennai.in,https://assessmentonline.naac.gov.in/public/index.php/hei_dashboard,"Sadhananthapuram, Thandalam Post, Chennai 602101"
1301,"Mohammed Sathak A J College of Engineering, Old Mahabalipuram Road (OMR), Egattur, Chengalpattu District 603103",needs_verification,,,,,,www.msajce-edu.in,https://assessmentonline.naac.gov.in/public/index.php/hei_dashboard,"Mohammed Sathak A J College of Engineering, Old Mahabalipuram Road (OMR), Egattur, Chengalpattu District 603103"
1303,"Anand Institute of Higher Technology, Old Mahabalipuram Road (OMR), Kazhipattur, Chengalpattu District 603103",needs_verification,,,,,,www.aiht.ac.in,https://assessmentonline.naac.gov.in/public/index.php/hei_dashboard,"Anand Institute of Higher Technology, Old Mahabalipuram Road (OMR), Kazhipattur, Chengalpattu District 603103"
1304,"Easwari Engineering College (Autonomous), Ramapuram, Chennai 600089",needs_verification,,,,,,www.srmeaswari.ac.in,https://assessmentonline.naac.gov.in/public/index.php/hei_dashboard,"Easwari Engineering College (Autonomous), Ramapuram, Chennai 600089"
1306,"Jeppiaar Engineering College, Old Mahabalipuram Road (OMR), Chennai",needs_verification,,,,,,www.jeppiaarcollege.org,https://assessmentonline.naac.gov.in/public/index.php/hei_dashboard,"Jeppiaar Engineering College, Old Mahabalipuram Road (OMR), Chennai"
1307,"Jerusalem College of Engineering (Autonomous), Narayanapuram, Pallikaranai, Chennai 600 100",needs_verification,,,,,,https://www.jerusalemengg.ac.in,https://assessmentonline.naac.gov.in/public/index.php/hei_dashboard,"Jerusalem College of Engineering (Autonomous), Narayanapuram, Pallikaranai, Chennai 600 100"
1309,"Meenakshi Sundararajan Engineering College, Kodambakkam, Chennai 600024",needs_verification,,,,,,www.msec.edu.in,https://assessmentonline.naac.gov.in/public/index.php/hei_dashboard,"Meenakshi Sundararajan Engineering College, Kodambakkam, Chennai 600024"
1310,"MisrimalNavajeeMunoth Jain Engineering College, Rajiv Gandhi Salai (OMR), Thorappakkam, Chennai 600096",needs_verification,,,,,,www.mnmjec.ac.in,https://assessmentonline.naac.gov.in/public/index.php/hei_dashboard,"MisrimalNavajeeMunoth Jain Engineering College, Rajiv Gandhi Salai (OMR), Thorappakkam, Chennai 600096"
1311,"K C G College of Technology, (Autonomous) Karappakkam, Chennai 600096",needs_verification,,,,,,www.kcgcollege.ac.in,https://assessmentonline.naac.gov.in/public/index.php/hei_dashboard,"K C G College of Technology, (Autonomous) Karappakkam, Chennai 600096"
1316,"Agni College of Technology, Old Mahabalipuram Road (OMR), Thalambur Village, Chengalpattu District 603103",needs_verification,,,,,,www.act.edu.in,https://assessmentonline.naac.gov.in/public/index.php/hei_dashboard,"Agni College of Technology, Old Mahabalipuram Road (OMR), Thalambur Village, Chengalpattu District 603103"
1317,"St. Joseph’s College of Engineering (Autonomous), Old Mahabalipuram Road (OMR), Chennai 600 119",needs_verification,,,,,,www.stjosephs.ac.in,https://assessmentonline.naac.gov.in/public/index.php/hei_dashboard,"St. Joseph’s College of Engineering (Autonomous), Old Mahabalipuram Road (OMR), Chennai 600 119"
1319,"Thangavelu Engineering College, Karappakkam, Chennai 600097",needs_verification,,,,,,www.thangavelu.edu.in,https://assessmentonline.naac.gov.in/public/index.php/hei_dashboard,"Thangavelu Engineering College, Karappakkam, Chennai 600097"
1321,"of Plastics Engineering and Technology) (CIPET), Guindy, Chennai 600032",needs_verification,,,,,,www.cipet.gov.in,https://assessmentonline.naac.gov.in/public/index.php/hei_dashboard,"of Plastics Engineering and Technology) (CIPET), Guindy, Chennai 600032"
1322,"Dhanalakshmi Srinivasan College of Engineering and Technology, East Coast Road, Poonjeri, Chennai 603104",needs_verification,,,,,,www.dscet.ac.in,https://assessmentonline.naac.gov.in/public/index.php/hei_dashboard,"Dhanalakshmi Srinivasan College of Engineering and Technology, East Coast Road, Poonjeri, Chennai 603104"
1325,"St. Joseph College of Engineering, Trinity Campus, Nemili, Sriperumpudur Taluk, Kancheepuram District 602105",needs_verification,,,,,,www.stjoseph.ac.in,https://assessmentonline.naac.gov.in/public/index.php/hei_dashboard,"St. Joseph College of Engineering, Trinity Campus, Nemili, Sriperumpudur Taluk, Kancheepuram District 602105"
1333,"Vi Institute of Technology, Sirunkundram Village & Post, Chengalpattu District",needs_verification,,,,,,,https://assessmentonline.naac.gov.in/public/index.php/hei_dashboard,"Vi Institute of Technology, Sirunkundram Village & Post, Chengalpattu District"
1335,"Sri Krishna Institute of Technology, Panapakkam, Padappai, Chennai 601301",needs_verification,,,,,,www.srikrishnait.in,https://assessmentonline.naac.gov.in/public/index.php/hei_dashboard,"Sri Krishna Institute of Technology, Panapakkam, Padappai, Chennai 601301"
1339,Mahalakshmi Tech Campus,needs_verification,,,,,,,https://assessmentonline.naac.gov.in/public/index.php/hei_dashboard,Mahalakshmi Tech Campus
1399,"Post, Kundrathur,Chennai 600069",needs_verification,,,,,,www.citchennai.edu.in,https://assessmentonline.naac.gov.in/public/index.php/hei_dashboard,"Post, Kundrathur,Chennai 600069"
1401,"Adhiparasakthi Engineering College, Melmaruvathur, Chengalpattu District",needs_verification,,,,,,www.apec.edu.in,https://assessmentonline.naac.gov.in/public/index.php/hei_dashboard,"Adhiparasakthi Engineering College, Melmaruvathur, Chengalpattu District"
1402,"Annai Teresa College of Engineering, Thirunavalur, Kallakkurichi District 607204",needs_verification,,,,,,www.atce.ac.in,https://assessmentonline.naac.gov.in/public/index.php/hei_dashboard,"Annai Teresa College of Engineering, Thirunavalur, Kallakkurichi District 607204"
1407,"G K M College of Engineering and Technology, Alappakkam-Mappedu Road, Chennai 600063",needs_verification,,,,,,www.gkmgroup.in,https://assessmentonline.naac.gov.in/public/index.php/hei_dashboard,"G K M College of Engineering and Technology, Alappakkam-Mappedu Road, Chennai 600063"
1411,"Madha Engineering College, Kundrathur, Chennai 600069",needs_verification,,,,,,www.madhaengineeringcollege.com,https://assessmentonline.naac.gov.in/public/index.php/hei_dashboard,"Madha Engineering College, Kundrathur, Chennai 600069"
1412,"Mailam Engineering College, Mailam, Villupuram District 604304",needs_verification,,,,,,www.mailamengg.com,https://assessmentonline.naac.gov.in/public/index.php/hei_dashboard,"Mailam Engineering College, Mailam, Villupuram District 604304"
1413,"Sri Venkateswaraa College of Technology, Sirukulathur, Vadakkal Village, Pondur Post, Sriperumbudur Taluk, Kancheepuram District 602105",needs_verification,,,,,,www.svct.edu.in,https://assessmentonline.naac.gov.in/public/index.php/hei_dashboard,"Sri Venkateswaraa College of Technology, Sirukulathur, Vadakkal Village, Pondur Post, Sriperumbudur Taluk, Kancheepuram District 602105"
1414,"Prince Shri Venkateshwara Padmavathy Engineering College(Autonomous), Ponmar, Chennai 600048",needs_verification,,,,,,www.psvpec.in,https://assessmentonline.naac.gov.in/public/index.php/hei_dashboard,"Prince Shri Venkateshwara Padmavathy Engineering College(Autonomous), Ponmar, Chennai 600048"
1415,"T S M Jain College of Technology, Melur Village, Kallakurichi District 606201",needs_verification,,,,,,www.tsmjain.in,https://assessmentonline.naac.gov.in/public/index.php/hei_dashboard,"T S M Jain College of Technology, Melur Village, Kallakurichi District 606201"
1420,"Tagore Engineering College, Rathnamangalam, Vandalur Post, Chennai 600048",needs_verification,,,,,,www.tagore-engg.ac.in,https://assessmentonline.naac.gov.in/public/index.php/hei_dashboard,"Tagore Engineering College, Rathnamangalam, Vandalur Post, Chennai 600048"
1421,"V R S College of Engineering and Technology, Arasur, Villupuram District",needs_verification,,,,,,www.vrscet.in,https://assessmentonline.naac.gov.in/public/index.php/hei_dashboard,"V R S College of Engineering and Technology, Arasur, Villupuram District"
1423,"Asan Memorial College of Engineering and Technology, Chengalpattu-603 001.",needs_verification,,,,,,amcet.co.in,https://assessmentonline.naac.gov.in/public/index.php/hei_dashboard,"Asan Memorial College of Engineering and Technology, Chengalpattu-603 001."
1424,"Dhaanish Ahmed College of Engineering, Padappai, Chennai 601301",needs_verification,,,,,,www.dhaanish.in,https://assessmentonline.naac.gov.in/public/index.php/hei_dashboard,"Dhaanish Ahmed College of Engineering, Padappai, Chennai 601301"
1426,"Sri Ramanujar Engineering College, Vandalur, Kolappakkam, Chennai 600127",needs_verification,,,,,,www.sriramanujar.ac.in,https://assessmentonline.naac.gov.in/public/index.php/hei_dashboard,"Sri Ramanujar Engineering College, Vandalur, Kolappakkam, Chennai 600127"
1427,"Sri Krishna Engineering College, Panappakkam, Padappai, Chennai 601301",needs_verification,,,,,,www.skec.edu.in,https://assessmentonline.naac.gov.in/public/index.php/hei_dashboard,"Sri Krishna Engineering College, Panappakkam, Padappai, Chennai 601301"
1428,"E S Engineering College, Chennai Trunk Road, Ayyankoilpattu, Villupuram District 605602",needs_verification,,,,,,https://escet.in/,https://assessmentonline.naac.gov.in/public/index.php/hei_dashboard,"E S Engineering College, Chennai Trunk Road, Ayyankoilpattu, Villupuram District 605602"
1430,"Maha Bharathi Engineering College, A Vasudevanur, Chinnasalem, Kallakurichi District 606201",needs_verification,,,,,,www.mbec.ac.in,https://assessmentonline.naac.gov.in/public/index.php/hei_dashboard,"Maha Bharathi Engineering College, A Vasudevanur, Chinnasalem, Kallakurichi District 606201"
1431,"New Prince Shri Bhavani College of Engineering and Technology(Autonomous), Vengaivasal Main Road, Gowrivakkam, Chennai 600073",needs_verification,,,,,,WWW.NPSBCET.EDU.IN,https://assessmentonline.naac.gov.in/public/index.php/hei_dashboard,"New Prince Shri Bhavani College of Engineering and Technology(Autonomous), Vengaivasal Main Road, Gowrivakkam, Chennai 600073"
1434,"Surya Group of Institutions, GST Road, Vikravandi Village, Villupuram District",needs_verification,,,,,,www.suryagroup.edu.in,https://assessmentonline.naac.gov.in/public/index.php/hei_dashboard,"Surya Group of Institutions, GST Road, Vikravandi Village, Villupuram District"
1436,"A R Engineering College, Vadakuchipalayam, Kappiyampuliyur Post, Villupuram District 605601",needs_verification,,,,,,www.arenggc.com,https://assessmentonline.naac.gov.in/public/index.php/hei_dashboard,"A R Engineering College, Vadakuchipalayam, Kappiyampuliyur Post, Villupuram District 605601"
1437,"Rrase College of Engineering, Padappai, Kancheepuram 601301",needs_verification,,,,,,www.rrase.com,https://assessmentonline.naac.gov.in/public/index.php/hei_dashboard,"Rrase College of Engineering, Padappai, Kancheepuram 601301"
1438,"Sree Krishna College of Engineering, Anaicut Post, Unnai Village, Vellore District",needs_verification,,,,,,www.skcevellore.ac.in,https://assessmentonline.naac.gov.in/public/index.php/hei_dashboard,"Sree Krishna College of Engineering, Anaicut Post, Unnai Village, Vellore District"
1444,"Chendu College of Engineering and Technology, ZaminEndathur Village, Madurantakam Taluk, Chengalpattu District 600127",needs_verification,,,,,,www.chenduengg.com,https://assessmentonline.naac.gov.in/public/index.php/hei_dashboard,"Chendu College of Engineering and Technology, ZaminEndathur Village, Madurantakam Taluk, Chengalpattu District 600127"
1445,"Sri Rangapoopathi College of Engineering, Alampoondi Village, Gingee, Villupuram District 604151",needs_verification,,,,,,http://rangapoopathi.in/,https://assessmentonline.naac.gov.in/public/index.php/hei_dashboard,"Sri Rangapoopathi College of Engineering, Alampoondi Village, Gingee, Villupuram District 604151"
1449,"Saraswathy College of Engineering and Technology, NH-45, Main Road, Olakkur, Tindivanam Taluk, Villupuram District 604307",needs_verification,,,,,,https://vetscet.ac.in,https://assessmentonline.naac.gov.in/public/index.php/hei_dashboard,"Saraswathy College of Engineering and Technology, NH-45, Main Road, Olakkur, Tindivanam Taluk, Villupuram District 604307"
1450,"Loyola ICAM College of Engineering and Technology, Loyola College Campus, Nungambakkam, Chennai 600034",needs_verification,,,,,,www.licet.ac.in,https://assessmentonline.naac.gov.in/public/index.php/hei_dashboard,"Loyola ICAM College of Engineering and Technology, Loyola College Campus, Nungambakkam, Chennai 600034"
1452,"PERI Institute of Technology, Mannivakkam, West Tambaram, Chennai 600048",needs_verification,,,,,,www.peri.education,https://assessmentonline.naac.gov.in/public/index.php/hei_dashboard,"PERI Institute of Technology, Mannivakkam, West Tambaram, Chennai 600048"
1501,"Adhiparasakthi College of Engineering, Kalavai, Ranipet District 632506",needs_verification,,,,,,www.apce.in,https://assessmentonline.naac.gov.in/public/index.php/hei_dashboard,"Adhiparasakthi College of Engineering, Kalavai, Ranipet District 632506"
1503,"Arulmigu Meenakshi Amman College of Engineering, Vadamavandal, Thiruvannamalai District 604410",needs_verification,,,,,,www.amace.edu.in,https://assessmentonline.naac.gov.in/public/index.php/hei_dashboard,"Arulmigu Meenakshi Amman College of Engineering, Vadamavandal, Thiruvannamalai District 604410"
1504,"Arunai Engineering College, Mathur, Thiruvannamalai District 606603",needs_verification,,,,,,www.arunai.org,https://assessmentonline.naac.gov.in/public/index.php/hei_dashboard,"Arunai Engineering College, Mathur, Thiruvannamalai District 606603"
1505,"C Abdul Hakeem College of Engineering and Technology, Melvisharam, Ranipet District 632509",needs_verification,,,,,,www.cahcet.edu.in,https://assessmentonline.naac.gov.in/public/index.php/hei_dashboard,"C Abdul Hakeem College of Engineering and Technology, Melvisharam, Ranipet District 632509"
1507,"Ganadipathy Tulsi’s Jain Engineering College, Kaniyambadi, Vellore District",needs_verification,,,,,,www.gtec.ac.in,https://assessmentonline.naac.gov.in/public/index.php/hei_dashboard,"Ganadipathy Tulsi’s Jain Engineering College, Kaniyambadi, Vellore District"
1509,"Meenakshi College of Engineering, Vembuliamman Koil Street, K K Nagar (West), Chennai 600078",needs_verification,,,,,,mce.edu.in,https://assessmentonline.naac.gov.in/public/index.php/hei_dashboard,"Meenakshi College of Engineering, Vembuliamman Koil Street, K K Nagar (West), Chennai 600078"
1510,"Priyadarshini Engineering College, Vaniyambadi Post, Thiruppattur District",needs_verification,,,,,,www.priyadarshini.net.in,https://assessmentonline.naac.gov.in/public/index.php/hei_dashboard,"Priyadarshini Engineering College, Vaniyambadi Post, Thiruppattur District"
1512,"S K P Engineering College, Thiruvannamalai District 606611",needs_verification,,,,,,www.skpec.edu.in,https://assessmentonline.naac.gov.in/public/index.php/hei_dashboard,"S K P Engineering College, Thiruvannamalai District 606611"
1513,"Sri Balaji Chockalingam Engineering College, Arni, Thiruvannamalai District",needs_verification,,,,,,www.sbcecarni.org,https://assessmentonline.naac.gov.in/public/index.php/hei_dashboard,"Sri Balaji Chockalingam Engineering College, Arni, Thiruvannamalai District"
1516,"ThanthaiPeriyar Government Institute of Technology, Bagayam, Vellore District",needs_verification,,,,,,www.tpgit.edu.in,https://assessmentonline.naac.gov.in/public/index.php/hei_dashboard,"ThanthaiPeriyar Government Institute of Technology, Bagayam, Vellore District"
1517,"Thirumalai Engineering College, Kilambi, Kancheepuram District 631551",needs_verification,,,,,,www.thirumalaiengg.in,https://assessmentonline.naac.gov.in/public/index.php/hei_dashboard,"Thirumalai Engineering College, Kilambi, Kancheepuram District 631551"
1518,"Thiruvalluvar College of Engineering and Technology, Vandavasi, Thiruvannamalai District 604505",needs_verification,,,,,,www.tcet.co.in,https://assessmentonline.naac.gov.in/public/index.php/hei_dashboard,"Thiruvalluvar College of Engineering and Technology, Vandavasi, Thiruvannamalai District 604505"
1519,"Bharathidasan Engineering College, Nattrampalli Post, Thiruppathur District",needs_verification,,,,,,www.bec.ac.in,https://assessmentonline.naac.gov.in/public/index.php/hei_dashboard,"Bharathidasan Engineering College, Nattrampalli Post, Thiruppathur District"
1520,"Kingston Engineering College, Chithoor Main Road, Christianpet Village, Katpadi Taluk, Vellore District 632059",needs_verification,,,,,,www.kingston.ac.in,https://assessmentonline.naac.gov.in/public/index.php/hei_dashboard,"Kingston Engineering College, Chithoor Main Road, Christianpet Village, Katpadi Taluk, Vellore District 632059"
1524,"Annamalaiar College of Engineering, Modaiyur Village, Polur Taluk, Thiruvannamalai District 606902",needs_verification,,,,,,www.annamalaiarengg.com,https://assessmentonline.naac.gov.in/public/index.php/hei_dashboard,"Annamalaiar College of Engineering, Modaiyur Village, Polur Taluk, Thiruvannamalai District 606902"
1525,"Podhigai College of Engineering and Technology, Vinayakapuram, Adiyur Post, Tirupattur District 635601",needs_verification,,,,,,www.podhigaitech.ac.in,https://assessmentonline.naac.gov.in/public/index.php/hei_dashboard,"Podhigai College of Engineering and Technology, Vinayakapuram, Adiyur Post, Tirupattur District 635601"
1605,"Idhaya Engineering College for Women, Chinnasalem, Kallakkurichi District",needs_verification,,,,,,WWW.IECW.EDU.IN,https://assessmentonline.naac.gov.in/public/index.php/hei_dashboard,"Idhaya Engineering College for Women, Chinnasalem, Kallakkurichi District"
2005,"Government College of Technology (Autonomous), Thadagam Road, Coimbatore District 641013",needs_verification,,,,,,www.gct.ac.in,https://assessmentonline.naac.gov.in/public/index.php/hei_dashboard,"Government College of Technology (Autonomous), Thadagam Road, Coimbatore District 641013"
2006,"PSG College of Technology (Autonomous), Peelamedu, Coimbatore District",needs_verification,,,,,,www.psgtech.edu,https://assessmentonline.naac.gov.in/public/index.php/hei_dashboard,"PSG College of Technology (Autonomous), Peelamedu, Coimbatore District"
2007,"Coimbatore Institute of Technology (Autonomous), Civil Aerodrome Post, Coimbatore District 641014",needs_verification,,,,,,www.cit.edu.in,https://assessmentonline.naac.gov.in/public/index.php/hei_dashboard,"Coimbatore Institute of Technology (Autonomous), Civil Aerodrome Post, Coimbatore District 641014"
2025,"Anna University Regional Campus - Coimbatore, Maruthamalai Main Road, NavavoorBharathiyar University Post, Somayampalayam, Coimbatore District",needs_verification,,,,,,www.aurcc.ac.in,https://assessmentonline.naac.gov.in/public/index.php/hei_dashboard,"Anna University Regional Campus - Coimbatore, Maruthamalai Main Road, NavavoorBharathiyar University Post, Somayampalayam, Coimbatore District"
2302,"Sri Shanmugha College of Engineering and Technology, Morur Bit II Village, Salem District 637304",needs_verification,,,,,,https://shanmugha.edu.in/,https://assessmentonline.naac.gov.in/public/index.php/hei_dashboard,"Sri Shanmugha College of Engineering and Technology, Morur Bit II Village, Salem District 637304"
2323,Dhanalakshmi Srinivasan College of Engineering and Technology (Autonomous Tiruppur Campus),needs_verification,,,,,,,https://assessmentonline.naac.gov.in/public/index.php/hei_dashboard,Dhanalakshmi Srinivasan College of Engineering and Technology (Autonomous Tiruppur Campus)
2327,"N S N College of Engineering and Technology, Karur-Madurai NH7, Manalmedu, Karur District 639003",needs_verification,,,,,,www.nsn.ac.in,https://assessmentonline.naac.gov.in/public/index.php/hei_dashboard,"N S N College of Engineering and Technology, Karur-Madurai NH7, Manalmedu, Karur District 639003"
2332,"Aishwarya College of Engineering and Technology, ErrattaikaraduParuvachi Post, Anthiyur (Via), Bhavani Taluk, Erode District 638312",needs_verification,,,,,,www.aishwaryaengg.ac.in,https://assessmentonline.naac.gov.in/public/index.php/hei_dashboard,"Aishwarya College of Engineering and Technology, ErrattaikaraduParuvachi Post, Anthiyur (Via), Bhavani Taluk, Erode District 638312"
2338,"Asian College of Engineering and Technology, Asian College Road, Kondayampalayam, Near Saravanampatti, Coimbatore District 641110",needs_verification,,,,,,www.acetcbe.in,https://assessmentonline.naac.gov.in/public/index.php/hei_dashboard,"Asian College of Engineering and Technology, Asian College Road, Kondayampalayam, Near Saravanampatti, Coimbatore District 641110"
2341,"Ganesh College of Engineering, Attur Main Road, Mettupatti, Salem District",needs_verification,,,,,,http://ganeshenggcollege.org/,https://assessmentonline.naac.gov.in/public/index.php/hei_dashboard,"Ganesh College of Engineering, Attur Main Road, Mettupatti, Salem District"
2342,"Sri Ranganathar Institute of Engineering and Technology, Thudialur-Kovilpalay Road, Coimbatore District 641110",needs_verification,,,,,,www.sriet.ac.in,https://assessmentonline.naac.gov.in/public/index.php/hei_dashboard,"Sri Ranganathar Institute of Engineering and Technology, Thudialur-Kovilpalay Road, Coimbatore District 641110"
2343,"Indian Institute of Handloom Technology, Foulke's Compound, Thillai Nagar, Salem District 636001",needs_verification,,,,,,www.iihtsalem.edu.in,https://assessmentonline.naac.gov.in/public/index.php/hei_dashboard,"Indian Institute of Handloom Technology, Foulke's Compound, Thillai Nagar, Salem District 636001"
2345,"Dhirajlal Gandhi College of Technology, Sikkanampatty, (Opp. to Airport), Omalur Taluk, Salem District 636309",needs_verification,,,,,,www.dgct.ac.in,https://assessmentonline.naac.gov.in/public/index.php/hei_dashboard,"Dhirajlal Gandhi College of Technology, Sikkanampatty, (Opp. to Airport), Omalur Taluk, Salem District 636309"
2347,"AVS College of Technology, Attur Main Road, Near AVS College of Arts & Science, Chinnagoundapuram, Salem District 636106",needs_verification,,,,,,,https://assessmentonline.naac.gov.in/public/index.php/hei_dashboard,"AVS College of Technology, Attur Main Road, Near AVS College of Arts & Science, Chinnagoundapuram, Salem District 636106"
2349,"Dhaanish Ahmed Institute of Technology, Pichanur Post, (Near K G Chavadi), Coimbatore District 641105",needs_verification,,,,,,www.dhaanish.com,https://assessmentonline.naac.gov.in/public/index.php/hei_dashboard,"Dhaanish Ahmed Institute of Technology, Pichanur Post, (Near K G Chavadi), Coimbatore District 641105"
2350,"Jairupaa College of Engineering, Thottiapalayam, Kathankanni Post, Kangayam, Tiruppur District 641 604",needs_verification,,,,,,www.jairupa.org,https://assessmentonline.naac.gov.in/public/index.php/hei_dashboard,"Jairupaa College of Engineering, Thottiapalayam, Kathankanni Post, Kangayam, Tiruppur District 641 604"
2354,"Pollachi Institute of Engineering and Technology, Main Road, Poosaripatti, Pollachi Taluk, Coimbatore District 642205",needs_verification,,,,,,www.pietech.edu.in,https://assessmentonline.naac.gov.in/public/index.php/hei_dashboard,"Pollachi Institute of Engineering and Technology, Main Road, Poosaripatti, Pollachi Taluk, Coimbatore District 642205"
2356,"Arulmurugan College of Engineering, Karvazhi Road, Thennilai Post, Karur District 639206",needs_verification,,,,,,www.arulmurugan.edu.in,https://assessmentonline.naac.gov.in/public/index.php/hei_dashboard,"Arulmurugan College of Engineering, Karvazhi Road, Thennilai Post, Karur District 639206"
2357,"V S B College of Engineering Technical Campus, EalurPirivu, Solavampalayam Post, Coimbatore District 642109",needs_verification,,,,,,www.vsbcetc.com,https://assessmentonline.naac.gov.in/public/index.php/hei_dashboard,"V S B College of Engineering Technical Campus, EalurPirivu, Solavampalayam Post, Coimbatore District 642109"
2360,"Suguna College of Engineering, Kalappatti Road, Civil Aerodrome Post, Coimbatore District 641014",needs_verification,,,,,,www.sugunace.com,https://assessmentonline.naac.gov.in/public/index.php/hei_dashboard,"Suguna College of Engineering, Kalappatti Road, Civil Aerodrome Post, Coimbatore District 641014"
2361,"Sasi Creative School of Archiecture, No.293/2B, Roja Raja Garden, Pollachi Main Road, Myleripalayam, Coimbatore District 641032",needs_verification,,,,,,www.scsa.ac.in,https://assessmentonline.naac.gov.in/public/index.php/hei_dashboard,"Sasi Creative School of Archiecture, No.293/2B, Roja Raja Garden, Pollachi Main Road, Myleripalayam, Coimbatore District 641032"
2368,"Vishnu Lakshmi College of Engineering and Technology, Vellalore Post, Coimbatore District 641111",needs_verification,,,,,,,https://assessmentonline.naac.gov.in/public/index.php/hei_dashboard,"Vishnu Lakshmi College of Engineering and Technology, Vellalore Post, Coimbatore District 641111"
2369,"Government College of Engineering, Chettikkarai Post, Dharmapuri District",needs_verification,,,,,,www.gcedpi.edu.in,https://assessmentonline.naac.gov.in/public/index.php/hei_dashboard,"Government College of Engineering, Chettikkarai Post, Dharmapuri District"
2377,641062,needs_verification,,,,,,www.psgitech.ac.in,https://assessmentonline.naac.gov.in/public/index.php/hei_dashboard,641062
2378,Cheran College of Technology,needs_verification,,,,,,,https://assessmentonline.naac.gov.in/public/index.php/hei_dashboard,Cheran College of Technology
2601,"Adhiyamaan College of Engineering (Autonomous), Hosur, Krishnagiri District",needs_verification,,,,,,www.adhiyamaan.ac.in,https://assessmentonline.naac.gov.in/public/index.php/hei_dashboard,"Adhiyamaan College of Engineering (Autonomous), Hosur, Krishnagiri District"
2602,"AnnaiMathammal Sheela Engineering College, Erumapatty Post, Namakkal District 637013",needs_verification,,,,,,www.amsheela.org.in,https://assessmentonline.naac.gov.in/public/index.php/hei_dashboard,"AnnaiMathammal Sheela Engineering College, Erumapatty Post, Namakkal District 637013"
2603,"Government College of Engineering (Autonomous), Bargur, Krishnagiri District",needs_verification,,,,,,www.gcebargur.ac.in,https://assessmentonline.naac.gov.in/public/index.php/hei_dashboard,"Government College of Engineering (Autonomous), Bargur, Krishnagiri District"
2612,"P G P College of Engineering and Technology, Paramathi Post, Namakkal District 637207",needs_verification,,,,,,ww.pgpcet.ac.in,https://assessmentonline.naac.gov.in/public/index.php/hei_dashboard,"P G P College of Engineering and Technology, Paramathi Post, Namakkal District 637207"
2614,"S S M College of Engineering, Komarapalayam, Namakkal District 638183",needs_verification,,,,,,www.ssmce.ac.in,https://assessmentonline.naac.gov.in/public/index.php/hei_dashboard,"S S M College of Engineering, Komarapalayam, Namakkal District 638183"
2615,"Government College of Engineering (Autonomous), Karuppur, Salem District",needs_verification,,,,,,www.gcesalem.edu.in,https://assessmentonline.naac.gov.in/public/index.php/hei_dashboard,"Government College of Engineering (Autonomous), Karuppur, Salem District"
2616,"Sapthagiri College of Engineering, Periyanahalli Post, Dharmapuri District",needs_verification,,,,,,www.sapthagirigroup.com,https://assessmentonline.naac.gov.in/public/index.php/hei_dashboard,"Sapthagiri College of Engineering, Periyanahalli Post, Dharmapuri District"
2618,"Sona College of Technology (Autonomous), Suramangalam Post, Salem District",needs_verification,,,,,,,https://assessmentonline.naac.gov.in/public/index.php/hei_dashboard,"Sona College of Technology (Autonomous), Suramangalam Post, Salem District"
2620,"Vivekanandha College of Engineering for Women (Autonomous), Sathinaickenpalayam, Elayampalayam Village, Kumaramangalam, Namakkal District 637205",needs_verification,,,,,,www.vcenggw.ac.in,https://assessmentonline.naac.gov.in/public/index.php/hei_dashboard,"Vivekanandha College of Engineering for Women (Autonomous), Sathinaickenpalayam, Elayampalayam Village, Kumaramangalam, Namakkal District 637205"
2621,"Er. Perumal Manimekalai College of Engineering, (Autonomous) Near Koneripalli, Hosur, Krishnagiri District 635117",needs_verification,,,,,,,https://assessmentonline.naac.gov.in/public/index.php/hei_dashboard,"Er. Perumal Manimekalai College of Engineering, (Autonomous) Near Koneripalli, Hosur, Krishnagiri District 635117"
2623,"Mahendra College of Engineering, Attur Road, Minnampalli, Valapady, Salem District 636106",needs_verification,,,,,,www.mahendracollege.com,https://assessmentonline.naac.gov.in/public/index.php/hei_dashboard,"Mahendra College of Engineering, Attur Road, Minnampalli, Valapady, Salem District 636106"
2625,"The Kavery Engineering College, M Kalipatti Post, Mecheri, Salem District",needs_verification,,,,,,www.kavery.org.in,https://assessmentonline.naac.gov.in/public/index.php/hei_dashboard,"The Kavery Engineering College, M Kalipatti Post, Mecheri, Salem District"
2627,"Selvam College of Technology, Pappanaickenpatti Post, Namakkal District",needs_verification,,,,,,www.selvamtech.edu.in,https://assessmentonline.naac.gov.in/public/index.php/hei_dashboard,"Selvam College of Technology, Pappanaickenpatti Post, Namakkal District"
2630,"Chettinad College of Engineering and Technology, NH-67, Trichy Main Road, Puliyur C F, Karur District 639114",needs_verification,,,,,,www.chettinadtech.ac.in,https://assessmentonline.naac.gov.in/public/index.php/hei_dashboard,"Chettinad College of Engineering and Technology, NH-67, Trichy Main Road, Puliyur C F, Karur District 639114"
2632,"Mahendra Institute of Technology (Autonomous), Mahendhirapuri, Mallasamudram, Namakkal District 637503",needs_verification,,,,,,www.mahendratech.org,https://assessmentonline.naac.gov.in/public/index.php/hei_dashboard,"Mahendra Institute of Technology (Autonomous), Mahendhirapuri, Mallasamudram, Namakkal District 637503"
2633,"Vidyaa Vikas College of Engineering and Technology, Varahoorampatti, Tiruchengode, Namakkal District 637 214",needs_verification,,,,,,http://vvcet.ac.in/,https://assessmentonline.naac.gov.in/public/index.php/hei_dashboard,"Vidyaa Vikas College of Engineering and Technology, Varahoorampatti, Tiruchengode, Namakkal District 637 214"
2634,"Excel Engineering College (Autonomous), NH-544, Salem Main Road, Pallakapalayam, Sankari West Post, Komarapalayam Taluk, Namakkal District -",needs_verification,,,,,,www.excelinstitutions.com,https://assessmentonline.naac.gov.in/public/index.php/hei_dashboard,"Excel Engineering College (Autonomous), NH-544, Salem Main Road, Pallakapalayam, Sankari West Post, Komarapalayam Taluk, Namakkal District -"
2635,"CMS College of Engineering, Emapuram Post, Namakkal District 637003",needs_verification,,,,,,www.cmsgroupofinstitutions.in,https://assessmentonline.naac.gov.in/public/index.php/hei_dashboard,"CMS College of Engineering, Emapuram Post, Namakkal District 637003"
2638,"Mahendra Engineering College for Women, Kumaramangalam, Namakkal District 637205",needs_verification,,,,,,www.mecw.org,https://assessmentonline.naac.gov.in/public/index.php/hei_dashboard,"Mahendra Engineering College for Women, Kumaramangalam, Namakkal District 637205"
2639,"Narasu'sSarathy Institute of Technology, Poosaripatty Village, Omalur Taluk, Salem District 636305",needs_verification,,,,,,www.nsit.edu.in,https://assessmentonline.naac.gov.in/public/index.php/hei_dashboard,"Narasu'sSarathy Institute of Technology, Poosaripatty Village, Omalur Taluk, Salem District 636305"
2640,"Jayalakshmi Institute of Technology, Thoppur, Dharmapuri District 635352",needs_verification,,,,,,www.jit.net.in,https://assessmentonline.naac.gov.in/public/index.php/hei_dashboard,"Jayalakshmi Institute of Technology, Thoppur, Dharmapuri District 635352"
2641,"VaruvanVadivelan Institute of Technology, Nallanahalli, Dharmapuri District",needs_verification,,,,,,www.vvitengineering.com,https://assessmentonline.naac.gov.in/public/index.php/hei_dashboard,"VaruvanVadivelan Institute of Technology, Nallanahalli, Dharmapuri District"
2646,"Tagore Institute of Engineering and Technology, Deviyakurichi, Attur Taluk, Salem District 636112",needs_verification,,,,,,www.tagoreiet.ac.in,https://assessmentonline.naac.gov.in/public/index.php/hei_dashboard,"Tagore Institute of Engineering and Technology, Deviyakurichi, Attur Taluk, Salem District 636112"
2648,"Annapoorana Engineering College (Autonomous), Sankari Main Road, NH-47, Periaseeragapadi, Salem District 636308",needs_verification,,,,,,www.aecsalem.edu.in,https://assessmentonline.naac.gov.in/public/index.php/hei_dashboard,"Annapoorana Engineering College (Autonomous), Sankari Main Road, NH-47, Periaseeragapadi, Salem District 636308"
2651,"Jai Shriram Engineering College, Dharapuram Road, Avinashi Palayam, Tiruppur District 638660",needs_verification,,,,,,www.jayshriram.edu.in,https://assessmentonline.naac.gov.in/public/index.php/hei_dashboard,"Jai Shriram Engineering College, Dharapuram Road, Avinashi Palayam, Tiruppur District 638660"
2652,"AL-Ameen Engineering College (Autonomous), KarundevanPalayam, NanjaiUthukuli Post, Erode District 638104",needs_verification,,,,,,www.alameen.ac.in,https://assessmentonline.naac.gov.in/public/index.php/hei_dashboard,"AL-Ameen Engineering College (Autonomous), KarundevanPalayam, NanjaiUthukuli Post, Erode District 638104"
2656,"Builders Engineering college, Nathakadaiyur, Erode Road, Palayakottai Village, Kangeyam, Tiruppur District 638108",needs_verification,,,,,,www.builderscollege.edu.in,https://assessmentonline.naac.gov.in/public/index.php/hei_dashboard,"Builders Engineering college, Nathakadaiyur, Erode Road, Palayakottai Village, Kangeyam, Tiruppur District 638108"
2658,"V S A Group of Institutions, NH-47, Uthamasola Puram Post, Salem District",needs_verification,,,,,,www.vsagroup.ac.in,https://assessmentonline.naac.gov.in/public/index.php/hei_dashboard,"V S A Group of Institutions, NH-47, Uthamasola Puram Post, Salem District"
2659,"Salem College of Engineering and Technology, Salem-Attur Main Road, NH-68, MettupattyPerumapalayam, Salem District 636111",needs_verification,,,,,,,https://assessmentonline.naac.gov.in/public/index.php/hei_dashboard,"Salem College of Engineering and Technology, Salem-Attur Main Road, NH-68, MettupattyPerumapalayam, Salem District 636111"
2683,"Shreenivasa Engineering College, B Pallipatti, Bommidi, Pappireddipatti Taluk, Dharmapuri District 635301",needs_verification,,,,,,www.shreenivasa.info,https://assessmentonline.naac.gov.in/public/index.php/hei_dashboard,"Shreenivasa Engineering College, B Pallipatti, Bommidi, Pappireddipatti Taluk, Dharmapuri District 635301"
2705,"CSI College of Engineering, Ketti, The Nilgiris 643215",needs_verification,,,,,,www.csice.edu.in,https://assessmentonline.naac.gov.in/public/index.php/hei_dashboard,"CSI College of Engineering, Ketti, The Nilgiris 643215"
2706,"Dr. Mahalingam College of Engineering and Technology (Autonomous), Mackinaickenpatti Post, Pollachi Taluk, Coimbatore District 642003",needs_verification,,,,,,www.mcet.in,https://assessmentonline.naac.gov.in/public/index.php/hei_dashboard,"Dr. Mahalingam College of Engineering and Technology (Autonomous), Mackinaickenpatti Post, Pollachi Taluk, Coimbatore District 642003"
2707,"Erode Sengunthar Engineering College (Autonomous), Thudupathi Post, Erode District 638057",needs_verification,,,,,,www.erode-sengunthar.ac.in,https://assessmentonline.naac.gov.in/public/index.php/hei_dashboard,"Erode Sengunthar Engineering College (Autonomous), Thudupathi Post, Erode District 638057"
2709,"Government Engineering College (Formerly Institute of Road and Transport Technology), Vasavi College Post, Erode District 638316",needs_verification,,,,,,www.gcee.ac.in,https://assessmentonline.naac.gov.in/public/index.php/hei_dashboard,"Government Engineering College (Formerly Institute of Road and Transport Technology), Vasavi College Post, Erode District 638316"
2711,"Kongu Engineering College (Autonomous), Perundurai, Erode District 638052 Kongu School of Architecture, Kongu Engineering College Campus, Perundurai",needs_verification,,,,,,www.kongu.ac.in,https://assessmentonline.naac.gov.in/public/index.php/hei_dashboard,"Kongu Engineering College (Autonomous), Perundurai, Erode District 638052 Kongu School of Architecture, Kongu Engineering College Campus, Perundurai"
2713,"M P Nachimuthu M Jaganathan Engineering College, Chennimalai, Erode District 638112",needs_verification,,,,,,www.mpnmjec.ac.in,https://assessmentonline.naac.gov.in/public/index.php/hei_dashboard,"M P Nachimuthu M Jaganathan Engineering College, Chennimalai, Erode District 638112"
2717,"Sasurie College of Engineering, Vijayamangalam, Tiruppur District 638056",needs_verification,,,,,,,https://assessmentonline.naac.gov.in/public/index.php/hei_dashboard,"Sasurie College of Engineering, Vijayamangalam, Tiruppur District 638056"
2719,"Sri Ramakrishna Engineering College (Autonomous), Vattamalaipalayam, Coimbatore District 641022",needs_verification,,,,,,www.srec.ac.in,https://assessmentonline.naac.gov.in/public/index.php/hei_dashboard,"Sri Ramakrishna Engineering College (Autonomous), Vattamalaipalayam, Coimbatore District 641022"
2721,"Tamilnadu College of Engineering, Karumathampatti Post, Coimbatore District",needs_verification,,,,,,www.tnce.in,https://assessmentonline.naac.gov.in/public/index.php/hei_dashboard,"Tamilnadu College of Engineering, Karumathampatti Post, Coimbatore District"
2725,"Sri Ramakrishna Institute of Technology (Autonomous), Pachapalayam, Coimbatore District 641010",needs_verification,,,,,,www.srit.org,https://assessmentonline.naac.gov.in/public/index.php/hei_dashboard,"Sri Ramakrishna Institute of Technology (Autonomous), Pachapalayam, Coimbatore District 641010"
2727,"Sri Shakthi Institute of Engineering and Technology (Autonomous), L&T Bye- Pass, Venkitapuram Post, Comibatore District 641062",needs_verification,,,,,,www.siet.ac.in,https://assessmentonline.naac.gov.in/public/index.php/hei_dashboard,"Sri Shakthi Institute of Engineering and Technology (Autonomous), L&T Bye- Pass, Venkitapuram Post, Comibatore District 641062"
2733,"Angel College of Engineering and Technology, P.K. Palayam, Ugayanur Village, Tirupur District 641 665",needs_verification,,,,,,https://angelcollege.edu.in/,https://assessmentonline.naac.gov.in/public/index.php/hei_dashboard,"Angel College of Engineering and Technology, P.K. Palayam, Ugayanur Village, Tirupur District 641 665"
2736,"Dr. N G P Institute of Technology (Autonomous), Kalapatti Road, Coimbatore District 641035",needs_verification,,,,,,www.drngpit.ac.in,https://assessmentonline.naac.gov.in/public/index.php/hei_dashboard,"Dr. N G P Institute of Technology (Autonomous), Kalapatti Road, Coimbatore District 641035"
2737,"Sri Sai Ranganathan Engineering College, Zahirnaickenpalayam Village, Viraliyur Post, Thondamuthur Via, Coimbatore District 641109",needs_verification,,,,,,www.reccbe.ac.in,https://assessmentonline.naac.gov.in/public/index.php/hei_dashboard,"Sri Sai Ranganathan Engineering College, Zahirnaickenpalayam Village, Viraliyur Post, Thondamuthur Via, Coimbatore District 641109"
2739,"Sri Eshwar College of Engineering (Autonomous), Kondampatti Post, Vadasithur (Via), Kinathukadavu, Coimbatore District 641202",needs_verification,,,,,,www.sece.ac.in,https://assessmentonline.naac.gov.in/public/index.php/hei_dashboard,"Sri Eshwar College of Engineering (Autonomous), Kondampatti Post, Vadasithur (Via), Kinathukadavu, Coimbatore District 641202"
2744,"Adithya Institute of Technology, Kurumbapalayam Village, Coimbatore District",needs_verification,,,,,,www.adithyatech.edu.in,https://assessmentonline.naac.gov.in/public/index.php/hei_dashboard,"Adithya Institute of Technology, Kurumbapalayam Village, Coimbatore District"
2745,"Kathir College of Engineering, Neelambur, Avinashi Road, Coimbatore District",needs_verification,,,,,,www.kathir.ac.in,https://assessmentonline.naac.gov.in/public/index.php/hei_dashboard,"Kathir College of Engineering, Neelambur, Avinashi Road, Coimbatore District"
2748,"Surya Engineering College, Mettukadai, Kathirampatti Post, Erode District",needs_verification,,,,,,WWW.SURYA.AC.IN,https://assessmentonline.naac.gov.in/public/index.php/hei_dashboard,"Surya Engineering College, Mettukadai, Kathirampatti Post, Erode District"
2749,"Easa College of Engineering and Technology, NH-47, Coimbatore-Palakkad Main Road, Navakarai Post, Coimbatore District 641105",needs_verification,,,,,,www.easacollege.com,https://assessmentonline.naac.gov.in/public/index.php/hei_dashboard,"Easa College of Engineering and Technology, NH-47, Coimbatore-Palakkad Main Road, Navakarai Post, Coimbatore District 641105"
2750,"KIT - Kalaignar Karunanidhi Institute of Technology (Autonomous), Kannampalayam, Coimbatore District 641402",needs_verification,,,,,,www.kitcbe.com,https://assessmentonline.naac.gov.in/public/index.php/hei_dashboard,"KIT - Kalaignar Karunanidhi Institute of Technology (Autonomous), Kannampalayam, Coimbatore District 641402"
2752,"Nandha College of Technology, Pitchandampalayam Post, Erode District",needs_verification,,,,,,www.nandhatech.org,https://assessmentonline.naac.gov.in/public/index.php/hei_dashboard,"Nandha College of Technology, Pitchandampalayam Post, Erode District"
2753,"PPG Institute of Technology, Vilankurichi Village, Coimbatore District 641035",needs_verification,,,,,,www.ppg.edu.in,https://assessmentonline.naac.gov.in/public/index.php/hei_dashboard,"PPG Institute of Technology, Vilankurichi Village, Coimbatore District 641035"
2755,"Nehru Institute of Technology(Autonomous), Thirumalayampalayam Post, Coimbatore District 641105",needs_verification,,,,,,www.nehruinstitute.com,https://assessmentonline.naac.gov.in/public/index.php/hei_dashboard,"Nehru Institute of Technology(Autonomous), Thirumalayampalayam Post, Coimbatore District 641105"
2761,"United Institute of Technology, Gadalore Village, Perianaickenpalayam, Coimbatore District 641020",needs_verification,,,,,,www.uit.ac.in,https://assessmentonline.naac.gov.in/public/index.php/hei_dashboard,"United Institute of Technology, Gadalore Village, Perianaickenpalayam, Coimbatore District 641020"
2762,"Jansons Institute of Technology, Karumathampatty, Somaur, Coimbatore District 641659",needs_verification,,,,,,www.jit.ac.in,https://assessmentonline.naac.gov.in/public/index.php/hei_dashboard,"Jansons Institute of Technology, Karumathampatty, Somaur, Coimbatore District 641659"
2763,"Akshaya College of Engineering and Technology, Kinathukadavu, Coimbatore District 642109",needs_verification,,,,,,www.acetcbe.edu.in,https://assessmentonline.naac.gov.in/public/index.php/hei_dashboard,"Akshaya College of Engineering and Technology, Kinathukadavu, Coimbatore District 642109"
2767,"SRG Engineering College, Aniyapuram Post, Namakkal District 637017",needs_verification,,,,,,WWW.SRGEC.ORG,https://assessmentonline.naac.gov.in/public/index.php/hei_dashboard,"SRG Engineering College, Aniyapuram Post, Namakkal District 637017"
2770,"Studyworld College of Engineering, Madukarai Post, Coimbatore - 641 105.",needs_verification,,,,,,https://studyworldindia.com,https://assessmentonline.naac.gov.in/public/index.php/hei_dashboard,"Studyworld College of Engineering, Madukarai Post, Coimbatore - 641 105."
2772,"C M S College of Engineering and Technology, Appachigoundenpathy, Kumittipathi Post, Coimbatore District 641032",needs_verification,,,,,,www.cmscet.com,https://assessmentonline.naac.gov.in/public/index.php/hei_dashboard,"C M S College of Engineering and Technology, Appachigoundenpathy, Kumittipathi Post, Coimbatore District 641032"
2777,Hindusthan College of Engineering,needs_verification,,,,,,,https://assessmentonline.naac.gov.in/public/index.php/hei_dashboard,Hindusthan College of Engineering
3011,"University College of Engineering, Tiruchirappalli, (Bharathidasan Institute of Technology), Tiruchirappalli District 620024",needs_verification,,,,,,www.aubit.edu.in,https://assessmentonline.naac.gov.in/public/index.php/hei_dashboard,"University College of Engineering, Tiruchirappalli, (Bharathidasan Institute of Technology), Tiruchirappalli District 620024"
3016,"University College of Engineering, Ariyalur, Kathankudikadu Village, Thelur Post, Ariyalur District 621704",needs_verification,,,,,,https://www.auucea.edu.in,https://assessmentonline.naac.gov.in/public/index.php/hei_dashboard,"University College of Engineering, Ariyalur, Kathankudikadu Village, Thelur Post, Ariyalur District 621704"
3018,"University College of Engineering, Thirukkuvalai, Nagappattinam District",needs_verification,,,,,,,https://assessmentonline.naac.gov.in/public/index.php/hei_dashboard,"University College of Engineering, Thirukkuvalai, Nagappattinam District"
3019,"University College of Engineering, Panruti, Chennai-Kumbakonam Highway, Panikkankuppam, Panruti, Cuddalore District 607106",needs_verification,,,,,,www.ucep.edu.in,https://assessmentonline.naac.gov.in/public/index.php/hei_dashboard,"University College of Engineering, Panruti, Chennai-Kumbakonam Highway, Panikkankuppam, Panruti, Cuddalore District 607106"
3021,"University College of Engineering, Pattukkottai, ECR Road, Rajamadam, Pattukkottai Taluk, Thanjavur District 614701",needs_verification,,,,,,http://aucepkt.edu.in,https://assessmentonline.naac.gov.in/public/index.php/hei_dashboard,"University College of Engineering, Pattukkottai, ECR Road, Rajamadam, Pattukkottai Taluk, Thanjavur District 614701"
3410,"Krishnasamy College of Engineering and Technology, S Kumarapuram, Cuddalore District 607109",needs_verification,,,,,,www.kcet.in,https://assessmentonline.naac.gov.in/public/index.php/hei_dashboard,"Krishnasamy College of Engineering and Technology, S Kumarapuram, Cuddalore District 607109"
3425,"C K College of Engineering and Technology, Chellangkuppam, Cuddalore District 607003",needs_verification,,,,,,www.ckcet.edu.in,https://assessmentonline.naac.gov.in/public/index.php/hei_dashboard,"C K College of Engineering and Technology, Chellangkuppam, Cuddalore District 607003"
3454,"Sri Ramakrishna College of Engineering, Sri Saradha Nagar, NH-45, Perambalur District 621113",needs_verification,,,,,,www.sriramakrishna.ac.in,https://assessmentonline.naac.gov.in/public/index.php/hei_dashboard,"Sri Ramakrishna College of Engineering, Sri Saradha Nagar, NH-45, Perambalur District 621113"
3456,"K S K College of Engineering and Technology, Thanjavur Main Road, Darasuram, Kumbakonam, Thanjavur District 612702",needs_verification,,,,,,www.kskcet.edu.in,https://assessmentonline.naac.gov.in/public/index.php/hei_dashboard,"K S K College of Engineering and Technology, Thanjavur Main Road, Darasuram, Kumbakonam, Thanjavur District 612702"
3461,"Arifa Institute of Technology (Formly Haji sheik Ismail Engineering College), Esanoor, Keelaiyur Post, Thirukkuvalai Taluk, Nagapattinam District 611103",needs_verification,,,,,,WWW.AITECH.ORG.IN,https://assessmentonline.naac.gov.in/public/index.php/hei_dashboard,"Arifa Institute of Technology (Formly Haji sheik Ismail Engineering College), Esanoor, Keelaiyur Post, Thirukkuvalai Taluk, Nagapattinam District 611103"
3464,"Government College of Engineering, Gandarvakottai Road, Sengipatti, Thanjavur District 613402",needs_verification,,,,,,www.gcetj.edu.in,https://assessmentonline.naac.gov.in/public/index.php/hei_dashboard,"Government College of Engineering, Gandarvakottai Road, Sengipatti, Thanjavur District 613402"
3465,"Government College of Engineering, Srirangam, Sethurappatti, Tiruchirappalli District 620012",needs_verification,,,,,,www.gces.edu.in,https://assessmentonline.naac.gov.in/public/index.php/hei_dashboard,"Government College of Engineering, Srirangam, Sethurappatti, Tiruchirappalli District 620012"
3466,"Nelliandavar Institute of Technology, Nerunjikorai Village, Pudhupalayam, Ariyalur Taluk, Ariyalur District 621704",needs_verification,,,,,,nelliandavar.com,https://assessmentonline.naac.gov.in/public/index.php/hei_dashboard,"Nelliandavar Institute of Technology, Nerunjikorai Village, Pudhupalayam, Ariyalur Taluk, Ariyalur District 621704"
3477,Sri Vignesh College of Engineering and Technology,needs_verification,,,,,,,https://assessmentonline.naac.gov.in/public/index.php/hei_dashboard,Sri Vignesh College of Engineering and Technology
3555,Ayyappa Engineering College,needs_verification,,,,,,,https://assessmentonline.naac.gov.in/public/index.php/hei_dashboard,Ayyappa Engineering College
3782,"OASYS Institute of Technology, Pulivalam Village, Musiri Taluk, Tiruchirappalli District 621006",needs_verification,,,,,,www.oasys.edu.in,https://assessmentonline.naac.gov.in/public/index.php/hei_dashboard,"OASYS Institute of Technology, Pulivalam Village, Musiri Taluk, Tiruchirappalli District 621006"
3786,"M.A.M. School of Engineering, Siruganur, Tiruchirappalli District 621105",needs_verification,,,,,,https://mamse.in/,https://assessmentonline.naac.gov.in/public/index.php/hei_dashboard,"M.A.M. School of Engineering, Siruganur, Tiruchirappalli District 621105"
3795,"SRM TRP Engineering College, Irungalur, Manachanallur Taluk, Tiruchirappalli District 621105",needs_verification,,,,,,https://trp.srmtrichy.edu.in/,https://assessmentonline.naac.gov.in/public/index.php/hei_dashboard,"SRM TRP Engineering College, Irungalur, Manachanallur Taluk, Tiruchirappalli District 621105"
3804,"Arasu Engineering College, Chennai Main Road, Kumbakonam, Thanjavur District 612501",needs_verification,,,,,,www.aec.org.in,https://assessmentonline.naac.gov.in/public/index.php/hei_dashboard,"Arasu Engineering College, Chennai Main Road, Kumbakonam, Thanjavur District 612501"
3807,"J J College of Engineering and Technology, Poolankulathupatti Post, Thiruchirappalli District 620009",needs_verification,,,,,,www.jjcet.a.cin,https://assessmentonline.naac.gov.in/public/index.php/hei_dashboard,"J J College of Engineering and Technology, Poolankulathupatti Post, Thiruchirappalli District 620009"
3810,"M.A.M. College of Engineering, Siruganur, Tiruchirappalli District 621105",needs_verification,,,,,,www.mamce.org,https://assessmentonline.naac.gov.in/public/index.php/hei_dashboard,"M.A.M. College of Engineering, Siruganur, Tiruchirappalli District 621105"
3811,"M I E T Engineering College, Trichy-Pudukkottai Road, Tiruchirappalli District",needs_verification,,,,,,www.miet.edu,https://assessmentonline.naac.gov.in/public/index.php/hei_dashboard,"M I E T Engineering College, Trichy-Pudukkottai Road, Tiruchirappalli District"
3812,"Mookambigai College of Engineering, Keeranur, Pudukkottai District 622502",needs_verification,,,,,,www.mookambigai.ac.in,https://assessmentonline.naac.gov.in/public/index.php/hei_dashboard,"Mookambigai College of Engineering, Keeranur, Pudukkottai District 622502"
3813,"Oxford Engineering College, Karumandapam, Pirattiyur, Trichy-620 009",needs_verification,,,,,,www.oxfordec.edu.in,https://assessmentonline.naac.gov.in/public/index.php/hei_dashboard,"Oxford Engineering College, Karumandapam, Pirattiyur, Trichy-620 009"
3815,"Pavendar Bharathidasan College of Engineering and Technology, Pudukkottai Main Road, Tiruchirappalli District 622515",needs_verification,,,,,,www.pabcet.in,https://assessmentonline.naac.gov.in/public/index.php/hei_dashboard,"Pavendar Bharathidasan College of Engineering and Technology, Pudukkottai Main Road, Tiruchirappalli District 622515"
3821,"A R J College of Engineering and Technology, Mannargudi Taluk, Thiruvarur District 614001",needs_verification,,,,,,www.arj.edu.in,https://assessmentonline.naac.gov.in/public/index.php/hei_dashboard,"A R J College of Engineering and Technology, Mannargudi Taluk, Thiruvarur District 614001"
3822,"Dr.NavalarNedunchezhiyan College of Engineering, Raja Nagar, Vaithiyanathapuram, tholudur, Cuddalore-606303",needs_verification,,,,,,www.drnnce.ac.in,https://assessmentonline.naac.gov.in/public/index.php/hei_dashboard,"Dr.NavalarNedunchezhiyan College of Engineering, Raja Nagar, Vaithiyanathapuram, tholudur, Cuddalore-606303"
3826,"Kongunadu College of Engineering and Technology (Autonomous), Tholurpatti, Thottiyam, Tiruchirappalli District 621215",needs_verification,,,,,,www.kongunadu.ac.in,https://assessmentonline.naac.gov.in/public/index.php/hei_dashboard,"Kongunadu College of Engineering and Technology (Autonomous), Tholurpatti, Thottiyam, Tiruchirappalli District 621215"
3829,"M.A.M. College of Engineering and Technology, Trichy-Chennai Trunk Road, Siruganur, Tiruchirappalli District 621105",needs_verification,,,,,,www.mamcet.com,https://assessmentonline.naac.gov.in/public/index.php/hei_dashboard,"M.A.M. College of Engineering and Technology, Trichy-Chennai Trunk Road, Siruganur, Tiruchirappalli District 621105"
3831,"Indra Ganesan College of Engineering, Madurai Main Road, Manikandam, Tiruchirappalli District 620012",needs_verification,,,,,,www.igceng.com,https://assessmentonline.naac.gov.in/public/index.php/hei_dashboard,"Indra Ganesan College of Engineering, Madurai Main Road, Manikandam, Tiruchirappalli District 620012"
3841,"CARE College of Engineering (Formerly C.A.R.E Group of Institutions), Thayanoor Village, Thayanoor Village, Kuttappatti, Srirangam Taluk, Tiruchirappalli District 620009",needs_verification,,,,,,www.care.ac.in,https://assessmentonline.naac.gov.in/public/index.php/hei_dashboard,"CARE College of Engineering (Formerly C.A.R.E Group of Institutions), Thayanoor Village, Thayanoor Village, Kuttappatti, Srirangam Taluk, Tiruchirappalli District 620009"
3843,"M R K Institute of Technology, Nattarmangalam Village, Kattumannarkoil, Cuddalore District 608306",needs_verification,,,,,,www.mrkit.in,https://assessmentonline.naac.gov.in/public/index.php/hei_dashboard,"M R K Institute of Technology, Nattarmangalam Village, Kattumannarkoil, Cuddalore District 608306"
3844,"Shivani Engineering College, Trichy-Dindigul NH Road, Poolangulathupatti, Tiruchirappalli - 620009",needs_verification,,,,,,www.shivani.ac.in,https://assessmentonline.naac.gov.in/public/index.php/hei_dashboard,"Shivani Engineering College, Trichy-Dindigul NH Road, Poolangulathupatti, Tiruchirappalli - 620009"
3845,"Imayam College of Engineering, Kannanur, Thuraiyur, Tiruchirappalli District",needs_verification,,,,,,www.imayam.com,https://assessmentonline.naac.gov.in/public/index.php/hei_dashboard,"Imayam College of Engineering, Kannanur, Thuraiyur, Tiruchirappalli District"
3846,"Mother Terasa College of Engineering and Technology, Mettusalai Post and Taluk, Pudukkottai District 622102",needs_verification,,,,,,www.mtcet.in,https://assessmentonline.naac.gov.in/public/index.php/hei_dashboard,"Mother Terasa College of Engineering and Technology, Mettusalai Post and Taluk, Pudukkottai District 622102"
3848,"Vandayar Engineering College, Pulavarnatham Post, Mariamman Koil (Via), Thanjavur District 613001",needs_verification,,,,,,,https://assessmentonline.naac.gov.in/public/index.php/hei_dashboard,"Vandayar Engineering College, Pulavarnatham Post, Mariamman Koil (Via), Thanjavur District 613001"
3849,"Annai College of Engineering and Technology, Anakudi Road, Kovilacheri, Kumbakonam, Thanjavur District 612503",needs_verification,,,,,,www.annaiengg.org,https://assessmentonline.naac.gov.in/public/index.php/hei_dashboard,"Annai College of Engineering and Technology, Anakudi Road, Kovilacheri, Kumbakonam, Thanjavur District 612503"
3852,"Sri Bharathi Engineering College for Women, Kaikkuruchi Village, Alangudi Taluk, Pudukkottai District 622303",needs_verification,,,,,,www.sbec.edu.in,https://assessmentonline.naac.gov.in/public/index.php/hei_dashboard,"Sri Bharathi Engineering College for Women, Kaikkuruchi Village, Alangudi Taluk, Pudukkottai District 622303"
3854,"Mahath Amma Institute of Engineering and Technology (MIET), Ariyur, Annavasal Road, Illupur Taluk, Pudukkottai District 622101",needs_verification,,,,,,www.maietpdkt.org,https://assessmentonline.naac.gov.in/public/index.php/hei_dashboard,"Mahath Amma Institute of Engineering and Technology (MIET), Ariyur, Annavasal Road, Illupur Taluk, Pudukkottai District 622101"
3857,"Meenakshi Ramaswamy Engineering College, Trichy Main Road, Thathanur, Udayarpalayam, Ariyalur District 621804",needs_verification,,,,,,https://mrcengg.org.in/,https://assessmentonline.naac.gov.in/public/index.php/hei_dashboard,"Meenakshi Ramaswamy Engineering College, Trichy Main Road, Thathanur, Udayarpalayam, Ariyalur District 621804"
3860,"St. Anne's College of Engineering and Technology, Anguchettypalayam, Siruvathur Post, Panruti, Cuddalore District 607110",needs_verification,,,,,,www.stannescet.ac.in,https://assessmentonline.naac.gov.in/public/index.php/hei_dashboard,"St. Anne's College of Engineering and Technology, Anguchettypalayam, Siruvathur Post, Panruti, Cuddalore District 607110"
3905,"Kings College of Engineering, Punalkulam, Pudukkottai District 613303",needs_verification,,,,,,www.kingsengg.edu.in,https://assessmentonline.naac.gov.in/public/index.php/hei_dashboard,"Kings College of Engineering, Punalkulam, Pudukkottai District 613303"
3918,"Shanmuganathan Engineering College, Pillivalam Post, Pudukkottai District",needs_verification,,,,,,www.shanmuganathanengg.in,https://assessmentonline.naac.gov.in/public/index.php/hei_dashboard,"Shanmuganathan Engineering College, Pillivalam Post, Pudukkottai District"
3923,"M N S K College of Engineering, Vallathirakkottai Post, Pudukkottai District",needs_verification,,,,,,www.mnsk.ac.in,https://assessmentonline.naac.gov.in/public/index.php/hei_dashboard,"M N S K College of Engineering, Vallathirakkottai Post, Pudukkottai District"
3926,"Chendhuran College of Engineering and Technology, Madurai Road, Lenavilakku, Pilivalam Post, Pudukkottai - 622 507",needs_verification,,,,,,www.chendhuran.ac.in,https://assessmentonline.naac.gov.in/public/index.php/hei_dashboard,"Chendhuran College of Engineering and Technology, Madurai Road, Lenavilakku, Pilivalam Post, Pudukkottai - 622 507"
4020,"Anna University Regional Campus - Tirunelveli, Trivandrum Road, Palayamkottai, Tirunelveli District 627007",needs_verification,,,,,,www.auttvl.ac.in,https://assessmentonline.naac.gov.in/public/index.php/hei_dashboard,"Anna University Regional Campus - Tirunelveli, Trivandrum Road, Palayamkottai, Tirunelveli District 627007"
4023,"University College of Engineering, Nagercoil, Nagercoil Industrial Estate, Konam, Kanyakumari District 629004",needs_verification,,,,,,www.ucen.ac.in,https://assessmentonline.naac.gov.in/public/index.php/hei_dashboard,"University College of Engineering, Nagercoil, Nagercoil Industrial Estate, Konam, Kanyakumari District 629004"
4024,"University V.O.C. College of Engineering, Thoothukudi, Near V.O.C. College, Millerpuram, Thoothukudi District 628008",needs_verification,,,,,,www.annaunivtut.in,https://assessmentonline.naac.gov.in/public/index.php/hei_dashboard,"University V.O.C. College of Engineering, Thoothukudi, Near V.O.C. College, Millerpuram, Thoothukudi District 628008"
4669,"Thamirabharani Engineering College, Chathirampudukulam Village, Thatchanallur, Tirunelveli District 627358",needs_verification,,,,,,https://tec-edu.in/,https://assessmentonline.naac.gov.in/public/index.php/hei_dashboard,"Thamirabharani Engineering College, Chathirampudukulam Village, Thatchanallur, Tirunelveli District 627358"
4672,"Stella Mary's College of Engineering, ArunthenganVilai, Azhikal Post, Kanyakumari District 629202",needs_verification,,,,,,www.stellamaryscoe.edu.in,https://assessmentonline.naac.gov.in/public/index.php/hei_dashboard,"Stella Mary's College of Engineering, ArunthenganVilai, Azhikal Post, Kanyakumari District 629202"
4675,"Universal College of Engineering and Technology, Anbagam Campus, Radhapuram Road, Vallioor, Tirunelveli District 627117",needs_verification,,,,,,www.unienggtech.com,https://assessmentonline.naac.gov.in/public/index.php/hei_dashboard,"Universal College of Engineering and Technology, Anbagam Campus, Radhapuram Road, Vallioor, Tirunelveli District 627117"
4676,"RenganayagiVaratharaj College of Engineering, Salvarpatti, Sivakasi, Virudhunagar District 626128",needs_verification,,,,,,www.rvce.ac.in,https://assessmentonline.naac.gov.in/public/index.php/hei_dashboard,"RenganayagiVaratharaj College of Engineering, Salvarpatti, Sivakasi, Virudhunagar District 626128"
4677,"Lourdes Mount College of Engineering and Technology, Marthandam-Karungal Road, Chundavilai, Mullanganavilai, Nattalam Post, Kanyakumari District",needs_verification,,,,,,www.lourdesmountcollege.com,https://assessmentonline.naac.gov.in/public/index.php/hei_dashboard,"Lourdes Mount College of Engineering and Technology, Marthandam-Karungal Road, Chundavilai, Mullanganavilai, Nattalam Post, Kanyakumari District"
4678,"Ramco Institute of Technology, North venganallur Village, Krishnapuram Panchayat, Rajapalayam, Virudhunagar District 626117",needs_verification,,,,,,https://www.ritrjpm.ac.in/,https://assessmentonline.naac.gov.in/public/index.php/hei_dashboard,"Ramco Institute of Technology, North venganallur Village, Krishnapuram Panchayat, Rajapalayam, Virudhunagar District 626117"
4686,"Good Shepherd College of Engineering and Technology, Maruthamparai, Kanyakumari District 629101",needs_verification,,,,,,www.gscet.org,https://assessmentonline.naac.gov.in/public/index.php/hei_dashboard,"Good Shepherd College of Engineering and Technology, Maruthamparai, Kanyakumari District 629101"
4747,S. Thangapazham College of Engineering and Technology,needs_verification,,,,,,,https://assessmentonline.naac.gov.in/public/index.php/hei_dashboard,S. Thangapazham College of Engineering and Technology
4864,"V V College of Engineering, Arasoor Village, Idaichivilai Post, Santhakulam Taluk, Thoothukudi District 628656",needs_verification,,,,,,www.vvcoe.org,https://assessmentonline.naac.gov.in/public/index.php/hei_dashboard,"V V College of Engineering, Arasoor Village, Idaichivilai Post, Santhakulam Taluk, Thoothukudi District 628656"
4911,Sree Krishna College of Engineering and Technology - New Institution,needs_verification,,,,,,,https://assessmentonline.naac.gov.in/public/index.php/hei_dashboard,Sree Krishna College of Engineering and Technology - New Institution
4925,"Sun College of Engineering and Technology, Ammandivilai& Post, Kanyakumari District - 629204",needs_verification,,,,,,,https://assessmentonline.naac.gov.in/public/index.php/hei_dashboard,"Sun College of Engineering and Technology, Ammandivilai& Post, Kanyakumari District - 629204"
4927,"Maria College of Engineering and Technology, AttoorPuliyamoodu Junction, Thiruvattar Post, Kanyakumari District 629177",needs_verification,,,,,,www.mariacollegeofengineering.org,https://assessmentonline.naac.gov.in/public/index.php/hei_dashboard,"Maria College of Engineering and Technology, AttoorPuliyamoodu Junction, Thiruvattar Post, Kanyakumari District 629177"
4928,"MAR Ephraem College of Engineering & Technology, Malankara Hills, Elavuvillai, Marthandam, Kanyakumari District 629171",needs_verification,,,,,,www.marephraem.edu.in,https://assessmentonline.naac.gov.in/public/index.php/hei_dashboard,"MAR Ephraem College of Engineering & Technology, Malankara Hills, Elavuvillai, Marthandam, Kanyakumari District 629171"
4929,"M E T Engineering College, Mogals Garden, Thovalai Village, Aralvaimozhi Town Panchayat, Thovalai, Kanyakumari District 629304",needs_verification,,,,,,https://metcolleges.in/,https://assessmentonline.naac.gov.in/public/index.php/hei_dashboard,"M E T Engineering College, Mogals Garden, Thovalai Village, Aralvaimozhi Town Panchayat, Thovalai, Kanyakumari District 629304"
4931,"Grace College of Engineering, Chandy Nagar, Mullakkadu, Thoothukudi District",needs_verification,,,,,,www.gracecoe.org,https://assessmentonline.naac.gov.in/public/index.php/hei_dashboard,"Grace College of Engineering, Chandy Nagar, Mullakkadu, Thoothukudi District"
4932,"Immanuel Arasar J.J. College of Engineering, Edavilagam, Nattalam, Marthandam, Kanyakumari-629165",needs_verification,,,,,,http://www.iajjce.com,https://assessmentonline.naac.gov.in/public/index.php/hei_dashboard,"Immanuel Arasar J.J. College of Engineering, Edavilagam, Nattalam, Marthandam, Kanyakumari-629165"
4933,"St. Mother Theresa Engineering College, Vagaikulam, Thoothukudi District",needs_verification,,,,,,www.mtecac.in,https://assessmentonline.naac.gov.in/public/index.php/hei_dashboard,"St. Mother Theresa Engineering College, Vagaikulam, Thoothukudi District"
4934,"Holy Cross Engineering College, Vagaikulam, Sri Mulakarai, Srivaikuntam, Thoothukudi District 628851",needs_verification,,,,,,www.holycrossengineeringcollege.com,https://assessmentonline.naac.gov.in/public/index.php/hei_dashboard,"Holy Cross Engineering College, Vagaikulam, Sri Mulakarai, Srivaikuntam, Thoothukudi District 628851"
4938,"Sivaji College of Engineering and Technology, ManivillaPalulai Panchayat, Vilavancode, Kanyakumari District 629171",needs_verification,,,,,,https://sivajicollegeofengineering.com,https://assessmentonline.naac.gov.in/public/index.php/hei_dashboard,"Sivaji College of Engineering and Technology, ManivillaPalulai Panchayat, Vilavancode, Kanyakumari District 629171"
4941,"Unnamalai Institute of Technology, Ayyaneri, Kovilpatti, Thoothukudi District",needs_verification,,,,,,www.uitkovilpatti.ac.in,https://assessmentonline.naac.gov.in/public/index.php/hei_dashboard,"Unnamalai Institute of Technology, Ayyaneri, Kovilpatti, Thoothukudi District"
4943,"Satyam College of Engineering and Technology, Satyam Nagar, Aralvoimozhi, Kanyakumari-629301",needs_verification,,,,,,,https://assessmentonline.naac.gov.in/public/index.php/hei_dashboard,"Satyam College of Engineering and Technology, Satyam Nagar, Aralvoimozhi, Kanyakumari-629301"
4944,"Arunachala College of Engineering for Women, Thanka Gardens, Manavilai, Vellichanthai, Nagercoil, Kanyakumari District 629203",needs_verification,,,,,,www.arunachalacollege.com,https://assessmentonline.naac.gov.in/public/index.php/hei_dashboard,"Arunachala College of Engineering for Women, Thanka Gardens, Manavilai, Vellichanthai, Nagercoil, Kanyakumari District 629203"
4946,"D M I Engineering College, Aralvaimozhi Village, Thovalai, Kanyakumari District",needs_verification,,,,,,www.dmiengg.edu.in,https://assessmentonline.naac.gov.in/public/index.php/hei_dashboard,"D M I Engineering College, Aralvaimozhi Village, Thovalai, Kanyakumari District"
4949,"PSN Institute of Technology and Science,Melathediyoor, Tirunelveli-627 152",needs_verification,,,,,,www.psnits.ac.in,https://assessmentonline.naac.gov.in/public/index.php/hei_dashboard,"PSN Institute of Technology and Science,Melathediyoor, Tirunelveli-627 152"
4952,"C S I Institute of Technology, Thovalai, Kanyakumari District 629302",needs_verification,,,,,,www.csiit.ac.in,https://assessmentonline.naac.gov.in/public/index.php/hei_dashboard,"C S I Institute of Technology, Thovalai, Kanyakumari District 629302"
4954,"Dr.SivanthiAditanar College of Engineering, Tiruchendur, Thoothukudi District",needs_verification,,,,,,www.drsacoe.org,https://assessmentonline.naac.gov.in/public/index.php/hei_dashboard,"Dr.SivanthiAditanar College of Engineering, Tiruchendur, Thoothukudi District"
4955,"Francis Xavier Engineering College (Autonomous), Vannarpettai, Tirunelveli District 627003",needs_verification,,,,,,www.francisxavier.ac.in,https://assessmentonline.naac.gov.in/public/index.php/hei_dashboard,"Francis Xavier Engineering College (Autonomous), Vannarpettai, Tirunelveli District 627003"
4956,"Jayamatha Engineering College, Aralvaimozhi, Kanyakumari District-629301",needs_verification,,,,,,jayamatha.org,https://assessmentonline.naac.gov.in/public/index.php/hei_dashboard,"Jayamatha Engineering College, Aralvaimozhi, Kanyakumari District-629301"
4957,"JayarajAnnapackiam CSI College of Engineering, Nazareth, Thoothukudi District",needs_verification,,,,,,www.jacsicoe.in,https://assessmentonline.naac.gov.in/public/index.php/hei_dashboard,"JayarajAnnapackiam CSI College of Engineering, Nazareth, Thoothukudi District"
4959,"Kamaraj College of Engineering and Technology (Autonomous), Virudhunagar District 626001",needs_verification,,,,,,www.kamarajengg.edu.in,https://assessmentonline.naac.gov.in/public/index.php/hei_dashboard,"Kamaraj College of Engineering and Technology (Autonomous), Virudhunagar District 626001"
4961,"Nellai College of Engineering (Formerly National College of Engineering), Maruthakulam Post, Tirunelveli District 627151",needs_verification,,,,,,www.nce.ac.in,https://assessmentonline.naac.gov.in/public/index.php/hei_dashboard,"Nellai College of Engineering (Formerly National College of Engineering), Maruthakulam Post, Tirunelveli District 627151"
4962,"National Engineering College (Autonomous), Kovilpatti, Thoothukudi District",needs_verification,,,,,,https://nec.edu.in/,https://assessmentonline.naac.gov.in/public/index.php/hei_dashboard,"National Engineering College (Autonomous), Kovilpatti, Thoothukudi District"
4964,"PSN College of Engineering and Technology (Autonomous), Melathediyoor, Tirunelveli-627 152",needs_verification,,,,,,www.psncet.ac.in,https://assessmentonline.naac.gov.in/public/index.php/hei_dashboard,"PSN College of Engineering and Technology (Autonomous), Melathediyoor, Tirunelveli-627 152"
4966,"PET Engineering College, Vallioor Post, Tirunelveli District 627117",needs_verification,,,,,,www.petengg.ac.in,https://assessmentonline.naac.gov.in/public/index.php/hei_dashboard,"PET Engineering College, Vallioor Post, Tirunelveli District 627117"
4968,"Sardar Raja College of Engineering, Alangulam, Tenkasi District 627808",needs_verification,,,,,,www.src.org.in,https://assessmentonline.naac.gov.in/public/index.php/hei_dashboard,"Sardar Raja College of Engineering, Alangulam, Tenkasi District 627808"
4969,"SCAD College of Engineering and Technology, Cheranmahadevi, Tirunelveli District 627414",needs_verification,,,,,,www.scadengineering.ac.in,https://assessmentonline.naac.gov.in/public/index.php/hei_dashboard,"SCAD College of Engineering and Technology, Cheranmahadevi, Tirunelveli District 627414"
4970,"Sree Sowdambika College of Engineering, Aruppukkottai Taluk, Virudhunagar District 626134",needs_verification,,,,,,www.sowdambikaengg.edu.in,https://assessmentonline.naac.gov.in/public/index.php/hei_dashboard,"Sree Sowdambika College of Engineering, Aruppukkottai Taluk, Virudhunagar District 626134"
4971,"St. Xavier's Catholic College of Engineering, (Autonomous) Chunkankadai, Nagercoil, Kanyakumari District 629807",needs_verification,,,,,,www.sxcce.edu.in,https://assessmentonline.naac.gov.in/public/index.php/hei_dashboard,"St. Xavier's Catholic College of Engineering, (Autonomous) Chunkankadai, Nagercoil, Kanyakumari District 629807"
4974,"Government College of Engineering, Tirunelveli District 627007",needs_verification,,,,,,www.gcetly.ac.in,https://assessmentonline.naac.gov.in/public/index.php/hei_dashboard,"Government College of Engineering, Tirunelveli District 627007"
4975,"Dr. G U Pope College of Engineering, Sawyerpuram, Thoothukudi District",needs_verification,,,,,,https://www.drgupopeengg.org/,https://assessmentonline.naac.gov.in/public/index.php/hei_dashboard,"Dr. G U Pope College of Engineering, Sawyerpuram, Thoothukudi District"
4976,"Infant Jesus College of Engineering, Thoothukudi Highway (NH7/A), Thoothukudi District 628851",needs_verification,,,,,,www.ijce.ac.in,https://assessmentonline.naac.gov.in/public/index.php/hei_dashboard,"Infant Jesus College of Engineering, Thoothukudi Highway (NH7/A), Thoothukudi District 628851"
4978,"Udaya School of Engineering, Ammandivilai Post, Kanyakumari District 629204",needs_verification,,,,,,www.udayaschoolofengineering.com,https://assessmentonline.naac.gov.in/public/index.php/hei_dashboard,"Udaya School of Engineering, Ammandivilai Post, Kanyakumari District 629204"
4980,"Einstein College of Engineering, Seethaparpanallur, Tirunelveli District 627012",needs_verification,,,,,,www.einsteincollege.ac.in,https://assessmentonline.naac.gov.in/public/index.php/hei_dashboard,"Einstein College of Engineering, Seethaparpanallur, Tirunelveli District 627012"
4981,"Ponjesly College of Engineering, Vettornimadam Post, Nagercoil, Kanyakumari District 629003",needs_verification,,,,,,www.ponjesly.ac.in,https://assessmentonline.naac.gov.in/public/index.php/hei_dashboard,"Ponjesly College of Engineering, Vettornimadam Post, Nagercoil, Kanyakumari District 629003"
4982,"Vins Christian College of Engineering, Chunkankadai Post, Nagercoil, Kanyakumari District 629807",needs_verification,,,,,,https://vinsengineeringcollege.org/,https://assessmentonline.naac.gov.in/public/index.php/hei_dashboard,"Vins Christian College of Engineering, Chunkankadai Post, Nagercoil, Kanyakumari District 629807"
4983,"Lord Jegannath College of Engineering and Technology, Kumarapuram, Thoppur Post, Kanyakumari District 629402",needs_verification,,,,,,www.ljcet.org,https://assessmentonline.naac.gov.in/public/index.php/hei_dashboard,"Lord Jegannath College of Engineering and Technology, Kumarapuram, Thoppur Post, Kanyakumari District 629402"
4984,"Marthandam College of Engineering & Technology, Kuttakuzhi, Veeyanoor Post, Kanyakumari District 629177",needs_verification,,,,,,www.macet.edu.in,https://assessmentonline.naac.gov.in/public/index.php/hei_dashboard,"Marthandam College of Engineering & Technology, Kuttakuzhi, Veeyanoor Post, Kanyakumari District 629177"
4986,Noorul Islam College of Engineering and Technology,needs_verification,,,,,,,https://assessmentonline.naac.gov.in/public/index.php/hei_dashboard,Noorul Islam College of Engineering and Technology
4989,"PSN Engineering College, Melathediyoor, Tirunelveli District 627152",needs_verification,,,,,,www.psnec.ac.in,https://assessmentonline.naac.gov.in/public/index.php/hei_dashboard,"PSN Engineering College, Melathediyoor, Tirunelveli District 627152"
4992,"Bethlahem Institute of Engineering, Karungal, Kanyakumari District 629157",needs_verification,,,,,,http://bethlahem.org/engineering/index.php,https://assessmentonline.naac.gov.in/public/index.php/hei_dashboard,"Bethlahem Institute of Engineering, Karungal, Kanyakumari District 629157"
4996,"Sri Vidya College of Engineering and Technology, Sivakasi Main Road, P Kumaralinapuram, Virudhunagar District 626005",needs_verification,,,,,,www.srividyaengg.ac.in,https://assessmentonline.naac.gov.in/public/index.php/hei_dashboard,"Sri Vidya College of Engineering and Technology, Sivakasi Main Road, P Kumaralinapuram, Virudhunagar District 626005"
4998,"MahakaviBharathiyar College of Engineering and Technology, Vasudevanallur, Tenkasi District 627758",needs_verification,,,,,,www.mbceat.in,https://assessmentonline.naac.gov.in/public/index.php/hei_dashboard,"MahakaviBharathiyar College of Engineering and Technology, Vasudevanallur, Tenkasi District 627758"
4999,"AnnaiVailankanni College of Engineering, Pothaiyadi Salai, Pottalkulam, Azhagappapuram, Kanyakumari District 629401",needs_verification,,,,,,www.avce.edu.in,https://assessmentonline.naac.gov.in/public/index.php/hei_dashboard,"AnnaiVailankanni College of Engineering, Pothaiyadi Salai, Pottalkulam, Azhagappapuram, Kanyakumari District 629401"
5009,"Government College of Engineering, Melachokkanathapuram, Bodinayakkanur, Theni District 625582",needs_verification,,,,,,www.gcebodi.ac.in,https://assessmentonline.naac.gov.in/public/index.php/hei_dashboard,"Government College of Engineering, Melachokkanathapuram, Bodinayakkanur, Theni District 625582"
5010,"Anna University Regional Campus - Madurai, Kanyakumari National Highway, Keelakuilkudi, Madurai District 625019",needs_verification,,,,,,www.autmdu.in,https://assessmentonline.naac.gov.in/public/index.php/hei_dashboard,"Anna University Regional Campus - Madurai, Kanyakumari National Highway, Keelakuilkudi, Madurai District 625019"
5012,"Central Electrochemical Research Institute CECRI), Karaikudi, Sivagangai District",needs_verification,,,,,,https://cecri.res.in/,https://assessmentonline.naac.gov.in/public/index.php/hei_dashboard,"Central Electrochemical Research Institute CECRI), Karaikudi, Sivagangai District"
5017,"University College of Engineering, Ramanathapuram, Pullangudi, Ramanathapuram District 623513",needs_verification,,,,,,www.aucermd.edu.in,https://assessmentonline.naac.gov.in/public/index.php/hei_dashboard,"University College of Engineering, Ramanathapuram, Pullangudi, Ramanathapuram District 623513"
5022,"University College of Engineering, Dindigul, MangaraiPirivu, Reddiyarchathiram, Dindigul District 624622",needs_verification,,,,,,https://auucedgl.ac.in/,https://assessmentonline.naac.gov.in/public/index.php/hei_dashboard,"University College of Engineering, Dindigul, MangaraiPirivu, Reddiyarchathiram, Dindigul District 624622"
5530,"SSM Institute of Engineering and Technology, Kuttathupatti Village, Sindalaigundu Post, Dindigul District 624002",needs_verification,,,,,,www.ssmiet.ac.in,https://assessmentonline.naac.gov.in/public/index.php/hei_dashboard,"SSM Institute of Engineering and Technology, Kuttathupatti Village, Sindalaigundu Post, Dindigul District 624002"
5532,"Vaigai College of Engineering, Therkutheru, Melur Taluk, Madurai District",needs_verification,,,,,,www.vaigai.org,https://assessmentonline.naac.gov.in/public/index.php/hei_dashboard,"Vaigai College of Engineering, Therkutheru, Melur Taluk, Madurai District"
5533,"Karaikudi Institute of Technology and Karaikudi Institute of Management, KIT & KIM Technical Campus, Keeranipatti, Thalakkuvur, Karaikudi, Sivagangai District",needs_verification,,,,,,www.kitandkimtechnicalcampus.org,https://assessmentonline.naac.gov.in/public/index.php/hei_dashboard,"Karaikudi Institute of Technology and Karaikudi Institute of Management, KIT & KIM Technical Campus, Keeranipatti, Thalakkuvur, Karaikudi, Sivagangai District"
5536,"Mangayarkarasi College of Engineering, First Street, Mangayarkarasi Nagar, Paravai, Madurai District 625402",needs_verification,,,,,,mce-madurai.ac.in,https://assessmentonline.naac.gov.in/public/index.php/hei_dashboard,"Mangayarkarasi College of Engineering, First Street, Mangayarkarasi Nagar, Paravai, Madurai District 625402"
5545,G.T.N College of Technology,needs_verification,,,,,,,https://assessmentonline.naac.gov.in/public/index.php/hei_dashboard,G.T.N College of Technology
5546,Jamal Mohamed College of Engineering,needs_verification,,,,,,,https://assessmentonline.naac.gov.in/public/index.php/hei_dashboard,Jamal Mohamed College of Engineering
5703,"Christian College of Engineering and Technology, Oddanchatram, Dindigul District 624619",needs_verification,,,,,,https://christianengineering.in/,https://assessmentonline.naac.gov.in/public/index.php/hei_dashboard,"Christian College of Engineering and Technology, Oddanchatram, Dindigul District 624619"
5842,"Taluk, Sivagangai District 630611",needs_verification,,,,,,www.srmmcet.edu.in,https://assessmentonline.naac.gov.in/public/index.php/hei_dashboard,"Taluk, Sivagangai District 630611"
5901,"Alagappa Chettair Government College of Engineering and Technology (Autonomous), Karaikudi, Sivagangai District 630004",needs_verification,,,,,,www.accetedu.in,https://assessmentonline.naac.gov.in/public/index.php/hei_dashboard,"Alagappa Chettair Government College of Engineering and Technology (Autonomous), Karaikudi, Sivagangai District 630004"
5902,"Bharath Niketan Engineering College, Thimmarasanaickanoor, Aundipatti, Theni District 625536",needs_verification,,,,,,www.bnec.ac.in,https://assessmentonline.naac.gov.in/public/index.php/hei_dashboard,"Bharath Niketan Engineering College, Thimmarasanaickanoor, Aundipatti, Theni District 625536"
5904,"K L N College of Engineering (Autonomous), Pottapalayam, Sivagangai District",needs_verification,,,,,,www.klnce.edu,https://assessmentonline.naac.gov.in/public/index.php/hei_dashboard,"K L N College of Engineering (Autonomous), Pottapalayam, Sivagangai District"
5907,"Mohamed Sathak Engineering College, Kilakarai, Ramanathapuram District",needs_verification,,,,,,www.msec.org.in,https://assessmentonline.naac.gov.in/public/index.php/hei_dashboard,"Mohamed Sathak Engineering College, Kilakarai, Ramanathapuram District"
5910,"P S N A Colllege of Engineering and Technology, Dindigul District 624622",needs_verification,,,,,,https://www.psnacet.edu.in/,https://assessmentonline.naac.gov.in/public/index.php/hei_dashboard,"P S N A Colllege of Engineering and Technology, Dindigul District 624622"
5911,"P T R College of Engineering and Technology, Thanapandiyan Nagar, Austinpatty Post, Madurai District 625008",needs_verification,,,,,,www.ptrcet.edu.in,https://assessmentonline.naac.gov.in/public/index.php/hei_dashboard,"P T R College of Engineering and Technology, Thanapandiyan Nagar, Austinpatty Post, Madurai District 625008"
5912,"Pandian Saraswathi Yadav Engineering College, Thirumansolai Post, Sivagangai District 630 561",needs_verification,,,,,,www.psyec.edu.in,https://assessmentonline.naac.gov.in/public/index.php/hei_dashboard,"Pandian Saraswathi Yadav Engineering College, Thirumansolai Post, Sivagangai District 630 561"
5913,"R V S College of Engineering, N Paraipatti Post, Dindigul District 624005",needs_verification,,,,,,www.rvseng.ac.in,https://assessmentonline.naac.gov.in/public/index.php/hei_dashboard,"R V S College of Engineering, N Paraipatti Post, Dindigul District 624005"
5914,"Solamalai College of Engineering, Veerapanjan, Madurai District 625020",needs_verification,,,,,,WWW.SOLAMALAICE.AC.IN,https://assessmentonline.naac.gov.in/public/index.php/hei_dashboard,"Solamalai College of Engineering, Veerapanjan, Madurai District 625020"
5915,"SACS-M A V M M Engineering College, Kidaripatty Post, Madurai District",needs_verification,,,,,,www.sacsmec.in,https://assessmentonline.naac.gov.in/public/index.php/hei_dashboard,"SACS-M A V M M Engineering College, Kidaripatty Post, Madurai District"
5921,"Syed Ammal Engineering College, AchuthanVayal Post, Ramanathapuram District 623502",needs_verification,,,,,,www.syedengg.ac.in,https://assessmentonline.naac.gov.in/public/index.php/hei_dashboard,"Syed Ammal Engineering College, AchuthanVayal Post, Ramanathapuram District 623502"
5924,"Ganapathy Chettiar College of Engineering and Technology, Melakavanur Post, Paramakudi, Ramanathapuram District 623706",needs_verification,,,,,,WWW.GANAPATHYCHETTIARENGINE,https://assessmentonline.naac.gov.in/public/index.php/hei_dashboard,"Ganapathy Chettiar College of Engineering and Technology, Melakavanur Post, Paramakudi, Ramanathapuram District 623706"
5930,"SBM College of Engineering and Technology, Thamaraipady, T N ParaipattiPirivu, Dindigul District 624005",needs_verification,,,,,,www.sbminstitutions.ac.in,https://assessmentonline.naac.gov.in/public/index.php/hei_dashboard,"SBM College of Engineering and Technology, Thamaraipady, T N ParaipattiPirivu, Dindigul District 624005"
5935,"Fatima Michael College of Engineering and Technology, Sengottai Village, Sivagangai Main Road, Madurai District 625020",needs_verification,,,,,,www.fmcet.ac.in,https://assessmentonline.naac.gov.in/public/index.php/hei_dashboard,"Fatima Michael College of Engineering and Technology, Sengottai Village, Sivagangai Main Road, Madurai District 625020"
5942,"Ultra College of Engineering and Technology, Kodikulam, 1 Bit Village, Madurai- Chennai Highway, Madurai District 625104",needs_verification,,,,,,www.ucetw.ac.in,https://assessmentonline.naac.gov.in/public/index.php/hei_dashboard,"Ultra College of Engineering and Technology, Kodikulam, 1 Bit Village, Madurai- Chennai Highway, Madurai District 625104"
5988,"Theni Kammavar Sangam College of Technology, Theni Main Road, Koduvillarpatti Post, Theni District 625534",needs_verification,,,,,,www.tksct.in,https://assessmentonline.naac.gov.in/public/index.php/hei_dashboard,"Theni Kammavar Sangam College of Technology, Theni Main Road, Koduvillarpatti Post, Theni District 625534"
5990,"Latha Mathavan Engineering College, Kidaripatti Post, Alagarkoil (Via), Melur Taluk, Madurai District 625301",needs_verification,,,,,,www.lathamathavan.edu.in,https://assessmentonline.naac.gov.in/public/index.php/hei_dashboard,"Latha Mathavan Engineering College, Kidaripatti Post, Alagarkoil (Via), Melur Taluk, Madurai District 625301"
1113,"R M K Engineering College (Autonomous), Kavaraipettai, Gummidipoondi, Thiruvallur District 601206",needs_official_source_check,A,,,,https://www.rmkec.ac.in/2023/,www.rmkec.ac.in,https://assessmentonline.naac.gov.in/public/index.php/hei_dashboard,"R M K Engineering College (Autonomous), Kavaraipettai, Gummidipoondi, Thiruvallur District 601206"
1122,"Vel Tech High Tech Dr. Rangarajan Dr.Sakunthala Engineering College (Autonomous), Avadi-Alamathi Road, Chennai 600 062",needs_official_source_check,A,,,,https://www.velhightech.com/,https://www.velhightech.com,https://assessmentonline.naac.gov.in/public/index.php/hei_dashboard,"Vel Tech High Tech Dr. Rangarajan Dr.Sakunthala Engineering College (Autonomous), Avadi-Alamathi Road, Chennai 600 062"
1126,"J.N.N Institute of Engineering(Autonomous), Ushaa Garden, Kannigaipair Village, Uthukottai Taluk, Thiruvallur District 601102",needs_official_source_check,A,,,,https://www.jnn.edu.in/,https://www.jnn.edu.in/,https://assessmentonline.naac.gov.in/public/index.php/hei_dashboard,"J.N.N Institute of Engineering(Autonomous), Ushaa Garden, Kannigaipair Village, Uthukottai Taluk, Thiruvallur District 601102"
1137,"Annai Mira College of Engineering and Technology, Arcot Road, Arappakkam Village, WalajaTaulk, Ranipet District 632 517",needs_official_source_check,A,,,,https://amcet.in/infrastructure/smart-classrooms/,www.amcet.in,https://assessmentonline.naac.gov.in/public/index.php/hei_dashboard,"Annai Mira College of Engineering and Technology, Arcot Road, Arappakkam Village, WalajaTaulk, Ranipet District 632 517"
1207,"Kings Engineering College, Sriperumpudur Taluk, Kancheepuram District",needs_official_source_check,A,,,,https://www.kingsedu.ac.in/accreditations/,www.kingsedu.ac.in,https://assessmentonline.naac.gov.in/public/index.php/hei_dashboard,"Kings Engineering College, Sriperumpudur Taluk, Kancheepuram District"
1217,"Sree Sastha Institute of Engineering and Technology, Chembarambakkam, Chennai 600103",needs_official_source_check,A,,,,https://sasthainstitutions.in/,https://sasthainstitutions.in/,https://assessmentonline.naac.gov.in/public/index.php/hei_dashboard,"Sree Sastha Institute of Engineering and Technology, Chembarambakkam, Chennai 600103"
1218,"Sri Muthukumaran Institute of Technology, Near Mangadu, Chennai 600069 Sri Venkateswara College of Engineering (Autonomous), Post Bag No.1, Chennai-",needs_official_source_check,A,,,,https://smit.edu.in/,www.smit.edu.in,https://assessmentonline.naac.gov.in/public/index.php/hei_dashboard,"Sri Muthukumaran Institute of Technology, Near Mangadu, Chennai 600069 Sri Venkateswara College of Engineering (Autonomous), Post Bag No.1, Chennai-"
1219,"Sri Venkateswara College of Engineering (Autonomous), Post Bag No.1, Chennai-Bengaluru High Road, Pennalur, Irungattukottai S.O., Sriperumbudur Taluk, Kancheepuram District 602105",needs_official_source_check,A,,,,https://www.svce.ac.in/,www.svce.ac.in,https://assessmentonline.naac.gov.in/public/index.php/hei_dashboard,"Sri Venkateswara College of Engineering (Autonomous), Post Bag No.1, Chennai-Bengaluru High Road, Pennalur, Irungattukottai S.O., Sriperumbudur Taluk, Kancheepuram District 602105"
1233,"Adhi College of Engineering and Technology, Pazhayaseevaram, Madura Sankarapuram Village, Kancheepuram District 631605",needs_official_source_check,B,,,,https://www.adhi.edu.in/,www.adhi.edu.in,https://assessmentonline.naac.gov.in/public/index.php/hei_dashboard,"Adhi College of Engineering and Technology, Pazhayaseevaram, Madura Sankarapuram Village, Kancheepuram District 631605"
1238,"G R T Institute of Engineering and Technology, GRT Mahalakshmi Nagar, Chennai-Tirupathi Highway, Tiruttani Taluk, Thiruvallur District 631209",needs_official_source_check,A,,,,https://grt.edu.in/,www.grt.edu.in,https://assessmentonline.naac.gov.in/public/index.php/hei_dashboard,"G R T Institute of Engineering and Technology, GRT Mahalakshmi Nagar, Chennai-Tirupathi Highway, Tiruttani Taluk, Thiruvallur District 631209"
1405,"Dhanalakshmi College of Engineering, Manimangalam, Chennai 601301",needs_official_source_check,A,,,,https://dce.edu.in/,www.dce.edu.in,https://assessmentonline.naac.gov.in/public/index.php/hei_dashboard,"Dhanalakshmi College of Engineering, Manimangalam, Chennai 601301"
1408,"I F E T College of Engineering (Autonomous), Gangarampalayam, Villupuram District 605108",needs_official_source_check,A,,,,https://ifet.ac.in/,www.ifet.ac.in,https://assessmentonline.naac.gov.in/public/index.php/hei_dashboard,"I F E T College of Engineering (Autonomous), Gangarampalayam, Villupuram District 605108"
1416,"Jaya Sakthi Engineering College, Thirunindravur, Chennai 602024",needs_official_source_check,A,,,,https://www.sakthiec.edu.in/NAAC.php,www.sakthiec.edu.in,https://assessmentonline.naac.gov.in/public/index.php/hei_dashboard,"Jaya Sakthi Engineering College, Thirunindravur, Chennai 602024"
1419,"Sri Sai Ram Enginering College (Autonomous), West Tambaram, Chennai",needs_official_source_check,A,,,,https://sairam.edu.in/,www.sairam.edu.in,https://assessmentonline.naac.gov.in/public/index.php/hei_dashboard,"Sri Sai Ram Enginering College (Autonomous), West Tambaram, Chennai"
1422,"SRM Valliammai Engineering College (Autonomous), Kattankulathur, Chennai",needs_official_source_check,A,,,,https://srmvalliammai.ac.in/,www.srmvalliammai.ac.in,https://assessmentonline.naac.gov.in/public/index.php/hei_dashboard,"SRM Valliammai Engineering College (Autonomous), Kattankulathur, Chennai"
1432,"Rajalakshmi Institute of Technology, Irulapalayam, (Autonomous) Kuthampakkam Post, Kancheepuram District, Chennai 600124",needs_official_source_check,A,,,,https://www.ritchennai.org/,www.ritchennai.org,https://assessmentonline.naac.gov.in/public/index.php/hei_dashboard,"Rajalakshmi Institute of Technology, Irulapalayam, (Autonomous) Kuthampakkam Post, Kancheepuram District, Chennai 600124"
1441,"A K T Memorial College of Engineering and Technology, Neelamangalam Village, Kallakurichi District 606202",needs_official_source_check,A,,,,https://www.aktmcet.in/,www.aktmcet.in,https://assessmentonline.naac.gov.in/public/index.php/hei_dashboard,"A K T Memorial College of Engineering and Technology, Neelamangalam Village, Kallakurichi District 606202"
1442,"Prince Dr. K Vasudevan College of Engineering and Technology, Medavakkam- Mambakkam Road, Ponmar, Chennai 600127",needs_official_source_check,B,,,,https://www.princedrkvasudevan.com/,www.princedrkvasudevan.com,https://assessmentonline.naac.gov.in/public/index.php/hei_dashboard,"Prince Dr. K Vasudevan College of Engineering and Technology, Medavakkam- Mambakkam Road, Ponmar, Chennai 600127"
1523,"Global Institute of Engineering and Technology, Bangalore-Chennai Highway, Melvisharam, Walajah Taluk, Ranipet District 632506",needs_official_source_check,B,,,,https://www.getedu.in/,www.getedu.in,https://assessmentonline.naac.gov.in/public/index.php/hei_dashboard,"Global Institute of Engineering and Technology, Bangalore-Chennai Highway, Melvisharam, Walajah Taluk, Ranipet District 632506"
1526,"Sri Krishna College of Engineering, Tiruttani High Road, Arakkonam, Ranipet District 631003",needs_official_source_check,B,,,,https://www.srikrishnacollege.co.in/,www.srikrishnacollege.co.in,https://assessmentonline.naac.gov.in/public/index.php/hei_dashboard,"Sri Krishna College of Engineering, Tiruttani High Road, Arakkonam, Ranipet District 631003"
2329,"Rathinam Technical Campus(Autonomous), Pollachi Road, Eachanari, Coimbatore District 641021",needs_official_source_check,A,,,,https://rtc.ac.in/,https://www.rathinamtechnicalcampus.com/,https://assessmentonline.naac.gov.in/public/index.php/hei_dashboard,"Rathinam Technical Campus(Autonomous), Pollachi Road, Eachanari, Coimbatore District 641021"
2346,"Shree Sathyam College of Engineering and Technology, NH-47, Manjakkalpatti, Kuppanur Post, Sankari Taluk, Salem District 637301",needs_official_source_check,B,,,,https://shreesathyam.edu.in/,www.shreesathyam.edu.in,https://assessmentonline.naac.gov.in/public/index.php/hei_dashboard,"Shree Sathyam College of Engineering and Technology, NH-47, Manjakkalpatti, Kuppanur Post, Sankari Taluk, Salem District 637301"
2367,"Arjun College of Technology, Chettiyakkapalayam, Kinathukadavu, Coimbatore District 642120",needs_official_source_check,A,,,,https://www.actechnology.in/,www.actechnology.in,https://assessmentonline.naac.gov.in/public/index.php/hei_dashboard,"Arjun College of Technology, Chettiyakkapalayam, Kinathukadavu, Coimbatore District 642120"
2607,"K S Rangasamy College of Technology (Autonomous), Tiruchengode, Namakkal District 637215",needs_official_source_check,A,,,,https://ksrct.ac.in/,https://ksrct.ac.in/,https://assessmentonline.naac.gov.in/public/index.php/hei_dashboard,"K S Rangasamy College of Technology (Autonomous), Tiruchengode, Namakkal District 637215"
2608,"M Kumarasamy College of Engineering (Autonomous), Thalavapalayam, Karur District 639113",needs_official_source_check,A,,,,https://www.mkce.ac.in/,WWW.MKCE.AC.IN,https://assessmentonline.naac.gov.in/public/index.php/hei_dashboard,"M Kumarasamy College of Engineering (Autonomous), Thalavapalayam, Karur District 639113"
2609,"Mahendra Engineering College (Autonomous), Mahendhirapuri, Mallasamudram, Namakkal District 637503",needs_official_source_check,A,,,,https://mahendra.info/,www.mahendra.info,https://assessmentonline.naac.gov.in/public/index.php/hei_dashboard,"Mahendra Engineering College (Autonomous), Mahendhirapuri, Mallasamudram, Namakkal District 637503"
2610,"Muthayammal Engineering College (Autonomous), Rasipuram, Namakkal District 637408",needs_official_source_check,A,,,,https://mec.edu.in/about-us/accreditation/,www.mec.edu.in,https://assessmentonline.naac.gov.in/public/index.php/hei_dashboard,"Muthayammal Engineering College (Autonomous), Rasipuram, Namakkal District 637408"
2611,"Paavai Engineering College (Autonomous), NH-7, Pachal Post, Namakkal District 637018",needs_official_source_check,A,,,,https://pec.paavai.edu.in/,http://pec.paavai.edu.in,https://assessmentonline.naac.gov.in/public/index.php/hei_dashboard,"Paavai Engineering College (Autonomous), NH-7, Pachal Post, Namakkal District 637018"
2613,"K S R College of Engineering (Autonomous), Tiruchengode, Namakkal District",needs_official_source_check,A,,,,https://www.ksrce.ac.in/,www.ksrce.ac.in,https://assessmentonline.naac.gov.in/public/index.php/hei_dashboard,"K S R College of Engineering (Autonomous), Tiruchengode, Namakkal District"
2617,"Sengunthar Engineering College (Autonomous), Tiruchengode, Namakkal District 637205",needs_official_source_check,A,,,,https://sect.edu.in/,www.scteng.co.in,https://assessmentonline.naac.gov.in/public/index.php/hei_dashboard,"Sengunthar Engineering College (Autonomous), Tiruchengode, Namakkal District 637205"
2622,"V S B Engineering College(Autonomous),Kovai Road, Karur District 639111",needs_official_source_check,A,,,,https://admissions.vsbcetc.edu.in/application-form-vsb-karur-campus?utm_source=organic&,www.vsbec.com,https://assessmentonline.naac.gov.in/public/index.php/hei_dashboard,"V S B Engineering College(Autonomous),Kovai Road, Karur District 639111"
2624,"Gnanamani College of Technology(Autonomous), Pachal Post, Namakkal District 637018",needs_official_source_check,A,,,,https://www.gct.org.in/,WWW.GCT.ORG.IN,https://assessmentonline.naac.gov.in/public/index.php/hei_dashboard,"Gnanamani College of Technology(Autonomous), Pachal Post, Namakkal District 637018"
2628,"Paavai College of Engineering,(Autonomous), NH-7, Pachal Post, Namakkal District 637018",needs_official_source_check,A,,,,https://pce.paavai.edu.in/,http://pce.paavai.edu.in,https://assessmentonline.naac.gov.in/public/index.php/hei_dashboard,"Paavai College of Engineering,(Autonomous), NH-7, Pachal Post, Namakkal District 637018"
2636,"A V S Engineering College, Military Road, Ammapet, Salem District 636003",needs_official_source_check,A,,,,https://www.avsenggcollege.ac.in/,www.avsenggcollege.ac.in,https://assessmentonline.naac.gov.in/public/index.php/hei_dashboard,"A V S Engineering College, Military Road, Ammapet, Salem District 636003"
2642,"P S V College of Engineeering and Technology, Mittapalli, Balinayanapalli Post, Elathagiri, Krishnagiri District 635108",needs_official_source_check,A,,,,https://psvcet.ac.in/,www.psvcet.ac.in,https://assessmentonline.naac.gov.in/public/index.php/hei_dashboard,"P S V College of Engineeering and Technology, Mittapalli, Balinayanapalli Post, Elathagiri, Krishnagiri District 635108"
2643,"Bharathiyar Institute of Engineering for Women, Deviayakurichi, Attur Taluk, Salem District 636112",needs_official_source_check,B,,,,https://biew.ac.in/,www.biew.ac.in,https://assessmentonline.naac.gov.in/public/index.php/hei_dashboard,"Bharathiyar Institute of Engineering for Women, Deviayakurichi, Attur Taluk, Salem District 636112"
2647,"J K K Nataraja College of Engineering and Technology, Komarapalayam Amani, Thattankuttai Panchayat, Namakkal District 638183",needs_official_source_check,A,,,,https://engg.jkkn.ac.in/,https://engg.jkkn.ac.in,https://assessmentonline.naac.gov.in/public/index.php/hei_dashboard,"J K K Nataraja College of Engineering and Technology, Komarapalayam Amani, Thattankuttai Panchayat, Namakkal District 638183"
2650,"Christ The King Engineering College, Cecilia Gardens, Chikkarampalayam Village, Coimbatore District 641104",needs_official_source_check,B,,,,http://www.ckec.ac.in/,www.ckec.ac.in,https://assessmentonline.naac.gov.in/public/index.php/hei_dashboard,"Christ The King Engineering College, Cecilia Gardens, Chikkarampalayam Village, Coimbatore District 641104"
2653,"Knowledge Institute of Technology(Autonomous), KIOT Campus, Kakapalayam Post, Salem District 637504",needs_official_source_check,B,,,,https://kiot.ac.in/,www.kiot.ac.in,https://assessmentonline.naac.gov.in/public/index.php/hei_dashboard,"Knowledge Institute of Technology(Autonomous), KIOT Campus, Kakapalayam Post, Salem District 637504"
2673,"Sree Sakthi Engineering College, Bettathapuram, Bilichi Village, Karamadai, Coimbatore District 641104",needs_official_source_check,A,,,,https://www.sreesakthi.edu.in/naac,www.sreesakthi.edu.in,https://assessmentonline.naac.gov.in/public/index.php/hei_dashboard,"Sree Sakthi Engineering College, Bettathapuram, Bilichi Village, Karamadai, Coimbatore District 641104"
2702,"Bannari Amman Institute of Technology (Autonomous), Sathyamanagalam, Erode District 638401",needs_official_source_check,A,,,,https://www.bitsathy.ac.in/,bitsathy.ac.in,https://assessmentonline.naac.gov.in/public/index.php/hei_dashboard,"Bannari Amman Institute of Technology (Autonomous), Sathyamanagalam, Erode District 638401"
2704,"Coimbatore Institute of Engineering and Technolgoy (Autonomous), Narasipuram Post, Coimbatore District 641109",needs_official_source_check,A,,,,https://www.cietcbe.edu.in/,www.cietcbe.edu.in,https://assessmentonline.naac.gov.in/public/index.php/hei_dashboard,"Coimbatore Institute of Engineering and Technolgoy (Autonomous), Narasipuram Post, Coimbatore District 641109"
2708,"Hindusthan College of Engineering and Technology (Autonomous), Othakkalmandapam Post, Coimbatore District 641032",needs_official_source_check,A,,,,https://www.hindusthan.net/,www.hindusthan.net,https://assessmentonline.naac.gov.in/public/index.php/hei_dashboard,"Hindusthan College of Engineering and Technology (Autonomous), Othakkalmandapam Post, Coimbatore District 641032"
2710,"Karpagam College of Engineering (Autonomous), Othakkalmandapam, Coimbatore District 641032",needs_official_source_check,A,,,,https://kce.ac.in/,http://www.kce.ac.in,https://assessmentonline.naac.gov.in/public/index.php/hei_dashboard,"Karpagam College of Engineering (Autonomous), Othakkalmandapam, Coimbatore District 641032"
2712,"Kumaraguru College of Technology (Autonomous), Chinnavedampatti Post, Coimbatore District 641006",needs_official_source_check,A,,,,https://kct.ac.in/the-campus/,www.kct.ac.in,https://assessmentonline.naac.gov.in/public/index.php/hei_dashboard,"Kumaraguru College of Technology (Autonomous), Chinnavedampatti Post, Coimbatore District 641006"
2715,"Nandha Engineering College (Autonomous), Pitchandampalayam Post, Erode District 638052",needs_official_source_check,A,,,,https://nandhaengg.org/,www.nandhaengg.org,https://assessmentonline.naac.gov.in/public/index.php/hei_dashboard,"Nandha Engineering College (Autonomous), Pitchandampalayam Post, Erode District 638052"
2716,"Park College of Engineering and Technology, Kaniyur, Coimbatore District",needs_official_source_check,A,,,,https://www.pcet.ac.in/,www.pcet.ac.in,https://assessmentonline.naac.gov.in/public/index.php/hei_dashboard,"Park College of Engineering and Technology, Kaniyur, Coimbatore District"
2718,"Sri Krishna College of Enginering and Technology (Autonomous) ,Kuniamuthur, Coimbatore District 641008",needs_official_source_check,A,,,,https://skcet.ac.in/,www.skcet.ac.in,https://assessmentonline.naac.gov.in/public/index.php/hei_dashboard,"Sri Krishna College of Enginering and Technology (Autonomous) ,Kuniamuthur, Coimbatore District 641008"
2723,"Velalar College of Engineering and Technology (Autonomous), Thindal Post, Erode District 638012",needs_official_source_check,A,,,,https://www.velalarengg.ac.in/,www.velalarengg.ac.in,https://assessmentonline.naac.gov.in/public/index.php/hei_dashboard,"Velalar College of Engineering and Technology (Autonomous), Thindal Post, Erode District 638012"
2726,"SNS College of Technology (Autonomous), Kalappatti Post, Coimbatore District",needs_official_source_check,A,,,,https://snsct.org/,www.snsct.org,https://assessmentonline.naac.gov.in/public/index.php/hei_dashboard,"SNS College of Technology (Autonomous), Kalappatti Post, Coimbatore District"
2729,"Nehru Institute of Engineering and Technology, Thirumalayampalayam Post, Coimbatore District 641105",needs_official_source_check,A,,,,https://www.nehrucolleges.org/,www.nehrucolleges.org,https://assessmentonline.naac.gov.in/public/index.php/hei_dashboard,"Nehru Institute of Engineering and Technology, Thirumalayampalayam Post, Coimbatore District 641105"
2731,"R V S College of Engineering and Technology, Kannampalayam, Sulur, Coimbatore District 641402",needs_official_source_check,A,,,,https://rvscet.ac.in/,www.rvscet.ac.in,https://assessmentonline.naac.gov.in/public/index.php/hei_dashboard,"R V S College of Engineering and Technology, Kannampalayam, Sulur, Coimbatore District 641402"
2732,"Info Institute of Engineering, Sarkar Samakulam, Coimbatore District 641107",needs_official_source_check,B,,,,http://www.infoengg.com/,www.infoengg.com,https://assessmentonline.naac.gov.in/public/index.php/hei_dashboard,"Info Institute of Engineering, Sarkar Samakulam, Coimbatore District 641107"
2740,"Hindusthan Institute of Technology (Autonomous), Othakkalmandapam, Coimbatore District 641032",needs_official_source_check,A,,,,https://hit.edu.in/,www.hit.edu.in,https://assessmentonline.naac.gov.in/public/index.php/hei_dashboard,"Hindusthan Institute of Technology (Autonomous), Othakkalmandapam, Coimbatore District 641032"
2741,"P A College of Engineering and Technology (Autonomous), Palladam Road, Pollachi, Coimbatore District 642002",needs_official_source_check,A,,,,https://www.pacolleges.org/,www.pacolleges.org,https://assessmentonline.naac.gov.in/public/index.php/hei_dashboard,"P A College of Engineering and Technology (Autonomous), Palladam Road, Pollachi, Coimbatore District 642002"
2743,"Dhanalakshmi Srinivasan College of Engineering (CBE), NH47, Palakkad Main Road, Navakkarai Post, Near Nandhi Temple, Coimbatore District 641105",needs_official_source_check,A,,,,https://dsce.ac.in/,www.dsce.ac.in,https://assessmentonline.naac.gov.in/public/index.php/hei_dashboard,"Dhanalakshmi Srinivasan College of Engineering (CBE), NH47, Palakkad Main Road, Navakkarai Post, Near Nandhi Temple, Coimbatore District 641105"
2747,"Shree Venkateshwara Hi-Tech Engineering College, (Autonomous) Othakuthirai, K Mettupalayam Post, Gobichettipalayam, Erode District 638455",needs_official_source_check,A,,,,https://www.svhec.com/,www.svhec.com,https://assessmentonline.naac.gov.in/public/index.php/hei_dashboard,"Shree Venkateshwara Hi-Tech Engineering College, (Autonomous) Othakuthirai, K Mettupalayam Post, Gobichettipalayam, Erode District 638455"
2751,"KGISL Institute of Technology, KGISL Campus, Thudiyalur Road, Saravanampatti, Coimbatore District 641035",needs_official_source_check,A,,,,https://www.kgkite.ac.in/,www.kgkite.ac.in,https://assessmentonline.naac.gov.in/public/index.php/hei_dashboard,"KGISL Institute of Technology, KGISL Campus, Thudiyalur Road, Saravanampatti, Coimbatore District 641035"
2758,"J K KMunirajah College of Technology, T N Palayam, Gobi Taluk, Erode District",needs_official_source_check,A,,,,https://www.jkkmct.edu.in/,www.jkkmct.edu.in,https://assessmentonline.naac.gov.in/public/index.php/hei_dashboard,"J K KMunirajah College of Technology, T N Palayam, Gobi Taluk, Erode District"
2764,"K P R Institute of Engineering and Technology (Autonomous), Kollupalayam Village, Arasur Panchayat, Coimbatore District 641407",needs_official_source_check,B,,,,https://kpriet.ac.in/,kpriet.ac.in,https://assessmentonline.naac.gov.in/public/index.php/hei_dashboard,"K P R Institute of Engineering and Technology (Autonomous), Kollupalayam Village, Arasur Panchayat, Coimbatore District 641407"
2768,"Park College of Technology, Prema Ravi Nagar, Karumathampatti, Coimbatore -",needs_official_source_check,A,,,,https://www.pct.ac.in/,www.pct.ac.in,https://assessmentonline.naac.gov.in/public/index.php/hei_dashboard,"Park College of Technology, Prema Ravi Nagar, Karumathampatti, Coimbatore -"
2769,"J C T College of Engineering and Technology, Pichanur, Coimbatore District",needs_official_source_check,A,,,,https://www.jct.ac.in/accreditations,www.jct.ac.in,https://assessmentonline.naac.gov.in/public/index.php/hei_dashboard,"J C T College of Engineering and Technology, Pichanur, Coimbatore District"
2776,"R V S Technical Campus-Coimbatore, Kumaran Kottam Campus, Kannampalayam, Sulur, Coimbatore District 641 402",needs_official_source_check,A,,,,https://www.rvstcc.ac.in/,rvstcc.ac.in,https://assessmentonline.naac.gov.in/public/index.php/hei_dashboard,"R V S Technical Campus-Coimbatore, Kumaran Kottam Campus, Kannampalayam, Sulur, Coimbatore District 641 402"
3701,"K Ramakrishnan College of Technology (Autonomous), Kariyamanickam Road, Samayapuram, Manachanallur Taluk, Tiruchirappalli District 621112",needs_official_source_check,A,,,,https://krct.ac.in/,www.krct.ac.in,https://assessmentonline.naac.gov.in/public/index.php/hei_dashboard,"K Ramakrishnan College of Technology (Autonomous), Kariyamanickam Road, Samayapuram, Manachanallur Taluk, Tiruchirappalli District 621112"
3760,"Sir Issac Newton College of Engineering and Technology, Anthanapeetai Post, Papakoil, Nagappattinam District 611102",needs_official_source_check,B,,,,https://sincet.ac.in/,www.sincet.ac.in,https://assessmentonline.naac.gov.in/public/index.php/hei_dashboard,"Sir Issac Newton College of Engineering and Technology, Anthanapeetai Post, Papakoil, Nagappattinam District 611102"
3801,"A V C College of Engineering, Mannampandal Post, MayiladuthuraiDistrict",needs_official_source_check,A,,,,http://avccengg.net/Naac/Naac,www.avccengg.net,https://assessmentonline.naac.gov.in/public/index.php/hei_dashboard,"A V C College of Engineering, Mannampandal Post, MayiladuthuraiDistrict"
3803,"Anjalai Ammal Mahalingam Engineering College, Kovilvenni, Thiruvarur District",needs_official_source_check,A,,,,https://www.aamec.edu.in/,www.aamec.edu.in,https://assessmentonline.naac.gov.in/public/index.php/hei_dashboard,"Anjalai Ammal Mahalingam Engineering College, Kovilvenni, Thiruvarur District"
3805,"Dhanalakshmi Srinivasan Engineering College (Autonomous), Thuraiyur Road, Perambalur District 621212",needs_official_source_check,A,,,,https://www.dsengg.ac.in/,www.dsengg.ac.in,https://assessmentonline.naac.gov.in/public/index.php/hei_dashboard,"Dhanalakshmi Srinivasan Engineering College (Autonomous), Thuraiyur Road, Perambalur District 621212"
3806,"E G S Pillay Engineering College (Autonomous), Nagapattinam District 611002",needs_official_source_check,A,,,,https://www.egspec.org/,www.egspec.org,https://assessmentonline.naac.gov.in/public/index.php/hei_dashboard,"E G S Pillay Engineering College (Autonomous), Nagapattinam District 611002"
3817,"Roever Engineering College, Elambalur, Perambalur District 621212",needs_official_source_check,B,,,,https://roeverengg.edu.in/,www.roeverengg.edu.in,https://assessmentonline.naac.gov.in/public/index.php/hei_dashboard,"Roever Engineering College, Elambalur, Perambalur District 621212"
3819,"Saranathan College of Engineering, Panjappur, Tiruchirappalli District 620012",needs_official_source_check,A,,,,https://www.saranathan.ac.in/,https://www.saranathan.ac.in/,https://assessmentonline.naac.gov.in/public/index.php/hei_dashboard,"Saranathan College of Engineering, Panjappur, Tiruchirappalli District 620012"
3820,"Trichy Engineering College, Konalai, Tiruchirappalli District 621132",needs_official_source_check,B,,,,https://www.trichyengg.ac.in/,www.trichyengg.ac.in,https://assessmentonline.naac.gov.in/public/index.php/hei_dashboard,"Trichy Engineering College, Konalai, Tiruchirappalli District 621132"
3825,"St. Joseph's College of Engineering and Technology, Elupatti Village, Rawaspatti Post, Thanjavur District 613403",needs_official_source_check,A,,,,https://sjcettnj.edu.in/,https://sjcettnj.edu.in/,https://assessmentonline.naac.gov.in/public/index.php/hei_dashboard,"St. Joseph's College of Engineering and Technology, Elupatti Village, Rawaspatti Post, Thanjavur District 613403"
3830,"K Ramakrishnan College of Engineering (Autonomous), Kariyamanickam Road, Samayapuram, Manachanallur Taluk, Tiruchirappalli District 621112",needs_official_source_check,A,,,,https://www.krce.ac.in/infrastructure.html,www.krce.ac.in,https://assessmentonline.naac.gov.in/public/index.php/hei_dashboard,"K Ramakrishnan College of Engineering (Autonomous), Kariyamanickam Road, Samayapuram, Manachanallur Taluk, Tiruchirappalli District 621112"
3833,"Parisutham Institute of Technology and Science, Ring Road, Nanjikottai, Thanjavur District 613006",needs_official_source_check,A,,,,https://www.parisuthamtech.com/,www.parisuthamtech.com,https://assessmentonline.naac.gov.in/public/index.php/hei_dashboard,"Parisutham Institute of Technology and Science, Ring Road, Nanjikottai, Thanjavur District 613006"
3908,"Mount Zion College of Engineering and Technology, Pilivalam Post, Pudukkottai District 622507",needs_official_source_check,A,,,,https://www.mzcet.in/,www.mzcet.in,https://assessmentonline.naac.gov.in/public/index.php/hei_dashboard,"Mount Zion College of Engineering and Technology, Pilivalam Post, Pudukkottai District 622507"
3920,"Sudharsan Engineering College, Sathiyamangalam Post, Pudukkottai District",needs_official_source_check,A,,,,https://www.sec.ac.in/,www.sec.ac.in,https://assessmentonline.naac.gov.in/public/index.php/hei_dashboard,"Sudharsan Engineering College, Sathiyamangalam Post, Pudukkottai District"
4670,"Rohini College of Engineering & Technology, Anjugramam-Kanyakumari Main Road, Palkulam, Variyoor Post, Kanyakumari District 629401",needs_official_source_check,A,,,,https://www.rcet.org.in/,www.rcet.org.in,https://assessmentonline.naac.gov.in/public/index.php/hei_dashboard,"Rohini College of Engineering & Technology, Anjugramam-Kanyakumari Main Road, Palkulam, Variyoor Post, Kanyakumari District 629401"
4680,"AAA College of Engineering and Technology, Kamarajar Educational Road, Amathur Village, Sivakasi, Virudhunagar District 626005",needs_official_source_check,A,,,,https://aaaenggcoll.ac.in/,aaaenggcoll.ac.in,https://assessmentonline.naac.gov.in/public/index.php/hei_dashboard,"AAA College of Engineering and Technology, Kamarajar Educational Road, Amathur Village, Sivakasi, Virudhunagar District 626005"
4917,"Sethu Institute of Technology (Autonomous), Kariapatti Post, Virudhunagar District 626115",needs_official_source_check,A,,,,https://sethu.ac.in/,www.sethu.ac.in,https://assessmentonline.naac.gov.in/public/index.php/hei_dashboard,"Sethu Institute of Technology (Autonomous), Kariapatti Post, Virudhunagar District 626115"
4953,"CAPE Institute of Technology, Levingipuram, Tirunelveli District 627114 CARE College of Engineering (Formerly C.A.R.E Group of Institutions),",needs_official_source_check,B,,,,https://www.capeitech.org/,www.capeitech.org,https://assessmentonline.naac.gov.in/public/index.php/hei_dashboard,"CAPE Institute of Technology, Levingipuram, Tirunelveli District 627114 CARE College of Engineering (Formerly C.A.R.E Group of Institutions),"
4960,"Mepco Schlenk Engineering College (Autonomous), Sivakasi, Virudhunagar District 626005",needs_official_source_check,A,,,,https://www.mepcoeng.ac.in/,www.mepcoeng.ac.in,https://assessmentonline.naac.gov.in/public/index.php/hei_dashboard,"Mepco Schlenk Engineering College (Autonomous), Sivakasi, Virudhunagar District 626005"
4965,"P S R Engineering College (Autonomous), Appayanaickenpatti, Sevalpatty, Virudhunagar District 626140",needs_official_source_check,A,,,,https://psr.edu.in/,www.psr.edu.in,https://assessmentonline.naac.gov.in/public/index.php/hei_dashboard,"P S R Engineering College (Autonomous), Appayanaickenpatti, Sevalpatty, Virudhunagar District 626140"
4967,"S VeerasamyChettiar College of Engineering and Technology, Puliangudi Post, Tenkasi District 627855",needs_official_source_check,B,,,,https://www.svccollege.ac.in/,www.svccollege.ac.in,https://assessmentonline.naac.gov.in/public/index.php/hei_dashboard,"S VeerasamyChettiar College of Engineering and Technology, Puliangudi Post, Tenkasi District 627855"
4977,"Narayanaguru College of Engineering, Manjalumoodu, Kanyakumari District",needs_official_source_check,B,,,,https://www.ngce.ac.in/,www.ngce.ac.in,https://assessmentonline.naac.gov.in/public/index.php/hei_dashboard,"Narayanaguru College of Engineering, Manjalumoodu, Kanyakumari District"
4993,"Loyola Institute of Technology and Science, Loyola Nagar, P B No.2, Thovalai, Kanyakumari District 629302",needs_official_source_check,B,,,,https://www.lites.edu.in/,www.lites.edu.in,https://assessmentonline.naac.gov.in/public/index.php/hei_dashboard,"Loyola Institute of Technology and Science, Loyola Nagar, P B No.2, Thovalai, Kanyakumari District 629302"
4994,"J P College of Engineering, College Road, Ayakudy, Tenkasi Taluk, Tenkasi District 627852",needs_official_source_check,A,,,,https://www.jpcoe.ac.in/,www.jpcoe.ac.in,https://assessmentonline.naac.gov.in/public/index.php/hei_dashboard,"J P College of Engineering, College Road, Ayakudy, Tenkasi Taluk, Tenkasi District 627852"
5008,"Thiagarajar College of Engineering (Autonomous),Tirupparankundram, Madurai District 625015",needs_official_source_check,A,,,,https://www.tce.edu/,www.tce.edu,https://assessmentonline.naac.gov.in/public/index.php/hei_dashboard,"Thiagarajar College of Engineering (Autonomous),Tirupparankundram, Madurai District 625015"
5502,"Sri Raajaraajan College of Engineering & Technology, Amaravathi Village, AmaravathiPudur Post, Karaikudi, Sivagangai District 630301",needs_official_source_check,B,,,,https://www.sriraajaraajan.in/,www.sriraajaraajan.in,https://assessmentonline.naac.gov.in/public/index.php/hei_dashboard,"Sri Raajaraajan College of Engineering & Technology, Amaravathi Village, AmaravathiPudur Post, Karaikudi, Sivagangai District 630301"
5832,"N P R College of Engineering and Technology(Autonomous), Natham, Dindigul District 624401",needs_official_source_check,A,,,,https://nprcolleges.org/engineering/,WWW.NPRCET.ORG,https://assessmentonline.naac.gov.in/public/index.php/hei_dashboard,"N P R College of Engineering and Technology(Autonomous), Natham, Dindigul District 624401"
5862,"R V S Educational Trust’s Groups of Institutions (Integrated Campus), N Paraipatti Post, Vedasandur Taluk, Dindigul District 624005",needs_official_source_check,A,,,,https://www.rvsetgidgl.ac.in/naac.php,https://www.rvsetgidgl.ac.in,https://assessmentonline.naac.gov.in/public/index.php/hei_dashboard,"R V S Educational Trust’s Groups of Institutions (Integrated Campus), N Paraipatti Post, Vedasandur Taluk, Dindigul District 624005"
5865,"Nadar Saraswathi College of Engineering and Technology, Vadupudupatti, Annanji Post, Theni District 625531",needs_official_source_check,A,,,,https://www.nscet.org/,www.nscet.org,https://assessmentonline.naac.gov.in/public/index.php/hei_dashboard,"Nadar Saraswathi College of Engineering and Technology, Vadupudupatti, Annanji Post, Theni District 625531"
5919,"St. Michael College of Engineering and Technology, Kalayarkoil, Sivagangai District 630551",needs_official_source_check,A,,,,https://www.smcet.edu.in/,www.smcet.edu.in,https://assessmentonline.naac.gov.in/public/index.php/hei_dashboard,"St. Michael College of Engineering and Technology, Kalayarkoil, Sivagangai District 630551"
5986,"Velammal College of Engineering and Technology(Autonomous), Madurai District 625009",needs_official_source_check,A,,,,https://www.vcet.ac.in/,www.vcet.ac.in,https://assessmentonline.naac.gov.in/public/index.php/hei_dashboard,"Velammal College of Engineering and Technology(Autonomous), Madurai District 625009"
