college_code,college_name,district,college_type,branch_code,branch_name,oc,bc,bcm,mbc,sc,sca,st,oc_partial,bc_partial,bcm_partial,mbc_partial,sc_partial,sca_partial,st_partial
1,University Departments of Anna University  Chennai - CEG Campus  Sardar Patel Road  Guindy  Chennai 600 025,CHENNAI,CEG DEPTS,BY,BIO MEDICAL ENGINEERING  (SS),195.0,191.5,193.5,188.845,184.0,164.0,,0,0,0,0,0,0,0
1,University Departments of Anna University  Chennai - CEG Campus  Sardar Patel Road  Guindy  Chennai 600 025,CHENNAI,CEG DEPTS,CE,CIVIL  ENGINEERING,193.0,190.0,192.0,187.0,183.0,173.5,177.5,0,0,0,0,0,0,0
1,University Departments of Anna University  Chennai - CEG Campus  Sardar Patel Road  Guindy  Chennai 600 025,CHENNAI,CEG DEPTS,CM,COMPUTER SCIENCE AND ENGINEERING (SS),199.5,199.0,198.5,199.0,196.0,178.0,192.0,0,0,0,0,0,0,0
1,University Departments of Anna University  Chennai - CEG Campus  Sardar Patel Road  Guindy  Chennai 600 025,CHENNAI,CEG DEPTS,CS,COMPUTER SCIENCE AND ENGINEERING,200.0,200.0,199.5,199.5,198.5,185.5,,0,0,0,0,0,0,0
1,University Departments of Anna University  Chennai - CEG Campus  Sardar Patel Road  Guindy  Chennai 600 025,CHENNAI,CEG DEPTS,EC,ELECTRONICS AND COMMUNICATION ENGINEERING,200.0,199.5,198.0,198.5,195.0,186.0,180.5,0,0,0,0,0,0,0
1,University Departments of Anna University  Chennai - CEG Campus  Sardar Patel Road  Guindy  Chennai 600 025,CHENNAI,CEG DEPTS,EE,ELECTRICAL AND ELECTRONICS ENGINEERING,198.0,197.5,195.0,195.5,189.0,176.5,171.0,0,0,0,0,0,0,0
1,University Departments of Anna University  Chennai - CEG Campus  Sardar Patel Road  Guindy  Chennai 600 025,CHENNAI,CEG DEPTS,EM,ELECTRONICS AND COMMUNICATION ENGINEERING (SS),199.0,198.5,197.5,197.0,191.5,190.0,175.5,0,0,0,0,0,0,0
1,University Departments of Anna University  Chennai - CEG Campus  Sardar Patel Road  Guindy  Chennai 600 025,CHENNAI,CEG DEPTS,GI,GEO INFORMATICS,191.0,188.5,188.5,187.5,179.5,159.5,155.5,0,0,0,0,0,0,0
1,University Departments of Anna University  Chennai - CEG Campus  Sardar Patel Road  Guindy  Chennai 600 025,CHENNAI,CEG DEPTS,IE,INDUSTRIAL ENGINEERING,189.0,184.5,185.5,179.5,169.5,148.0,,0,0,0,0,0,0,0
1,University Departments of Anna University  Chennai - CEG Campus  Sardar Patel Road  Guindy  Chennai 600 025,CHENNAI,CEG DEPTS,IM,INFORMATION TECHNOLOGY (SS),199.0,198.5,198.0,198.0,191.5,176.0,182.5,0,0,0,0,0,0,0
1,University Departments of Anna University  Chennai - CEG Campus  Sardar Patel Road  Guindy  Chennai 600 025,CHENNAI,CEG DEPTS,MA,MATERIAL SCIENCE AND ENGINEERING (SS),187.5,182.0,184.0,176.5,171.5,173.0,,0,0,0,0,0,0,0
1,University Departments of Anna University  Chennai - CEG Campus  Sardar Patel Road  Guindy  Chennai 600 025,CHENNAI,CEG DEPTS,ME,MECHANICAL ENGINEERING,195.5,193.5,191.0,191.5,182.5,168.0,,0,0,0,0,0,0,0
1,University Departments of Anna University  Chennai - CEG Campus  Sardar Patel Road  Guindy  Chennai 600 025,CHENNAI,CEG DEPTS,MI,MINING ENGINEERING,187.0,181.5,174.0,175.0,170.5,163.0,,0,0,0,0,0,0,0
1,University Departments of Anna University  Chennai - CEG Campus  Sardar Patel Road  Guindy  Chennai 600 025,CHENNAI,CEG DEPTS,MN,MANUFACTURING ENGINEERING,186.0,179.0,182.0,179.89,165.0,136.5,135.0,0,0,0,0,0,0,0
1,University Departments of Anna University  Chennai - CEG Campus  Sardar Patel Road  Guindy  Chennai 600 025,CHENNAI,CEG DEPTS,PT,PRINTING AND PACKING TECHNOLOGY,181.955,170.5,173.0,171.5,162.0,131.0,,0,0,0,0,0,0,0
1,University Departments of Anna University  Chennai - CEG Campus  Sardar Patel Road  Guindy  Chennai 600 025,CHENNAI,CEG DEPTS,XC,CIVIL ENGINEERING (TAMIL MEDIUM),180.5,174.0,161.0,165.5,166.0,157.5,,0,0,0,0,0,0,0
1,University Departments of Anna University  Chennai - CEG Campus  Sardar Patel Road  Guindy  Chennai 600 025,CHENNAI,CEG DEPTS,XM,MECHANICAL ENGINEERING (TAMIL MEDIUM),180.0,175.5,175.5,168.0,166.0,,134.5,0,0,0,0,0,0,0
2,University Departments of Anna University  Chennai - ACT Campus  Sardar Patel Road  Guindy  Chennai 600 025,CHENNAI,CEG DEPTS,AP,APPAREL TECHNOLOGY (SS),166.5,156.0,160.0,152.0,141.5,118.0,129.0,0,0,0,0,0,0,0
2,University Departments of Anna University  Chennai - ACT Campus  Sardar Patel Road  Guindy  Chennai 600 025,CHENNAI,CEG DEPTS,CH,CHEMICAL  ENGINEERING,192.5,190.0,187.0,184.5,177.0,171.29,,0,0,0,0,0,0,0
2,University Departments of Anna University  Chennai - ACT Campus  Sardar Patel Road  Guindy  Chennai 600 025,CHENNAI,CEG DEPTS,CL,CHEMICAL  ENGINEERING (SS),189.5,185.5,185.5,182.5,164.0,151.0,140.5,0,0,0,0,0,0,0
2,University Departments of Anna University  Chennai - ACT Campus  Sardar Patel Road  Guindy  Chennai 600 025,CHENNAI,CEG DEPTS,CR,CERAMIC TECHNOLOGY (SS),170.5,157.5,152.0,155.5,146.5,140.0,,0,0,0,0,0,0,0
2,University Departments of Anna University  Chennai - ACT Campus  Sardar Patel Road  Guindy  Chennai 600 025,CHENNAI,CEG DEPTS,FS,FOOD TECHNOLOGY (SS),189.0,177.615,178.5,175.0,167.5,176.47,,0,0,0,0,0,0,0
2,University Departments of Anna University  Chennai - ACT Campus  Sardar Patel Road  Guindy  Chennai 600 025,CHENNAI,CEG DEPTS,IB,INDUSTRIAL BIO TECHNOLOGY,190.0,187.0,186.0,181.5,185.0,152.5,,0,0,0,0,0,0,0
2,University Departments of Anna University  Chennai - ACT Campus  Sardar Patel Road  Guindy  Chennai 600 025,CHENNAI,CEG DEPTS,IS,INDUSTRIAL BIO TECHNOLOGY (SS),186.0,184.5,182.5,177.0,179.5,,144.0,0,0,0,0,0,0,0
2,University Departments of Anna University  Chennai - ACT Campus  Sardar Patel Road  Guindy  Chennai 600 025,CHENNAI,CEG DEPTS,LE,LEATHER TECHNOLOGY,168.0,156.5,161.0,153.5,143.5,141.5,147.5,0,0,0,0,0,0,0
2,University Departments of Anna University  Chennai - ACT Campus  Sardar Patel Road  Guindy  Chennai 600 025,CHENNAI,CEG DEPTS,PM,PHARMACEUTICAL TECHNOLOGY (SS),181.0,171.0,166.5,169.0,167.0,125.5,,0,0,0,0,0,0,0
2,University Departments of Anna University  Chennai - ACT Campus  Sardar Patel Road  Guindy  Chennai 600 025,CHENNAI,CEG DEPTS,PP,PETROLEUM ENGINEERING AND TECHNOLOGY (SS),176.5,168.5,173.5,163.0,150.5,137.5,,0,0,0,0,0,0,0
2,University Departments of Anna University  Chennai - ACT Campus  Sardar Patel Road  Guindy  Chennai 600 025,CHENNAI,CEG DEPTS,TX,TEXTILE TECHNOLOGY,169.5,160.5,153.0,162.5,142.0,144.0,,0,0,0,0,0,0,0
3,School of Architecture and Planning  Anna University Chennai 600025,CHENNAI,CEG DEPTS,BP,B.Plan,183.0,177.5,176.0,167.5,163.5,,157.5,0,0,0,0,0,0,0
4,University Departments of Anna University  Chennai - MIT Campus  Chrompet  Tambaram Taluk  Chengalpattu District 600 044,CHENGALPET,CEG DEPTS,AE,AERONAUTICAL ENGINEERING,195.0,192.5,191.5,191.0,184.545,159.5,,0,0,0,0,0,0,0
4,University Departments of Anna University  Chennai - MIT Campus  Chrompet  Tambaram Taluk  Chengalpattu District 600 044,CHENGALPET,CEG DEPTS,AT,ARTIFICIAL INTELLIGENCE AND DATA SCIENCE (SS),198.0,197.0,196.0,197.0,188.5,187.0,175.5,0,0,0,0,0,0,0
4,University Departments of Anna University  Chennai - MIT Campus  Chrompet  Tambaram Taluk  Chengalpattu District 600 044,CHENGALPET,CEG DEPTS,AU,AUTOMOBILE ENGINEERING,190.0,180.5,188.0,183.0,172.0,163.405,136.5,0,0,0,0,0,0,0
4,University Departments of Anna University  Chennai - MIT Campus  Chrompet  Tambaram Taluk  Chengalpattu District 600 044,CHENGALPET,CEG DEPTS,CM,COMPUTER SCIENCE AND ENGINEERING (SS),198.5,198.0,197.0,197.0,190.0,,175.0,0,0,0,0,0,0,0
4,University Departments of Anna University  Chennai - MIT Campus  Chrompet  Tambaram Taluk  Chengalpattu District 600 044,CHENGALPET,CEG DEPTS,CS,COMPUTER SCIENCE AND ENGINEERING,199.0,198.5,198.0,197.5,193.5,188.0,179.5,0,0,0,0,0,0,0
4,University Departments of Anna University  Chennai - MIT Campus  Chrompet  Tambaram Taluk  Chengalpattu District 600 044,CHENGALPET,CEG DEPTS,EC,ELECTRONICS AND COMMUNICATION ENGINEERING,198.5,197.5,197.0,196.5,190.5,178.5,168.5,0,0,0,0,0,0,0
4,University Departments of Anna University  Chennai - MIT Campus  Chrompet  Tambaram Taluk  Chengalpattu District 600 044,CHENGALPET,CEG DEPTS,EI,ELECTRONICS AND INSTRUMENTATION ENGINEERING,195.5,193.5,192.0,193.0,180.5,174.0,,0,0,0,0,0,0,0
4,University Departments of Anna University  Chennai - MIT Campus  Chrompet  Tambaram Taluk  Chengalpattu District 600 044,CHENGALPET,CEG DEPTS,EM,ELECTRONICS AND COMMUNICATION ENGINEERING (SS),197.0,197.0,195.5,196.0,188.5,175.0,,0,0,0,0,0,0,0
4,University Departments of Anna University  Chennai - MIT Campus  Chrompet  Tambaram Taluk  Chengalpattu District 600 044,CHENGALPET,CEG DEPTS,IM,INFORMATION TECHNOLOGY (SS),197.5,197.0,196.0,196.5,189.0,179.5,,0,0,0,0,0,0,0
4,University Departments of Anna University  Chennai - MIT Campus  Chrompet  Tambaram Taluk  Chengalpattu District 600 044,CHENGALPET,CEG DEPTS,PR,PRODUCTION ENGINEERING,185.5,180.0,177.5,177.0,167.5,149.0,,0,0,0,0,0,0,0
4,University Departments of Anna University  Chennai - MIT Campus  Chrompet  Tambaram Taluk  Chengalpattu District 600 044,CHENGALPET,CEG DEPTS,RA,ROBOTICS AND AUTOMATION (SS),195.5,193.5,193.5,193.0,186.5,164.0,138.0,0,0,0,0,0,0,0
4,University Departments of Anna University  Chennai - MIT Campus  Chrompet  Tambaram Taluk  Chengalpattu District 600 044,CHENGALPET,CEG DEPTS,RP,RUBBER AND PLASTIC TECHNOLOGY,177.5,172.5,167.5,165.0,152.5,140.5,,0,0,0,0,0,0,0
1516,Thanthai Periyar Government Institute of Technology  Bagayam  Vellore District 632002,VELLORE,GOVERNMENT ENGG COLLEGES,CE,CIVIL  ENGINEERING,149.0,124.5,128.0,136.5,118.0,,,0,0,0,0,0,0,0
1516,Thanthai Periyar Government Institute of Technology  Bagayam  Vellore District 632002,VELLORE,GOVERNMENT ENGG COLLEGES,CS,COMPUTER SCIENCE AND ENGINEERING,183.5,171.0,175.0,175.87,152.0,171.0,,0,0,0,0,0,0,0
1516,Thanthai Periyar Government Institute of Technology  Bagayam  Vellore District 632002,VELLORE,GOVERNMENT ENGG COLLEGES,EC,ELECTRONICS AND COMMUNICATION ENGINEERING,173.0,162.5,163.5,162.0,138.0,117.5,119.0,0,0,0,0,0,0,0
1516,Thanthai Periyar Government Institute of Technology  Bagayam  Vellore District 632002,VELLORE,GOVERNMENT ENGG COLLEGES,EE,ELECTRICAL AND ELECTRONICS ENGINEERING,162.0,152.5,143.0,152.0,138.5,124.0,,0,0,0,0,0,0,0
1516,Thanthai Periyar Government Institute of Technology  Bagayam  Vellore District 632002,VELLORE,GOVERNMENT ENGG COLLEGES,ME,MECHANICAL ENGINEERING,148.0,124.5,124.5,134.5,123.0,102.5,,0,0,0,0,0,1,0
2005,Government College of Technology (Autonomous)  Thadagam Road  Coimbatore District 641013,COIMBATORE,GOVERNMENT ENGG COLLEGES,CE,CIVIL  ENGINEERING,178.545,171.0,164.0,164.0,158.0,142.0,133.0,0,0,0,0,0,0,0
2005,Government College of Technology (Autonomous)  Thadagam Road  Coimbatore District 641013,COIMBATORE,GOVERNMENT ENGG COLLEGES,CS,COMPUTER SCIENCE AND ENGINEERING,196.5,195.5,194.0,195.0,184.0,186.0,168.5,0,0,0,0,0,0,0
2005,Government College of Technology (Autonomous)  Thadagam Road  Coimbatore District 641013,COIMBATORE,GOVERNMENT ENGG COLLEGES,EC,ELECTRONICS AND COMMUNICATION ENGINEERING,195.5,194.0,191.5,192.5,179.5,174.0,,0,0,0,0,0,0,0
2005,Government College of Technology (Autonomous)  Thadagam Road  Coimbatore District 641013,COIMBATORE,GOVERNMENT ENGG COLLEGES,EE,ELECTRICAL AND ELECTRONICS ENGINEERING,192.5,190.5,187.704999999999,187.0,176.5,184.5,154.5,0,0,0,0,0,0,0
2005,Government College of Technology (Autonomous)  Thadagam Road  Coimbatore District 641013,COIMBATORE,GOVERNMENT ENGG COLLEGES,EI,ELECTRONICS AND INSTRUMENTATION ENGINEERING,189.454545454545,187.0,188.0,186.0,170.0,163.5,149.5,0,0,0,0,0,0,0
2005,Government College of Technology (Autonomous)  Thadagam Road  Coimbatore District 641013,COIMBATORE,GOVERNMENT ENGG COLLEGES,IB,INDUSTRIAL BIO TECHNOLOGY,179.0,170.0,169.5,163.5,145.5,136.5,,0,0,0,0,0,0,0
2005,Government College of Technology (Autonomous)  Thadagam Road  Coimbatore District 641013,COIMBATORE,GOVERNMENT ENGG COLLEGES,IT,INFORMATION TECHNOLOGY,195.5,194.0,192.0,193.0,183.0,176.5,,0,0,0,0,0,0,0
2005,Government College of Technology (Autonomous)  Thadagam Road  Coimbatore District 641013,COIMBATORE,GOVERNMENT ENGG COLLEGES,ME,MECHANICAL ENGINEERING,182.0,173.5,177.0,173.0,155.5,151.0,141.47,0,0,0,0,0,0,0
2005,Government College of Technology (Autonomous)  Thadagam Road  Coimbatore District 641013,COIMBATORE,GOVERNMENT ENGG COLLEGES,PR,PRODUCTION ENGINEERING,177.5,173.5,168.0,164.5,157.0,152.0,136.5,0,0,0,0,0,0,0
2369,Government College of Engineering  Chettikkarai Post  Dharmapuri District 635704,DHARMAPURI,GOVERNMENT ENGG COLLEGES,CE,CIVIL  ENGINEERING,140.5,109.0,123.5,129.5,101.5,135.0,,0,0,0,0,0,0,0
2369,Government College of Engineering  Chettikkarai Post  Dharmapuri District 635704,DHARMAPURI,GOVERNMENT ENGG COLLEGES,CS,COMPUTER SCIENCE AND ENGINEERING,174.5,166.0,163.0,171.5,150.0,128.0,166.87,0,0,0,0,0,0,0
2369,Government College of Engineering  Chettikkarai Post  Dharmapuri District 635704,DHARMAPURI,GOVERNMENT ENGG COLLEGES,EC,ELECTRONICS AND COMMUNICATION ENGINEERING,169.0,162.5,153.0,163.5,136.0,140.0,,0,0,0,0,0,0,0
2369,Government College of Engineering  Chettikkarai Post  Dharmapuri District 635704,DHARMAPURI,GOVERNMENT ENGG COLLEGES,EE,ELECTRICAL AND ELECTRONICS ENGINEERING,159.5,142.5,143.5,150.0,125.5,106.0,,0,0,0,0,0,0,0
2369,Government College of Engineering  Chettikkarai Post  Dharmapuri District 635704,DHARMAPURI,GOVERNMENT ENGG COLLEGES,ME,MECHANICAL ENGINEERING,143.0,124.0,126.5,129.5,115.5,93.0,,0,0,0,0,0,1,0
2603,Government College of Engineering (Autonomous)  Bargur  Krishnagiri District 635104,KRISHNAGIRI,GOVERNMENT ENGG COLLEGES,CS,COMPUTER SCIENCE AND ENGINEERING,184.0,177.0,178.0,181.5,161.5,169.5,144.0,0,0,0,0,0,0,0
2603,Government College of Engineering (Autonomous)  Bargur  Krishnagiri District 635104,KRISHNAGIRI,GOVERNMENT ENGG COLLEGES,EC,ELECTRONICS AND COMMUNICATION ENGINEERING,178.0,169.5,173.5,174.5,150.0,150.5,,0,0,0,0,0,0,0
2603,Government College of Engineering (Autonomous)  Bargur  Krishnagiri District 635104,KRISHNAGIRI,GOVERNMENT ENGG COLLEGES,EE,ELECTRICAL AND ELECTRONICS ENGINEERING,169.5,163.5,163.0,158.5,142.0,115.5,,0,0,0,0,0,0,0
2603,Government College of Engineering (Autonomous)  Bargur  Krishnagiri District 635104,KRISHNAGIRI,GOVERNMENT ENGG COLLEGES,ME,MECHANICAL ENGINEERING,155.0,141.5,148.5,141.0,132.0,127.5,86.0,0,0,0,0,0,0,0
2615,Government College of Engineering (Autonomous)  Karuppur  Salem District 636011,SALEM,GOVERNMENT ENGG COLLEGES,CE,CIVIL  ENGINEERING,166.5,153.0,155.0,155.5,145.5,139.5,156.0,0,0,0,0,0,0,0
2615,Government College of Engineering (Autonomous)  Karuppur  Salem District 636011,SALEM,GOVERNMENT ENGG COLLEGES,CS,COMPUTER SCIENCE AND ENGINEERING,193.0,190.0,191.0,191.0,175.0,173.5,,0,0,0,0,0,0,0
2615,Government College of Engineering (Autonomous)  Karuppur  Salem District 636011,SALEM,GOVERNMENT ENGG COLLEGES,EC,ELECTRONICS AND COMMUNICATION ENGINEERING,190.5,188.5,184.5,187.5,174.0,162.5,185.0,0,0,0,0,0,0,0
2615,Government College of Engineering (Autonomous)  Karuppur  Salem District 636011,SALEM,GOVERNMENT ENGG COLLEGES,EE,ELECTRICAL AND ELECTRONICS ENGINEERING,186.5,183.0,167.5,180.5,167.5,147.5,166.0,0,0,0,0,0,0,0
2615,Government College of Engineering (Autonomous)  Karuppur  Salem District 636011,SALEM,GOVERNMENT ENGG COLLEGES,ME,MECHANICAL ENGINEERING,172.0,161.5,144.5,155.5,140.0,138.5,144.5,0,0,0,0,0,0,0
2615,Government College of Engineering (Autonomous)  Karuppur  Salem District 636011,SALEM,GOVERNMENT ENGG COLLEGES,MT,METALLURGICAL ENGINEERING,168.5,157.0,164.5,158.5,132.5,135.5,117.0,0,0,0,0,0,0,0
2709,Government College of Engineering (Formerly Institute of Road and Transport Technology)  Vasavi College Post  Erode District 638316,ERODE,GOVERNMENT ENGG COLLEGES,AU,AUTOMOBILE ENGINEERING,145.5,134.5,132.5,133.0,104.0,118.0,,0,0,0,0,0,0,0
2709,Government College of Engineering (Formerly Institute of Road and Transport Technology)  Vasavi College Post  Erode District 638316,ERODE,GOVERNMENT ENGG COLLEGES,CE,CIVIL  ENGINEERING,153.0,145.5,151.0,145.0,135.0,139.0,,0,0,0,0,0,0,0
2709,Government College of Engineering (Formerly Institute of Road and Transport Technology)  Vasavi College Post  Erode District 638316,ERODE,GOVERNMENT ENGG COLLEGES,CS,COMPUTER SCIENCE AND ENGINEERING,188.0,179.5,181.204999999999,180.605,163.0,161.615,,0,0,0,0,0,0,0
2709,Government College of Engineering (Formerly Institute of Road and Transport Technology)  Vasavi College Post  Erode District 638316,ERODE,GOVERNMENT ENGG COLLEGES,EC,ELECTRONICS AND COMMUNICATION ENGINEERING,179.0,173.0,179.0,174.0,152.5,,138.5,0,0,0,0,0,0,0
2709,Government College of Engineering (Formerly Institute of Road and Transport Technology)  Vasavi College Post  Erode District 638316,ERODE,GOVERNMENT ENGG COLLEGES,EE,ELECTRICAL AND ELECTRONICS ENGINEERING,175.5,167.0,173.0,166.0,147.0,161.065,154.5,0,0,0,0,0,0,0
2709,Government College of Engineering (Formerly Institute of Road and Transport Technology)  Vasavi College Post  Erode District 638316,ERODE,GOVERNMENT ENGG COLLEGES,IT,INFORMATION TECHNOLOGY,187.0,179.0,177.0,180.0,164.5,169.0,157.0,0,0,0,0,0,0,0
2709,Government College of Engineering (Formerly Institute of Road and Transport Technology)  Vasavi College Post  Erode District 638316,ERODE,GOVERNMENT ENGG COLLEGES,ME,MECHANICAL ENGINEERING,160.0,151.5,141.0,147.0,132.0,137.5,,0,0,0,0,0,0,0
3464,Government College of Engineering  Gandarvakottai Road  Sengipatti  Thanjavur District 613402,THANJAVUR,GOVERNMENT ENGG COLLEGES,CE,CIVIL  ENGINEERING,134.5,88.0,125.0,112.0,113.5,120.0,,0,1,0,0,0,0,0
3464,Government College of Engineering  Gandarvakottai Road  Sengipatti  Thanjavur District 613402,THANJAVUR,GOVERNMENT ENGG COLLEGES,CS,COMPUTER SCIENCE AND ENGINEERING,175.0,170.0,170.0,162.5,153.0,140.5,,0,0,0,0,0,0,0
3464,Government College of Engineering  Gandarvakottai Road  Sengipatti  Thanjavur District 613402,THANJAVUR,GOVERNMENT ENGG COLLEGES,EC,ELECTRONICS AND COMMUNICATION ENGINEERING,167.5,157.5,148.5,155.0,143.0,134.5,128.0,0,0,0,0,0,0,0
3464,Government College of Engineering  Gandarvakottai Road  Sengipatti  Thanjavur District 613402,THANJAVUR,GOVERNMENT ENGG COLLEGES,EE,ELECTRICAL AND ELECTRONICS ENGINEERING,150.0,139.0,139.5,140.0,123.0,127.0,116.0,0,0,0,0,0,0,0
3464,Government College of Engineering  Gandarvakottai Road  Sengipatti  Thanjavur District 613402,THANJAVUR,GOVERNMENT ENGG COLLEGES,ME,MECHANICAL ENGINEERING,136.0,119.0,129.5,118.5,113.0,,,0,0,0,0,0,0,0
3465,Government College of Engineering  Srirangam  Sethurappatti  Tiruchirappalli District 620012,TIRUCHIRAPALLI,GOVERNMENT ENGG COLLEGES,CE,CIVIL  ENGINEERING,140.0,118.5,131.5,116.0,101.0,130.5,128.0,0,0,0,0,0,0,0
3465,Government College of Engineering  Srirangam  Sethurappatti  Tiruchirappalli District 620012,TIRUCHIRAPALLI,GOVERNMENT ENGG COLLEGES,CS,COMPUTER SCIENCE AND ENGINEERING,183.0,170.5,180.0,174.0,163.0,119.5,156.5,0,0,0,0,0,0,0
3465,Government College of Engineering  Srirangam  Sethurappatti  Tiruchirappalli District 620012,TIRUCHIRAPALLI,GOVERNMENT ENGG COLLEGES,EC,ELECTRONICS AND COMMUNICATION ENGINEERING,175.5,163.5,153.0,160.5,148.0,109.5,,0,0,0,0,0,0,0
3465,Government College of Engineering  Srirangam  Sethurappatti  Tiruchirappalli District 620012,TIRUCHIRAPALLI,GOVERNMENT ENGG COLLEGES,EE,ELECTRICAL AND ELECTRONICS ENGINEERING,160.0,147.0,156.5,149.5,130.5,114.5,,0,0,0,0,0,0,0
3465,Government College of Engineering  Srirangam  Sethurappatti  Tiruchirappalli District 620012,TIRUCHIRAPALLI,GOVERNMENT ENGG COLLEGES,ME,MECHANICAL ENGINEERING,151.5,138.5,138.5,129.0,116.0,103.5,136.0,0,0,0,0,0,0,0
4974,Government College of Engineering  Tirunelveli District 627007,TIRUNELVELI,GOVERNMENT ENGG COLLEGES,CE,CIVIL  ENGINEERING,166.5,156.5,162.0,151.5,140.0,129.5,,0,0,0,0,0,1,0
4974,Government College of Engineering  Tirunelveli District 627007,TIRUNELVELI,GOVERNMENT ENGG COLLEGES,CS,COMPUTER SCIENCE AND ENGINEERING,192.0,187.5,190.0,185.495,173.5,142.5,108.0,0,0,0,0,0,0,0
4974,Government College of Engineering  Tirunelveli District 627007,TIRUNELVELI,GOVERNMENT ENGG COLLEGES,EC,ELECTRONICS AND COMMUNICATION ENGINEERING,185.5,179.5,181.5,176.0,159.5,131.5,122.5,0,0,0,0,0,0,0
4974,Government College of Engineering  Tirunelveli District 627007,TIRUNELVELI,GOVERNMENT ENGG COLLEGES,EE,ELECTRICAL AND ELECTRONICS ENGINEERING,178.0,170.5,174.0,169.0,155.5,,105.5,0,0,0,0,0,0,0
4974,Government College of Engineering  Tirunelveli District 627007,TIRUNELVELI,GOVERNMENT ENGG COLLEGES,ME,MECHANICAL ENGINEERING,161.5,146.5,153.5,140.5,137.0,120.5,107.0,0,0,0,0,0,0,0
5009,Government College of Engineering  Melachokkanathapuram  Bodinayakkanur  Theni District 625582,THENI,GOVERNMENT ENGG COLLEGES,CE,CIVIL  ENGINEERING,143.0,111.5,136.5,112.0,96.0,113.5,,0,0,0,0,0,0,0
5009,Government College of Engineering  Melachokkanathapuram  Bodinayakkanur  Theni District 625582,THENI,GOVERNMENT ENGG COLLEGES,CS,COMPUTER SCIENCE AND ENGINEERING,174.0,163.0,165.5,162.0,150.0,120.5,,0,0,0,0,0,0,0
5009,Government College of Engineering  Melachokkanathapuram  Bodinayakkanur  Theni District 625582,THENI,GOVERNMENT ENGG COLLEGES,EC,ELECTRONICS AND COMMUNICATION ENGINEERING,164.5,155.0,153.5,154.0,143.0,116.0,,0,0,0,0,0,0,0
5009,Government College of Engineering  Melachokkanathapuram  Bodinayakkanur  Theni District 625582,THENI,GOVERNMENT ENGG COLLEGES,EE,ELECTRICAL AND ELECTRONICS ENGINEERING,155.5,138.5,145.5,134.0,130.0,118.0,,0,0,0,0,0,0,0
5009,Government College of Engineering  Melachokkanathapuram  Bodinayakkanur  Theni District 625582,THENI,GOVERNMENT ENGG COLLEGES,ME,MECHANICAL ENGINEERING,136.5,112.5,127.0,115.0,99.5,129.5,,0,0,0,0,0,0,0
5901,Alagappa Chettair Government College of Engineering and Technology (Autonomous)  Karaikudi  Sivagangai District 630004,SIVAGANGAI,GOVERNMENT ENGG COLLEGES,CE,CIVIL  ENGINEERING,176.0,168.0,170.0,157.0,151.0,140.5,146.0,0,0,0,0,0,0,0
5901,Alagappa Chettair Government College of Engineering and Technology (Autonomous)  Karaikudi  Sivagangai District 630004,SIVAGANGAI,GOVERNMENT ENGG COLLEGES,CS,COMPUTER SCIENCE AND ENGINEERING,191.5,187.5,185.5,185.5,176.5,151.0,162.0,0,0,0,0,0,0,0
5901,Alagappa Chettair Government College of Engineering and Technology (Autonomous)  Karaikudi  Sivagangai District 630004,SIVAGANGAI,GOVERNMENT ENGG COLLEGES,EC,ELECTRONICS AND COMMUNICATION ENGINEERING,187.0,184.5,181.0,181.5,169.5,160.5,,0,0,0,0,0,0,0
5901,Alagappa Chettair Government College of Engineering and Technology (Autonomous)  Karaikudi  Sivagangai District 630004,SIVAGANGAI,GOVERNMENT ENGG COLLEGES,EE,ELECTRICAL AND ELECTRONICS ENGINEERING,180.5,174.0,173.57,164.5,153.5,139.0,,0,0,0,0,0,0,0
5901,Alagappa Chettair Government College of Engineering and Technology (Autonomous)  Karaikudi  Sivagangai District 630004,SIVAGANGAI,GOVERNMENT ENGG COLLEGES,ME,MECHANICAL ENGINEERING,166.5,156.0,158.0,151.5,137.5,134.5,,0,0,0,0,0,0,0
2006,PSG College of Technology (Autonomous)  Peelamedu  Coimbatore District 641004,COIMBATORE,GOVERNMENT AIDED COLLEGES,AS,AUTOMOBILE ENGINEERING (SS),179.5,173.0,170.0,167.0,155.0,164.5,,0,0,0,0,0,0,0
2006,PSG College of Technology (Autonomous)  Peelamedu  Coimbatore District 641004,COIMBATORE,GOVERNMENT AIDED COLLEGES,BS,BIO TECHNOLOGY (SS),190.5,185.5,184.0,183.5,171.0,165.0,138.5,0,0,0,0,0,0,0
2006,PSG College of Technology (Autonomous)  Peelamedu  Coimbatore District 641004,COIMBATORE,GOVERNMENT AIDED COLLEGES,BY,BIO MEDICAL ENGINEERING  (SS),187.51,185.0,187.5,180.5,155.0,160.0,141.0,0,0,0,0,0,0,0
2006,PSG College of Technology (Autonomous)  Peelamedu  Coimbatore District 641004,COIMBATORE,GOVERNMENT AIDED COLLEGES,CE,CIVIL  ENGINEERING,191.0,186.055,182.5,180.5,177.5,,172.0,0,0,0,0,0,0,0
2006,PSG College of Technology (Autonomous)  Peelamedu  Coimbatore District 641004,COIMBATORE,GOVERNMENT AIDED COLLEGES,CG,Computer Science and Engineering (Artificial Intelligence and Machine Learning) (SS),198.0,197.0,195.979797979797,195.5,183.0,187.0,,0,0,0,0,0,0,0
2006,PSG College of Technology (Autonomous)  Peelamedu  Coimbatore District 641004,COIMBATORE,GOVERNMENT AIDED COLLEGES,CM,COMPUTER SCIENCE AND ENGINEERING (SS),199.0,198.5,196.0,197.5,187.5,179.5,176.5,0,0,0,0,0,0,0
2006,PSG College of Technology (Autonomous)  Peelamedu  Coimbatore District 641004,COIMBATORE,GOVERNMENT AIDED COLLEGES,CN,CIVIL  ENGINEERING (SS),185.0,183.0,,176.5,174.5,,128.0,0,0,0,0,0,0,0
2006,PSG College of Technology (Autonomous)  Peelamedu  Coimbatore District 641004,COIMBATORE,GOVERNMENT AIDED COLLEGES,EC,ELECTRONICS AND COMMUNICATION ENGINEERING,199.0,198.0,195.5,197.5,190.0,186.0,,0,0,0,0,0,0,0
2006,PSG College of Technology (Autonomous)  Peelamedu  Coimbatore District 641004,COIMBATORE,GOVERNMENT AIDED COLLEGES,EE,ELECTRICAL AND ELECTRONICS ENGINEERING,196.5,196.0,194.5,193.0,179.5,175.0,,0,0,0,0,0,0,0
2006,PSG College of Technology (Autonomous)  Peelamedu  Coimbatore District 641004,COIMBATORE,GOVERNMENT AIDED COLLEGES,EM,ELECTRONICS AND COMMUNICATION ENGINEERING (SS),197.5,197.0,195.0,195.0,185.5,173.5,,0,0,0,0,0,0,0
2006,PSG College of Technology (Autonomous)  Peelamedu  Coimbatore District 641004,COIMBATORE,GOVERNMENT AIDED COLLEGES,ES,ELECTRICAL AND ELECTRONICS (SANDWICH) (SS),190.5,188.0,188.0,180.5,168.5,139.0,,0,0,0,0,0,0,0
2006,PSG College of Technology (Autonomous)  Peelamedu  Coimbatore District 641004,COIMBATORE,GOVERNMENT AIDED COLLEGES,FY,FASHION TECHNOLOGY (SS),177.25,165.5,152.5,158.98,124.5,130.5,,0,0,0,0,0,0,0
2006,PSG College of Technology (Autonomous)  Peelamedu  Coimbatore District 641004,COIMBATORE,GOVERNMENT AIDED COLLEGES,IM,INFORMATION TECHNOLOGY (SS),197.5,197.0,195.0,195.5,180.5,179.5,186.605,0,0,0,0,0,0,0
2006,PSG College of Technology (Autonomous)  Peelamedu  Coimbatore District 641004,COIMBATORE,GOVERNMENT AIDED COLLEGES,IY,INSTRUMENTATION AND CONTROL ENGINEERING (SS),190.0,188.0,186.0,183.5,170.5,170.0,,0,0,0,0,0,0,0
2006,PSG College of Technology (Autonomous)  Peelamedu  Coimbatore District 641004,COIMBATORE,GOVERNMENT AIDED COLLEGES,ME,MECHANICAL ENGINEERING,192.0,190.0,189.0,189.5,175.0,169.5,,0,0,0,0,0,0,0
2006,PSG College of Technology (Autonomous)  Peelamedu  Coimbatore District 641004,COIMBATORE,GOVERNMENT AIDED COLLEGES,MF,MECHANICAL ENGINEERING (SS),189.5,188.0,186.0,183.0,169.0,152.0,164.5,0,0,0,0,0,0,0
2006,PSG College of Technology (Autonomous)  Peelamedu  Coimbatore District 641004,COIMBATORE,GOVERNMENT AIDED COLLEGES,MS,MECHANICAL ENGINEERING (SANDWICH) (SS),180.0,174.5,176.0,171.0,156.0,140.0,,0,0,0,0,0,0,0
2006,PSG College of Technology (Autonomous)  Peelamedu  Coimbatore District 641004,COIMBATORE,GOVERNMENT AIDED COLLEGES,MT,METALLURGICAL ENGINEERING,184.0,177.0,173.0,174.0,145.0,157.5,121.5,0,0,0,0,0,0,0
2006,PSG College of Technology (Autonomous)  Peelamedu  Coimbatore District 641004,COIMBATORE,GOVERNMENT AIDED COLLEGES,MY,METALLURGICAL ENGINEERING (SS),176.5,174.5,,161.0,139.5,131.5,,0,0,0,0,0,0,0
2006,PSG College of Technology (Autonomous)  Peelamedu  Coimbatore District 641004,COIMBATORE,GOVERNMENT AIDED COLLEGES,PN,PRODUCTION ENGINEERING (SS),180.5,177.0,172.0,170.5,153.5,130.5,,0,0,0,0,0,0,0
2006,PSG College of Technology (Autonomous)  Peelamedu  Coimbatore District 641004,COIMBATORE,GOVERNMENT AIDED COLLEGES,PR,PRODUCTION ENGINEERING,186.0,180.0,182.5,180.095,160.5,151.0,110.0,0,0,0,0,0,0,0
2006,PSG College of Technology (Autonomous)  Peelamedu  Coimbatore District 641004,COIMBATORE,GOVERNMENT AIDED COLLEGES,PS,PRODUCTION ENGINEERING (SANDWICH) (SS),172.0,166.0,162.5,161.5,132.5,129.0,,0,0,0,0,0,0,0
2006,PSG College of Technology (Autonomous)  Peelamedu  Coimbatore District 641004,COIMBATORE,GOVERNMENT AIDED COLLEGES,RA,ROBOTICS AND AUTOMATION (SS),194.0,191.0,185.0,188.0,168.0,136.0,,0,0,0,0,0,0,0
2006,PSG College of Technology (Autonomous)  Peelamedu  Coimbatore District 641004,COIMBATORE,GOVERNMENT AIDED COLLEGES,TT,TEXTILE TECHNOLOGY (SS),172.0,164.0,165.5,154.5,128.5,,,0,0,0,0,0,0,0
2006,PSG College of Technology (Autonomous)  Peelamedu  Coimbatore District 641004,COIMBATORE,GOVERNMENT AIDED COLLEGES,TX,TEXTILE TECHNOLOGY,181.5,169.0,179.0,160.5,147.5,157.535,,0,0,0,0,0,0,0
2007,Coimbatore Institute of Technology (Autonomous)  Civil Aerodrome Post  Coimbatore District 641014,COIMBATORE,GOVERNMENT AIDED COLLEGES,AT,ARTIFICIAL INTELLIGENCE AND DATA SCIENCE (SS),195.5,195.0,193.5,193.0,178.5,175.0,,0,0,0,0,0,0,0
2007,Coimbatore Institute of Technology (Autonomous)  Civil Aerodrome Post  Coimbatore District 641014,COIMBATORE,GOVERNMENT AIDED COLLEGES,CE,CIVIL  ENGINEERING,180.5,172.5,179.0,171.0,157.0,158.0,,0,0,0,0,0,0,0
2007,Coimbatore Institute of Technology (Autonomous)  Civil Aerodrome Post  Coimbatore District 641014,COIMBATORE,GOVERNMENT AIDED COLLEGES,CH,CHEMICAL  ENGINEERING,185.0,180.5,177.5,178.5,154.5,163.5,,0,0,0,0,0,0,0
2007,Coimbatore Institute of Technology (Autonomous)  Civil Aerodrome Post  Coimbatore District 641014,COIMBATORE,GOVERNMENT AIDED COLLEGES,CL,CHEMICAL  ENGINEERING (SS),184.0,175.0,,179.0,145.5,144.0,,0,0,0,0,0,0,0
2007,Coimbatore Institute of Technology (Autonomous)  Civil Aerodrome Post  Coimbatore District 641014,COIMBATORE,GOVERNMENT AIDED COLLEGES,CM,COMPUTER SCIENCE AND ENGINEERING (SS),196.5,196.0,,194.0,179.269999999999,178.5,167.0,0,0,0,0,0,0,0
2007,Coimbatore Institute of Technology (Autonomous)  Civil Aerodrome Post  Coimbatore District 641014,COIMBATORE,GOVERNMENT AIDED COLLEGES,CN,CIVIL  ENGINEERING (SS),171.5,171.0,163.0,163.0,151.0,,,0,0,0,0,0,0,0
2007,Coimbatore Institute of Technology (Autonomous)  Civil Aerodrome Post  Coimbatore District 641014,COIMBATORE,GOVERNMENT AIDED COLLEGES,CS,COMPUTER SCIENCE AND ENGINEERING,197.0,196.5,194.5,195.5,182.5,180.5,,0,0,0,0,0,0,0
2007,Coimbatore Institute of Technology (Autonomous)  Civil Aerodrome Post  Coimbatore District 641014,COIMBATORE,GOVERNMENT AIDED COLLEGES,EC,ELECTRONICS AND COMMUNICATION ENGINEERING,196.5,195.48,193.5,194.5,178.5,172.0,150.5,0,0,0,0,0,0,0
2007,Coimbatore Institute of Technology (Autonomous)  Civil Aerodrome Post  Coimbatore District 641014,COIMBATORE,GOVERNMENT AIDED COLLEGES,EE,ELECTRICAL AND ELECTRONICS ENGINEERING,193.5,191.5,190.0,191.0,175.5,167.0,141.0,0,0,0,0,0,0,0
2007,Coimbatore Institute of Technology (Autonomous)  Civil Aerodrome Post  Coimbatore District 641014,COIMBATORE,GOVERNMENT AIDED COLLEGES,EM,ELECTRONICS AND COMMUNICATION ENGINEERING (SS),195.0,194.0,193.0,192.5,176.0,170.5,164.0,0,0,0,0,0,0,0
2007,Coimbatore Institute of Technology (Autonomous)  Civil Aerodrome Post  Coimbatore District 641014,COIMBATORE,GOVERNMENT AIDED COLLEGES,EY,ELECTRICAL AND ELECTRONICS ENGINEERING (SS),190.5,190.0,190.0,186.0,167.0,152.0,,0,0,0,0,0,0,0
2007,Coimbatore Institute of Technology (Autonomous)  Civil Aerodrome Post  Coimbatore District 641014,COIMBATORE,GOVERNMENT AIDED COLLEGES,IM,INFORMATION TECHNOLOGY (SS),196.5,196.0,193.5,193.0,175.5,173.0,,0,0,0,0,0,0,0
2007,Coimbatore Institute of Technology (Autonomous)  Civil Aerodrome Post  Coimbatore District 641014,COIMBATORE,GOVERNMENT AIDED COLLEGES,ME,MECHANICAL ENGINEERING,186.5,180.5,181.0,177.5,158.5,150.5,139.5,0,0,0,0,0,0,0
2007,Coimbatore Institute of Technology (Autonomous)  Civil Aerodrome Post  Coimbatore District 641014,COIMBATORE,GOVERNMENT AIDED COLLEGES,MF,MECHANICAL ENGINEERING (SS),178.5,175.5,175.5,170.0,156.5,,99.0,0,0,0,0,0,0,0
5008,Thiagarajar College of Engineering (Autonomous) Tirupparankundram  Madurai District 625015,MADURAI,GOVERNMENT AIDED COLLEGES,CE,CIVIL  ENGINEERING,187.5,183.5,186.5,179.5,167.0,135.5,,0,0,0,0,0,0,0
5008,Thiagarajar College of Engineering (Autonomous) Tirupparankundram  Madurai District 625015,MADURAI,GOVERNMENT AIDED COLLEGES,CM,COMPUTER SCIENCE AND ENGINEERING (SS),196.0,195.0,193.0,191.5,174.5,171.725,158.0,0,0,0,0,0,0,0
5008,Thiagarajar College of Engineering (Autonomous) Tirupparankundram  Madurai District 625015,MADURAI,GOVERNMENT AIDED COLLEGES,CN,CIVIL  ENGINEERING (SS),178.5,171.5,167.0,169.0,145.0,109.0,,0,0,0,0,0,0,0
5008,Thiagarajar College of Engineering (Autonomous) Tirupparankundram  Madurai District 625015,MADURAI,GOVERNMENT AIDED COLLEGES,CS,COMPUTER SCIENCE AND ENGINEERING,198.0,196.5,195.0,194.0,187.0,178.43,159.5,0,0,0,0,0,0,0
5008,Thiagarajar College of Engineering (Autonomous) Tirupparankundram  Madurai District 625015,MADURAI,GOVERNMENT AIDED COLLEGES,CW,Computer Science and Business System (SS),193.5,192.0,190.5,188.0,170.5,149.0,,0,0,0,0,0,0,0
5008,Thiagarajar College of Engineering (Autonomous) Tirupparankundram  Madurai District 625015,MADURAI,GOVERNMENT AIDED COLLEGES,EC,ELECTRONICS AND COMMUNICATION ENGINEERING,196.5,195.5,195.5,192.0,179.5,167.5,,0,0,0,0,0,0,0
5008,Thiagarajar College of Engineering (Autonomous) Tirupparankundram  Madurai District 625015,MADURAI,GOVERNMENT AIDED COLLEGES,EE,ELECTRICAL AND ELECTRONICS ENGINEERING,192.5,191.0,189.5,186.5,165.5,,151.79,0,0,0,0,0,0,0
5008,Thiagarajar College of Engineering (Autonomous) Tirupparankundram  Madurai District 625015,MADURAI,GOVERNMENT AIDED COLLEGES,EM,ELECTRONICS AND COMMUNICATION ENGINEERING (SS),194.0,192.5,189.5,188.0,167.5,144.0,146.0,0,0,0,0,0,0,0
5008,Thiagarajar College of Engineering (Autonomous) Tirupparankundram  Madurai District 625015,MADURAI,GOVERNMENT AIDED COLLEGES,EY,ELECTRICAL AND ELECTRONICS ENGINEERING (SS),190.5,189.0,188.0,185.0,162.5,140.0,,0,0,0,0,0,0,0
5008,Thiagarajar College of Engineering (Autonomous) Tirupparankundram  Madurai District 625015,MADURAI,GOVERNMENT AIDED COLLEGES,IM,INFORMATION TECHNOLOGY (SS),194.0,193.0,191.5,189.0,166.5,166.0,134.0,0,0,0,0,0,0,0
5008,Thiagarajar College of Engineering (Autonomous) Tirupparankundram  Madurai District 625015,MADURAI,GOVERNMENT AIDED COLLEGES,ME,MECHANICAL ENGINEERING,187.5,182.0,185.5,182.5,160.5,146.0,122.0,0,0,0,0,0,0,0
5008,Thiagarajar College of Engineering (Autonomous) Tirupparankundram  Madurai District 625015,MADURAI,GOVERNMENT AIDED COLLEGES,MF,MECHANICAL ENGINEERING (SS),181.0,174.5,175.0,172.5,151.0,121.0,,0,0,0,0,0,0,0
5008,Thiagarajar College of Engineering (Autonomous) Tirupparankundram  Madurai District 625015,MADURAI,GOVERNMENT AIDED COLLEGES,MG,MECHATRONICS (SS),188.5,186.5,183.0,181.0,155.0,146.0,,0,0,0,0,0,0,0
1321,Central Institute of Petrochemicals Engineering and Technology (Formerly Central Institute of Plastics Engineering and Technology) (CIPET)  Guindy  Chennai 600032,CHENNAI,CENTRAL GOVERNMENT ENGG COLLEGES COLLEGES,MN,MANUFACTURING ENGINEERING,161.0,148.0,151.0,145.0,141.5,154.0,118.0,0,0,0,0,0,0,0
1321,Central Institute of Petrochemicals Engineering and Technology (Formerly Central Institute of Plastics Engineering and Technology) (CIPET)  Guindy  Chennai 600032,CHENNAI,CENTRAL GOVERNMENT ENGG COLLEGES COLLEGES,PA,PLASTIC TECHNOLOGY,168.0,149.0,145.0,149.0,131.0,134.0,,0,0,0,0,0,0,0
2343,Indian Institute of Handloom Technology  Foulke's Compound  Thillai Nagar  Salem District 636001,SALEM,CENTRAL GOVERNMENT ENGG COLLEGES COLLEGES,HT,HANDLOOM AND TEXTILE TECHNOLOGY,160.0,145.0,160.0,141.0,140.0,148.5,,0,0,0,0,0,0,0
5012,Central Electrochemical Research Institute CECRI)  Karaikudi  Sivagangai District 630006,SIVAGANGAI,CENTRAL GOVERNMENT ENGG COLLEGES COLLEGES,CC,CHEMICAL AND ELECTRO CHEMICAL  ENGINEERING (SS),194.0,193.0,190.0,187.0,179.0,159.5,162.0,0,0,0,0,0,0,0
1013,University College of Engineering  Villupuram  Kakuppam  Villupuram District 605103,VILUPPURAM,UNIV CONSTITUENT COLLEGES,CS,COMPUTER SCIENCE AND ENGINEERING,177.5,154.0,158.0,162.5,138.5,111.5,,0,0,0,0,0,0,0
1013,University College of Engineering  Villupuram  Kakuppam  Villupuram District 605103,VILUPPURAM,UNIV CONSTITUENT COLLEGES,EC,ELECTRONICS AND COMMUNICATION ENGINEERING,152.5,135.5,128.0,146.5,130.5,,,0,0,0,0,0,0,0
1013,University College of Engineering  Villupuram  Kakuppam  Villupuram District 605103,VILUPPURAM,UNIV CONSTITUENT COLLEGES,IT,INFORMATION TECHNOLOGY,167.0,148.0,144.5,152.5,140.5,,148.0,0,0,0,0,0,0,0
1013,University College of Engineering  Villupuram  Kakuppam  Villupuram District 605103,VILUPPURAM,UNIV CONSTITUENT COLLEGES,ME,MECHANICAL ENGINEERING,132.0,87.0,113.5,92.0,96.5,,,0,1,1,1,1,0,0
1013,University College of Engineering  Villupuram  Kakuppam  Villupuram District 605103,VILUPPURAM,UNIV CONSTITUENT COLLEGES,XM,MECHANICAL ENGINEERING (TAMIL MEDIUM),100.0,,,,,,,1,0,0,0,0,0,0
1014,University College of Engineering  Tindivanam  Melpakkam  Tindivanam  Villupuram District 604001,VILUPPURAM,UNIV CONSTITUENT COLLEGES,CE,CIVIL  ENGINEERING,119.5,99.5,108.5,88.0,92.5,,,0,1,0,1,1,0,0
1014,University College of Engineering  Tindivanam  Melpakkam  Tindivanam  Villupuram District 604001,VILUPPURAM,UNIV CONSTITUENT COLLEGES,CS,COMPUTER SCIENCE AND ENGINEERING,167.0,147.0,132.0,159.5,135.0,110.5,125.5,0,0,0,0,0,0,0
1014,University College of Engineering  Tindivanam  Melpakkam  Tindivanam  Villupuram District 604001,VILUPPURAM,UNIV CONSTITUENT COLLEGES,EC,ELECTRONICS AND COMMUNICATION ENGINEERING,156.5,133.5,135.5,143.5,123.0,103.5,,0,0,0,0,0,0,0
1014,University College of Engineering  Tindivanam  Melpakkam  Tindivanam  Villupuram District 604001,VILUPPURAM,UNIV CONSTITUENT COLLEGES,IT,INFORMATION TECHNOLOGY,162.0,144.0,135.5,153.0,133.5,,121.5,0,0,0,0,0,0,0
1014,University College of Engineering  Tindivanam  Melpakkam  Tindivanam  Villupuram District 604001,VILUPPURAM,UNIV CONSTITUENT COLLEGES,XC,CIVIL ENGINEERING (TAMIL MEDIUM),101.5,,,,,,,1,0,0,0,0,0,0
1015,University College of Engineering  Arni  Arni to Devikapuram Road  Thatchur  Arni  Thiruvannamalai District 632326,THIRUVANNAMALAI,UNIV CONSTITUENT COLLEGES,CS,COMPUTER SCIENCE AND ENGINEERING,163.5,147.5,144.5,149.5,134.0,,,0,0,0,0,0,0,0
1015,University College of Engineering  Arni  Arni to Devikapuram Road  Thatchur  Arni  Thiruvannamalai District 632326,THIRUVANNAMALAI,UNIV CONSTITUENT COLLEGES,EC,ELECTRONICS AND COMMUNICATION ENGINEERING,143.0,129.0,104.5,134.5,108.0,134.0,113.5,0,0,0,0,0,1,0
1015,University College of Engineering  Arni  Arni to Devikapuram Road  Thatchur  Arni  Thiruvannamalai District 632326,THIRUVANNAMALAI,UNIV CONSTITUENT COLLEGES,EE,ELECTRICAL AND ELECTRONICS ENGINEERING,127.5,102.5,,107.5,97.5,,,0,0,0,0,1,0,0
1015,University College of Engineering  Arni  Arni to Devikapuram Road  Thatchur  Arni  Thiruvannamalai District 632326,THIRUVANNAMALAI,UNIV CONSTITUENT COLLEGES,ME,MECHANICAL ENGINEERING,108.5,96.5,,,105.0,,,0,1,0,0,1,0,0
1015,University College of Engineering  Arni  Arni to Devikapuram Road  Thatchur  Arni  Thiruvannamalai District 632326,THIRUVANNAMALAI,UNIV CONSTITUENT COLLEGES,XM,MECHANICAL ENGINEERING (TAMIL MEDIUM),87.0,,,,,,,1,0,0,0,0,0,0
1026,University College of Engineering  Kancheepuram  Ponnerikarai Campus  NH4  Chennai-Bangalore Highway  Karaipettai Village & Post  Kancheepuram District 631552,KANCHEEPURAM,UNIV CONSTITUENT COLLEGES,CS,COMPUTER SCIENCE AND ENGINEERING,172.5,154.5,165.5,159.0,149.5,129.0,,0,0,0,0,0,0,0
1026,University College of Engineering  Kancheepuram  Ponnerikarai Campus  NH4  Chennai-Bangalore Highway  Karaipettai Village & Post  Kancheepuram District 631552,KANCHEEPURAM,UNIV CONSTITUENT COLLEGES,EC,ELECTRONICS AND COMMUNICATION ENGINEERING,163.0,144.0,158.045,152.0,140.5,153.0,,0,0,0,0,0,0,0
1026,University College of Engineering  Kancheepuram  Ponnerikarai Campus  NH4  Chennai-Bangalore Highway  Karaipettai Village & Post  Kancheepuram District 631552,KANCHEEPURAM,UNIV CONSTITUENT COLLEGES,EE,ELECTRICAL AND ELECTRONICS ENGINEERING,149.5,120.5,,130.5,127.5,,,0,0,0,0,0,0,0
1026,University College of Engineering  Kancheepuram  Ponnerikarai Campus  NH4  Chennai-Bangalore Highway  Karaipettai Village & Post  Kancheepuram District 631552,KANCHEEPURAM,UNIV CONSTITUENT COLLEGES,ME,MECHANICAL ENGINEERING,131.5,102.5,127.0,101.0,95.0,,,0,0,0,1,1,0,0
2025,Anna University Regional Campus - Coimbatore  Maruthamalai Main Road  Navavoor Bharathiyar University Post  Somayampalayam  Coimbatore District 641046,COIMBATORE,UNIV CONSTITUENT COLLEGES,AD,ARTIFICIAL INTELLIGENCE AND DATA SCIENCE,185.0,179.5,168.0,177.0,161.0,170.0,166.5,0,0,0,0,0,0,0
2025,Anna University Regional Campus - Coimbatore  Maruthamalai Main Road  Navavoor Bharathiyar University Post  Somayampalayam  Coimbatore District 641046,COIMBATORE,UNIV CONSTITUENT COLLEGES,CS,COMPUTER SCIENCE AND ENGINEERING,186.0,180.0,175.5,178.0,164.5,161.0,155.0,0,0,0,0,0,0,0
2025,Anna University Regional Campus - Coimbatore  Maruthamalai Main Road  Navavoor Bharathiyar University Post  Somayampalayam  Coimbatore District 641046,COIMBATORE,UNIV CONSTITUENT COLLEGES,EC,ELECTRONICS AND COMMUNICATION ENGINEERING,178.0,174.0,166.0,171.0,155.5,153.5,,0,0,0,0,0,0,0
2025,Anna University Regional Campus - Coimbatore  Maruthamalai Main Road  Navavoor Bharathiyar University Post  Somayampalayam  Coimbatore District 641046,COIMBATORE,UNIV CONSTITUENT COLLEGES,EE,ELECTRICAL AND ELECTRONICS ENGINEERING,173.0,164.0,155.5,161.5,145.5,151.0,,0,0,0,0,0,0,0
2025,Anna University Regional Campus - Coimbatore  Maruthamalai Main Road  Navavoor Bharathiyar University Post  Somayampalayam  Coimbatore District 641046,COIMBATORE,UNIV CONSTITUENT COLLEGES,ME,MECHANICAL ENGINEERING,162.0,149.0,137.0,141.5,139.5,133.0,125.5,0,0,0,0,0,0,0
3011,University College of Engineering  Tiruchirappalli  (Bharathidasan Institute of Technology)  Tiruchirappalli District 620024,TIRUCHIRAPALLI,UNIV CONSTITUENT COLLEGES,AU,AUTOMOBILE ENGINEERING,126.0,103.0,103.5,97.0,98.0,,,0,1,1,1,1,0,0
3011,University College of Engineering  Tiruchirappalli  (Bharathidasan Institute of Technology)  Tiruchirappalli District 620024,TIRUCHIRAPALLI,UNIV CONSTITUENT COLLEGES,BT,BIO TECHNOLOGY,167.5,153.0,158.5,152.5,108.0,124.5,,0,0,0,0,0,0,0
3011,University College of Engineering  Tiruchirappalli  (Bharathidasan Institute of Technology)  Tiruchirappalli District 620024,TIRUCHIRAPALLI,UNIV CONSTITUENT COLLEGES,CE,CIVIL  ENGINEERING,139.5,101.0,119.5,101.0,115.0,115.0,135.5,0,0,0,1,0,0,0
3011,University College of Engineering  Tiruchirappalli  (Bharathidasan Institute of Technology)  Tiruchirappalli District 620024,TIRUCHIRAPALLI,UNIV CONSTITUENT COLLEGES,CS,COMPUTER SCIENCE AND ENGINEERING,179.0,169.5,173.0,165.5,152.5,130.0,115.5,0,0,0,0,0,0,0
3011,University College of Engineering  Tiruchirappalli  (Bharathidasan Institute of Technology)  Tiruchirappalli District 620024,TIRUCHIRAPALLI,UNIV CONSTITUENT COLLEGES,EC,ELECTRONICS AND COMMUNICATION ENGINEERING,168.0,159.5,161.0,153.0,144.5,108.5,108.5,0,0,0,0,0,0,0
3011,University College of Engineering  Tiruchirappalli  (Bharathidasan Institute of Technology)  Tiruchirappalli District 620024,TIRUCHIRAPALLI,UNIV CONSTITUENT COLLEGES,EE,ELECTRICAL AND ELECTRONICS ENGINEERING,153.5,138.0,140.5,136.5,123.5,112.0,143.5,0,0,0,0,0,1,0
3011,University College of Engineering  Tiruchirappalli  (Bharathidasan Institute of Technology)  Tiruchirappalli District 620024,TIRUCHIRAPALLI,UNIV CONSTITUENT COLLEGES,IT,INFORMATION TECHNOLOGY,173.0,165.0,168.5,163.0,145.5,99.5,,0,0,0,0,0,0,0
3011,University College of Engineering  Tiruchirappalli  (Bharathidasan Institute of Technology)  Tiruchirappalli District 620024,TIRUCHIRAPALLI,UNIV CONSTITUENT COLLEGES,ME,MECHANICAL ENGINEERING,137.5,109.5,122.0,107.5,97.5,,,0,0,0,0,0,0,0
3011,University College of Engineering  Tiruchirappalli  (Bharathidasan Institute of Technology)  Tiruchirappalli District 620024,TIRUCHIRAPALLI,UNIV CONSTITUENT COLLEGES,PC,PETRO CHEMICAL TECHNOLOGY,137.0,101.5,135.0,102.0,114.5,118.5,,0,0,0,1,1,0,0
3011,University College of Engineering  Tiruchirappalli  (Bharathidasan Institute of Technology)  Tiruchirappalli District 620024,TIRUCHIRAPALLI,UNIV CONSTITUENT COLLEGES,PH,PHARMACEUTICAL TECHNOLOGY,147.0,128.5,116.5,129.0,116.0,135.0,,0,0,0,0,0,1,0
3011,University College of Engineering  Tiruchirappalli  (Bharathidasan Institute of Technology)  Tiruchirappalli District 620024,TIRUCHIRAPALLI,UNIV CONSTITUENT COLLEGES,XC,CIVIL ENGINEERING (TAMIL MEDIUM),147.5,101.0,104.5,92.5,121.5,111.5,,0,1,1,1,1,0,0
3011,University College of Engineering  Tiruchirappalli  (Bharathidasan Institute of Technology)  Tiruchirappalli District 620024,TIRUCHIRAPALLI,UNIV CONSTITUENT COLLEGES,XM,MECHANICAL ENGINEERING (TAMIL MEDIUM),87.0,,,,,,,1,0,0,0,0,0,0
3016,University College of Engineering  Ariyalur  Kathankudikadu Village  Thelur Post  Ariyalur District 621704,ARIYALUR,UNIV CONSTITUENT COLLEGES,CE,CIVIL  ENGINEERING,99.5,,,,,,,1,0,0,0,0,0,0
3016,University College of Engineering  Ariyalur  Kathankudikadu Village  Thelur Post  Ariyalur District 621704,ARIYALUR,UNIV CONSTITUENT COLLEGES,CS,COMPUTER SCIENCE AND ENGINEERING,151.5,132.0,140.0,139.5,126.0,120.0,,0,0,0,0,0,1,0
3016,University College of Engineering  Ariyalur  Kathankudikadu Village  Thelur Post  Ariyalur District 621704,ARIYALUR,UNIV CONSTITUENT COLLEGES,EC,ELECTRONICS AND COMMUNICATION ENGINEERING,137.5,111.5,118.0,119.5,101.0,,,0,0,0,0,1,0,0
3016,University College of Engineering  Ariyalur  Kathankudikadu Village  Thelur Post  Ariyalur District 621704,ARIYALUR,UNIV CONSTITUENT COLLEGES,EE,ELECTRICAL AND ELECTRONICS ENGINEERING,93.0,,,,,,,1,0,0,0,0,0,0
3016,University College of Engineering  Ariyalur  Kathankudikadu Village  Thelur Post  Ariyalur District 621704,ARIYALUR,UNIV CONSTITUENT COLLEGES,ME,MECHANICAL ENGINEERING,95.5,,,,,,,1,0,0,0,0,0,0
3016,University College of Engineering  Ariyalur  Kathankudikadu Village  Thelur Post  Ariyalur District 621704,ARIYALUR,UNIV CONSTITUENT COLLEGES,XC,CIVIL ENGINEERING (TAMIL MEDIUM),96.5,,,,,,,1,0,0,0,0,0,0
3016,University College of Engineering  Ariyalur  Kathankudikadu Village  Thelur Post  Ariyalur District 621704,ARIYALUR,UNIV CONSTITUENT COLLEGES,XM,MECHANICAL ENGINEERING (TAMIL MEDIUM),,,,,,,,0,0,0,0,0,0,0
3018,University College of Engineering  Thirukkuvalai  Nagappattinam District 610204,NAGAPATTINAM,UNIV CONSTITUENT COLLEGES,CE,CIVIL  ENGINEERING,115.5,,,,,,,1,0,0,0,0,0,0
3018,University College of Engineering  Thirukkuvalai  Nagappattinam District 610204,NAGAPATTINAM,UNIV CONSTITUENT COLLEGES,CS,COMPUTER SCIENCE AND ENGINEERING,149.5,131.0,126.5,133.5,118.0,,,0,0,0,0,0,0,0
3018,University College of Engineering  Thirukkuvalai  Nagappattinam District 610204,NAGAPATTINAM,UNIV CONSTITUENT COLLEGES,EC,ELECTRONICS AND COMMUNICATION ENGINEERING,128.0,97.5,91.5,100.5,98.0,,,0,0,1,0,1,0,0
3018,University College of Engineering  Thirukkuvalai  Nagappattinam District 610204,NAGAPATTINAM,UNIV CONSTITUENT COLLEGES,EE,ELECTRICAL AND ELECTRONICS ENGINEERING,109.0,,,,,,,1,0,0,0,0,0,0
3018,University College of Engineering  Thirukkuvalai  Nagappattinam District 610204,NAGAPATTINAM,UNIV CONSTITUENT COLLEGES,ME,MECHANICAL ENGINEERING,95.0,,,,,,,1,0,0,0,0,0,0
3018,University College of Engineering  Thirukkuvalai  Nagappattinam District 610204,NAGAPATTINAM,UNIV CONSTITUENT COLLEGES,XC,CIVIL ENGINEERING (TAMIL MEDIUM),105.0,,,,,,,1,0,0,0,0,0,0
3018,University College of Engineering  Thirukkuvalai  Nagappattinam District 610204,NAGAPATTINAM,UNIV CONSTITUENT COLLEGES,XM,MECHANICAL ENGINEERING (TAMIL MEDIUM),138.0,,,,,,,1,0,0,0,0,0,0
3019,University College of Engineering  Panruti  Chennai-Kumbakonam Highway  Panikkankuppam  Panruti  Cuddalore District 607106,CUDDALORE,UNIV CONSTITUENT COLLEGES,CE,CIVIL  ENGINEERING,94.5,,,,,,,1,0,0,0,0,0,0
3019,University College of Engineering  Panruti  Chennai-Kumbakonam Highway  Panikkankuppam  Panruti  Cuddalore District 607106,CUDDALORE,UNIV CONSTITUENT COLLEGES,CS,COMPUTER SCIENCE AND ENGINEERING,157.0,131.0,134.0,145.5,130.0,128.0,111.0,0,0,0,0,0,0,0
3019,University College of Engineering  Panruti  Chennai-Kumbakonam Highway  Panikkankuppam  Panruti  Cuddalore District 607106,CUDDALORE,UNIV CONSTITUENT COLLEGES,EC,ELECTRONICS AND COMMUNICATION ENGINEERING,144.0,117.0,142.0,132.0,109.5,116.5,,0,0,0,0,0,1,0
3019,University College of Engineering  Panruti  Chennai-Kumbakonam Highway  Panikkankuppam  Panruti  Cuddalore District 607106,CUDDALORE,UNIV CONSTITUENT COLLEGES,EE,ELECTRICAL AND ELECTRONICS ENGINEERING,130.5,90.0,103.0,113.0,98.0,,,0,1,0,0,1,0,0
3019,University College of Engineering  Panruti  Chennai-Kumbakonam Highway  Panikkankuppam  Panruti  Cuddalore District 607106,CUDDALORE,UNIV CONSTITUENT COLLEGES,ME,MECHANICAL ENGINEERING,109.5,82.0,95.0,88.5,,,,0,1,1,1,0,0,0
3019,University College of Engineering  Panruti  Chennai-Kumbakonam Highway  Panikkankuppam  Panruti  Cuddalore District 607106,CUDDALORE,UNIV CONSTITUENT COLLEGES,XC,CIVIL ENGINEERING (TAMIL MEDIUM),113.0,,,,,,,1,0,0,0,0,0,0
3019,University College of Engineering  Panruti  Chennai-Kumbakonam Highway  Panikkankuppam  Panruti  Cuddalore District 607106,CUDDALORE,UNIV CONSTITUENT COLLEGES,XM,MECHANICAL ENGINEERING (TAMIL MEDIUM),91.5,,,,,,,1,0,0,0,0,0,0
3021,University College of Engineering  Pattukkottai  ECR Road  Rajamadam  Pattukkottai Taluk  Thanjavur District 614701,THANJAVUR,UNIV CONSTITUENT COLLEGES,CE,CIVIL  ENGINEERING,82.5,,,,,,,1,0,0,0,0,0,0
3021,University College of Engineering  Pattukkottai  ECR Road  Rajamadam  Pattukkottai Taluk  Thanjavur District 614701,THANJAVUR,UNIV CONSTITUENT COLLEGES,CS,COMPUTER SCIENCE AND ENGINEERING,159.0,142.5,146.5,140.5,123.5,,112.0,0,0,0,0,0,0,0
3021,University College of Engineering  Pattukkottai  ECR Road  Rajamadam  Pattukkottai Taluk  Thanjavur District 614701,THANJAVUR,UNIV CONSTITUENT COLLEGES,EC,ELECTRONICS AND COMMUNICATION ENGINEERING,141.0,114.5,100.5,123.0,102.5,,,0,0,0,0,1,0,0
3021,University College of Engineering  Pattukkottai  ECR Road  Rajamadam  Pattukkottai Taluk  Thanjavur District 614701,THANJAVUR,UNIV CONSTITUENT COLLEGES,EE,ELECTRICAL AND ELECTRONICS ENGINEERING,117.5,104.5,,93.0,95.5,,,0,1,0,1,1,0,0
3021,University College of Engineering  Pattukkottai  ECR Road  Rajamadam  Pattukkottai Taluk  Thanjavur District 614701,THANJAVUR,UNIV CONSTITUENT COLLEGES,ME,MECHANICAL ENGINEERING,98.0,95.0,,94.0,,,,0,1,0,1,0,0,0
3021,University College of Engineering  Pattukkottai  ECR Road  Rajamadam  Pattukkottai Taluk  Thanjavur District 614701,THANJAVUR,UNIV CONSTITUENT COLLEGES,XC,CIVIL ENGINEERING (TAMIL MEDIUM),128.5,,,,,,,1,0,0,0,0,0,0
3021,University College of Engineering  Pattukkottai  ECR Road  Rajamadam  Pattukkottai Taluk  Thanjavur District 614701,THANJAVUR,UNIV CONSTITUENT COLLEGES,XM,MECHANICAL ENGINEERING (TAMIL MEDIUM),105.0,,,,,,,1,0,0,0,0,0,0
4020,Anna University Regional Campus - Tirunelveli  Trivandrum Road  Palayamkottai  Tirunelveli District 627007,TIRUNELVELI,UNIV CONSTITUENT COLLEGES,CS,COMPUTER SCIENCE AND ENGINEERING,180.0,169.5,166.0,167.0,155.5,92.0,,0,0,0,0,0,0,0
4020,Anna University Regional Campus - Tirunelveli  Trivandrum Road  Palayamkottai  Tirunelveli District 627007,TIRUNELVELI,UNIV CONSTITUENT COLLEGES,EC,ELECTRONICS AND COMMUNICATION ENGINEERING,171.5,163.5,170.0,153.0,142.0,129.0,,0,0,0,0,0,1,0
4020,Anna University Regional Campus - Tirunelveli  Trivandrum Road  Palayamkottai  Tirunelveli District 627007,TIRUNELVELI,UNIV CONSTITUENT COLLEGES,GI,GEO INFORMATICS,146.0,126.999999999999,161.5,89.5,97.5,116.0,,0,0,0,1,0,1,0
4020,Anna University Regional Campus - Tirunelveli  Trivandrum Road  Palayamkottai  Tirunelveli District 627007,TIRUNELVELI,UNIV CONSTITUENT COLLEGES,ME,MECHANICAL ENGINEERING,141.0,130.0,130.5,102.0,95.5,,,0,0,0,0,1,0,0
4023,University College of Engineering  Nagercoil  Nagercoil Industrial Estate  Konam  Kanyakumari District 629004,KANYAKUMARI,UNIV CONSTITUENT COLLEGES,CE,CIVIL  ENGINEERING,131.5,95.0,107.0,126.5,118.5,,,0,1,1,1,1,0,0
4023,University College of Engineering  Nagercoil  Nagercoil Industrial Estate  Konam  Kanyakumari District 629004,KANYAKUMARI,UNIV CONSTITUENT COLLEGES,CS,COMPUTER SCIENCE AND ENGINEERING,173.5,164.5,155.5,146.0,124.0,,,0,0,0,0,0,0,0
4023,University College of Engineering  Nagercoil  Nagercoil Industrial Estate  Konam  Kanyakumari District 629004,KANYAKUMARI,UNIV CONSTITUENT COLLEGES,EC,ELECTRONICS AND COMMUNICATION ENGINEERING,164.0,155.0,137.5,138.0,114.0,,,0,0,0,0,0,0,0
4023,University College of Engineering  Nagercoil  Nagercoil Industrial Estate  Konam  Kanyakumari District 629004,KANYAKUMARI,UNIV CONSTITUENT COLLEGES,EE,ELECTRICAL AND ELECTRONICS ENGINEERING,146.5,131.0,136.0,101.5,101.5,,,0,0,0,1,1,0,0
4023,University College of Engineering  Nagercoil  Nagercoil Industrial Estate  Konam  Kanyakumari District 629004,KANYAKUMARI,UNIV CONSTITUENT COLLEGES,IT,INFORMATION TECHNOLOGY,168.5,157.5,157.0,144.5,128.5,144.5,,0,0,0,0,0,1,0
4023,University College of Engineering  Nagercoil  Nagercoil Industrial Estate  Konam  Kanyakumari District 629004,KANYAKUMARI,UNIV CONSTITUENT COLLEGES,ME,MECHANICAL ENGINEERING,133.0,110.5,110.0,105.5,100.0,,,0,0,0,1,1,0,0
4023,University College of Engineering  Nagercoil  Nagercoil Industrial Estate  Konam  Kanyakumari District 629004,KANYAKUMARI,UNIV CONSTITUENT COLLEGES,XC,CIVIL ENGINEERING (TAMIL MEDIUM),98.5,,,,,,,1,0,0,0,0,0,0
4023,University College of Engineering  Nagercoil  Nagercoil Industrial Estate  Konam  Kanyakumari District 629004,KANYAKUMARI,UNIV CONSTITUENT COLLEGES,XM,MECHANICAL ENGINEERING (TAMIL MEDIUM),86.5,,,,,,,1,0,0,0,0,0,0
4024,University V.O.C. College of Engineering  Thoothukudi  Near V.O.C. College  Millerpuram  Thoothukudi District 628008,TUTICORIN,UNIV CONSTITUENT COLLEGES,CE,CIVIL  ENGINEERING,88.5,,,,,,,1,0,0,0,0,0,0
4024,University V.O.C. College of Engineering  Thoothukudi  Near V.O.C. College  Millerpuram  Thoothukudi District 628008,TUTICORIN,UNIV CONSTITUENT COLLEGES,EC,ELECTRONICS AND COMMUNICATION ENGINEERING,157.0,138.5,141.0,127.0,123.0,,,0,0,0,0,0,0,0
4024,University V.O.C. College of Engineering  Thoothukudi  Near V.O.C. College  Millerpuram  Thoothukudi District 628008,TUTICORIN,UNIV CONSTITUENT COLLEGES,EE,ELECTRICAL AND ELECTRONICS ENGINEERING,136.0,124.0,129.5,99.0,103.0,,,0,0,1,1,1,0,0
4024,University V.O.C. College of Engineering  Thoothukudi  Near V.O.C. College  Millerpuram  Thoothukudi District 628008,TUTICORIN,UNIV CONSTITUENT COLLEGES,ME,MECHANICAL ENGINEERING,112.0,94.0,,93.0,110.5,,,0,1,0,1,1,0,0
4024,University V.O.C. College of Engineering  Thoothukudi  Near V.O.C. College  Millerpuram  Thoothukudi District 628008,TUTICORIN,UNIV CONSTITUENT COLLEGES,XC,CIVIL ENGINEERING (TAMIL MEDIUM),106.5,101.5,,99.5,,,,0,1,0,1,0,0,0
4024,University V.O.C. College of Engineering  Thoothukudi  Near V.O.C. College  Millerpuram  Thoothukudi District 628008,TUTICORIN,UNIV CONSTITUENT COLLEGES,XM,MECHANICAL ENGINEERING (TAMIL MEDIUM),118.0,,,,,,,1,0,0,0,0,0,0
5010,Anna University Regional Campus - Madurai  Kanyakumari National Highway  Keelakuilkudi  Madurai District 625019,MADURAI,UNIV CONSTITUENT COLLEGES,CE,CIVIL  ENGINEERING,135.5,90.0,105.5,112.0,92.0,,,0,1,1,1,1,0,0
5010,Anna University Regional Campus - Madurai  Kanyakumari National Highway  Keelakuilkudi  Madurai District 625019,MADURAI,UNIV CONSTITUENT COLLEGES,CS,COMPUTER SCIENCE AND ENGINEERING,177.0,166.5,165.5,168.5,150.0,152.5,,0,0,0,0,0,0,0
5010,Anna University Regional Campus - Madurai  Kanyakumari National Highway  Keelakuilkudi  Madurai District 625019,MADURAI,UNIV CONSTITUENT COLLEGES,EC,ELECTRONICS AND COMMUNICATION ENGINEERING,170.0,159.5,151.5,154.5,141.5,133.5,,0,0,0,0,0,0,0
5010,Anna University Regional Campus - Madurai  Kanyakumari National Highway  Keelakuilkudi  Madurai District 625019,MADURAI,UNIV CONSTITUENT COLLEGES,EE,ELECTRICAL AND ELECTRONICS ENGINEERING,156.0,141.5,147.0,141.0,104.5,143.0,,0,0,0,0,0,1,0
5010,Anna University Regional Campus - Madurai  Kanyakumari National Highway  Keelakuilkudi  Madurai District 625019,MADURAI,UNIV CONSTITUENT COLLEGES,ME,MECHANICAL ENGINEERING,137.0,107.0,122.5,101.5,112.0,127.0,,0,0,0,0,1,1,0
5017,University College of Engineering  Ramanathapuram  Pullangudi  Ramanathapuram District 623513,RAMANATHAPURAM,UNIV CONSTITUENT COLLEGES,CE,CIVIL  ENGINEERING,93.0,,,,,,,1,0,0,0,0,0,0
5017,University College of Engineering  Ramanathapuram  Pullangudi  Ramanathapuram District 623513,RAMANATHAPURAM,UNIV CONSTITUENT COLLEGES,CS,COMPUTER SCIENCE AND ENGINEERING,147.5,129.0,,132.5,107.0,94.0,,0,0,0,0,0,1,0
5017,University College of Engineering  Ramanathapuram  Pullangudi  Ramanathapuram District 623513,RAMANATHAPURAM,UNIV CONSTITUENT COLLEGES,EC,ELECTRONICS AND COMMUNICATION ENGINEERING,127.0,97.0,,96.5,90.0,,,0,1,0,1,1,0,0
5017,University College of Engineering  Ramanathapuram  Pullangudi  Ramanathapuram District 623513,RAMANATHAPURAM,UNIV CONSTITUENT COLLEGES,ME,MECHANICAL ENGINEERING,135.5,,,,,,,1,0,0,0,0,0,0
5017,University College of Engineering  Ramanathapuram  Pullangudi  Ramanathapuram District 623513,RAMANATHAPURAM,UNIV CONSTITUENT COLLEGES,XC,CIVIL ENGINEERING (TAMIL MEDIUM),93.0,,,,,,,1,0,0,0,0,0,0
5017,University College of Engineering  Ramanathapuram  Pullangudi  Ramanathapuram District 623513,RAMANATHAPURAM,UNIV CONSTITUENT COLLEGES,XM,MECHANICAL ENGINEERING (TAMIL MEDIUM),,,,,,,,0,0,0,0,0,0,0
5022,University College of Engineering  Dindigul  Mangarai Pirivu  Reddiyarchathiram  Dindigul District 624622,DINDIGUL,UNIV CONSTITUENT COLLEGES,CE,CIVIL  ENGINEERING,98.5,,,,,,,1,0,0,0,0,0,0
5022,University College of Engineering  Dindigul  Mangarai Pirivu  Reddiyarchathiram  Dindigul District 624622,DINDIGUL,UNIV CONSTITUENT COLLEGES,CS,COMPUTER SCIENCE AND ENGINEERING,156.5,146.0,127.5,146.5,128.0,104.0,,0,0,0,0,0,1,0
5022,University College of Engineering  Dindigul  Mangarai Pirivu  Reddiyarchathiram  Dindigul District 624622,DINDIGUL,UNIV CONSTITUENT COLLEGES,EC,ELECTRONICS AND COMMUNICATION ENGINEERING,147.5,133.0,,123.0,110.0,,,0,0,0,0,0,0,0
5022,University College of Engineering  Dindigul  Mangarai Pirivu  Reddiyarchathiram  Dindigul District 624622,DINDIGUL,UNIV CONSTITUENT COLLEGES,EE,ELECTRICAL AND ELECTRONICS ENGINEERING,120.5,88.5,110.0,106.5,95.0,,,0,1,0,1,1,0,0
5022,University College of Engineering  Dindigul  Mangarai Pirivu  Reddiyarchathiram  Dindigul District 624622,DINDIGUL,UNIV CONSTITUENT COLLEGES,ME,MECHANICAL ENGINEERING,89.5,,,,,,,1,0,0,0,0,0,0
5022,University College of Engineering  Dindigul  Mangarai Pirivu  Reddiyarchathiram  Dindigul District 624622,DINDIGUL,UNIV CONSTITUENT COLLEGES,XC,CIVIL ENGINEERING (TAMIL MEDIUM),100.0,,,,,,,1,0,0,0,0,0,0
5022,University College of Engineering  Dindigul  Mangarai Pirivu  Reddiyarchathiram  Dindigul District 624622,DINDIGUL,UNIV CONSTITUENT COLLEGES,XM,MECHANICAL ENGINEERING (TAMIL MEDIUM),,,,,,,,0,0,0,0,0,0,0
5,Annamalai University Faculty of Engineering and Technology Annamalai nagar Cuddalore,CUDDALORE,ANNAMALAI UNIV,AM,COMPUTER SCIENCE AND ENGINEERING (ARTIFICIAL INTELLIGENCE AND MACHINE LEARNING),167.5,133.0,148.5,143.5,141.5,100.5,,0,0,0,0,0,0,0
5,Annamalai University Faculty of Engineering and Technology Annamalai nagar Cuddalore,CUDDALORE,ANNAMALAI UNIV,CE,CIVIL  ENGINEERING,128.0,,,97.0,108.0,127.5,,0,0,0,0,0,0,0
5,Annamalai University Faculty of Engineering and Technology Annamalai nagar Cuddalore,CUDDALORE,ANNAMALAI UNIV,CF,COMPUTER SCIENCE AND ENGINEERING (DATA SCIENCE),160.5,136.0,147.5,140.5,135.5,,,0,0,0,0,0,0,0
5,Annamalai University Faculty of Engineering and Technology Annamalai nagar Cuddalore,CUDDALORE,ANNAMALAI UNIV,CH,CHEMICAL  ENGINEERING,133.5,87.5,103.5,88.0,110.5,,,0,1,0,1,0,0,0
5,Annamalai University Faculty of Engineering and Technology Annamalai nagar Cuddalore,CUDDALORE,ANNAMALAI UNIV,CS,COMPUTER SCIENCE AND ENGINEERING,163.0,142.0,149.5,142.5,142.5,117.0,123.5,0,0,0,0,0,0,0
5,Annamalai University Faculty of Engineering and Technology Annamalai nagar Cuddalore,CUDDALORE,ANNAMALAI UNIV,CZ,CIVIL AND STRUCTUTURAL ENGINEERING,109.5,,,107.5,97.5,,,0,0,0,1,0,0,0
5,Annamalai University Faculty of Engineering and Technology Annamalai nagar Cuddalore,CUDDALORE,ANNAMALAI UNIV,EC,ELECTRONICS AND COMMUNICATION ENGINEERING,158.0,128.5,137.5,140.5,134.0,103.0,132.5,0,0,0,0,0,0,0
5,Annamalai University Faculty of Engineering and Technology Annamalai nagar Cuddalore,CUDDALORE,ANNAMALAI UNIV,EE,ELECTRICAL AND ELECTRONICS ENGINEERING,133.0,89.5,,109.0,114.0,,,0,1,0,0,0,0,0
5,Annamalai University Faculty of Engineering and Technology Annamalai nagar Cuddalore,CUDDALORE,ANNAMALAI UNIV,EI,ELECTRONICS AND INSTRUMENTATION ENGINEERING,128.0,96.5,118.5,105.0,104.0,,,0,1,0,0,0,0,0
5,Annamalai University Faculty of Engineering and Technology Annamalai nagar Cuddalore,CUDDALORE,ANNAMALAI UNIV,IT,INFORMATION TECHNOLOGY,158.0,130.0,141.5,140.5,135.0,120.0,,0,0,0,0,0,1,0
5,Annamalai University Faculty of Engineering and Technology Annamalai nagar Cuddalore,CUDDALORE,ANNAMALAI UNIV,ME,MECHANICAL ENGINEERING,117.5,93.5,104.0,96.0,83.0,93.0,,0,1,1,1,1,1,0
5,Annamalai University Faculty of Engineering and Technology Annamalai nagar Cuddalore,CUDDALORE,ANNAMALAI UNIV,MM,MECHANICAL ENGINEERING (MANUFACTURING),98.0,,,,,,,1,0,0,0,0,0,0
1101,Aalim Muhammed Salegh College of Engineering  Muthapudupet  Avadi IAF  Chennai 600055,THIRUVALLUR,SELF FINANCING COLLEGES TIER 3,AD,ARTIFICIAL INTELLIGENCE AND DATA SCIENCE,146.0,114.0,143.0,127.5,121.0,,,0,1,0,1,1,0,0
1101,Aalim Muhammed Salegh College of Engineering  Muthapudupet  Avadi IAF  Chennai 600055,THIRUVALLUR,SELF FINANCING COLLEGES TIER 3,CS,COMPUTER SCIENCE AND ENGINEERING,140.5,104.5,138.5,104.5,106.0,104.5,,0,0,0,1,1,1,0
1101,Aalim Muhammed Salegh College of Engineering  Muthapudupet  Avadi IAF  Chennai 600055,THIRUVALLUR,SELF FINANCING COLLEGES TIER 3,EC,ELECTRONICS AND COMMUNICATION ENGINEERING,130.5,112.0,130.0,,,,,0,1,0,0,0,0,0
1101,Aalim Muhammed Salegh College of Engineering  Muthapudupet  Avadi IAF  Chennai 600055,THIRUVALLUR,SELF FINANCING COLLEGES TIER 3,EE,ELECTRICAL AND ELECTRONICS ENGINEERING,120.5,,110.5,104.5,,,,0,0,0,1,0,0,0
1101,Aalim Muhammed Salegh College of Engineering  Muthapudupet  Avadi IAF  Chennai 600055,THIRUVALLUR,SELF FINANCING COLLEGES TIER 3,IT,INFORMATION TECHNOLOGY,136.5,112.0,136.5,102.0,92.0,,,0,1,0,1,1,0,0
1101,Aalim Muhammed Salegh College of Engineering  Muthapudupet  Avadi IAF  Chennai 600055,THIRUVALLUR,SELF FINANCING COLLEGES TIER 3,ME,MECHANICAL ENGINEERING,114.0,,,,,,,1,0,0,0,0,0,0
1106,Jaya Engineering College  Thirunindravur  Chennai 602024,THIRUVALLUR,SELF FINANCING COLLEGES TIER 3,AE,AERONAUTICAL ENGINEERING,102.5,,,,101.0,,,0,0,0,0,1,0,0
1106,Jaya Engineering College  Thirunindravur  Chennai 602024,THIRUVALLUR,SELF FINANCING COLLEGES TIER 3,CB,COMPUTER SCIENCE AND BUSSINESS SYSTEM,100.5,93.0,,96.0,,,,0,1,0,1,0,0,0
1106,Jaya Engineering College  Thirunindravur  Chennai 602024,THIRUVALLUR,SELF FINANCING COLLEGES TIER 3,CE,CIVIL  ENGINEERING,103.0,,,,,,,1,0,0,0,0,0,0
1106,Jaya Engineering College  Thirunindravur  Chennai 602024,THIRUVALLUR,SELF FINANCING COLLEGES TIER 3,CS,COMPUTER SCIENCE AND ENGINEERING,140.0,115.5,120.0,111.0,100.5,,,0,0,0,0,1,0,0
1106,Jaya Engineering College  Thirunindravur  Chennai 602024,THIRUVALLUR,SELF FINANCING COLLEGES TIER 3,EC,ELECTRONICS AND COMMUNICATION ENGINEERING,96.0,88.0,,88.5,,,,0,1,0,1,0,0,0
1106,Jaya Engineering College  Thirunindravur  Chennai 602024,THIRUVALLUR,SELF FINANCING COLLEGES TIER 3,EE,ELECTRICAL AND ELECTRONICS ENGINEERING,95.0,,,,,,,1,0,0,0,0,0,0
1106,Jaya Engineering College  Thirunindravur  Chennai 602024,THIRUVALLUR,SELF FINANCING COLLEGES TIER 3,EI,ELECTRONICS AND INSTRUMENTATION ENGINEERING,95.0,87.5,,,92.0,,,0,1,0,0,1,0,0
1106,Jaya Engineering College  Thirunindravur  Chennai 602024,THIRUVALLUR,SELF FINANCING COLLEGES TIER 3,IT,INFORMATION TECHNOLOGY,128.5,98.5,127.0,98.5,107.0,,,0,1,0,1,1,0,0
1106,Jaya Engineering College  Thirunindravur  Chennai 602024,THIRUVALLUR,SELF FINANCING COLLEGES TIER 3,ME,MECHANICAL ENGINEERING,88.0,,,,,,,1,0,0,0,0,0,0
1106,Jaya Engineering College  Thirunindravur  Chennai 602024,THIRUVALLUR,SELF FINANCING COLLEGES TIER 3,TX,TEXTILE TECHNOLOGY,93.5,,,,,,,1,0,0,0,0,0,0
1107,Jaya Institute of Technology  Kanchipadi Post  Thiruvallur-Tiruttani NH  Road  Thiruvallur District 631204,THIRUVALLUR,SELF FINANCING COLLEGES TIER 3,CS,COMPUTER SCIENCE AND ENGINEERING,107.5,,,,,,,1,0,0,0,0,0,0
1107,Jaya Institute of Technology  Kanchipadi Post  Thiruvallur-Tiruttani NH  Road  Thiruvallur District 631204,THIRUVALLUR,SELF FINANCING COLLEGES TIER 3,EC,ELECTRONICS AND COMMUNICATION ENGINEERING,94.0,,,,,,,1,0,0,0,0,0,0
1107,Jaya Institute of Technology  Kanchipadi Post  Thiruvallur-Tiruttani NH  Road  Thiruvallur District 631204,THIRUVALLUR,SELF FINANCING COLLEGES TIER 3,EE,ELECTRICAL AND ELECTRONICS ENGINEERING,,,,,,,,0,0,0,0,0,0,0
1107,Jaya Institute of Technology  Kanchipadi Post  Thiruvallur-Tiruttani NH  Road  Thiruvallur District 631204,THIRUVALLUR,SELF FINANCING COLLEGES TIER 3,FD,FOOD TECHNOLOGY,107.0,,,,,,,1,0,0,0,0,0,0
1107,Jaya Institute of Technology  Kanchipadi Post  Thiruvallur-Tiruttani NH  Road  Thiruvallur District 631204,THIRUVALLUR,SELF FINANCING COLLEGES TIER 3,ME,MECHANICAL ENGINEERING,,,,,,,,0,0,0,0,0,0,0
1110,Prathyusha Engineering college (Autonomous)  Aranvoyalkuppam  Thiruvallur District 602025,THIRUVALLUR,SELF FINANCING COLLEGES TIER 2,AD,ARTIFICIAL INTELLIGENCE AND DATA SCIENCE,151.0,133.0,136.0,137.5,108.0,96.0,,0,0,0,0,0,1,0
1110,Prathyusha Engineering college (Autonomous)  Aranvoyalkuppam  Thiruvallur District 602025,THIRUVALLUR,SELF FINANCING COLLEGES TIER 2,AM,COMPUTER SCIENCE AND ENGINEERING (ARTIFICIAL INTELLIGENCE AND MACHINE LEARNING),145.0,131.5,,133.5,,,,0,0,0,0,0,0,0
1110,Prathyusha Engineering college (Autonomous)  Aranvoyalkuppam  Thiruvallur District 602025,THIRUVALLUR,SELF FINANCING COLLEGES TIER 2,BT,BIO TECHNOLOGY,124.0,96.5,,110.0,109.0,,,0,1,0,1,1,0,0
1110,Prathyusha Engineering college (Autonomous)  Aranvoyalkuppam  Thiruvallur District 602025,THIRUVALLUR,SELF FINANCING COLLEGES TIER 2,CS,COMPUTER SCIENCE AND ENGINEERING,149.0,136.0,135.0,129.0,114.5,,,0,0,0,0,0,0,0
1110,Prathyusha Engineering college (Autonomous)  Aranvoyalkuppam  Thiruvallur District 602025,THIRUVALLUR,SELF FINANCING COLLEGES TIER 2,EC,ELECTRONICS AND COMMUNICATION ENGINEERING,143.5,132.5,,135.0,108.5,,,0,0,0,0,0,0,0
1110,Prathyusha Engineering college (Autonomous)  Aranvoyalkuppam  Thiruvallur District 602025,THIRUVALLUR,SELF FINANCING COLLEGES TIER 2,EE,ELECTRICAL AND ELECTRONICS ENGINEERING,130.0,113.0,,98.5,96.0,,,0,0,0,1,1,0,0
1110,Prathyusha Engineering college (Autonomous)  Aranvoyalkuppam  Thiruvallur District 602025,THIRUVALLUR,SELF FINANCING COLLEGES TIER 2,IT,INFORMATION TECHNOLOGY,144.5,134.5,115.0,140.0,102.5,,,0,0,0,0,0,0,0
1110,Prathyusha Engineering college (Autonomous)  Aranvoyalkuppam  Thiruvallur District 602025,THIRUVALLUR,SELF FINANCING COLLEGES TIER 2,SC,Computer Science and Engineering (Cyber Security),146.5,132.0,,121.5,85.0,,,0,0,0,0,0,0,0
1112,R M D Engineering College (Autonomous)  Kavaraipettai  Gummidipoondi  Thiruvallur District 601206,THIRUVALLUR,SELF FINANCING COLLEGES TIER 1,AL,Artificial Intelligence and Machine Learning,175.5,170.5,159.0,164.5,138.5,,,0,0,0,0,0,0,0
1112,R M D Engineering College (Autonomous)  Kavaraipettai  Gummidipoondi  Thiruvallur District 601206,THIRUVALLUR,SELF FINANCING COLLEGES TIER 1,CB,COMPUTER SCIENCE AND BUSSINESS SYSTEM,174.5,169.5,163.0,166.5,124.0,,,0,0,0,0,0,0,0
1112,R M D Engineering College (Autonomous)  Kavaraipettai  Gummidipoondi  Thiruvallur District 601206,THIRUVALLUR,SELF FINANCING COLLEGES TIER 1,CS,COMPUTER SCIENCE AND ENGINEERING,181.5,174.5,165.0,170.5,140.0,120.5,118.5,0,0,0,0,0,1,0
1112,R M D Engineering College (Autonomous)  Kavaraipettai  Gummidipoondi  Thiruvallur District 601206,THIRUVALLUR,SELF FINANCING COLLEGES TIER 1,EC,ELECTRONICS AND COMMUNICATION ENGINEERING,174.5,171.0,168.5,162.5,124.0,,,0,0,0,0,0,0,0
1112,R M D Engineering College (Autonomous)  Kavaraipettai  Gummidipoondi  Thiruvallur District 601206,THIRUVALLUR,SELF FINANCING COLLEGES TIER 1,IT,INFORMATION TECHNOLOGY,178.5,171.5,173.0,169.0,129.5,107.5,,0,0,0,0,0,0,0
1113,R M K Engineering College (Autonomous)  Kavaraipettai  Gummidipoondi  Thiruvallur District 601206,THIRUVALLUR,SELF FINANCING COLLEGES TIER 1,AD,ARTIFICIAL INTELLIGENCE AND DATA SCIENCE,185.0,180.0,175.0,174.5,145.5,144.5,,0,0,0,0,0,0,0
1113,R M K Engineering College (Autonomous)  Kavaraipettai  Gummidipoondi  Thiruvallur District 601206,THIRUVALLUR,SELF FINANCING COLLEGES TIER 1,CB,COMPUTER SCIENCE AND BUSSINESS SYSTEM,180.0,177.0,174.0,174.5,143.5,121.0,,0,0,0,0,0,0,0
1113,R M K Engineering College (Autonomous)  Kavaraipettai  Gummidipoondi  Thiruvallur District 601206,THIRUVALLUR,SELF FINANCING COLLEGES TIER 1,CD,COMPUTER SCIENCE AND DESIGN,177.5,173.5,173.0,173.0,136.0,,,0,0,0,0,0,0,0
1113,R M K Engineering College (Autonomous)  Kavaraipettai  Gummidipoondi  Thiruvallur District 601206,THIRUVALLUR,SELF FINANCING COLLEGES TIER 1,CE,CIVIL  ENGINEERING,156.0,153.5,114.0,146.5,144.5,,,0,0,0,0,0,0,0
1113,R M K Engineering College (Autonomous)  Kavaraipettai  Gummidipoondi  Thiruvallur District 601206,THIRUVALLUR,SELF FINANCING COLLEGES TIER 1,CS,COMPUTER SCIENCE AND ENGINEERING,188.5,183.0,185.5,180.0,160.5,124.0,,0,0,0,0,0,0,0
1113,R M K Engineering College (Autonomous)  Kavaraipettai  Gummidipoondi  Thiruvallur District 601206,THIRUVALLUR,SELF FINANCING COLLEGES TIER 1,EA,Electronics and Communication ( Advanced Communication Technology),179.5,175.5,172.0,168.0,137.0,,,0,0,0,0,0,0,0
1113,R M K Engineering College (Autonomous)  Kavaraipettai  Gummidipoondi  Thiruvallur District 601206,THIRUVALLUR,SELF FINANCING COLLEGES TIER 1,EC,ELECTRONICS AND COMMUNICATION ENGINEERING,184.0,178.0,171.0,174.0,130.0,,114.0,0,0,0,0,0,0,0
1113,R M K Engineering College (Autonomous)  Kavaraipettai  Gummidipoondi  Thiruvallur District 601206,THIRUVALLUR,SELF FINANCING COLLEGES TIER 1,EE,ELECTRICAL AND ELECTRONICS ENGINEERING,173.5,168.5,150.0,163.5,134.5,,,0,0,0,0,0,0,0
1113,R M K Engineering College (Autonomous)  Kavaraipettai  Gummidipoondi  Thiruvallur District 601206,THIRUVALLUR,SELF FINANCING COLLEGES TIER 1,EV,Electronics Engineering (VLSI design and Technology),177.5,169.0,170.0,171.5,128.5,,,0,0,0,0,0,0,0
1113,R M K Engineering College (Autonomous)  Kavaraipettai  Gummidipoondi  Thiruvallur District 601206,THIRUVALLUR,SELF FINANCING COLLEGES TIER 1,IT,INFORMATION TECHNOLOGY,184.0,180.5,180.0,173.5,144.0,103.0,107.5,0,0,0,0,0,0,0
1113,R M K Engineering College (Autonomous)  Kavaraipettai  Gummidipoondi  Thiruvallur District 601206,THIRUVALLUR,SELF FINANCING COLLEGES TIER 1,ME,MECHANICAL ENGINEERING,167.0,160.5,145.0,152.5,149.5,,,0,0,0,0,0,0,0
1114,S A Engineering College (Autonomous)  Thiruverkadu  Chennai 600077,THIRUVALLUR,SELF FINANCING COLLEGES TIER 2,AD,ARTIFICIAL INTELLIGENCE AND DATA SCIENCE,156.0,146.0,149.0,143.5,123.0,112.0,,0,0,0,0,0,0,0
1114,S A Engineering College (Autonomous)  Thiruverkadu  Chennai 600077,THIRUVALLUR,SELF FINANCING COLLEGES TIER 2,AM,COMPUTER SCIENCE AND ENGINEERING (ARTIFICIAL INTELLIGENCE AND MACHINE LEARNING),152.5,142.5,149.5,144.0,116.0,,,0,0,0,0,0,0,0
1114,S A Engineering College (Autonomous)  Thiruverkadu  Chennai 600077,THIRUVALLUR,SELF FINANCING COLLEGES TIER 2,CB,COMPUTER SCIENCE AND BUSSINESS SYSTEM,143.0,139.0,138.0,135.5,121.5,,,0,0,0,0,0,0,0
1114,S A Engineering College (Autonomous)  Thiruverkadu  Chennai 600077,THIRUVALLUR,SELF FINANCING COLLEGES TIER 2,CE,CIVIL  ENGINEERING,127.5,,,,106.0,,,0,0,0,0,0,0,0
1114,S A Engineering College (Autonomous)  Thiruverkadu  Chennai 600077,THIRUVALLUR,SELF FINANCING COLLEGES TIER 2,CS,COMPUTER SCIENCE AND ENGINEERING,159.0,149.5,144.0,146.0,130.5,,,0,0,0,0,0,0,0
1114,S A Engineering College (Autonomous)  Thiruverkadu  Chennai 600077,THIRUVALLUR,SELF FINANCING COLLEGES TIER 2,EC,ELECTRONICS AND COMMUNICATION ENGINEERING,150.5,137.0,135.0,135.5,108.5,,,0,0,0,0,0,0,0
1114,S A Engineering College (Autonomous)  Thiruverkadu  Chennai 600077,THIRUVALLUR,SELF FINANCING COLLEGES TIER 2,EE,ELECTRICAL AND ELECTRONICS ENGINEERING,132.5,116.0,129.0,80.0,106.0,,,0,0,1,1,1,0,0
1114,S A Engineering College (Autonomous)  Thiruverkadu  Chennai 600077,THIRUVALLUR,SELF FINANCING COLLEGES TIER 2,EV,Electronics Engineering (VLSI design and Technology),136.5,109.5,,109.5,106.0,,,0,1,0,1,1,0,0
1114,S A Engineering College (Autonomous)  Thiruverkadu  Chennai 600077,THIRUVALLUR,SELF FINANCING COLLEGES TIER 2,IT,INFORMATION TECHNOLOGY,156.5,146.0,150.0,145.5,120.5,,,0,0,0,0,0,0,0
1114,S A Engineering College (Autonomous)  Thiruverkadu  Chennai 600077,THIRUVALLUR,SELF FINANCING COLLEGES TIER 2,ME,MECHANICAL ENGINEERING,117.5,85.0,109.5,98.5,85.0,,,0,1,1,1,1,0,0
1114,S A Engineering College (Autonomous)  Thiruverkadu  Chennai 600077,THIRUVALLUR,SELF FINANCING COLLEGES TIER 2,SC,Computer Science and Engineering (Cyber Security),152.665,142.5,138.0,147.0,115.0,,,0,0,0,0,0,0,0
1115,Sri Ram Engineering College  Perumalpattu  Veppampattu (R S)  Thiruvallur District 602 024,THIRUVALLUR,SELF FINANCING COLLEGES TIER 3,AD,ARTIFICIAL INTELLIGENCE AND DATA SCIENCE,124.0,99.5,,108.5,119.0,,,0,1,0,1,1,0,0
1115,Sri Ram Engineering College  Perumalpattu  Veppampattu (R S)  Thiruvallur District 602 024,THIRUVALLUR,SELF FINANCING COLLEGES TIER 3,AM,COMPUTER SCIENCE AND ENGINEERING (ARTIFICIAL INTELLIGENCE AND MACHINE LEARNING),100.0,,,,93.0,,,0,0,0,0,1,0,0
1115,Sri Ram Engineering College  Perumalpattu  Veppampattu (R S)  Thiruvallur District 602 024,THIRUVALLUR,SELF FINANCING COLLEGES TIER 3,CB,COMPUTER SCIENCE AND BUSSINESS SYSTEM,102.5,,,,,,,1,0,0,0,0,0,0
1115,Sri Ram Engineering College  Perumalpattu  Veppampattu (R S)  Thiruvallur District 602 024,THIRUVALLUR,SELF FINANCING COLLEGES TIER 3,CS,COMPUTER SCIENCE AND ENGINEERING,136.5,94.0,126.5,94.0,104.0,,,0,0,0,1,1,0,0
1115,Sri Ram Engineering College  Perumalpattu  Veppampattu (R S)  Thiruvallur District 602 024,THIRUVALLUR,SELF FINANCING COLLEGES TIER 3,EC,ELECTRONICS AND COMMUNICATION ENGINEERING,114.5,91.0,,102.5,,,,0,1,0,1,0,0,0
1115,Sri Ram Engineering College  Perumalpattu  Veppampattu (R S)  Thiruvallur District 602 024,THIRUVALLUR,SELF FINANCING COLLEGES TIER 3,EE,ELECTRICAL AND ELECTRONICS ENGINEERING,100.0,,,,,,,1,0,0,0,0,0,0
1115,Sri Ram Engineering College  Perumalpattu  Veppampattu (R S)  Thiruvallur District 602 024,THIRUVALLUR,SELF FINANCING COLLEGES TIER 3,ME,MECHANICAL ENGINEERING,91.5,,,,,,,1,0,0,0,0,0,0
1115,Sri Ram Engineering College  Perumalpattu  Veppampattu (R S)  Thiruvallur District 602 024,THIRUVALLUR,SELF FINANCING COLLEGES TIER 3,SC,Computer Science and Engineering (Cyber Security),90.0,,,,,,,0,0,0,0,0,0,0
1116,Sri Venkateswara College of Engineering and Technology  Thirupachur  Thiruvallur District 631203,THIRUVALLUR,SELF FINANCING COLLEGES TIER 3,AD,ARTIFICIAL INTELLIGENCE AND DATA SCIENCE,136.0,117.499999999999,107.0,98.5,100.5,,,0,0,0,0,1,0,0
1116,Sri Venkateswara College of Engineering and Technology  Thirupachur  Thiruvallur District 631203,THIRUVALLUR,SELF FINANCING COLLEGES TIER 3,AM,COMPUTER SCIENCE AND ENGINEERING (ARTIFICIAL INTELLIGENCE AND MACHINE LEARNING),132.0,105.5,121.0,103.5,,,,0,0,0,0,0,0,0
1116,Sri Venkateswara College of Engineering and Technology  Thirupachur  Thiruvallur District 631203,THIRUVALLUR,SELF FINANCING COLLEGES TIER 3,CE,CIVIL  ENGINEERING,83.5,,,,,,,1,0,0,0,0,0,0
1116,Sri Venkateswara College of Engineering and Technology  Thirupachur  Thiruvallur District 631203,THIRUVALLUR,SELF FINANCING COLLEGES TIER 3,CS,COMPUTER SCIENCE AND ENGINEERING,164.5,153.0,150.0,143.0,114.5,,,0,0,0,0,0,0,0
1116,Sri Venkateswara College of Engineering and Technology  Thirupachur  Thiruvallur District 631203,THIRUVALLUR,SELF FINANCING COLLEGES TIER 3,EC,ELECTRONICS AND COMMUNICATION ENGINEERING,134.0,94.5,115.0,93.0,,,,0,1,1,1,0,0,0
1116,Sri Venkateswara College of Engineering and Technology  Thirupachur  Thiruvallur District 631203,THIRUVALLUR,SELF FINANCING COLLEGES TIER 3,EE,ELECTRICAL AND ELECTRONICS ENGINEERING,91.0,,,,,,,0,0,0,0,0,0,0
1116,Sri Venkateswara College of Engineering and Technology  Thirupachur  Thiruvallur District 631203,THIRUVALLUR,SELF FINANCING COLLEGES TIER 3,IT,INFORMATION TECHNOLOGY,151.5,143.0,,134.5,133.0,,,0,0,0,0,1,0,0
1116,Sri Venkateswara College of Engineering and Technology  Thirupachur  Thiruvallur District 631203,THIRUVALLUR,SELF FINANCING COLLEGES TIER 3,ME,MECHANICAL ENGINEERING,111.0,,,,,,,1,0,0,0,0,0,0
1116,Sri Venkateswara College of Engineering and Technology  Thirupachur  Thiruvallur District 631203,THIRUVALLUR,SELF FINANCING COLLEGES TIER 3,SC,Computer Science and Engineering (Cyber Security),135.5,103.0,110.5,98.0,113.5,,,0,0,0,0,0,0,0
1118,Vel Tech Multi Tech Dr. Rangarajan Dr. Sakunthala Engineering College (Autonomous)  Avadi-Alamathi Road  Chennai 600 062,THIRUVALLUR,SELF FINANCING COLLEGES TIER 3,AD,ARTIFICIAL INTELLIGENCE AND DATA SCIENCE,164.5,154.5,145.0,155.5,129.0,153.5,,0,0,0,0,0,1,0
1118,Vel Tech Multi Tech Dr. Rangarajan Dr. Sakunthala Engineering College (Autonomous)  Avadi-Alamathi Road  Chennai 600 062,THIRUVALLUR,SELF FINANCING COLLEGES TIER 3,BM,BIO MEDICAL ENGINEERING,144.5,129.5,109.5,111.5,118.0,,96.5,0,0,0,0,0,0,0
1118,Vel Tech Multi Tech Dr. Rangarajan Dr. Sakunthala Engineering College (Autonomous)  Avadi-Alamathi Road  Chennai 600 062,THIRUVALLUR,SELF FINANCING COLLEGES TIER 3,CB,COMPUTER SCIENCE AND BUSSINESS SYSTEM,156.0,151.0,144.0,146.0,122.0,,,0,0,0,0,0,0,0
1118,Vel Tech Multi Tech Dr. Rangarajan Dr. Sakunthala Engineering College (Autonomous)  Avadi-Alamathi Road  Chennai 600 062,THIRUVALLUR,SELF FINANCING COLLEGES TIER 3,CS,COMPUTER SCIENCE AND ENGINEERING,168.0,155.0,149.5,153.5,130.0,112.5,,0,0,0,0,0,1,0
1118,Vel Tech Multi Tech Dr. Rangarajan Dr. Sakunthala Engineering College (Autonomous)  Avadi-Alamathi Road  Chennai 600 062,THIRUVALLUR,SELF FINANCING COLLEGES TIER 3,EC,ELECTRONICS AND COMMUNICATION ENGINEERING,161.0,149.5,155.0,146.0,122.0,134.5,,0,0,0,0,0,1,0
1118,Vel Tech Multi Tech Dr. Rangarajan Dr. Sakunthala Engineering College (Autonomous)  Avadi-Alamathi Road  Chennai 600 062,THIRUVALLUR,SELF FINANCING COLLEGES TIER 3,EE,ELECTRICAL AND ELECTRONICS ENGINEERING,143.5,137.5,145.0,134.0,108.0,,119.0,0,0,0,0,0,0,0
1118,Vel Tech Multi Tech Dr. Rangarajan Dr. Sakunthala Engineering College (Autonomous)  Avadi-Alamathi Road  Chennai 600 062,THIRUVALLUR,SELF FINANCING COLLEGES TIER 3,IT,INFORMATION TECHNOLOGY,162.5,153.0,146.5,151.5,125.0,152.5,,0,0,0,0,0,1,0
1118,Vel Tech Multi Tech Dr. Rangarajan Dr. Sakunthala Engineering College (Autonomous)  Avadi-Alamathi Road  Chennai 600 062,THIRUVALLUR,SELF FINANCING COLLEGES TIER 3,ME,MECHANICAL ENGINEERING,130.0,105.0,91.5,110.0,95.0,97.0,,0,0,0,0,1,0,0
1120,Velammal Engineering College (Autonomous)  Ambattur-Redhills Road  Chennai 600066,THIRUVALLUR,SELF FINANCING COLLEGES TIER 1,AD,ARTIFICIAL INTELLIGENCE AND DATA SCIENCE,165.5,155.0,151.5,154.0,129.0,102.0,,0,0,0,0,0,1,0
1120,Velammal Engineering College (Autonomous)  Ambattur-Redhills Road  Chennai 600066,THIRUVALLUR,SELF FINANCING COLLEGES TIER 1,AU,AUTOMOBILE ENGINEERING,135.0,102.0,129.5,96.0,114.0,,,0,1,0,0,1,0,0
1120,Velammal Engineering College (Autonomous)  Ambattur-Redhills Road  Chennai 600066,THIRUVALLUR,SELF FINANCING COLLEGES TIER 1,CE,CIVIL  ENGINEERING,144.5,101.5,,106.5,98.0,,,0,0,0,0,1,0,0
1120,Velammal Engineering College (Autonomous)  Ambattur-Redhills Road  Chennai 600066,THIRUVALLUR,SELF FINANCING COLLEGES TIER 1,CS,COMPUTER SCIENCE AND ENGINEERING,168.5,157.5,159.0,152.0,129.5,,115.5,0,0,0,0,0,0,0
1120,Velammal Engineering College (Autonomous)  Ambattur-Redhills Road  Chennai 600066,THIRUVALLUR,SELF FINANCING COLLEGES TIER 1,EC,ELECTRONICS AND COMMUNICATION ENGINEERING,161.5,150.0,142.0,149.0,119.5,,,0,0,0,0,0,0,0
1120,Velammal Engineering College (Autonomous)  Ambattur-Redhills Road  Chennai 600066,THIRUVALLUR,SELF FINANCING COLLEGES TIER 1,EE,ELECTRICAL AND ELECTRONICS ENGINEERING,150.5,143.5,150.0,142.0,104.0,,,0,0,0,0,0,0,0
1120,Velammal Engineering College (Autonomous)  Ambattur-Redhills Road  Chennai 600066,THIRUVALLUR,SELF FINANCING COLLEGES TIER 1,EI,ELECTRONICS AND INSTRUMENTATION ENGINEERING,156.0,140.5,152.0,137.5,121.0,,,0,0,0,0,0,0,0
1120,Velammal Engineering College (Autonomous)  Ambattur-Redhills Road  Chennai 600066,THIRUVALLUR,SELF FINANCING COLLEGES TIER 1,IT,INFORMATION TECHNOLOGY,165.5,156.0,160.0,151.5,127.5,,,0,0,0,0,0,0,0
1120,Velammal Engineering College (Autonomous)  Ambattur-Redhills Road  Chennai 600066,THIRUVALLUR,SELF FINANCING COLLEGES TIER 1,ME,MECHANICAL ENGINEERING,146.5,122.0,139.5,124.0,105.0,,,0,0,0,0,0,0,0
1120,Velammal Engineering College (Autonomous)  Ambattur-Redhills Road  Chennai 600066,THIRUVALLUR,SELF FINANCING COLLEGES TIER 1,SC,Computer Science and Engineering (Cyber Security),163.0,155.5,148.5,149.0,123.5,,,0,0,0,0,0,0,0
1121,Sri Venkateswara Institute of Science and Technology  Kozhundalur  Thiruvallur District 631203,THIRUVALLUR,SELF FINANCING COLLEGES TIER 3,AD,ARTIFICIAL INTELLIGENCE AND DATA SCIENCE,106.0,,,,,,,1,0,0,0,0,0,0
1121,Sri Venkateswara Institute of Science and Technology  Kozhundalur  Thiruvallur District 631203,THIRUVALLUR,SELF FINANCING COLLEGES TIER 3,CE,CIVIL  ENGINEERING,88.5,,,,,,,1,0,0,0,0,0,0
1121,Sri Venkateswara Institute of Science and Technology  Kozhundalur  Thiruvallur District 631203,THIRUVALLUR,SELF FINANCING COLLEGES TIER 3,CS,COMPUTER SCIENCE AND ENGINEERING,119.5,109.0,111.0,85.0,,,,0,1,1,1,0,0,0
1121,Sri Venkateswara Institute of Science and Technology  Kozhundalur  Thiruvallur District 631203,THIRUVALLUR,SELF FINANCING COLLEGES TIER 3,EC,ELECTRONICS AND COMMUNICATION ENGINEERING,102.0,,,,,,,1,0,0,0,0,0,0
1121,Sri Venkateswara Institute of Science and Technology  Kozhundalur  Thiruvallur District 631203,THIRUVALLUR,SELF FINANCING COLLEGES TIER 3,EE,ELECTRICAL AND ELECTRONICS ENGINEERING,,,,,,,,0,0,0,0,0,0,0
1121,Sri Venkateswara Institute of Science and Technology  Kozhundalur  Thiruvallur District 631203,THIRUVALLUR,SELF FINANCING COLLEGES TIER 3,ME,MECHANICAL ENGINEERING,,,,,,,,0,0,0,0,0,0,0
1121,Sri Venkateswara Institute of Science and Technology  Kozhundalur  Thiruvallur District 631203,THIRUVALLUR,SELF FINANCING COLLEGES TIER 3,SC,Computer Science and Engineering (Cyber Security),92.5,,,,,,,1,0,0,0,0,0,0
1122,Vel Tech High Tech Dr. Rangarajan Dr. Sakunthala Engineering College (Autonomous)  Avadi-Alamathi Road  Chennai 600 062,THIRUVALLUR,SELF FINANCING COLLEGES TIER 2,AD,ARTIFICIAL INTELLIGENCE AND DATA SCIENCE,163.0,154.0,156.0,156.5,134.0,110.5,,0,0,0,0,0,0,0
1122,Vel Tech High Tech Dr. Rangarajan Dr. Sakunthala Engineering College (Autonomous)  Avadi-Alamathi Road  Chennai 600 062,THIRUVALLUR,SELF FINANCING COLLEGES TIER 2,AM,COMPUTER SCIENCE AND ENGINEERING (ARTIFICIAL INTELLIGENCE AND MACHINE LEARNING),159.5,151.0,145.0,148.0,124.5,120.0,,0,0,0,0,0,0,0
1122,Vel Tech High Tech Dr. Rangarajan Dr. Sakunthala Engineering College (Autonomous)  Avadi-Alamathi Road  Chennai 600 062,THIRUVALLUR,SELF FINANCING COLLEGES TIER 2,BT,BIO TECHNOLOGY,146.5,133.5,143.0,119.5,114.5,,,0,0,1,0,0,0,0
1122,Vel Tech High Tech Dr. Rangarajan Dr. Sakunthala Engineering College (Autonomous)  Avadi-Alamathi Road  Chennai 600 062,THIRUVALLUR,SELF FINANCING COLLEGES TIER 2,CE,CIVIL  ENGINEERING,118.499999999999,109.0,,98.5,86.0,,,0,1,0,0,1,0,0
1122,Vel Tech High Tech Dr. Rangarajan Dr. Sakunthala Engineering College (Autonomous)  Avadi-Alamathi Road  Chennai 600 062,THIRUVALLUR,SELF FINANCING COLLEGES TIER 2,CH,CHEMICAL  ENGINEERING,139.5,117.0,91.0,93.0,104.5,,,0,0,0,0,0,0,0
1122,Vel Tech High Tech Dr. Rangarajan Dr. Sakunthala Engineering College (Autonomous)  Avadi-Alamathi Road  Chennai 600 062,THIRUVALLUR,SELF FINANCING COLLEGES TIER 2,CS,COMPUTER SCIENCE AND ENGINEERING,163.0,151.5,148.5,153.0,126.0,113.5,,0,0,0,0,0,1,0
1122,Vel Tech High Tech Dr. Rangarajan Dr. Sakunthala Engineering College (Autonomous)  Avadi-Alamathi Road  Chennai 600 062,THIRUVALLUR,SELF FINANCING COLLEGES TIER 2,EC,ELECTRONICS AND COMMUNICATION ENGINEERING,156.0,146.5,148.0,145.5,128.0,,,0,0,0,0,0,0,0
1122,Vel Tech High Tech Dr. Rangarajan Dr. Sakunthala Engineering College (Autonomous)  Avadi-Alamathi Road  Chennai 600 062,THIRUVALLUR,SELF FINANCING COLLEGES TIER 2,IT,INFORMATION TECHNOLOGY,160.0,150.5,150.5,150.5,124.0,112.5,,0,0,0,0,0,1,0
1122,Vel Tech High Tech Dr. Rangarajan Dr. Sakunthala Engineering College (Autonomous)  Avadi-Alamathi Road  Chennai 600 062,THIRUVALLUR,SELF FINANCING COLLEGES TIER 2,ME,MECHANICAL ENGINEERING,123.5,84.5,,102.5,88.0,,95.0,0,1,0,0,0,0,0
1123,Gojan School of Business and Technology  Alamathi  Chennai 600062,THIRUVALLUR,SELF FINANCING COLLEGES TIER 3,AD,ARTIFICIAL INTELLIGENCE AND DATA SCIENCE,130.5,,99.5,128.0,126.5,,,0,0,0,1,1,0,0
1123,Gojan School of Business and Technology  Alamathi  Chennai 600062,THIRUVALLUR,SELF FINANCING COLLEGES TIER 3,AE,AERONAUTICAL ENGINEERING,127.0,84.0,108.0,88.0,113.5,,,0,1,0,1,0,0,0
1123,Gojan School of Business and Technology  Alamathi  Chennai 600062,THIRUVALLUR,SELF FINANCING COLLEGES TIER 3,AM,COMPUTER SCIENCE AND ENGINEERING (ARTIFICIAL INTELLIGENCE AND MACHINE LEARNING),128.0,102.0,,102.5,108.0,,,0,0,0,1,0,0,0
1123,Gojan School of Business and Technology  Alamathi  Chennai 600062,THIRUVALLUR,SELF FINANCING COLLEGES TIER 3,CB,COMPUTER SCIENCE AND BUSSINESS SYSTEM,98.5,91.0,,,,,,0,1,0,0,0,0,0
1123,Gojan School of Business and Technology  Alamathi  Chennai 600062,THIRUVALLUR,SELF FINANCING COLLEGES TIER 3,CO,COMPUTER AND  COMMUNICATION ENGINEERING,116.0,101.0,,89.0,,,,0,1,0,1,0,0,0
1123,Gojan School of Business and Technology  Alamathi  Chennai 600062,THIRUVALLUR,SELF FINANCING COLLEGES TIER 3,CS,COMPUTER SCIENCE AND ENGINEERING,134.5,91.5,,106.0,111.5,,,0,0,0,0,0,0,0
1123,Gojan School of Business and Technology  Alamathi  Chennai 600062,THIRUVALLUR,SELF FINANCING COLLEGES TIER 3,EC,ELECTRONICS AND COMMUNICATION ENGINEERING,124.0,105.0,,98.0,107.0,,,0,1,0,0,0,0,0
1123,Gojan School of Business and Technology  Alamathi  Chennai 600062,THIRUVALLUR,SELF FINANCING COLLEGES TIER 3,IT,INFORMATION TECHNOLOGY,131.0,90.0,110.0,97.0,106.0,,,0,1,0,0,1,0,0
1123,Gojan School of Business and Technology  Alamathi  Chennai 600062,THIRUVALLUR,SELF FINANCING COLLEGES TIER 3,MD,MEDICAL ELECTRONICS ENGINEERING,116.0,112.5,,85.0,98.5,,91.5,0,1,0,1,1,0,0
1123,Gojan School of Business and Technology  Alamathi  Chennai 600062,THIRUVALLUR,SELF FINANCING COLLEGES TIER 3,MU,MECHANICAL AND AUTOMATION ENGINEERING,105.5,103.5,,86.0,,,,0,1,0,0,0,0,0
1123,Gojan School of Business and Technology  Alamathi  Chennai 600062,THIRUVALLUR,SELF FINANCING COLLEGES TIER 3,PH,PHARMACEUTICAL TECHNOLOGY,101.5,,,,,,,1,0,0,0,0,0,0
1123,Gojan School of Business and Technology  Alamathi  Chennai 600062,THIRUVALLUR,SELF FINANCING COLLEGES TIER 3,SC,Computer Science and Engineering (Cyber Security),116.0,104.5,110.0,87.0,108.0,97.0,,0,1,0,1,0,0,0
1124,SAMS College of Engineering and Technology  Panappakkam  Chennai-Tirupathi Road  Uthukkottai Taluk  Thiruvallur District 601102,THIRUVALLUR,SELF FINANCING COLLEGES TIER 3,AD,ARTIFICIAL INTELLIGENCE AND DATA SCIENCE,,,,,,,,0,0,0,0,0,0,0
1124,SAMS College of Engineering and Technology  Panappakkam  Chennai-Tirupathi Road  Uthukkottai Taluk  Thiruvallur District 601102,THIRUVALLUR,SELF FINANCING COLLEGES TIER 3,AE,AERONAUTICAL ENGINEERING,,,,,,,,0,0,0,0,0,0,0
1124,SAMS College of Engineering and Technology  Panappakkam  Chennai-Tirupathi Road  Uthukkottai Taluk  Thiruvallur District 601102,THIRUVALLUR,SELF FINANCING COLLEGES TIER 3,AM,COMPUTER SCIENCE AND ENGINEERING (ARTIFICIAL INTELLIGENCE AND MACHINE LEARNING),,,,,,,,0,0,0,0,0,0,0
1124,SAMS College of Engineering and Technology  Panappakkam  Chennai-Tirupathi Road  Uthukkottai Taluk  Thiruvallur District 601102,THIRUVALLUR,SELF FINANCING COLLEGES TIER 3,CO,COMPUTER AND  COMMUNICATION ENGINEERING,,,,,,,,0,0,0,0,0,0,0
1124,SAMS College of Engineering and Technology  Panappakkam  Chennai-Tirupathi Road  Uthukkottai Taluk  Thiruvallur District 601102,THIRUVALLUR,SELF FINANCING COLLEGES TIER 3,CS,COMPUTER SCIENCE AND ENGINEERING,98.5,,,,,,,1,0,0,0,0,0,0
1124,SAMS College of Engineering and Technology  Panappakkam  Chennai-Tirupathi Road  Uthukkottai Taluk  Thiruvallur District 601102,THIRUVALLUR,SELF FINANCING COLLEGES TIER 3,ME,MECHANICAL ENGINEERING,89.5,,,,,,,1,0,0,0,0,0,0
1124,SAMS College of Engineering and Technology  Panappakkam  Chennai-Tirupathi Road  Uthukkottai Taluk  Thiruvallur District 601102,THIRUVALLUR,SELF FINANCING COLLEGES TIER 3,MR,MARINE ENGINEERING,,,,,,,,0,0,0,0,0,0,0
1124,SAMS College of Engineering and Technology  Panappakkam  Chennai-Tirupathi Road  Uthukkottai Taluk  Thiruvallur District 601102,THIRUVALLUR,SELF FINANCING COLLEGES TIER 3,SC,Computer Science and Engineering (Cyber Security),97.0,,,,,,,1,0,0,0,0,0,0
1125,PMR Engineering College Adayalampattu  Chennai-600095,CHENNAI,SELF FINANCING COLLEGES TIER 3,AD,ARTIFICIAL INTELLIGENCE AND DATA SCIENCE,107.5,,,,,,,1,0,0,0,0,0,0
1125,PMR Engineering College Adayalampattu  Chennai-600095,CHENNAI,SELF FINANCING COLLEGES TIER 3,AE,AERONAUTICAL ENGINEERING,,,,,,,,0,0,0,0,0,0,0
1125,PMR Engineering College Adayalampattu  Chennai-600095,CHENNAI,SELF FINANCING COLLEGES TIER 3,CE,CIVIL  ENGINEERING,,,,,,,,0,0,0,0,0,0,0
1125,PMR Engineering College Adayalampattu  Chennai-600095,CHENNAI,SELF FINANCING COLLEGES TIER 3,CS,COMPUTER SCIENCE AND ENGINEERING,105.5,,,,,,,1,0,0,0,0,0,0
1125,PMR Engineering College Adayalampattu  Chennai-600095,CHENNAI,SELF FINANCING COLLEGES TIER 3,EC,ELECTRONICS AND COMMUNICATION ENGINEERING,,,,,,,,0,0,0,0,0,0,0
1125,PMR Engineering College Adayalampattu  Chennai-600095,CHENNAI,SELF FINANCING COLLEGES TIER 3,EE,ELECTRICAL AND ELECTRONICS ENGINEERING,,,,,,,,0,0,0,0,0,0,0
1125,PMR Engineering College Adayalampattu  Chennai-600095,CHENNAI,SELF FINANCING COLLEGES TIER 3,ME,MECHANICAL ENGINEERING,,,,,,,,0,0,0,0,0,0,0
1125,PMR Engineering College Adayalampattu  Chennai-600095,CHENNAI,SELF FINANCING COLLEGES TIER 3,SC,Computer Science and Engineering (Cyber Security),110.5,,,,,,,1,0,0,0,0,0,0
1126,J N N Institute of Engineering  Ushaa Garden  Kannigaipair Village (Autonomous) Uthukottai Taluk  Thiruvallur District 601102,THIRUVALLUR,SELF FINANCING COLLEGES TIER 3,AD,ARTIFICIAL INTELLIGENCE AND DATA SCIENCE,127.0,101.5,,95.0,105.5,,,0,0,0,1,1,0,0
1126,J N N Institute of Engineering  Ushaa Garden  Kannigaipair Village (Autonomous) Uthukottai Taluk  Thiruvallur District 601102,THIRUVALLUR,SELF FINANCING COLLEGES TIER 3,AG,AGRICULTURAL ENGINEERING,171.605,94.5,,100.0,98.0,,,0,1,0,1,1,0,0
1126,J N N Institute of Engineering  Ushaa Garden  Kannigaipair Village (Autonomous) Uthukottai Taluk  Thiruvallur District 601102,THIRUVALLUR,SELF FINANCING COLLEGES TIER 3,BM,BIO MEDICAL ENGINEERING,126.5,,122.0,99.0,89.0,,,0,0,0,0,1,0,0
1126,J N N Institute of Engineering  Ushaa Garden  Kannigaipair Village (Autonomous) Uthukottai Taluk  Thiruvallur District 601102,THIRUVALLUR,SELF FINANCING COLLEGES TIER 3,CS,COMPUTER SCIENCE AND ENGINEERING,137.5,118.5,126.0,97.0,112.5,,,0,0,0,0,1,0,0
1126,J N N Institute of Engineering  Ushaa Garden  Kannigaipair Village (Autonomous) Uthukottai Taluk  Thiruvallur District 601102,THIRUVALLUR,SELF FINANCING COLLEGES TIER 3,EC,ELECTRONICS AND COMMUNICATION ENGINEERING,143.415,124.0,,114.0,109.0,,,0,1,0,1,1,0,0
1126,J N N Institute of Engineering  Ushaa Garden  Kannigaipair Village (Autonomous) Uthukottai Taluk  Thiruvallur District 601102,THIRUVALLUR,SELF FINANCING COLLEGES TIER 3,EV,Electronics Engineering (VLSI design and Technology),121.0,114.0,,114.0,105.5,,,0,1,0,1,1,0,0
1126,J N N Institute of Engineering  Ushaa Garden  Kannigaipair Village (Autonomous) Uthukottai Taluk  Thiruvallur District 601102,THIRUVALLUR,SELF FINANCING COLLEGES TIER 3,RM,ROBOTICS AND AUTOMATION,161.305,82.0,,108.0,119.5,,,0,1,0,1,1,0,0
1126,J N N Institute of Engineering  Ushaa Garden  Kannigaipair Village (Autonomous) Uthukottai Taluk  Thiruvallur District 601102,THIRUVALLUR,SELF FINANCING COLLEGES TIER 3,SC,Computer Science and Engineering (Cyber Security),131.5,105.5,110.5,106.5,125.0,,,0,0,0,1,1,0,0
1127,St. Peters College of Engineering and Technology  College Road  Avadi  Chennai 600 054,THIRUVALLUR,SELF FINANCING COLLEGES TIER 3,AD,ARTIFICIAL INTELLIGENCE AND DATA SCIENCE,131.0,100.0,,91.0,95.5,,,0,0,0,0,1,0,0
1127,St. Peters College of Engineering and Technology  College Road  Avadi  Chennai 600 054,THIRUVALLUR,SELF FINANCING COLLEGES TIER 3,BT,BIO TECHNOLOGY,121.0,90.5,91.5,80.5,85.5,,,0,1,1,1,0,0,0
1127,St. Peters College of Engineering and Technology  College Road  Avadi  Chennai 600 054,THIRUVALLUR,SELF FINANCING COLLEGES TIER 3,CE,CIVIL  ENGINEERING,,,,,,,,0,0,0,0,0,0,0
1127,St. Peters College of Engineering and Technology  College Road  Avadi  Chennai 600 054,THIRUVALLUR,SELF FINANCING COLLEGES TIER 3,CH,CHEMICAL  ENGINEERING,121.0,95.0,,115.5,92.0,,,0,0,0,1,1,0,0
1127,St. Peters College of Engineering and Technology  College Road  Avadi  Chennai 600 054,THIRUVALLUR,SELF FINANCING COLLEGES TIER 3,CS,COMPUTER SCIENCE AND ENGINEERING,143.5,119.5,124.5,106.0,105.5,,,0,0,0,0,0,0,0
1127,St. Peters College of Engineering and Technology  College Road  Avadi  Chennai 600 054,THIRUVALLUR,SELF FINANCING COLLEGES TIER 3,EC,ELECTRONICS AND COMMUNICATION ENGINEERING,111.5,89.5,109.0,105.5,94.0,,,0,1,0,1,1,0,0
1127,St. Peters College of Engineering and Technology  College Road  Avadi  Chennai 600 054,THIRUVALLUR,SELF FINANCING COLLEGES TIER 3,EE,ELECTRICAL AND ELECTRONICS ENGINEERING,105.0,103.5,,89.0,99.0,,,0,1,0,1,1,0,0
1127,St. Peters College of Engineering and Technology  College Road  Avadi  Chennai 600 054,THIRUVALLUR,SELF FINANCING COLLEGES TIER 3,IT,INFORMATION TECHNOLOGY,134.0,93.5,118.5,112.0,86.5,,,0,1,0,1,1,0,0
1127,St. Peters College of Engineering and Technology  College Road  Avadi  Chennai 600 054,THIRUVALLUR,SELF FINANCING COLLEGES TIER 3,ME,MECHANICAL ENGINEERING,98.0,,,,,,,0,0,0,0,0,0,0
1128,R M K College of Engineering and Technology (Autonomous)  Puduvoyal  Gummidipoondi Taluk  Thiruvallur District 601206,THIRUVALLUR,SELF FINANCING COLLEGES TIER 1,AD,ARTIFICIAL INTELLIGENCE AND DATA SCIENCE,174.0,167.5,164.0,159.5,150.5,,,0,0,0,0,0,0,0
1128,R M K College of Engineering and Technology (Autonomous)  Puduvoyal  Gummidipoondi Taluk  Thiruvallur District 601206,THIRUVALLUR,SELF FINANCING COLLEGES TIER 1,CS,COMPUTER SCIENCE AND ENGINEERING,173.0,166.5,157.5,161.0,131.0,,109.5,0,0,0,0,0,0,0
1128,R M K College of Engineering and Technology (Autonomous)  Puduvoyal  Gummidipoondi Taluk  Thiruvallur District 601206,THIRUVALLUR,SELF FINANCING COLLEGES TIER 1,EC,ELECTRONICS AND COMMUNICATION ENGINEERING,170.0,164.0,159.0,159.5,126.0,,,0,0,0,0,0,0,0
1128,R M K College of Engineering and Technology (Autonomous)  Puduvoyal  Gummidipoondi Taluk  Thiruvallur District 601206,THIRUVALLUR,SELF FINANCING COLLEGES TIER 1,SC,Computer Science and Engineering (Cyber Security),169.0,164.0,157.5,160.5,135.0,,,0,0,0,0,0,0,0
1133,Annai Veilankannis College of Engineering  Gandhi Road  Nedungundram  Chennai 600048,KANCHEEPURAM,SELF FINANCING COLLEGES TIER 3,AD,ARTIFICIAL INTELLIGENCE AND DATA SCIENCE,112.0,89.0,,106.0,97.0,,,0,1,0,1,1,0,0
1133,Annai Veilankannis College of Engineering  Gandhi Road  Nedungundram  Chennai 600048,KANCHEEPURAM,SELF FINANCING COLLEGES TIER 3,CE,CIVIL  ENGINEERING,,,,,,,,0,0,0,0,0,0,0
1133,Annai Veilankannis College of Engineering  Gandhi Road  Nedungundram  Chennai 600048,KANCHEEPURAM,SELF FINANCING COLLEGES TIER 3,CS,COMPUTER SCIENCE AND ENGINEERING,129.5,107.5,95.0,112.5,109.0,,,0,1,0,1,1,0,0
1133,Annai Veilankannis College of Engineering  Gandhi Road  Nedungundram  Chennai 600048,KANCHEEPURAM,SELF FINANCING COLLEGES TIER 3,EC,ELECTRONICS AND COMMUNICATION ENGINEERING,102.5,90.0,95.5,81.5,87.5,,,0,1,0,0,1,0,0
1133,Annai Veilankannis College of Engineering  Gandhi Road  Nedungundram  Chennai 600048,KANCHEEPURAM,SELF FINANCING COLLEGES TIER 3,ME,MECHANICAL ENGINEERING,123.5,,,,,,,1,0,0,0,0,0,0
1137,Annai Mira College of Engineering and Technology  Arcot Road  Arappakkam Village  Walaja Taulk  Ranipet District 632 517,RANIPET,SELF FINANCING COLLEGES TIER 3,AD,ARTIFICIAL INTELLIGENCE AND DATA SCIENCE,157.0,139.5,127.5,136.0,116.0,140.0,,0,0,0,0,0,0,0
1137,Annai Mira College of Engineering and Technology  Arcot Road  Arappakkam Village  Walaja Taulk  Ranipet District 632 517,RANIPET,SELF FINANCING COLLEGES TIER 3,CE,CIVIL  ENGINEERING,97.5,97.5,,,,,,0,1,0,0,0,0,0
1137,Annai Mira College of Engineering and Technology  Arcot Road  Arappakkam Village  Walaja Taulk  Ranipet District 632 517,RANIPET,SELF FINANCING COLLEGES TIER 3,CS,COMPUTER SCIENCE AND ENGINEERING,154.0,128.5,129.5,136.5,106.5,118.5,,0,0,0,0,1,1,0
1137,Annai Mira College of Engineering and Technology  Arcot Road  Arappakkam Village  Walaja Taulk  Ranipet District 632 517,RANIPET,SELF FINANCING COLLEGES TIER 3,EC,ELECTRONICS AND COMMUNICATION ENGINEERING,132.5,119.0,119.0,128.0,101.5,,,0,0,0,0,1,0,0
1137,Annai Mira College of Engineering and Technology  Arcot Road  Arappakkam Village  Walaja Taulk  Ranipet District 632 517,RANIPET,SELF FINANCING COLLEGES TIER 3,EE,ELECTRICAL AND ELECTRONICS ENGINEERING,105.5,100.5,,95.0,,,,0,1,0,1,0,0,0
1137,Annai Mira College of Engineering and Technology  Arcot Road  Arappakkam Village  Walaja Taulk  Ranipet District 632 517,RANIPET,SELF FINANCING COLLEGES TIER 3,IT,INFORMATION TECHNOLOGY,145.5,131.5,,133.0,101.5,105.0,127.5,0,0,0,0,1,0,0
1137,Annai Mira College of Engineering and Technology  Arcot Road  Arappakkam Village  Walaja Taulk  Ranipet District 632 517,RANIPET,SELF FINANCING COLLEGES TIER 3,ME,MECHANICAL ENGINEERING,101.5,,,,,,,1,0,0,0,0,0,0
1140,Jeppiaar Institute of Technology kunnam Village Sriperumpudur Taulk Kancheepuram District 631604,KANCHEEPURAM,SELF FINANCING COLLEGES TIER 3,AD,ARTIFICIAL INTELLIGENCE AND DATA SCIENCE,153.5,147.0,148.5,142.5,117.0,,,0,0,0,0,0,0,0
1140,Jeppiaar Institute of Technology kunnam Village Sriperumpudur Taulk Kancheepuram District 631604,KANCHEEPURAM,SELF FINANCING COLLEGES TIER 3,CB,COMPUTER SCIENCE AND BUSSINESS SYSTEM,156.0,144.5,136.5,141.5,120.0,,,0,0,0,0,0,0,0
1140,Jeppiaar Institute of Technology kunnam Village Sriperumpudur Taulk Kancheepuram District 631604,KANCHEEPURAM,SELF FINANCING COLLEGES TIER 3,CS,COMPUTER SCIENCE AND ENGINEERING,157.0,148.0,142.0,146.0,111.5,,,0,0,0,0,0,0,0
1140,Jeppiaar Institute of Technology kunnam Village Sriperumpudur Taulk Kancheepuram District 631604,KANCHEEPURAM,SELF FINANCING COLLEGES TIER 3,EC,ELECTRONICS AND COMMUNICATION ENGINEERING,154.5,144.5,131.0,142.0,100.0,,,0,0,0,0,1,0,0
1140,Jeppiaar Institute of Technology kunnam Village Sriperumpudur Taulk Kancheepuram District 631604,KANCHEEPURAM,SELF FINANCING COLLEGES TIER 3,IT,INFORMATION TECHNOLOGY,152.0,145.5,122.5,145.0,106.0,,,0,0,0,0,0,0,0
1140,Jeppiaar Institute of Technology kunnam Village Sriperumpudur Taulk Kancheepuram District 631604,KANCHEEPURAM,SELF FINANCING COLLEGES TIER 3,ME,MECHANICAL ENGINEERING,157.0,127.5,,134.5,91.0,,,0,0,0,1,1,0,0
1149,St. Joseph's Institute of Technology (Autonomous)  Jeppiaar Nagar  Old Mahabalipuram Road (OMR)  Chennai 600119,CHENGALPET,SELF FINANCING COLLEGES TIER 1,AD,ARTIFICIAL INTELLIGENCE AND DATA SCIENCE,167.0,157.5,154.0,158.0,126.5,87.0,,0,0,0,0,0,1,0
1149,St. Joseph's Institute of Technology (Autonomous)  Jeppiaar Nagar  Old Mahabalipuram Road (OMR)  Chennai 600119,CHENGALPET,SELF FINANCING COLLEGES TIER 1,CS,COMPUTER SCIENCE AND ENGINEERING,174.0,166.5,150.5,162.5,131.5,,,0,0,0,0,0,0,0
1149,St. Joseph's Institute of Technology (Autonomous)  Jeppiaar Nagar  Old Mahabalipuram Road (OMR)  Chennai 600119,CHENGALPET,SELF FINANCING COLLEGES TIER 1,EC,ELECTRONICS AND COMMUNICATION ENGINEERING,166.0,156.5,150.5,154.5,120.5,,,0,0,0,0,0,0,0
1149,St. Joseph's Institute of Technology (Autonomous)  Jeppiaar Nagar  Old Mahabalipuram Road (OMR)  Chennai 600119,CHENGALPET,SELF FINANCING COLLEGES TIER 1,EE,ELECTRICAL AND ELECTRONICS ENGINEERING,153.5,142.0,144.0,140.5,102.5,,,0,0,0,0,1,0,0
1149,St. Joseph's Institute of Technology (Autonomous)  Jeppiaar Nagar  Old Mahabalipuram Road (OMR)  Chennai 600119,CHENGALPET,SELF FINANCING COLLEGES TIER 1,IT,INFORMATION TECHNOLOGY,167.5,159.0,149.0,156.0,126.5,,,0,0,0,0,0,0,0
1149,St. Joseph's Institute of Technology (Autonomous)  Jeppiaar Nagar  Old Mahabalipuram Road (OMR)  Chennai 600119,CHENGALPET,SELF FINANCING COLLEGES TIER 1,ME,MECHANICAL ENGINEERING,130.0,118.0,118.5,112.0,104.0,,,0,0,0,0,1,0,0
1150,Sri Jayaram Institute of Engineering and Technology  51 N  Elavur  58N  Natham  Gummidipoondi Taluk  Thiruvallur District 601201,THIRUVALLUR,SELF FINANCING COLLEGES TIER 3,AD,ARTIFICIAL INTELLIGENCE AND DATA SCIENCE,87.0,,,,,,,1,0,0,0,0,0,0
1150,Sri Jayaram Institute of Engineering and Technology  51 N  Elavur  58N  Natham  Gummidipoondi Taluk  Thiruvallur District 601201,THIRUVALLUR,SELF FINANCING COLLEGES TIER 3,AG,AGRICULTURAL ENGINEERING,,,,,,,,0,0,0,0,0,0,0
1150,Sri Jayaram Institute of Engineering and Technology  51 N  Elavur  58N  Natham  Gummidipoondi Taluk  Thiruvallur District 601201,THIRUVALLUR,SELF FINANCING COLLEGES TIER 3,BM,BIO MEDICAL ENGINEERING,106.0,,,,,,,1,0,0,0,0,0,0
1150,Sri Jayaram Institute of Engineering and Technology  51 N  Elavur  58N  Natham  Gummidipoondi Taluk  Thiruvallur District 601201,THIRUVALLUR,SELF FINANCING COLLEGES TIER 3,CS,COMPUTER SCIENCE AND ENGINEERING,89.5,,,,,,,1,0,0,0,0,0,0
1150,Sri Jayaram Institute of Engineering and Technology  51 N  Elavur  58N  Natham  Gummidipoondi Taluk  Thiruvallur District 601201,THIRUVALLUR,SELF FINANCING COLLEGES TIER 3,ME,MECHANICAL ENGINEERING,,,,,,,,0,0,0,0,0,0,0
1202,D M I College of Engineering  Palanchoor  Nazrethpet  Chennai 602103,KANCHEEPURAM,SELF FINANCING COLLEGES TIER 3,AD,ARTIFICIAL INTELLIGENCE AND DATA SCIENCE,151.5,139.5,140.5,116.0,106.5,,,0,0,0,0,0,0,0
1202,D M I College of Engineering  Palanchoor  Nazrethpet  Chennai 602103,KANCHEEPURAM,SELF FINANCING COLLEGES TIER 3,AM,COMPUTER SCIENCE AND ENGINEERING (ARTIFICIAL INTELLIGENCE AND MACHINE LEARNING),128.0,101.0,124.5,97.0,105.0,,,0,1,1,1,0,0,0
1202,D M I College of Engineering  Palanchoor  Nazrethpet  Chennai 602103,KANCHEEPURAM,SELF FINANCING COLLEGES TIER 3,CS,COMPUTER SCIENCE AND ENGINEERING,138.0,106.0,123.5,99.5,102.5,112.5,128.0,0,1,1,1,0,1,0
1202,D M I College of Engineering  Palanchoor  Nazrethpet  Chennai 602103,KANCHEEPURAM,SELF FINANCING COLLEGES TIER 3,EC,ELECTRONICS AND COMMUNICATION ENGINEERING,128.5,86.5,98.0,115.5,89.0,,,0,1,1,1,0,0,0
1202,D M I College of Engineering  Palanchoor  Nazrethpet  Chennai 602103,KANCHEEPURAM,SELF FINANCING COLLEGES TIER 3,EE,ELECTRICAL AND ELECTRONICS ENGINEERING,114.5,113.0,,92.0,89.0,,,0,1,0,1,0,0,0
1202,D M I College of Engineering  Palanchoor  Nazrethpet  Chennai 602103,KANCHEEPURAM,SELF FINANCING COLLEGES TIER 3,IT,INFORMATION TECHNOLOGY,137.0,83.5,,102.0,117.0,,,0,0,0,1,0,0,0
1202,D M I College of Engineering  Palanchoor  Nazrethpet  Chennai 602103,KANCHEEPURAM,SELF FINANCING COLLEGES TIER 3,ME,MECHANICAL ENGINEERING,115.5,101.0,,100.5,107.5,,,0,1,0,1,0,0,0
1207,Kings Engineering College  Sriperumpudur Taluk  Kancheepuram District 602105,KANCHEEPURAM,SELF FINANCING COLLEGES TIER 3,AD,ARTIFICIAL INTELLIGENCE AND DATA SCIENCE,154.5,128.5,,111.5,136.5,,,0,0,0,0,0,0,0
1207,Kings Engineering College  Sriperumpudur Taluk  Kancheepuram District 602105,KANCHEEPURAM,SELF FINANCING COLLEGES TIER 3,AM,COMPUTER SCIENCE AND ENGINEERING (ARTIFICIAL INTELLIGENCE AND MACHINE LEARNING),128.5,115.0,,106.5,94.0,,,0,0,0,0,0,0,0
1207,Kings Engineering College  Sriperumpudur Taluk  Kancheepuram District 602105,KANCHEEPURAM,SELF FINANCING COLLEGES TIER 3,BM,BIO MEDICAL ENGINEERING,104.5,96.5,,,88.5,,,0,1,0,0,1,0,0
1207,Kings Engineering College  Sriperumpudur Taluk  Kancheepuram District 602105,KANCHEEPURAM,SELF FINANCING COLLEGES TIER 3,CS,COMPUTER SCIENCE AND ENGINEERING,138.5,121.0,121.0,109.5,105.0,,,0,0,0,0,1,0,0
1207,Kings Engineering College  Sriperumpudur Taluk  Kancheepuram District 602105,KANCHEEPURAM,SELF FINANCING COLLEGES TIER 3,EC,ELECTRONICS AND COMMUNICATION ENGINEERING,128.5,105.5,,107.0,109.5,,,0,0,0,0,0,0,0
1207,Kings Engineering College  Sriperumpudur Taluk  Kancheepuram District 602105,KANCHEEPURAM,SELF FINANCING COLLEGES TIER 3,IT,INFORMATION TECHNOLOGY,136.0,108.0,127.0,109.5,93.5,,,0,0,0,0,1,0,0
1207,Kings Engineering College  Sriperumpudur Taluk  Kancheepuram District 602105,KANCHEEPURAM,SELF FINANCING COLLEGES TIER 3,ME,MECHANICAL ENGINEERING,91.5,,,,,,,0,0,0,0,0,0,0
1207,Kings Engineering College  Sriperumpudur Taluk  Kancheepuram District 602105,KANCHEEPURAM,SELF FINANCING COLLEGES TIER 3,RM,ROBOTICS AND AUTOMATION,102.5,87.0,,102.0,95.5,87.0,,0,1,0,1,1,0,0
1209,Pallavan College of Engineering  Thimmasamudram  Kancheepuram District 631502,KANCHEEPURAM,SELF FINANCING COLLEGES TIER 3,CE,CIVIL  ENGINEERING,,,,,,,,0,0,0,0,0,0,0
1209,Pallavan College of Engineering  Thimmasamudram  Kancheepuram District 631502,KANCHEEPURAM,SELF FINANCING COLLEGES TIER 3,CS,COMPUTER SCIENCE AND ENGINEERING,88.0,,,,,,,1,0,0,0,0,0,0
1209,Pallavan College of Engineering  Thimmasamudram  Kancheepuram District 631502,KANCHEEPURAM,SELF FINANCING COLLEGES TIER 3,EC,ELECTRONICS AND COMMUNICATION ENGINEERING,,,,,,,,0,0,0,0,0,0,0
1209,Pallavan College of Engineering  Thimmasamudram  Kancheepuram District 631502,KANCHEEPURAM,SELF FINANCING COLLEGES TIER 3,EE,ELECTRICAL AND ELECTRONICS ENGINEERING,,,,,,,,0,0,0,0,0,0,0
1209,Pallavan College of Engineering  Thimmasamudram  Kancheepuram District 631502,KANCHEEPURAM,SELF FINANCING COLLEGES TIER 3,IT,INFORMATION TECHNOLOGY,86.5,,,,,,,1,0,0,0,0,0,0
1209,Pallavan College of Engineering  Thimmasamudram  Kancheepuram District 631502,KANCHEEPURAM,SELF FINANCING COLLEGES TIER 3,ME,MECHANICAL ENGINEERING,84.0,,,,,,,1,0,0,0,0,0,0
1210,Panimalar Engineering College (Autonomous)  Nazarethpet  Poonamallee  Chennai 602123,THIRUVALLUR,SELF FINANCING COLLEGES TIER 1,AD,ARTIFICIAL INTELLIGENCE AND DATA SCIENCE,169.0,159.5,152.5,155.5,125.0,122.0,102.0,0,0,0,0,0,1,1
1210,Panimalar Engineering College (Autonomous)  Nazarethpet  Poonamallee  Chennai 602123,THIRUVALLUR,SELF FINANCING COLLEGES TIER 1,AL,Artificial Intelligence and Machine Learning,163.5,155.0,149.5,153.5,126.0,135.0,,0,0,0,0,0,1,0
1210,Panimalar Engineering College (Autonomous)  Nazarethpet  Poonamallee  Chennai 602123,THIRUVALLUR,SELF FINANCING COLLEGES TIER 1,CB,COMPUTER SCIENCE AND BUSSINESS SYSTEM,161.5,154.0,145.5,152.0,118.0,,116.0,0,0,0,0,0,0,0
1210,Panimalar Engineering College (Autonomous)  Nazarethpet  Poonamallee  Chennai 602123,THIRUVALLUR,SELF FINANCING COLLEGES TIER 1,CS,COMPUTER SCIENCE AND ENGINEERING,173.0,163.0,158.5,158.0,133.5,109.0,118.0,0,0,0,0,0,1,0
1210,Panimalar Engineering College (Autonomous)  Nazarethpet  Poonamallee  Chennai 602123,THIRUVALLUR,SELF FINANCING COLLEGES TIER 1,EC,ELECTRONICS AND COMMUNICATION ENGINEERING,165.5,155.5,150.0,153.5,121.5,117.5,107.0,0,0,0,0,0,1,0
1210,Panimalar Engineering College (Autonomous)  Nazarethpet  Poonamallee  Chennai 602123,THIRUVALLUR,SELF FINANCING COLLEGES TIER 1,EE,ELECTRICAL AND ELECTRONICS ENGINEERING,154.5,144.5,142.0,141.0,106.5,141.5,,0,0,0,0,0,1,0
1210,Panimalar Engineering College (Autonomous)  Nazarethpet  Poonamallee  Chennai 602123,THIRUVALLUR,SELF FINANCING COLLEGES TIER 1,IT,INFORMATION TECHNOLOGY,166.5,160.0,154.0,154.5,127.0,97.0,126.5,0,0,0,0,0,1,0
1210,Panimalar Engineering College (Autonomous)  Nazarethpet  Poonamallee  Chennai 602123,THIRUVALLUR,SELF FINANCING COLLEGES TIER 1,ME,MECHANICAL ENGINEERING,141.5,132.0,126.5,121.5,100.0,,,0,0,0,0,0,0,0
1211,Rajalakshmi Engineering College (Autonomous)  Thandalam  Sriperumpudur Taluk  Kancheepuram District 602105,KANCHEEPURAM,SELF FINANCING COLLEGES TIER 1,AD,ARTIFICIAL INTELLIGENCE AND DATA SCIENCE,189.5,185.5,184.5,182.0,169.0,154.0,147.5,0,0,0,0,0,0,0
1211,Rajalakshmi Engineering College (Autonomous)  Thandalam  Sriperumpudur Taluk  Kancheepuram District 602105,KANCHEEPURAM,SELF FINANCING COLLEGES TIER 1,AE,AERONAUTICAL ENGINEERING,178.0,168.0,173.5,159.5,140.0,103.5,,0,0,0,0,0,0,0
1211,Rajalakshmi Engineering College (Autonomous)  Thandalam  Sriperumpudur Taluk  Kancheepuram District 602105,KANCHEEPURAM,SELF FINANCING COLLEGES TIER 1,AL,Artificial Intelligence and Machine Learning,186.0,182.5,181.0,180.0,155.0,148.5,147.5,0,0,0,0,0,0,0
1211,Rajalakshmi Engineering College (Autonomous)  Thandalam  Sriperumpudur Taluk  Kancheepuram District 602105,KANCHEEPURAM,SELF FINANCING COLLEGES TIER 1,AU,AUTOMOBILE ENGINEERING,160.5,156.0,130.5,152.5,134.5,,,0,0,0,0,0,0,0
1211,Rajalakshmi Engineering College (Autonomous)  Thandalam  Sriperumpudur Taluk  Kancheepuram District 602105,KANCHEEPURAM,SELF FINANCING COLLEGES TIER 1,BM,BIO MEDICAL ENGINEERING,174.5,155.5,172.5,156.0,134.5,,,0,0,0,0,0,0,0
1211,Rajalakshmi Engineering College (Autonomous)  Thandalam  Sriperumpudur Taluk  Kancheepuram District 602105,KANCHEEPURAM,SELF FINANCING COLLEGES TIER 1,BT,BIO TECHNOLOGY,171.5,158.0,166.5,155.0,126.0,,99.0,0,0,0,0,0,0,0
1211,Rajalakshmi Engineering College (Autonomous)  Thandalam  Sriperumpudur Taluk  Kancheepuram District 602105,KANCHEEPURAM,SELF FINANCING COLLEGES TIER 1,CB,COMPUTER SCIENCE AND BUSSINESS SYSTEM,187.0,181.0,185.0,178.0,159.5,114.0,,0,0,0,0,0,0,0
1211,Rajalakshmi Engineering College (Autonomous)  Thandalam  Sriperumpudur Taluk  Kancheepuram District 602105,KANCHEEPURAM,SELF FINANCING COLLEGES TIER 1,CD,COMPUTER SCIENCE AND DESIGN,185.0,180.0,180.5,178.0,147.0,127.5,109.5,0,0,0,0,0,0,0
1211,Rajalakshmi Engineering College (Autonomous)  Thandalam  Sriperumpudur Taluk  Kancheepuram District 602105,KANCHEEPURAM,SELF FINANCING COLLEGES TIER 1,CE,CIVIL  ENGINEERING,162.0,154.5,132.5,142.0,131.0,,,0,0,0,0,0,0,0
1211,Rajalakshmi Engineering College (Autonomous)  Thandalam  Sriperumpudur Taluk  Kancheepuram District 602105,KANCHEEPURAM,SELF FINANCING COLLEGES TIER 1,CH,CHEMICAL  ENGINEERING,170.0,154.0,157.0,153.5,154.0,127.5,,0,0,0,0,0,0,0
1211,Rajalakshmi Engineering College (Autonomous)  Thandalam  Sriperumpudur Taluk  Kancheepuram District 602105,KANCHEEPURAM,SELF FINANCING COLLEGES TIER 1,CS,COMPUTER SCIENCE AND ENGINEERING,191.5,189.0,187.333333333333,185.5,169.5,146.5,,0,0,0,0,0,0,0
1211,Rajalakshmi Engineering College (Autonomous)  Thandalam  Sriperumpudur Taluk  Kancheepuram District 602105,KANCHEEPURAM,SELF FINANCING COLLEGES TIER 1,EC,ELECTRONICS AND COMMUNICATION ENGINEERING,188.5,184.0,184.5,178.5,164.0,153.0,161.5,0,0,0,0,0,1,0
1211,Rajalakshmi Engineering College (Autonomous)  Thandalam  Sriperumpudur Taluk  Kancheepuram District 602105,KANCHEEPURAM,SELF FINANCING COLLEGES TIER 1,EE,ELECTRICAL AND ELECTRONICS ENGINEERING,181.0,177.0,178.0,168.5,151.5,122.0,,0,0,0,0,0,1,0
1211,Rajalakshmi Engineering College (Autonomous)  Thandalam  Sriperumpudur Taluk  Kancheepuram District 602105,KANCHEEPURAM,SELF FINANCING COLLEGES TIER 1,FD,FOOD TECHNOLOGY,173.5,167.0,159.0,150.0,139.5,,,0,0,0,0,0,0,0
1211,Rajalakshmi Engineering College (Autonomous)  Thandalam  Sriperumpudur Taluk  Kancheepuram District 602105,KANCHEEPURAM,SELF FINANCING COLLEGES TIER 1,IT,INFORMATION TECHNOLOGY,188.5,185.0,186.0,184.5,158.5,135.0,153.5,0,0,0,0,0,0,0
1211,Rajalakshmi Engineering College (Autonomous)  Thandalam  Sriperumpudur Taluk  Kancheepuram District 602105,KANCHEEPURAM,SELF FINANCING COLLEGES TIER 1,ME,MECHANICAL ENGINEERING,171.5,162.0,153.5,155.5,145.0,,,0,0,0,0,0,0,0
1211,Rajalakshmi Engineering College (Autonomous)  Thandalam  Sriperumpudur Taluk  Kancheepuram District 602105,KANCHEEPURAM,SELF FINANCING COLLEGES TIER 1,MZ,Mechatronics Engineering,176.0,172.0,170.5,166.0,127.0,115.5,,0,0,0,0,0,0,0
1211,Rajalakshmi Engineering College (Autonomous)  Thandalam  Sriperumpudur Taluk  Kancheepuram District 602105,KANCHEEPURAM,SELF FINANCING COLLEGES TIER 1,RM,ROBOTICS AND AUTOMATION,178.0,167.0,174.5,168.5,149.5,,108.5,0,0,0,0,0,0,0
1211,Rajalakshmi Engineering College (Autonomous)  Thandalam  Sriperumpudur Taluk  Kancheepuram District 602105,KANCHEEPURAM,SELF FINANCING COLLEGES TIER 1,SC,Computer Science and Engineering (Cyber Security),187.0,184.5,185.5,180.5,155.0,133.0,,0,0,0,0,0,0,0
1212,Rajiv Gandhi College of Engineering  Nemili  Sriperumpudur Taluk  Kancheepuram District 602105,KANCHEEPURAM,SELF FINANCING COLLEGES TIER 3,AU,AUTOMOBILE ENGINEERING,,,,,,,,0,0,0,0,0,0,0
1212,Rajiv Gandhi College of Engineering  Nemili  Sriperumpudur Taluk  Kancheepuram District 602105,KANCHEEPURAM,SELF FINANCING COLLEGES TIER 3,BM,BIO MEDICAL ENGINEERING,90.0,,,,,,,1,0,0,0,0,0,0
1212,Rajiv Gandhi College of Engineering  Nemili  Sriperumpudur Taluk  Kancheepuram District 602105,KANCHEEPURAM,SELF FINANCING COLLEGES TIER 3,CS,COMPUTER SCIENCE AND ENGINEERING,120.0,119.5,,115.5,,,,0,1,0,1,0,0,0
1212,Rajiv Gandhi College of Engineering  Nemili  Sriperumpudur Taluk  Kancheepuram District 602105,KANCHEEPURAM,SELF FINANCING COLLEGES TIER 3,EC,ELECTRONICS AND COMMUNICATION ENGINEERING,83.0,,,,,,,0,0,0,0,0,0,0
1212,Rajiv Gandhi College of Engineering  Nemili  Sriperumpudur Taluk  Kancheepuram District 602105,KANCHEEPURAM,SELF FINANCING COLLEGES TIER 3,EE,ELECTRICAL AND ELECTRONICS ENGINEERING,87.0,,,,,,,1,0,0,0,0,0,0
1212,Rajiv Gandhi College of Engineering  Nemili  Sriperumpudur Taluk  Kancheepuram District 602105,KANCHEEPURAM,SELF FINANCING COLLEGES TIER 3,ME,MECHANICAL ENGINEERING,87.0,,,,,,,1,0,0,0,0,0,0
1212,Rajiv Gandhi College of Engineering  Nemili  Sriperumpudur Taluk  Kancheepuram District 602105,KANCHEEPURAM,SELF FINANCING COLLEGES TIER 3,PE,PETROLEUM ENGINEERING,105.5,,,,,,,1,0,0,0,0,0,0
1213,S K R Engineering College  Poonamallee  Chennai 600123,THIRUVALLUR,SELF FINANCING COLLEGES TIER 3,BM,BIO MEDICAL ENGINEERING,131.5,,,,,,,1,0,0,0,0,0,0
1213,S K R Engineering College  Poonamallee  Chennai 600123,THIRUVALLUR,SELF FINANCING COLLEGES TIER 3,CB,COMPUTER SCIENCE AND BUSSINESS SYSTEM,117.5,,,,,,,1,0,0,0,0,0,0
1213,S K R Engineering College  Poonamallee  Chennai 600123,THIRUVALLUR,SELF FINANCING COLLEGES TIER 3,CS,COMPUTER SCIENCE AND ENGINEERING,114.0,,,90.0,85.0,,,0,0,0,1,1,0,0
1213,S K R Engineering College  Poonamallee  Chennai 600123,THIRUVALLUR,SELF FINANCING COLLEGES TIER 3,EC,ELECTRONICS AND COMMUNICATION ENGINEERING,105.0,,,,,,,1,0,0,0,0,0,0
1213,S K R Engineering College  Poonamallee  Chennai 600123,THIRUVALLUR,SELF FINANCING COLLEGES TIER 3,EE,ELECTRICAL AND ELECTRONICS ENGINEERING,,,,,,,,0,0,0,0,0,0,0
1213,S K R Engineering College  Poonamallee  Chennai 600123,THIRUVALLUR,SELF FINANCING COLLEGES TIER 3,IT,INFORMATION TECHNOLOGY,92.0,,,,,,,1,0,0,0,0,0,0
1216,Saveetha Engineering College (Autonomous)  Thandalam  Sriperumpudur Taluk  Kancheepuram District 602105,KANCHEEPURAM,SELF FINANCING COLLEGES TIER 1,AD,ARTIFICIAL INTELLIGENCE AND DATA SCIENCE,175.0,168.0,164.5,164.5,142.0,124.0,101.0,0,0,0,0,0,1,0
1216,Saveetha Engineering College (Autonomous)  Thandalam  Sriperumpudur Taluk  Kancheepuram District 602105,KANCHEEPURAM,SELF FINANCING COLLEGES TIER 1,AG,AGRICULTURAL ENGINEERING,147.5,131.0,128.5,133.5,122.0,,,0,0,0,0,0,0,0
1216,Saveetha Engineering College (Autonomous)  Thandalam  Sriperumpudur Taluk  Kancheepuram District 602105,KANCHEEPURAM,SELF FINANCING COLLEGES TIER 1,AL,Artificial Intelligence and Machine Learning,169.0,162.5,163.0,158.5,135.5,120.5,,0,0,0,0,0,1,0
1216,Saveetha Engineering College (Autonomous)  Thandalam  Sriperumpudur Taluk  Kancheepuram District 602105,KANCHEEPURAM,SELF FINANCING COLLEGES TIER 1,BM,BIO MEDICAL ENGINEERING,166.5,150.5,,151.5,135.5,,,0,0,0,0,0,0,0
1216,Saveetha Engineering College (Autonomous)  Thandalam  Sriperumpudur Taluk  Kancheepuram District 602105,KANCHEEPURAM,SELF FINANCING COLLEGES TIER 1,CE,CIVIL  ENGINEERING,146.0,130.5,145.5,131.5,113.0,,,0,0,0,0,0,0,0
1216,Saveetha Engineering College (Autonomous)  Thandalam  Sriperumpudur Taluk  Kancheepuram District 602105,KANCHEEPURAM,SELF FINANCING COLLEGES TIER 1,CH,CHEMICAL  ENGINEERING,152.5,144.5,142.0,141.0,119.5,,,0,0,0,0,0,0,0
1216,Saveetha Engineering College (Autonomous)  Thandalam  Sriperumpudur Taluk  Kancheepuram District 602105,KANCHEEPURAM,SELF FINANCING COLLEGES TIER 1,CI,Computer Science and Engineering (Internet of Things),169.0,162.5,159.0,159.5,137.0,,,0,0,0,0,0,0,0
1216,Saveetha Engineering College (Autonomous)  Thandalam  Sriperumpudur Taluk  Kancheepuram District 602105,KANCHEEPURAM,SELF FINANCING COLLEGES TIER 1,CS,COMPUTER SCIENCE AND ENGINEERING,180.5,172.5,164.0,167.0,142.0,104.0,127.5,0,0,0,0,0,1,1
1216,Saveetha Engineering College (Autonomous)  Thandalam  Sriperumpudur Taluk  Kancheepuram District 602105,KANCHEEPURAM,SELF FINANCING COLLEGES TIER 1,EC,ELECTRONICS AND COMMUNICATION ENGINEERING,168.5,161.5,157.5,157.0,133.5,108.0,109.0,0,0,0,0,0,0,0
1216,Saveetha Engineering College (Autonomous)  Thandalam  Sriperumpudur Taluk  Kancheepuram District 602105,KANCHEEPURAM,SELF FINANCING COLLEGES TIER 1,EE,ELECTRICAL AND ELECTRONICS ENGINEERING,158.0,153.0,151.0,149.5,117.5,,,0,0,0,0,0,0,0
1216,Saveetha Engineering College (Autonomous)  Thandalam  Sriperumpudur Taluk  Kancheepuram District 602105,KANCHEEPURAM,SELF FINANCING COLLEGES TIER 1,EI,ELECTRONICS AND INSTRUMENTATION ENGINEERING,158.5,153.5,,151.0,118.0,,,0,0,0,0,0,0,0
1216,Saveetha Engineering College (Autonomous)  Thandalam  Sriperumpudur Taluk  Kancheepuram District 602105,KANCHEEPURAM,SELF FINANCING COLLEGES TIER 1,IT,INFORMATION TECHNOLOGY,175.0,167.5,159.5,163.0,137.5,125.5,,0,0,0,0,0,0,0
1216,Saveetha Engineering College (Autonomous)  Thandalam  Sriperumpudur Taluk  Kancheepuram District 602105,KANCHEEPURAM,SELF FINANCING COLLEGES TIER 1,MD,MEDICAL ELECTRONICS ENGINEERING,144.0,142.5,,134.5,100.5,,,0,0,0,0,0,0,0
1216,Saveetha Engineering College (Autonomous)  Thandalam  Sriperumpudur Taluk  Kancheepuram District 602105,KANCHEEPURAM,SELF FINANCING COLLEGES TIER 1,ME,MECHANICAL ENGINEERING,152.5,142.0,150.0,131.0,105.0,,,0,0,0,0,0,0,0
1216,Saveetha Engineering College (Autonomous)  Thandalam  Sriperumpudur Taluk  Kancheepuram District 602105,KANCHEEPURAM,SELF FINANCING COLLEGES TIER 1,SC,Computer Science and Engineering (Cyber Security),175.5,170.5,159.0,164.0,140.0,129.0,,0,0,0,0,0,0,0
1217,Sree Sastha Institute of Engineering and Technology  Chembarambakkam  Chennai 600103,THIRUVALLUR,SELF FINANCING COLLEGES TIER 3,AD,ARTIFICIAL INTELLIGENCE AND DATA SCIENCE,131.0,90.0,,113.0,113.0,,,0,1,0,0,1,0,0
1217,Sree Sastha Institute of Engineering and Technology  Chembarambakkam  Chennai 600103,THIRUVALLUR,SELF FINANCING COLLEGES TIER 3,AM,COMPUTER SCIENCE AND ENGINEERING (ARTIFICIAL INTELLIGENCE AND MACHINE LEARNING),132.0,104.5,,107.0,107.0,,,0,1,0,1,1,0,0
1217,Sree Sastha Institute of Engineering and Technology  Chembarambakkam  Chennai 600103,THIRUVALLUR,SELF FINANCING COLLEGES TIER 3,AU,AUTOMOBILE ENGINEERING,,,,,,,,0,0,0,0,0,0,0
1217,Sree Sastha Institute of Engineering and Technology  Chembarambakkam  Chennai 600103,THIRUVALLUR,SELF FINANCING COLLEGES TIER 3,BM,BIO MEDICAL ENGINEERING,152.5,,,,,,,1,0,0,0,0,0,0
1217,Sree Sastha Institute of Engineering and Technology  Chembarambakkam  Chennai 600103,THIRUVALLUR,SELF FINANCING COLLEGES TIER 3,BT,BIO TECHNOLOGY,100.5,,,,,,,1,0,0,0,0,0,0
1217,Sree Sastha Institute of Engineering and Technology  Chembarambakkam  Chennai 600103,THIRUVALLUR,SELF FINANCING COLLEGES TIER 3,CB,COMPUTER SCIENCE AND BUSSINESS SYSTEM,110.0,,,,,,,1,0,0,0,0,0,0
1217,Sree Sastha Institute of Engineering and Technology  Chembarambakkam  Chennai 600103,THIRUVALLUR,SELF FINANCING COLLEGES TIER 3,CE,CIVIL  ENGINEERING,,,,,,,,0,0,0,0,0,0,0
1217,Sree Sastha Institute of Engineering and Technology  Chembarambakkam  Chennai 600103,THIRUVALLUR,SELF FINANCING COLLEGES TIER 3,CS,COMPUTER SCIENCE AND ENGINEERING,143.0,129.0,111.0,129.0,98.5,,,0,0,0,0,1,0,0
1217,Sree Sastha Institute of Engineering and Technology  Chembarambakkam  Chennai 600103,THIRUVALLUR,SELF FINANCING COLLEGES TIER 3,EC,ELECTRONICS AND COMMUNICATION ENGINEERING,88.0,,,,,,,1,0,0,0,0,0,0
1217,Sree Sastha Institute of Engineering and Technology  Chembarambakkam  Chennai 600103,THIRUVALLUR,SELF FINANCING COLLEGES TIER 3,EE,ELECTRICAL AND ELECTRONICS ENGINEERING,119.5,,,,,,,1,0,0,0,0,0,0
1217,Sree Sastha Institute of Engineering and Technology  Chembarambakkam  Chennai 600103,THIRUVALLUR,SELF FINANCING COLLEGES TIER 3,FD,FOOD TECHNOLOGY,100.5,,,,,,,1,0,0,0,0,0,0
1217,Sree Sastha Institute of Engineering and Technology  Chembarambakkam  Chennai 600103,THIRUVALLUR,SELF FINANCING COLLEGES TIER 3,IT,INFORMATION TECHNOLOGY,135.0,101.5,96.0,103.5,112.5,,,0,0,0,1,1,0,0
1217,Sree Sastha Institute of Engineering and Technology  Chembarambakkam  Chennai 600103,THIRUVALLUR,SELF FINANCING COLLEGES TIER 3,MU,MECHANICAL AND AUTOMATION ENGINEERING,,,,,,,,0,0,0,0,0,0,0
1217,Sree Sastha Institute of Engineering and Technology  Chembarambakkam  Chennai 600103,THIRUVALLUR,SELF FINANCING COLLEGES TIER 3,SC,Computer Science and Engineering (Cyber Security),126.5,89.5,,103.5,103.0,,,0,1,0,1,1,0,0
1218,Sri Muthukumaran Institute of Technology  Near Mangadu  Chennai 600069,KANCHEEPURAM,SELF FINANCING COLLEGES TIER 3,AD,ARTIFICIAL INTELLIGENCE AND DATA SCIENCE,118.0,106.0,114.0,98.0,94.5,,,0,1,0,1,1,0,0
1218,Sri Muthukumaran Institute of Technology  Near Mangadu  Chennai 600069,KANCHEEPURAM,SELF FINANCING COLLEGES TIER 3,BM,BIO MEDICAL ENGINEERING,92.0,,,,,,,1,0,0,0,0,0,0
1218,Sri Muthukumaran Institute of Technology  Near Mangadu  Chennai 600069,KANCHEEPURAM,SELF FINANCING COLLEGES TIER 3,CE,CIVIL  ENGINEERING,172.0,,,,,,,1,0,0,0,0,0,0
1218,Sri Muthukumaran Institute of Technology  Near Mangadu  Chennai 600069,KANCHEEPURAM,SELF FINANCING COLLEGES TIER 3,CS,COMPUTER SCIENCE AND ENGINEERING,119.5,116.0,,102.0,108.5,,,0,1,0,1,1,0,0
1218,Sri Muthukumaran Institute of Technology  Near Mangadu  Chennai 600069,KANCHEEPURAM,SELF FINANCING COLLEGES TIER 3,EC,ELECTRONICS AND COMMUNICATION ENGINEERING,94.0,,,,,,,1,0,0,0,0,0,0
1218,Sri Muthukumaran Institute of Technology  Near Mangadu  Chennai 600069,KANCHEEPURAM,SELF FINANCING COLLEGES TIER 3,EE,ELECTRICAL AND ELECTRONICS ENGINEERING,,,,,,,,0,0,0,0,0,0,0
1218,Sri Muthukumaran Institute of Technology  Near Mangadu  Chennai 600069,KANCHEEPURAM,SELF FINANCING COLLEGES TIER 3,IT,INFORMATION TECHNOLOGY,116.0,113.0,,112.5,90.5,,,0,1,0,1,1,0,0
1218,Sri Muthukumaran Institute of Technology  Near Mangadu  Chennai 600069,KANCHEEPURAM,SELF FINANCING COLLEGES TIER 3,ME,MECHANICAL ENGINEERING,93.0,,,,,,,1,0,0,0,0,0,0
1218,Sri Muthukumaran Institute of Technology  Near Mangadu  Chennai 600069,KANCHEEPURAM,SELF FINANCING COLLEGES TIER 3,MZ,Mechatronics Engineering,171.0,,,,,,,1,0,0,0,0,0,0
1218,Sri Muthukumaran Institute of Technology  Near Mangadu  Chennai 600069,KANCHEEPURAM,SELF FINANCING COLLEGES TIER 3,PH,PHARMACEUTICAL TECHNOLOGY,95.5,,,,,,,1,0,0,0,0,0,0
1218,Sri Muthukumaran Institute of Technology  Near Mangadu  Chennai 600069,KANCHEEPURAM,SELF FINANCING COLLEGES TIER 3,RM,ROBOTICS AND AUTOMATION,100.0,,,,,,,1,0,0,0,0,0,0
1219,Sri Venkateswara College of Engineering (Autonomous)  Post Bag No.1  Chennai-Bengaluru High Road  Pennalur  Irungattukottai S.O.  Sriperumbudur Taluk  Kancheepuram District 602105,KANCHEEPURAM,SELF FINANCING COLLEGES TIER 1,AD,ARTIFICIAL INTELLIGENCE AND DATA SCIENCE,190.0,187.0,186.0,182.0,159.5,143.0,,0,0,0,0,0,0,0
1219,Sri Venkateswara College of Engineering (Autonomous)  Post Bag No.1  Chennai-Bengaluru High Road  Pennalur  Irungattukottai S.O.  Sriperumbudur Taluk  Kancheepuram District 602105,KANCHEEPURAM,SELF FINANCING COLLEGES TIER 1,AU,AUTOMOBILE ENGINEERING,157.0,149.0,140.5,145.5,126.0,,,0,0,0,0,0,0,0
1219,Sri Venkateswara College of Engineering (Autonomous)  Post Bag No.1  Chennai-Bengaluru High Road  Pennalur  Irungattukottai S.O.  Sriperumbudur Taluk  Kancheepuram District 602105,KANCHEEPURAM,SELF FINANCING COLLEGES TIER 1,BT,BIO TECHNOLOGY,179.0,165.0,169.5,158.0,146.0,,,0,0,0,0,0,0,0
1219,Sri Venkateswara College of Engineering (Autonomous)  Post Bag No.1  Chennai-Bengaluru High Road  Pennalur  Irungattukottai S.O.  Sriperumbudur Taluk  Kancheepuram District 602105,KANCHEEPURAM,SELF FINANCING COLLEGES TIER 1,CE,CIVIL  ENGINEERING,167.5,156.5,160.5,146.0,139.5,,,0,0,0,0,0,0,0
1219,Sri Venkateswara College of Engineering (Autonomous)  Post Bag No.1  Chennai-Bengaluru High Road  Pennalur  Irungattukottai S.O.  Sriperumbudur Taluk  Kancheepuram District 602105,KANCHEEPURAM,SELF FINANCING COLLEGES TIER 1,CH,CHEMICAL  ENGINEERING,169.0,156.5,148.5,148.0,139.5,,,0,0,0,0,0,0,0
1219,Sri Venkateswara College of Engineering (Autonomous)  Post Bag No.1  Chennai-Bengaluru High Road  Pennalur  Irungattukottai S.O.  Sriperumbudur Taluk  Kancheepuram District 602105,KANCHEEPURAM,SELF FINANCING COLLEGES TIER 1,CS,COMPUTER SCIENCE AND ENGINEERING,193.5,190.5,186.5,186.0,170.5,165.0,142.5,0,0,0,0,0,0,0
1219,Sri Venkateswara College of Engineering (Autonomous)  Post Bag No.1  Chennai-Bengaluru High Road  Pennalur  Irungattukottai S.O.  Sriperumbudur Taluk  Kancheepuram District 602105,KANCHEEPURAM,SELF FINANCING COLLEGES TIER 1,EC,ELECTRONICS AND COMMUNICATION ENGINEERING,189.0,185.0,179.0,178.0,159.0,119.5,,0,0,0,0,0,0,0
1219,Sri Venkateswara College of Engineering (Autonomous)  Post Bag No.1  Chennai-Bengaluru High Road  Pennalur  Irungattukottai S.O.  Sriperumbudur Taluk  Kancheepuram District 602105,KANCHEEPURAM,SELF FINANCING COLLEGES TIER 1,EE,ELECTRICAL AND ELECTRONICS ENGINEERING,181.0,177.5,169.0,168.5,125.5,111.5,,0,0,0,0,0,0,0
1219,Sri Venkateswara College of Engineering (Autonomous)  Post Bag No.1  Chennai-Bengaluru High Road  Pennalur  Irungattukottai S.O.  Sriperumbudur Taluk  Kancheepuram District 602105,KANCHEEPURAM,SELF FINANCING COLLEGES TIER 1,IT,INFORMATION TECHNOLOGY,190.5,188.5,185.5,183.0,156.0,143.0,,0,0,0,0,0,0,0
1219,Sri Venkateswara College of Engineering (Autonomous)  Post Bag No.1  Chennai-Bengaluru High Road  Pennalur  Irungattukottai S.O.  Sriperumbudur Taluk  Kancheepuram District 602105,KANCHEEPURAM,SELF FINANCING COLLEGES TIER 1,ME,MECHANICAL ENGINEERING,170.5,161.0,164.0,151.5,145.5,,,0,0,0,0,0,0,0
1219,Sri Venkateswara College of Engineering (Autonomous)  Post Bag No.1  Chennai-Bengaluru High Road  Pennalur  Irungattukottai S.O.  Sriperumbudur Taluk  Kancheepuram District 602105,KANCHEEPURAM,SELF FINANCING COLLEGES TIER 1,MR,MARINE ENGINEERING,141.5,,,,,,,1,1,0,0,0,0,0
1219,Sri Venkateswara College of Engineering (Autonomous)  Post Bag No.1  Chennai-Bengaluru High Road  Pennalur  Irungattukottai S.O.  Sriperumbudur Taluk  Kancheepuram District 602105,KANCHEEPURAM,SELF FINANCING COLLEGES TIER 1,MU,MECHANICAL AND AUTOMATION ENGINEERING,161.5,153.5,147.5,149.0,132.5,80.0,,0,0,0,0,0,0,0
1221,Jaya College of Engineering and Technology  Parivakkam  Poonamallee  Chennai 600056,THIRUVALLUR,SELF FINANCING COLLEGES TIER 3,CS,COMPUTER SCIENCE AND ENGINEERING,108.5,,,,,,,1,0,0,0,0,0,0
1221,Jaya College of Engineering and Technology  Parivakkam  Poonamallee  Chennai 600056,THIRUVALLUR,SELF FINANCING COLLEGES TIER 3,EC,ELECTRONICS AND COMMUNICATION ENGINEERING,87.0,,,,,,,1,0,0,0,0,0,0
1221,Jaya College of Engineering and Technology  Parivakkam  Poonamallee  Chennai 600056,THIRUVALLUR,SELF FINANCING COLLEGES TIER 3,MD,MEDICAL ELECTRONICS ENGINEERING,,,,,,,,0,0,0,0,0,0,0
1221,Jaya College of Engineering and Technology  Parivakkam  Poonamallee  Chennai 600056,THIRUVALLUR,SELF FINANCING COLLEGES TIER 3,ME,MECHANICAL ENGINEERING,93.5,,,,,,,1,0,0,0,0,0,0
1222,P B College of Engineering  Irungkattukottai  Sriperumpudur Taluk  Kancheepuram District 602117,KANCHEEPURAM,SELF FINANCING COLLEGES TIER 3,AD,ARTIFICIAL INTELLIGENCE AND DATA SCIENCE,101.0,99.5,,97.5,,,,0,1,0,1,0,0,0
1222,P B College of Engineering  Irungkattukottai  Sriperumpudur Taluk  Kancheepuram District 602117,KANCHEEPURAM,SELF FINANCING COLLEGES TIER 3,AE,AERONAUTICAL ENGINEERING,123.5,113.0,,,,,,0,1,0,0,0,0,0
1222,P B College of Engineering  Irungkattukottai  Sriperumpudur Taluk  Kancheepuram District 602117,KANCHEEPURAM,SELF FINANCING COLLEGES TIER 3,AU,AUTOMOBILE ENGINEERING,130.5,,,,,,,1,0,0,0,0,0,0
1222,P B College of Engineering  Irungkattukottai  Sriperumpudur Taluk  Kancheepuram District 602117,KANCHEEPURAM,SELF FINANCING COLLEGES TIER 3,CE,CIVIL  ENGINEERING,,,,,,,,0,0,0,0,0,0,0
1222,P B College of Engineering  Irungkattukottai  Sriperumpudur Taluk  Kancheepuram District 602117,KANCHEEPURAM,SELF FINANCING COLLEGES TIER 3,CS,COMPUTER SCIENCE AND ENGINEERING,90.0,,,,,,,1,0,0,0,0,0,0
1222,P B College of Engineering  Irungkattukottai  Sriperumpudur Taluk  Kancheepuram District 602117,KANCHEEPURAM,SELF FINANCING COLLEGES TIER 3,EC,ELECTRONICS AND COMMUNICATION ENGINEERING,96.0,,,,,,,1,0,0,0,0,0,0
1222,P B College of Engineering  Irungkattukottai  Sriperumpudur Taluk  Kancheepuram District 602117,KANCHEEPURAM,SELF FINANCING COLLEGES TIER 3,EE,ELECTRICAL AND ELECTRONICS ENGINEERING,93.0,,,,,,,1,0,0,0,0,0,0
1222,P B College of Engineering  Irungkattukottai  Sriperumpudur Taluk  Kancheepuram District 602117,KANCHEEPURAM,SELF FINANCING COLLEGES TIER 3,IT,INFORMATION TECHNOLOGY,100.0,84.0,90.5,,,,,0,1,1,0,0,0,0
1222,P B College of Engineering  Irungkattukottai  Sriperumpudur Taluk  Kancheepuram District 602117,KANCHEEPURAM,SELF FINANCING COLLEGES TIER 3,ME,MECHANICAL ENGINEERING,110.5,,,,,,,1,0,0,0,0,0,0
1222,P B College of Engineering  Irungkattukottai  Sriperumpudur Taluk  Kancheepuram District 602117,KANCHEEPURAM,SELF FINANCING COLLEGES TIER 3,SC,Computer Science and Engineering (Cyber Security),115.0,,,,,,,1,0,0,0,0,0,0
1225,Loyola Institute of Technology  Mevaloorkuppam  B Village  Palanchoor  Nazarethpet Post  Chennai 600123,KANCHEEPURAM,SELF FINANCING COLLEGES TIER 3,AD,ARTIFICIAL INTELLIGENCE AND DATA SCIENCE,161.0,146.5,144.5,142.5,111.0,,,0,0,0,0,0,0,0
1225,Loyola Institute of Technology  Mevaloorkuppam  B Village  Palanchoor  Nazarethpet Post  Chennai 600123,KANCHEEPURAM,SELF FINANCING COLLEGES TIER 3,CS,COMPUTER SCIENCE AND ENGINEERING,158.5,146.5,142.5,140.5,120.5,,,0,0,0,0,0,0,0
1225,Loyola Institute of Technology  Mevaloorkuppam  B Village  Palanchoor  Nazarethpet Post  Chennai 600123,KANCHEEPURAM,SELF FINANCING COLLEGES TIER 3,EC,ELECTRONICS AND COMMUNICATION ENGINEERING,145.0,134.5,127.5,131.5,97.5,,,0,0,0,0,0,0,0
1225,Loyola Institute of Technology  Mevaloorkuppam  B Village  Palanchoor  Nazarethpet Post  Chennai 600123,KANCHEEPURAM,SELF FINANCING COLLEGES TIER 3,EE,ELECTRICAL AND ELECTRONICS ENGINEERING,131.5,119.5,112.5,118.0,100.0,,,0,0,0,0,1,0,0
1225,Loyola Institute of Technology  Mevaloorkuppam  B Village  Palanchoor  Nazarethpet Post  Chennai 600123,KANCHEEPURAM,SELF FINANCING COLLEGES TIER 3,IT,INFORMATION TECHNOLOGY,154.0,142.0,147.5,136.5,114.5,,,0,0,0,0,0,0,0
1225,Loyola Institute of Technology  Mevaloorkuppam  B Village  Palanchoor  Nazarethpet Post  Chennai 600123,KANCHEEPURAM,SELF FINANCING COLLEGES TIER 3,ME,MECHANICAL ENGINEERING,100.5,92.5,,98.5,,,,0,1,0,1,0,0,0
1225,Loyola Institute of Technology  Mevaloorkuppam  B Village  Palanchoor  Nazarethpet Post  Chennai 600123,KANCHEEPURAM,SELF FINANCING COLLEGES TIER 3,SC,Computer Science and Engineering (Cyber Security),152.0,135.5,150.0,134.0,111.0,106.0,,0,0,0,0,0,0,0
1226,P T Lee Chengalvaraya Naicker College of Engineering and Technology  Oovery  Veliyur Post  Kancheepuram District 631 502,KANCHEEPURAM,SELF FINANCING COLLEGES TIER 3,AD,ARTIFICIAL INTELLIGENCE AND DATA SCIENCE,129.5,103.0,,114.5,,,,0,1,0,0,0,0,0
1226,P T Lee Chengalvaraya Naicker College of Engineering and Technology  Oovery  Veliyur Post  Kancheepuram District 631 502,KANCHEEPURAM,SELF FINANCING COLLEGES TIER 3,CS,COMPUTER SCIENCE AND ENGINEERING,152.5,105.5,,143.5,112.0,85.0,,0,1,0,0,1,0,0
1226,P T Lee Chengalvaraya Naicker College of Engineering and Technology  Oovery  Veliyur Post  Kancheepuram District 631 502,KANCHEEPURAM,SELF FINANCING COLLEGES TIER 3,EC,ELECTRONICS AND COMMUNICATION ENGINEERING,142.0,107.0,,139.5,93.5,,,0,1,0,0,1,0,0
1226,P T Lee Chengalvaraya Naicker College of Engineering and Technology  Oovery  Veliyur Post  Kancheepuram District 631 502,KANCHEEPURAM,SELF FINANCING COLLEGES TIER 3,EE,ELECTRICAL AND ELECTRONICS ENGINEERING,127.0,103.5,,109.5,82.0,86.0,,0,1,0,0,1,1,0
1226,P T Lee Chengalvaraya Naicker College of Engineering and Technology  Oovery  Veliyur Post  Kancheepuram District 631 502,KANCHEEPURAM,SELF FINANCING COLLEGES TIER 3,IT,INFORMATION TECHNOLOGY,156.0,87.0,,148.0,122.5,92.0,,0,1,0,0,1,0,0
1226,P T Lee Chengalvaraya Naicker College of Engineering and Technology  Oovery  Veliyur Post  Kancheepuram District 631 502,KANCHEEPURAM,SELF FINANCING COLLEGES TIER 3,ME,MECHANICAL ENGINEERING,103.5,,,85.0,97.0,,,0,0,0,0,1,0,0
1228,Alpha College of Engineering  No.34  Udayavar Koil Street  Poonamallee  Thirumazhisai  Chennai - 600124,CHENNAI,SELF FINANCING COLLEGES TIER 3,AD,ARTIFICIAL INTELLIGENCE AND DATA SCIENCE,131.0,93.0,,105.0,90.0,,,0,1,0,1,1,0,0
1228,Alpha College of Engineering  No.34  Udayavar Koil Street  Poonamallee  Thirumazhisai  Chennai - 600124,CHENNAI,SELF FINANCING COLLEGES TIER 3,BM,BIO MEDICAL ENGINEERING,104.5,,,,,,,1,0,0,0,0,0,0
1228,Alpha College of Engineering  No.34  Udayavar Koil Street  Poonamallee  Thirumazhisai  Chennai - 600124,CHENNAI,SELF FINANCING COLLEGES TIER 3,CS,COMPUTER SCIENCE AND ENGINEERING,132.5,101.5,118.0,99.0,97.0,,,0,1,1,1,1,0,0
1228,Alpha College of Engineering  No.34  Udayavar Koil Street  Poonamallee  Thirumazhisai  Chennai - 600124,CHENNAI,SELF FINANCING COLLEGES TIER 3,EC,ELECTRONICS AND COMMUNICATION ENGINEERING,113.0,,,,,,,1,0,0,0,0,0,0
1228,Alpha College of Engineering  No.34  Udayavar Koil Street  Poonamallee  Thirumazhisai  Chennai - 600124,CHENNAI,SELF FINANCING COLLEGES TIER 3,IT,INFORMATION TECHNOLOGY,122.5,87.5,,101.0,101.0,,,0,1,0,1,1,0,0
1228,Alpha College of Engineering  No.34  Udayavar Koil Street  Poonamallee  Thirumazhisai  Chennai - 600124,CHENNAI,SELF FINANCING COLLEGES TIER 3,ME,MECHANICAL ENGINEERING,,,,,,,,0,0,0,0,0,0,0
1229,Indira Institute of Engineering and Technology  VGR Gardens  Pandur  Thiruvallur District 631203,THIRUVALLUR,SELF FINANCING COLLEGES TIER 3,AD,ARTIFICIAL INTELLIGENCE AND DATA SCIENCE,90.5,,,,,,,1,0,0,0,0,0,0
1229,Indira Institute of Engineering and Technology  VGR Gardens  Pandur  Thiruvallur District 631203,THIRUVALLUR,SELF FINANCING COLLEGES TIER 3,CE,CIVIL  ENGINEERING,,,,,,,,0,0,0,0,0,0,0
1229,Indira Institute of Engineering and Technology  VGR Gardens  Pandur  Thiruvallur District 631203,THIRUVALLUR,SELF FINANCING COLLEGES TIER 3,CS,COMPUTER SCIENCE AND ENGINEERING,88.0,,,,,,,1,0,0,0,0,0,0
1229,Indira Institute of Engineering and Technology  VGR Gardens  Pandur  Thiruvallur District 631203,THIRUVALLUR,SELF FINANCING COLLEGES TIER 3,EC,ELECTRONICS AND COMMUNICATION ENGINEERING,117.5,,,,,,,1,0,0,0,0,0,0
1229,Indira Institute of Engineering and Technology  VGR Gardens  Pandur  Thiruvallur District 631203,THIRUVALLUR,SELF FINANCING COLLEGES TIER 3,EE,ELECTRICAL AND ELECTRONICS ENGINEERING,,,,,,,,0,0,0,0,0,0,0
1229,Indira Institute of Engineering and Technology  VGR Gardens  Pandur  Thiruvallur District 631203,THIRUVALLUR,SELF FINANCING COLLEGES TIER 3,ME,MECHANICAL ENGINEERING,,,,,,,,0,0,0,0,0,0,0
1230,Apollo Engineering College  Mevaloorkuppam  Valarpuram Post  Sriperumpudur  Kancheepuram District 602105,KANCHEEPURAM,SELF FINANCING COLLEGES TIER 3,AD,ARTIFICIAL INTELLIGENCE AND DATA SCIENCE,121.5,102.5,,111.5,90.0,,,0,1,0,1,1,0,0
1230,Apollo Engineering College  Mevaloorkuppam  Valarpuram Post  Sriperumpudur  Kancheepuram District 602105,KANCHEEPURAM,SELF FINANCING COLLEGES TIER 3,AE,AERONAUTICAL ENGINEERING,95.0,,,,,,,1,0,0,0,0,0,0
1230,Apollo Engineering College  Mevaloorkuppam  Valarpuram Post  Sriperumpudur  Kancheepuram District 602105,KANCHEEPURAM,SELF FINANCING COLLEGES TIER 3,CB,COMPUTER SCIENCE AND BUSSINESS SYSTEM,87.0,,,,,,,1,0,0,0,0,0,0
1230,Apollo Engineering College  Mevaloorkuppam  Valarpuram Post  Sriperumpudur  Kancheepuram District 602105,KANCHEEPURAM,SELF FINANCING COLLEGES TIER 3,CS,COMPUTER SCIENCE AND ENGINEERING,128.5,122.0,122.5,110.0,88.0,,,0,1,0,1,0,0,0
1230,Apollo Engineering College  Mevaloorkuppam  Valarpuram Post  Sriperumpudur  Kancheepuram District 602105,KANCHEEPURAM,SELF FINANCING COLLEGES TIER 3,EC,ELECTRONICS AND COMMUNICATION ENGINEERING,112.0,89.5,,105.5,102.0,,,0,1,0,1,1,0,0
1230,Apollo Engineering College  Mevaloorkuppam  Valarpuram Post  Sriperumpudur  Kancheepuram District 602105,KANCHEEPURAM,SELF FINANCING COLLEGES TIER 3,EE,ELECTRICAL AND ELECTRONICS ENGINEERING,117.499999999999,,,,,,,1,0,0,0,0,0,0
1230,Apollo Engineering College  Mevaloorkuppam  Valarpuram Post  Sriperumpudur  Kancheepuram District 602105,KANCHEEPURAM,SELF FINANCING COLLEGES TIER 3,ME,MECHANICAL ENGINEERING,,,,,,,,0,0,0,0,0,0,0
1230,Apollo Engineering College  Mevaloorkuppam  Valarpuram Post  Sriperumpudur  Kancheepuram District 602105,KANCHEEPURAM,SELF FINANCING COLLEGES TIER 3,SC,Computer Science and Engineering (Cyber Security),93.5,,,,93.0,,,0,0,0,0,1,0,0
1232,A R M College of Engineering and Technology  Sattamangalam  Maraimalainagar  Chengalpattu District 603209,CHENGALPET,SELF FINANCING COLLEGES TIER 3,AD,ARTIFICIAL INTELLIGENCE AND DATA SCIENCE,93.0,,,,,,,1,0,0,0,0,0,0
1232,A R M College of Engineering and Technology  Sattamangalam  Maraimalainagar  Chengalpattu District 603209,CHENGALPET,SELF FINANCING COLLEGES TIER 3,CE,CIVIL  ENGINEERING,,,,,,,,0,0,0,0,0,0,0
1232,A R M College of Engineering and Technology  Sattamangalam  Maraimalainagar  Chengalpattu District 603209,CHENGALPET,SELF FINANCING COLLEGES TIER 3,CS,COMPUTER SCIENCE AND ENGINEERING,97.0,,,,,,,1,0,0,0,0,0,0
1232,A R M College of Engineering and Technology  Sattamangalam  Maraimalainagar  Chengalpattu District 603209,CHENGALPET,SELF FINANCING COLLEGES TIER 3,EC,ELECTRONICS AND COMMUNICATION ENGINEERING,125.5,,,,,,,1,0,0,0,0,0,0
1232,A R M College of Engineering and Technology  Sattamangalam  Maraimalainagar  Chengalpattu District 603209,CHENGALPET,SELF FINANCING COLLEGES TIER 3,EE,ELECTRICAL AND ELECTRONICS ENGINEERING,123.0,,,,,,,1,0,0,0,0,0,0
1232,A R M College of Engineering and Technology  Sattamangalam  Maraimalainagar  Chengalpattu District 603209,CHENGALPET,SELF FINANCING COLLEGES TIER 3,IT,INFORMATION TECHNOLOGY,147.0,,,,,,,1,0,0,0,0,0,0
1232,A R M College of Engineering and Technology  Sattamangalam  Maraimalainagar  Chengalpattu District 603209,CHENGALPET,SELF FINANCING COLLEGES TIER 3,ME,MECHANICAL ENGINEERING,,,,,,,,0,0,0,0,0,0,0
1232,A R M College of Engineering and Technology  Sattamangalam  Maraimalainagar  Chengalpattu District 603209,CHENGALPET,SELF FINANCING COLLEGES TIER 3,SC,Computer Science and Engineering (Cyber Security),,,,,,,,0,0,0,0,0,0,0
1233,Adhi College of Engineering and Technology  Pazhayaseevaram  Madura Sankarapuram Village  Kancheepuram District 631605,KANCHEEPURAM,SELF FINANCING COLLEGES TIER 3,AD,ARTIFICIAL INTELLIGENCE AND DATA SCIENCE,148.0,121.5,,127.0,110.0,,,0,0,0,0,0,0,0
1233,Adhi College of Engineering and Technology  Pazhayaseevaram  Madura Sankarapuram Village  Kancheepuram District 631605,KANCHEEPURAM,SELF FINANCING COLLEGES TIER 3,CS,COMPUTER SCIENCE AND ENGINEERING,147.0,134.5,126.5,118.0,102.0,,,0,0,0,0,0,0,0
1233,Adhi College of Engineering and Technology  Pazhayaseevaram  Madura Sankarapuram Village  Kancheepuram District 631605,KANCHEEPURAM,SELF FINANCING COLLEGES TIER 3,EC,ELECTRONICS AND COMMUNICATION ENGINEERING,130.5,119.0,,97.5,101.5,,,0,1,0,1,1,0,0
1233,Adhi College of Engineering and Technology  Pazhayaseevaram  Madura Sankarapuram Village  Kancheepuram District 631605,KANCHEEPURAM,SELF FINANCING COLLEGES TIER 3,EE,ELECTRICAL AND ELECTRONICS ENGINEERING,98.0,,,83.0,,,,0,0,0,1,0,0,0
1233,Adhi College of Engineering and Technology  Pazhayaseevaram  Madura Sankarapuram Village  Kancheepuram District 631605,KANCHEEPURAM,SELF FINANCING COLLEGES TIER 3,IT,INFORMATION TECHNOLOGY,144.0,120.5,,82.0,119.0,,,0,0,0,1,0,0,0
1233,Adhi College of Engineering and Technology  Pazhayaseevaram  Madura Sankarapuram Village  Kancheepuram District 631605,KANCHEEPURAM,SELF FINANCING COLLEGES TIER 3,ME,MECHANICAL ENGINEERING,96.5,,,,,,,1,0,0,0,0,0,0
1235,Jei Mathaajee College of Engineering  Vishaandikuppam Karappettai (via)  Siruvakkam  Kancheepuram District 631 552,KANCHEEPURAM,SELF FINANCING COLLEGES TIER 3,CE,CIVIL  ENGINEERING,,,,,,,,0,0,0,0,0,0,0
1235,Jei Mathaajee College of Engineering  Vishaandikuppam Karappettai (via)  Siruvakkam  Kancheepuram District 631 552,KANCHEEPURAM,SELF FINANCING COLLEGES TIER 3,CS,COMPUTER SCIENCE AND ENGINEERING,,,,,,,,0,0,0,0,0,0,0
1235,Jei Mathaajee College of Engineering  Vishaandikuppam Karappettai (via)  Siruvakkam  Kancheepuram District 631 552,KANCHEEPURAM,SELF FINANCING COLLEGES TIER 3,EC,ELECTRONICS AND COMMUNICATION ENGINEERING,,,,,,,,0,0,0,0,0,0,0
1235,Jei Mathaajee College of Engineering  Vishaandikuppam Karappettai (via)  Siruvakkam  Kancheepuram District 631 552,KANCHEEPURAM,SELF FINANCING COLLEGES TIER 3,EE,ELECTRICAL AND ELECTRONICS ENGINEERING,,,,,,,,0,0,0,0,0,0,0
1235,Jei Mathaajee College of Engineering  Vishaandikuppam Karappettai (via)  Siruvakkam  Kancheepuram District 631 552,KANCHEEPURAM,SELF FINANCING COLLEGES TIER 3,IT,INFORMATION TECHNOLOGY,,,,,,,,0,0,0,0,0,0,0
1235,Jei Mathaajee College of Engineering  Vishaandikuppam Karappettai (via)  Siruvakkam  Kancheepuram District 631 552,KANCHEEPURAM,SELF FINANCING COLLEGES TIER 3,ME,MECHANICAL ENGINEERING,,,,,,,,0,0,0,0,0,0,0
1237,Velammal Institute of Technology  Chennai-Kolkatta Highway  Panchetti Village  Ponneri Taluk  Thiruvallur District 601204,THIRUVALLUR,SELF FINANCING COLLEGES TIER 2,AD,ARTIFICIAL INTELLIGENCE AND DATA SCIENCE,155.5,142.0,136.0,141.5,117.5,,,0,0,0,0,0,0,0
1237,Velammal Institute of Technology  Chennai-Kolkatta Highway  Panchetti Village  Ponneri Taluk  Thiruvallur District 601204,THIRUVALLUR,SELF FINANCING COLLEGES TIER 2,CS,COMPUTER SCIENCE AND ENGINEERING,158.5,147.0,145.5,142.0,116.0,,,0,0,0,0,0,0,0
1237,Velammal Institute of Technology  Chennai-Kolkatta Highway  Panchetti Village  Ponneri Taluk  Thiruvallur District 601204,THIRUVALLUR,SELF FINANCING COLLEGES TIER 2,EC,ELECTRONICS AND COMMUNICATION ENGINEERING,148.0,141.5,140.5,133.5,105.5,,,0,0,0,0,1,0,0
1237,Velammal Institute of Technology  Chennai-Kolkatta Highway  Panchetti Village  Ponneri Taluk  Thiruvallur District 601204,THIRUVALLUR,SELF FINANCING COLLEGES TIER 2,EE,ELECTRICAL AND ELECTRONICS ENGINEERING,140.5,136.0,,130.5,140.0,,,0,0,0,0,1,0,0
1237,Velammal Institute of Technology  Chennai-Kolkatta Highway  Panchetti Village  Ponneri Taluk  Thiruvallur District 601204,THIRUVALLUR,SELF FINANCING COLLEGES TIER 2,IT,INFORMATION TECHNOLOGY,152.0,143.0,138.5,141.0,113.0,92.0,,0,0,0,0,0,1,0
1237,Velammal Institute of Technology  Chennai-Kolkatta Highway  Panchetti Village  Ponneri Taluk  Thiruvallur District 601204,THIRUVALLUR,SELF FINANCING COLLEGES TIER 2,ME,MECHANICAL ENGINEERING,93.5,,,87.0,,,,0,0,0,1,0,0,0
1237,Velammal Institute of Technology  Chennai-Kolkatta Highway  Panchetti Village  Ponneri Taluk  Thiruvallur District 601204,THIRUVALLUR,SELF FINANCING COLLEGES TIER 2,MZ,Mechatronics Engineering,133.5,114.5,,99.5,94.0,,,0,0,0,0,1,0,0
1238,G R T Institute of Engineering and Technology  GRT Mahalakshmi Nagar  Chennai-Tirupathi Highway  Tiruttani Taluk  Thiruvallur District 631209,THIRUVALLUR,SELF FINANCING COLLEGES TIER 3,AD,ARTIFICIAL INTELLIGENCE AND DATA SCIENCE,145.5,124.5,110.0,126.5,114.0,107.0,,0,0,0,0,1,0,0
1238,G R T Institute of Engineering and Technology  GRT Mahalakshmi Nagar  Chennai-Tirupathi Highway  Tiruttani Taluk  Thiruvallur District 631209,THIRUVALLUR,SELF FINANCING COLLEGES TIER 3,BM,BIO MEDICAL ENGINEERING,107.5,97.5,,91.0,95.5,,,0,1,0,1,1,0,0
1238,G R T Institute of Engineering and Technology  GRT Mahalakshmi Nagar  Chennai-Tirupathi Highway  Tiruttani Taluk  Thiruvallur District 631209,THIRUVALLUR,SELF FINANCING COLLEGES TIER 3,CS,COMPUTER SCIENCE AND ENGINEERING,149.0,122.0,,129.0,96.5,98.5,,0,0,0,0,1,1,0
1238,G R T Institute of Engineering and Technology  GRT Mahalakshmi Nagar  Chennai-Tirupathi Highway  Tiruttani Taluk  Thiruvallur District 631209,THIRUVALLUR,SELF FINANCING COLLEGES TIER 3,EC,ELECTRONICS AND COMMUNICATION ENGINEERING,136.5,95.5,124.5,116.5,125.0,,,0,0,0,0,1,0,0
1238,G R T Institute of Engineering and Technology  GRT Mahalakshmi Nagar  Chennai-Tirupathi Highway  Tiruttani Taluk  Thiruvallur District 631209,THIRUVALLUR,SELF FINANCING COLLEGES TIER 3,EE,ELECTRICAL AND ELECTRONICS ENGINEERING,97.0,,,91.0,87.0,,,0,0,0,1,1,0,0
1238,G R T Institute of Engineering and Technology  GRT Mahalakshmi Nagar  Chennai-Tirupathi Highway  Tiruttani Taluk  Thiruvallur District 631209,THIRUVALLUR,SELF FINANCING COLLEGES TIER 3,ME,MECHANICAL ENGINEERING,94.5,,,,,,,1,0,0,0,0,0,0
1241,T J S Engineering College  Peruvoyal  Near Kavaraipettai  Gummidipoondi Taluk  Thiruvallur District 601206,THIRUVALLUR,SELF FINANCING COLLEGES TIER 3,AD,ARTIFICIAL INTELLIGENCE AND DATA SCIENCE,138.0,118.0,,108.0,112.5,,,0,0,0,0,0,0,0
1241,T J S Engineering College  Peruvoyal  Near Kavaraipettai  Gummidipoondi Taluk  Thiruvallur District 601206,THIRUVALLUR,SELF FINANCING COLLEGES TIER 3,CS,COMPUTER SCIENCE AND ENGINEERING,140.5,109.5,115.0,105.0,93.0,95.5,,0,0,1,0,0,1,0
1241,T J S Engineering College  Peruvoyal  Near Kavaraipettai  Gummidipoondi Taluk  Thiruvallur District 601206,THIRUVALLUR,SELF FINANCING COLLEGES TIER 3,EC,ELECTRONICS AND COMMUNICATION ENGINEERING,116.5,92.0,100.0,99.0,107.5,,,0,0,1,1,1,0,0
1241,T J S Engineering College  Peruvoyal  Near Kavaraipettai  Gummidipoondi Taluk  Thiruvallur District 601206,THIRUVALLUR,SELF FINANCING COLLEGES TIER 3,EE,ELECTRICAL AND ELECTRONICS ENGINEERING,105.0,89.0,,93.5,87.0,,,0,1,0,1,0,0,0
1241,T J S Engineering College  Peruvoyal  Near Kavaraipettai  Gummidipoondi Taluk  Thiruvallur District 601206,THIRUVALLUR,SELF FINANCING COLLEGES TIER 3,ME,MECHANICAL ENGINEERING,88.0,,,,,,,1,0,0,0,0,0,0
1243,Madha Institute of Engineering and Technology  Erandamkattalai Village  Sadhananthapuram  Thandalam Post  Chennai  602101,KANCHEEPURAM,SELF FINANCING COLLEGES TIER 3,AD,ARTIFICIAL INTELLIGENCE AND DATA SCIENCE,107.0,,,,,,,1,0,0,0,0,0,0
1243,Madha Institute of Engineering and Technology  Erandamkattalai Village  Sadhananthapuram  Thandalam Post  Chennai  602101,KANCHEEPURAM,SELF FINANCING COLLEGES TIER 3,CE,CIVIL  ENGINEERING,,,,,,,,0,0,0,0,0,0,0
1243,Madha Institute of Engineering and Technology  Erandamkattalai Village  Sadhananthapuram  Thandalam Post  Chennai  602101,KANCHEEPURAM,SELF FINANCING COLLEGES TIER 3,CS,COMPUTER SCIENCE AND ENGINEERING,102.5,,,,,,,1,0,0,0,0,0,0
1243,Madha Institute of Engineering and Technology  Erandamkattalai Village  Sadhananthapuram  Thandalam Post  Chennai  602101,KANCHEEPURAM,SELF FINANCING COLLEGES TIER 3,EC,ELECTRONICS AND COMMUNICATION ENGINEERING,,,,,,,,0,0,0,0,0,0,0
1243,Madha Institute of Engineering and Technology  Erandamkattalai Village  Sadhananthapuram  Thandalam Post  Chennai  602101,KANCHEEPURAM,SELF FINANCING COLLEGES TIER 3,EE,ELECTRICAL AND ELECTRONICS ENGINEERING,,,,,,,,0,0,0,0,0,0,0
1243,Madha Institute of Engineering and Technology  Erandamkattalai Village  Sadhananthapuram  Thandalam Post  Chennai  602101,KANCHEEPURAM,SELF FINANCING COLLEGES TIER 3,IT,INFORMATION TECHNOLOGY,103.0,,,,,,,1,0,0,0,0,0,0
1243,Madha Institute of Engineering and Technology  Erandamkattalai Village  Sadhananthapuram  Thandalam Post  Chennai  602101,KANCHEEPURAM,SELF FINANCING COLLEGES TIER 3,ME,MECHANICAL ENGINEERING,,,,,,,,0,0,0,0,0,0,0
1243,Madha Institute of Engineering and Technology  Erandamkattalai Village  Sadhananthapuram  Thandalam Post  Chennai  602101,KANCHEEPURAM,SELF FINANCING COLLEGES TIER 3,SC,Computer Science and Engineering (Cyber Security),101.0,,,,,,,1,0,0,0,0,0,0
1301,Mohammed Sathak A J College of Engineering  Old Mahabalipuram Road (OMR)  Egattur  Chengalpattu District 603103,CHENGALPET,SELF FINANCING COLLEGES TIER 3,AD,ARTIFICIAL INTELLIGENCE AND DATA SCIENCE,160.0,133.0,,108.5,118.5,,,0,0,0,0,0,0,0
1301,Mohammed Sathak A J College of Engineering  Old Mahabalipuram Road (OMR)  Egattur  Chengalpattu District 603103,CHENGALPET,SELF FINANCING COLLEGES TIER 3,CB,COMPUTER SCIENCE AND BUSSINESS SYSTEM,133.0,105.5,,106.0,,,,0,1,0,0,0,0,0
1301,Mohammed Sathak A J College of Engineering  Old Mahabalipuram Road (OMR)  Egattur  Chengalpattu District 603103,CHENGALPET,SELF FINANCING COLLEGES TIER 3,CE,CIVIL  ENGINEERING,92.0,,,,,,,1,0,0,0,0,0,0
1301,Mohammed Sathak A J College of Engineering  Old Mahabalipuram Road (OMR)  Egattur  Chengalpattu District 603103,CHENGALPET,SELF FINANCING COLLEGES TIER 3,CS,COMPUTER SCIENCE AND ENGINEERING,144.5,114.0,135.0,103.0,93.0,,,0,0,0,0,0,0,0
1301,Mohammed Sathak A J College of Engineering  Old Mahabalipuram Road (OMR)  Egattur  Chengalpattu District 603103,CHENGALPET,SELF FINANCING COLLEGES TIER 3,EC,ELECTRONICS AND COMMUNICATION ENGINEERING,140.0,119.5,135.5,107.5,107.0,,,0,1,0,1,1,0,0
1301,Mohammed Sathak A J College of Engineering  Old Mahabalipuram Road (OMR)  Egattur  Chengalpattu District 603103,CHENGALPET,SELF FINANCING COLLEGES TIER 3,EE,ELECTRICAL AND ELECTRONICS ENGINEERING,128.0,,,,,,,1,0,0,0,0,0,0
1301,Mohammed Sathak A J College of Engineering  Old Mahabalipuram Road (OMR)  Egattur  Chengalpattu District 603103,CHENGALPET,SELF FINANCING COLLEGES TIER 3,IT,INFORMATION TECHNOLOGY,141.0,91.3333333333333,140.0,113.0,88.0,,,0,0,0,1,1,0,0
1301,Mohammed Sathak A J College of Engineering  Old Mahabalipuram Road (OMR)  Egattur  Chengalpattu District 603103,CHENGALPET,SELF FINANCING COLLEGES TIER 3,ME,MECHANICAL ENGINEERING,102.0,,,,,,,1,0,0,0,0,0,0
1301,Mohammed Sathak A J College of Engineering  Old Mahabalipuram Road (OMR)  Egattur  Chengalpattu District 603103,CHENGALPET,SELF FINANCING COLLEGES TIER 3,SC,Computer Science and Engineering (Cyber Security),134.5,109.0,,129.0,100.5,,,0,1,0,1,1,0,0
1303,Anand Institute of Higher Technology  Old Mahabalipuram Road (OMR)  Kazhipattur  Chengalpattu District  603103,CHENGALPET,SELF FINANCING COLLEGES TIER 3,AD,ARTIFICIAL INTELLIGENCE AND DATA SCIENCE,143.5,95.0,106.0,104.5,108.0,,,0,1,0,0,0,0,0
1303,Anand Institute of Higher Technology  Old Mahabalipuram Road (OMR)  Kazhipattur  Chengalpattu District  603103,CHENGALPET,SELF FINANCING COLLEGES TIER 3,AG,AGRICULTURAL ENGINEERING,101.0,,,,,,,1,0,0,0,0,0,0
1303,Anand Institute of Higher Technology  Old Mahabalipuram Road (OMR)  Kazhipattur  Chengalpattu District  603103,CHENGALPET,SELF FINANCING COLLEGES TIER 3,BT,BIO TECHNOLOGY,115.5,100.0,,89.0,101.0,,,0,1,0,1,1,0,0
1303,Anand Institute of Higher Technology  Old Mahabalipuram Road (OMR)  Kazhipattur  Chengalpattu District  603103,CHENGALPET,SELF FINANCING COLLEGES TIER 3,CB,COMPUTER SCIENCE AND BUSSINESS SYSTEM,121.5,88.0,,100.5,114.5,,,0,1,0,1,1,0,0
1303,Anand Institute of Higher Technology  Old Mahabalipuram Road (OMR)  Kazhipattur  Chengalpattu District  603103,CHENGALPET,SELF FINANCING COLLEGES TIER 3,CS,COMPUTER SCIENCE AND ENGINEERING,143.0,87.0,109.5,118.0,109.5,,107.0,0,1,0,0,1,0,0
1303,Anand Institute of Higher Technology  Old Mahabalipuram Road (OMR)  Kazhipattur  Chengalpattu District  603103,CHENGALPET,SELF FINANCING COLLEGES TIER 3,EC,ELECTRONICS AND COMMUNICATION ENGINEERING,124.5,114.5,,104.5,102.5,,,0,1,0,1,1,0,0
1303,Anand Institute of Higher Technology  Old Mahabalipuram Road (OMR)  Kazhipattur  Chengalpattu District  603103,CHENGALPET,SELF FINANCING COLLEGES TIER 3,EE,ELECTRICAL AND ELECTRONICS ENGINEERING,105.0,80.0,,96.5,90.5,,,0,1,0,1,1,0,0
1303,Anand Institute of Higher Technology  Old Mahabalipuram Road (OMR)  Kazhipattur  Chengalpattu District  603103,CHENGALPET,SELF FINANCING COLLEGES TIER 3,IT,INFORMATION TECHNOLOGY,146.5,117.5,135.5,109.0,115.5,129.5,121.5,0,1,1,0,0,0,0
1303,Anand Institute of Higher Technology  Old Mahabalipuram Road (OMR)  Kazhipattur  Chengalpattu District  603103,CHENGALPET,SELF FINANCING COLLEGES TIER 3,ME,MECHANICAL ENGINEERING,86.0,,,,,,,0,0,0,0,0,0,0
1304,Easwari Engineering College (Autonomous)  Ramapuram  Chennai 600089,THIRUVALLUR,SELF FINANCING COLLEGES TIER 1,AD,ARTIFICIAL INTELLIGENCE AND DATA SCIENCE,185.5,181.5,184.0,177.0,157.0,154.0,,0,0,0,0,0,0,0
1304,Easwari Engineering College (Autonomous)  Ramapuram  Chennai 600089,THIRUVALLUR,SELF FINANCING COLLEGES TIER 1,AM,COMPUTER SCIENCE AND ENGINEERING (ARTIFICIAL INTELLIGENCE AND MACHINE LEARNING),180.5,174.5,179.0,176.5,143.0,136.5,,0,0,0,0,0,0,0
1304,Easwari Engineering College (Autonomous)  Ramapuram  Chennai 600089,THIRUVALLUR,SELF FINANCING COLLEGES TIER 1,AU,AUTOMOBILE ENGINEERING,141.5,123.5,135.0,125.5,99.0,,,0,0,0,0,1,0,0
1304,Easwari Engineering College (Autonomous)  Ramapuram  Chennai 600089,THIRUVALLUR,SELF FINANCING COLLEGES TIER 1,BM,BIO MEDICAL ENGINEERING,160.5,151.0,158.5,146.0,124.0,136.0,,0,0,0,0,0,0,0
1304,Easwari Engineering College (Autonomous)  Ramapuram  Chennai 600089,THIRUVALLUR,SELF FINANCING COLLEGES TIER 1,CE,CIVIL  ENGINEERING,150.0,130.5,129.0,129.0,116.5,,,0,0,0,0,0,0,0
1304,Easwari Engineering College (Autonomous)  Ramapuram  Chennai 600089,THIRUVALLUR,SELF FINANCING COLLEGES TIER 1,CS,COMPUTER SCIENCE AND ENGINEERING,185.0,178.0,179.5,176.0,154.0,131.0,142.5,0,0,0,0,0,0,0
1304,Easwari Engineering College (Autonomous)  Ramapuram  Chennai 600089,THIRUVALLUR,SELF FINANCING COLLEGES TIER 1,EC,ELECTRONICS AND COMMUNICATION ENGINEERING,179.5,174.5,172.0,168.5,141.0,124.0,,0,0,0,0,0,0,0
1304,Easwari Engineering College (Autonomous)  Ramapuram  Chennai 600089,THIRUVALLUR,SELF FINANCING COLLEGES TIER 1,EE,ELECTRICAL AND ELECTRONICS ENGINEERING,170.0,165.0,167.415,156.5,136.5,,,0,0,0,0,0,0,0
1304,Easwari Engineering College (Autonomous)  Ramapuram  Chennai 600089,THIRUVALLUR,SELF FINANCING COLLEGES TIER 1,IT,INFORMATION TECHNOLOGY,182.0,175.5,177.5,173.5,144.0,118.5,,0,0,0,0,0,0,0
1304,Easwari Engineering College (Autonomous)  Ramapuram  Chennai 600089,THIRUVALLUR,SELF FINANCING COLLEGES TIER 1,ME,MECHANICAL ENGINEERING,157.5,136.5,156.5,128.5,115.0,,,0,0,0,0,0,0,0
1304,Easwari Engineering College (Autonomous)  Ramapuram  Chennai 600089,THIRUVALLUR,SELF FINANCING COLLEGES TIER 1,RM,ROBOTICS AND AUTOMATION,166.5,161.0,161.5,154.0,127.5,,,0,0,0,0,0,0,0
1304,Easwari Engineering College (Autonomous)  Ramapuram  Chennai 600089,THIRUVALLUR,SELF FINANCING COLLEGES TIER 1,SC,Computer Science and Engineering (Cyber Security),179.5,175.5,174.5,172.0,147.0,128.5,,0,0,0,0,0,0,0
1306,Jeppiaar Engineering College  Old Mahabalipuram Road (OMR)  Chennai 600119,CHENGALPET,SELF FINANCING COLLEGES TIER 3,AD,ARTIFICIAL INTELLIGENCE AND DATA SCIENCE,169.5,162.0,153.5,155.0,139.5,,,0,0,0,0,0,0,0
1306,Jeppiaar Engineering College  Old Mahabalipuram Road (OMR)  Chennai 600119,CHENGALPET,SELF FINANCING COLLEGES TIER 3,BT,BIO TECHNOLOGY,161.5,152.5,,147.0,91.0,,,0,0,0,0,0,0,0
1306,Jeppiaar Engineering College  Old Mahabalipuram Road (OMR)  Chennai 600119,CHENGALPET,SELF FINANCING COLLEGES TIER 3,CS,COMPUTER SCIENCE AND ENGINEERING,164.0,158.0,150.5,153.0,128.5,,,0,0,0,0,0,0,0
1306,Jeppiaar Engineering College  Old Mahabalipuram Road (OMR)  Chennai 600119,CHENGALPET,SELF FINANCING COLLEGES TIER 3,EC,ELECTRONICS AND COMMUNICATION ENGINEERING,159.0,150.0,133.0,146.0,118.0,,,0,0,0,0,0,0,0
1306,Jeppiaar Engineering College  Old Mahabalipuram Road (OMR)  Chennai 600119,CHENGALPET,SELF FINANCING COLLEGES TIER 3,IT,INFORMATION TECHNOLOGY,162.5,155.0,145.0,151.5,127.0,,,0,0,0,0,0,0,0
1306,Jeppiaar Engineering College  Old Mahabalipuram Road (OMR)  Chennai 600119,CHENGALPET,SELF FINANCING COLLEGES TIER 3,ME,MECHANICAL ENGINEERING,125.5,106.5,122.999999999999,103.0,110.5,,,0,0,0,0,1,0,0
1307,Jerusalem College of Engineering (Autonomous)  Narayanapuram  Pallikaranai  Chennai 600 100,CHENGALPET,SELF FINANCING COLLEGES TIER 3,AD,ARTIFICIAL INTELLIGENCE AND DATA SCIENCE,161.5,154.5,150.5,143.0,136.0,133.5,,0,0,0,0,0,0,0
1307,Jerusalem College of Engineering (Autonomous)  Narayanapuram  Pallikaranai  Chennai 600 100,CHENGALPET,SELF FINANCING COLLEGES TIER 3,AM,COMPUTER SCIENCE AND ENGINEERING (ARTIFICIAL INTELLIGENCE AND MACHINE LEARNING),152.5,140.5,143.0,142.0,125.0,122.5,,0,0,0,0,0,0,0
1307,Jerusalem College of Engineering (Autonomous)  Narayanapuram  Pallikaranai  Chennai 600 100,CHENGALPET,SELF FINANCING COLLEGES TIER 3,BM,BIO MEDICAL ENGINEERING,149.5,113.0,133.0,101.5,119.5,106.0,,0,0,0,1,0,0,0
1307,Jerusalem College of Engineering (Autonomous)  Narayanapuram  Pallikaranai  Chennai 600 100,CHENGALPET,SELF FINANCING COLLEGES TIER 3,CB,COMPUTER SCIENCE AND BUSSINESS SYSTEM,151.0,141.5,142.0,141.0,127.5,,,0,0,0,0,0,0,0
1307,Jerusalem College of Engineering (Autonomous)  Narayanapuram  Pallikaranai  Chennai 600 100,CHENGALPET,SELF FINANCING COLLEGES TIER 3,CS,COMPUTER SCIENCE AND ENGINEERING,160.5,147.0,152.5,144.5,123.5,144.5,,0,0,0,0,0,0,0
1307,Jerusalem College of Engineering (Autonomous)  Narayanapuram  Pallikaranai  Chennai 600 100,CHENGALPET,SELF FINANCING COLLEGES TIER 3,EC,ELECTRONICS AND COMMUNICATION ENGINEERING,153.0,142.5,145.5,144.5,119.5,,,0,0,0,0,0,0,0
1307,Jerusalem College of Engineering (Autonomous)  Narayanapuram  Pallikaranai  Chennai 600 100,CHENGALPET,SELF FINANCING COLLEGES TIER 3,EE,ELECTRICAL AND ELECTRONICS ENGINEERING,139.5,135.0,139.5,131.0,121.5,,,0,0,0,0,0,0,0
1307,Jerusalem College of Engineering (Autonomous)  Narayanapuram  Pallikaranai  Chennai 600 100,CHENGALPET,SELF FINANCING COLLEGES TIER 3,IT,INFORMATION TECHNOLOGY,156.5,146.0,153.0,143.5,140.5,133.5,,0,0,0,0,0,0,0
1307,Jerusalem College of Engineering (Autonomous)  Narayanapuram  Pallikaranai  Chennai 600 100,CHENGALPET,SELF FINANCING COLLEGES TIER 3,SC,Computer Science and Engineering (Cyber Security),149.5,140.0,,141.5,122.5,,,0,0,0,0,0,0,0
1309,Meenakshi Sundararajan Engineering College  Kodambakkam  Chennai 600024,CHENNAI,SELF FINANCING COLLEGES TIER 3,AD,ARTIFICIAL INTELLIGENCE AND DATA SCIENCE,176.5,166.5,,164.0,148.0,110.0,,0,0,0,0,0,0,0
1309,Meenakshi Sundararajan Engineering College  Kodambakkam  Chennai 600024,CHENNAI,SELF FINANCING COLLEGES TIER 3,CE,CIVIL  ENGINEERING,130.0,110.0,126.5,103.5,97.5,,,0,1,0,1,1,0,0
1309,Meenakshi Sundararajan Engineering College  Kodambakkam  Chennai 600024,CHENNAI,SELF FINANCING COLLEGES TIER 3,CS,COMPUTER SCIENCE AND ENGINEERING,184.5,179.5,183.0,171.5,160.0,134.5,,0,0,0,0,0,0,0
1309,Meenakshi Sundararajan Engineering College  Kodambakkam  Chennai 600024,CHENNAI,SELF FINANCING COLLEGES TIER 3,EC,ELECTRONICS AND COMMUNICATION ENGINEERING,170.5,160.0,164.5,159.5,128.0,142.0,,0,0,0,0,0,1,0
1309,Meenakshi Sundararajan Engineering College  Kodambakkam  Chennai 600024,CHENNAI,SELF FINANCING COLLEGES TIER 3,EE,ELECTRICAL AND ELECTRONICS ENGINEERING,160.0,146.0,146.5,143.5,125.0,136.0,,0,0,0,0,0,0,0
1309,Meenakshi Sundararajan Engineering College  Kodambakkam  Chennai 600024,CHENNAI,SELF FINANCING COLLEGES TIER 3,IT,INFORMATION TECHNOLOGY,177.0,170.0,172.0,168.0,151.5,116.5,,0,0,0,0,0,0,0
1309,Meenakshi Sundararajan Engineering College  Kodambakkam  Chennai 600024,CHENNAI,SELF FINANCING COLLEGES TIER 3,ME,MECHANICAL ENGINEERING,142.5,121.0,,119.5,107.5,84.5,,0,0,0,0,1,0,0
1310,Misrimal Navajee Munoth Jain Engineering College  Rajiv Gandhi Salai (OMR)  Thorappakkam  Chennai 600096,CHENGALPET,SELF FINANCING COLLEGES TIER 3,AD,ARTIFICIAL INTELLIGENCE AND DATA SCIENCE,143.5,135.5,137.0,138.5,116.0,,,0,0,0,0,0,0,0
1310,Misrimal Navajee Munoth Jain Engineering College  Rajiv Gandhi Salai (OMR)  Thorappakkam  Chennai 600096,CHENGALPET,SELF FINANCING COLLEGES TIER 3,CB,COMPUTER SCIENCE AND BUSSINESS SYSTEM,152.5,135.0,111.5,136.0,106.5,,,0,0,0,0,1,0,0
1310,Misrimal Navajee Munoth Jain Engineering College  Rajiv Gandhi Salai (OMR)  Thorappakkam  Chennai 600096,CHENGALPET,SELF FINANCING COLLEGES TIER 3,CE,CIVIL  ENGINEERING,,,,,,,,0,0,0,0,0,0,0
1310,Misrimal Navajee Munoth Jain Engineering College  Rajiv Gandhi Salai (OMR)  Thorappakkam  Chennai 600096,CHENGALPET,SELF FINANCING COLLEGES TIER 3,CS,COMPUTER SCIENCE AND ENGINEERING,160.5,146.0,142.0,139.5,97.0,,,0,0,0,0,1,0,0
1310,Misrimal Navajee Munoth Jain Engineering College  Rajiv Gandhi Salai (OMR)  Thorappakkam  Chennai 600096,CHENGALPET,SELF FINANCING COLLEGES TIER 3,EC,ELECTRONICS AND COMMUNICATION ENGINEERING,132.0,97.5,,109.0,103.0,,,0,1,0,0,1,0,0
1310,Misrimal Navajee Munoth Jain Engineering College  Rajiv Gandhi Salai (OMR)  Thorappakkam  Chennai 600096,CHENGALPET,SELF FINANCING COLLEGES TIER 3,EE,ELECTRICAL AND ELECTRONICS ENGINEERING,115.0,,,,,,,0,0,0,0,0,0,0
1310,Misrimal Navajee Munoth Jain Engineering College  Rajiv Gandhi Salai (OMR)  Thorappakkam  Chennai 600096,CHENGALPET,SELF FINANCING COLLEGES TIER 3,IT,INFORMATION TECHNOLOGY,145.0,138.5,126.0,134.0,113.0,,,0,0,0,0,0,0,0
1310,Misrimal Navajee Munoth Jain Engineering College  Rajiv Gandhi Salai (OMR)  Thorappakkam  Chennai 600096,CHENGALPET,SELF FINANCING COLLEGES TIER 3,ME,MECHANICAL ENGINEERING,90.0,,,,,,,0,0,0,0,0,0,0
1311,K C G College of Technology (Autonomous) Karappakkam  Chennai 600096,CHENGALPET,SELF FINANCING COLLEGES TIER 3,AD,ARTIFICIAL INTELLIGENCE AND DATA SCIENCE,172.0,159.5,171.0,157.5,138.0,,,0,0,0,0,0,0,0
1311,K C G College of Technology (Autonomous) Karappakkam  Chennai 600096,CHENGALPET,SELF FINANCING COLLEGES TIER 3,AE,AERONAUTICAL ENGINEERING,165.5,159.0,158.0,130.5,134.0,164.0,,0,0,0,0,0,0,0
1311,K C G College of Technology (Autonomous) Karappakkam  Chennai 600096,CHENGALPET,SELF FINANCING COLLEGES TIER 3,AO,AEROSPACE ENGINEERING,178.0,166.0,164.5,123.0,141.0,137.0,,0,0,0,0,0,0,0
1311,K C G College of Technology (Autonomous) Karappakkam  Chennai 600096,CHENGALPET,SELF FINANCING COLLEGES TIER 3,AU,AUTOMOBILE ENGINEERING,128.5,103.5,118.5,95.5,104.0,,,0,0,0,0,1,0,0
1311,K C G College of Technology (Autonomous) Karappakkam  Chennai 600096,CHENGALPET,SELF FINANCING COLLEGES TIER 3,CE,CIVIL  ENGINEERING,156.5,106.0,,124.5,,,,0,1,0,0,0,0,0
1311,K C G College of Technology (Autonomous) Karappakkam  Chennai 600096,CHENGALPET,SELF FINANCING COLLEGES TIER 3,CS,COMPUTER SCIENCE AND ENGINEERING,166.5,156.0,161.5,155.0,129.0,,,0,0,0,0,0,0,0
1311,K C G College of Technology (Autonomous) Karappakkam  Chennai 600096,CHENGALPET,SELF FINANCING COLLEGES TIER 3,EC,ELECTRONICS AND COMMUNICATION ENGINEERING,163.0,150.0,159.0,149.5,118.5,,,0,0,0,0,0,0,0
1311,K C G College of Technology (Autonomous) Karappakkam  Chennai 600096,CHENGALPET,SELF FINANCING COLLEGES TIER 3,EE,ELECTRICAL AND ELECTRONICS ENGINEERING,149.5,145.5,146.5,140.5,115.0,,,0,0,0,0,0,0,0
1311,K C G College of Technology (Autonomous) Karappakkam  Chennai 600096,CHENGALPET,SELF FINANCING COLLEGES TIER 3,FT,FASHION TECHNOLOGY,150.0,115.0,104.5,109.0,,,,0,0,0,0,0,0,0
1311,K C G College of Technology (Autonomous) Karappakkam  Chennai 600096,CHENGALPET,SELF FINANCING COLLEGES TIER 3,IT,INFORMATION TECHNOLOGY,165.0,154.5,158.5,150.5,131.5,,,0,0,0,0,0,0,0
1311,K C G College of Technology (Autonomous) Karappakkam  Chennai 600096,CHENGALPET,SELF FINANCING COLLEGES TIER 3,ME,MECHANICAL ENGINEERING,154.5,122.0,,121.5,,,,0,0,0,0,0,0,0
1311,K C G College of Technology (Autonomous) Karappakkam  Chennai 600096,CHENGALPET,SELF FINANCING COLLEGES TIER 3,MZ,Mechatronics Engineering,159.5,150.0,,147.5,125.0,,,0,0,0,0,0,0,0
1311,K C G College of Technology (Autonomous) Karappakkam  Chennai 600096,CHENGALPET,SELF FINANCING COLLEGES TIER 3,SC,Computer Science and Engineering (Cyber Security),161.5,151.5,,146.5,125.5,,,0,0,0,0,0,0,0
1313,Shree Motilal Kanhaiyalal (SMK)Fomra Institute of Technology  Old Mahabalipuram Road (OMR)  Kelambakkam  Chengalpattu District 603103,CHENGALPET,SELF FINANCING COLLEGES TIER 3,AD,ARTIFICIAL INTELLIGENCE AND DATA SCIENCE,83.5,,,,,,,1,0,0,0,0,0,0
1313,Shree Motilal Kanhaiyalal (SMK)Fomra Institute of Technology  Old Mahabalipuram Road (OMR)  Kelambakkam  Chengalpattu District 603103,CHENGALPET,SELF FINANCING COLLEGES TIER 3,BM,BIO MEDICAL ENGINEERING,91.5,,,,,,,1,0,0,0,0,0,0
1313,Shree Motilal Kanhaiyalal (SMK)Fomra Institute of Technology  Old Mahabalipuram Road (OMR)  Kelambakkam  Chengalpattu District 603103,CHENGALPET,SELF FINANCING COLLEGES TIER 3,CS,COMPUTER SCIENCE AND ENGINEERING,96.0,,,90.0,,,,0,0,0,1,0,0,0
1313,Shree Motilal Kanhaiyalal (SMK)Fomra Institute of Technology  Old Mahabalipuram Road (OMR)  Kelambakkam  Chengalpattu District 603103,CHENGALPET,SELF FINANCING COLLEGES TIER 3,EC,ELECTRONICS AND COMMUNICATION ENGINEERING,87.5,,,,,,,1,0,0,0,0,0,0
1313,Shree Motilal Kanhaiyalal (SMK)Fomra Institute of Technology  Old Mahabalipuram Road (OMR)  Kelambakkam  Chengalpattu District 603103,CHENGALPET,SELF FINANCING COLLEGES TIER 3,EE,ELECTRICAL AND ELECTRONICS ENGINEERING,,,,,,,,0,0,0,0,0,0,0
1313,Shree Motilal Kanhaiyalal (SMK)Fomra Institute of Technology  Old Mahabalipuram Road (OMR)  Kelambakkam  Chengalpattu District 603103,CHENGALPET,SELF FINANCING COLLEGES TIER 3,IT,INFORMATION TECHNOLOGY,89.5,,,,,,,0,0,0,0,0,0,0
1313,Shree Motilal Kanhaiyalal (SMK)Fomra Institute of Technology  Old Mahabalipuram Road (OMR)  Kelambakkam  Chengalpattu District 603103,CHENGALPET,SELF FINANCING COLLEGES TIER 3,ME,MECHANICAL ENGINEERING,110.0,,,,,,,1,0,0,0,0,0,0
1315,Sri Sivasubramaniya Nadar College of Engineering (Autonomous)  Kalavakkam  Old Mahabalipuram Road (OMR)  Chengalpattu District 603110,CHENGALPET,SELF FINANCING COLLEGES TIER 1,BM,BIO MEDICAL ENGINEERING,190.5,189.0,190.0,185.0,167.0,164.0,139.0,0,0,0,0,0,0,0
1315,Sri Sivasubramaniya Nadar College of Engineering (Autonomous)  Kalavakkam  Old Mahabalipuram Road (OMR)  Chengalpattu District 603110,CHENGALPET,SELF FINANCING COLLEGES TIER 1,CE,CIVIL  ENGINEERING,188.5,184.0,173.5,177.0,169.0,155.5,,0,0,0,0,0,0,0
1315,Sri Sivasubramaniya Nadar College of Engineering (Autonomous)  Kalavakkam  Old Mahabalipuram Road (OMR)  Chengalpattu District 603110,CHENGALPET,SELF FINANCING COLLEGES TIER 1,CH,CHEMICAL  ENGINEERING,189.5,185.5,189.5,181.0,169.0,138.5,141.0,0,0,0,0,0,0,0
1315,Sri Sivasubramaniya Nadar College of Engineering (Autonomous)  Kalavakkam  Old Mahabalipuram Road (OMR)  Chengalpattu District 603110,CHENGALPET,SELF FINANCING COLLEGES TIER 1,CJ,M.Tech. Computer Science and Engineering (Integrated 5 years),196.0,195.0,191.5,193.0,180.0,156.0,,0,0,0,0,0,0,0
1315,Sri Sivasubramaniya Nadar College of Engineering (Autonomous)  Kalavakkam  Old Mahabalipuram Road (OMR)  Chengalpattu District 603110,CHENGALPET,SELF FINANCING COLLEGES TIER 1,CS,COMPUTER SCIENCE AND ENGINEERING,199.0,198.5,198.0,197.0,186.0,174.0,156.5,0,0,0,0,0,0,0
1315,Sri Sivasubramaniya Nadar College of Engineering (Autonomous)  Kalavakkam  Old Mahabalipuram Road (OMR)  Chengalpattu District 603110,CHENGALPET,SELF FINANCING COLLEGES TIER 1,EC,ELECTRONICS AND COMMUNICATION ENGINEERING,197.5,196.5,192.0,195.0,181.984999999999,173.0,,0,0,0,0,0,0,0
1315,Sri Sivasubramaniya Nadar College of Engineering (Autonomous)  Kalavakkam  Old Mahabalipuram Road (OMR)  Chengalpattu District 603110,CHENGALPET,SELF FINANCING COLLEGES TIER 1,EE,ELECTRICAL AND ELECTRONICS ENGINEERING,196.0,194.5,191.0,193.0,178.0,163.0,149.0,0,0,0,0,0,0,0
1315,Sri Sivasubramaniya Nadar College of Engineering (Autonomous)  Kalavakkam  Old Mahabalipuram Road (OMR)  Chengalpattu District 603110,CHENGALPET,SELF FINANCING COLLEGES TIER 1,IT,INFORMATION TECHNOLOGY,198.0,197.0,195.5,195.5,181.5,172.5,162.5,0,0,0,0,0,0,0
1315,Sri Sivasubramaniya Nadar College of Engineering (Autonomous)  Kalavakkam  Old Mahabalipuram Road (OMR)  Chengalpattu District 603110,CHENGALPET,SELF FINANCING COLLEGES TIER 1,ME,MECHANICAL ENGINEERING,192.0,190.0,188.0,187.5,169.5,147.5,,0,0,0,0,0,0,0
1316,Agni College of Technology  Old Mahabalipuram Road (OMR)  Thalambur Village  Chengalpattu District 603103,CHENGALPET,SELF FINANCING COLLEGES TIER 3,AD,ARTIFICIAL INTELLIGENCE AND DATA SCIENCE,149.5,132.5,118.5,133.0,129.0,,,0,0,0,0,0,0,0
1316,Agni College of Technology  Old Mahabalipuram Road (OMR)  Thalambur Village  Chengalpattu District 603103,CHENGALPET,SELF FINANCING COLLEGES TIER 3,BM,BIO MEDICAL ENGINEERING,132.0,91.5,121.5,95.0,103.0,,,0,0,0,1,1,0,0
1316,Agni College of Technology  Old Mahabalipuram Road (OMR)  Thalambur Village  Chengalpattu District 603103,CHENGALPET,SELF FINANCING COLLEGES TIER 3,CE,CIVIL  ENGINEERING,111.0,96.5,,98.0,,,,0,1,0,1,0,0,0
1316,Agni College of Technology  Old Mahabalipuram Road (OMR)  Thalambur Village  Chengalpattu District 603103,CHENGALPET,SELF FINANCING COLLEGES TIER 3,CH,CHEMICAL  ENGINEERING,135.0,85.0,128.0,128.0,80.5,,,0,1,0,0,1,0,0
1316,Agni College of Technology  Old Mahabalipuram Road (OMR)  Thalambur Village  Chengalpattu District 603103,CHENGALPET,SELF FINANCING COLLEGES TIER 3,CS,COMPUTER SCIENCE AND ENGINEERING,149.0,129.0,132.5,123.5,104.5,,134.5,0,0,0,0,0,0,0
1316,Agni College of Technology  Old Mahabalipuram Road (OMR)  Thalambur Village  Chengalpattu District 603103,CHENGALPET,SELF FINANCING COLLEGES TIER 3,EC,ELECTRONICS AND COMMUNICATION ENGINEERING,145.5,130.0,127.0,130.5,108.5,,,0,0,0,0,0,0,0
1316,Agni College of Technology  Old Mahabalipuram Road (OMR)  Thalambur Village  Chengalpattu District 603103,CHENGALPET,SELF FINANCING COLLEGES TIER 3,EE,ELECTRICAL AND ELECTRONICS ENGINEERING,140.0,112.5,,105.5,109.5,,,0,0,0,0,0,0,0
1316,Agni College of Technology  Old Mahabalipuram Road (OMR)  Thalambur Village  Chengalpattu District 603103,CHENGALPET,SELF FINANCING COLLEGES TIER 3,IT,INFORMATION TECHNOLOGY,144.0,123.0,125.0,104.5,107.5,,,0,0,0,0,0,0,0
1316,Agni College of Technology  Old Mahabalipuram Road (OMR)  Thalambur Village  Chengalpattu District 603103,CHENGALPET,SELF FINANCING COLLEGES TIER 3,ME,MECHANICAL ENGINEERING,125.5,109.5,106.0,117.5,,,,0,0,0,0,0,0,0
1316,Agni College of Technology  Old Mahabalipuram Road (OMR)  Thalambur Village  Chengalpattu District 603103,CHENGALPET,SELF FINANCING COLLEGES TIER 3,MZ,Mechatronics Engineering,134.0,111.0,91.0,106.5,87.0,,,0,0,1,0,1,0,0
1317,St. Joseph's College of Engineering (Autonomous)  Old Mahabalipuram Road (OMR)  Chennai 600 119,CHENGALPET,SELF FINANCING COLLEGES TIER 1,AD,ARTIFICIAL INTELLIGENCE AND DATA SCIENCE,180.0,171.0,165.5,171.0,140.5,95.0,120.5,0,0,0,0,0,1,0
1317,St. Joseph's College of Engineering (Autonomous)  Old Mahabalipuram Road (OMR)  Chennai 600 119,CHENGALPET,SELF FINANCING COLLEGES TIER 1,AL,Artificial Intelligence and Machine Learning,175.5,170.5,172.5,163.5,131.0,,,0,0,0,0,0,0,0
1317,St. Joseph's College of Engineering (Autonomous)  Old Mahabalipuram Road (OMR)  Chennai 600 119,CHENGALPET,SELF FINANCING COLLEGES TIER 1,BT,BIO TECHNOLOGY,160.0,155.0,158.5,142.0,149.5,,,0,0,0,0,0,0,0
1317,St. Joseph's College of Engineering (Autonomous)  Old Mahabalipuram Road (OMR)  Chennai 600 119,CHENGALPET,SELF FINANCING COLLEGES TIER 1,CH,CHEMICAL  ENGINEERING,150.0,130.0,114.5,127.0,120.5,,,0,0,0,0,1,0,0
1317,St. Joseph's College of Engineering (Autonomous)  Old Mahabalipuram Road (OMR)  Chennai 600 119,CHENGALPET,SELF FINANCING COLLEGES TIER 1,CS,COMPUTER SCIENCE AND ENGINEERING,186.5,179.0,178.0,175.0,141.5,102.5,148.5,0,0,0,0,0,1,0
1317,St. Joseph's College of Engineering (Autonomous)  Old Mahabalipuram Road (OMR)  Chennai 600 119,CHENGALPET,SELF FINANCING COLLEGES TIER 1,EC,ELECTRONICS AND COMMUNICATION ENGINEERING,178.5,172.0,167.0,162.5,129.5,107.0,120.5,0,0,0,0,0,0,0
1317,St. Joseph's College of Engineering (Autonomous)  Old Mahabalipuram Road (OMR)  Chennai 600 119,CHENGALPET,SELF FINANCING COLLEGES TIER 1,EE,ELECTRICAL AND ELECTRONICS ENGINEERING,160.0,146.0,139.5,143.5,93.0,114.5,,0,0,0,0,1,1,0
1317,St. Joseph's College of Engineering (Autonomous)  Old Mahabalipuram Road (OMR)  Chennai 600 119,CHENGALPET,SELF FINANCING COLLEGES TIER 1,IT,INFORMATION TECHNOLOGY,179.5,172.5,174.0,169.5,138.5,,142.5,0,0,0,0,0,0,0
1317,St. Joseph's College of Engineering (Autonomous)  Old Mahabalipuram Road (OMR)  Chennai 600 119,CHENGALPET,SELF FINANCING COLLEGES TIER 1,ME,MECHANICAL ENGINEERING,134.0,113.5,112.0,107.5,99.0,,,0,0,1,0,1,0,0
1318,T.J Institute of Technology  Karapakkam  Chennai - 600097,CHENGALPET,SELF FINANCING COLLEGES TIER 3,AD,ARTIFICIAL INTELLIGENCE AND DATA SCIENCE,95.0,,,89.0,,,,0,0,0,1,0,0,0
1318,T.J Institute of Technology  Karapakkam  Chennai - 600097,CHENGALPET,SELF FINANCING COLLEGES TIER 3,AM,COMPUTER SCIENCE AND ENGINEERING (ARTIFICIAL INTELLIGENCE AND MACHINE LEARNING),103.5,,,,,,,1,0,0,0,0,0,0
1318,T.J Institute of Technology  Karapakkam  Chennai - 600097,CHENGALPET,SELF FINANCING COLLEGES TIER 3,CE,CIVIL  ENGINEERING,,,,,,,,0,0,0,0,0,0,0
1318,T.J Institute of Technology  Karapakkam  Chennai - 600097,CHENGALPET,SELF FINANCING COLLEGES TIER 3,CS,COMPUTER SCIENCE AND ENGINEERING,82.5,,,,,,,1,0,0,0,0,0,0
1318,T.J Institute of Technology  Karapakkam  Chennai - 600097,CHENGALPET,SELF FINANCING COLLEGES TIER 3,EC,ELECTRONICS AND COMMUNICATION ENGINEERING,,,,,,,,0,0,0,0,0,0,0
1318,T.J Institute of Technology  Karapakkam  Chennai - 600097,CHENGALPET,SELF FINANCING COLLEGES TIER 3,EE,ELECTRICAL AND ELECTRONICS ENGINEERING,,,,,,,,0,0,0,0,0,0,0
1318,T.J Institute of Technology  Karapakkam  Chennai - 600097,CHENGALPET,SELF FINANCING COLLEGES TIER 3,IT,INFORMATION TECHNOLOGY,80.0,,,,,,,1,0,0,0,0,0,0
1318,T.J Institute of Technology  Karapakkam  Chennai - 600097,CHENGALPET,SELF FINANCING COLLEGES TIER 3,ME,MECHANICAL ENGINEERING,,,,,,,,0,0,0,0,0,0,0
1318,T.J Institute of Technology  Karapakkam  Chennai - 600097,CHENGALPET,SELF FINANCING COLLEGES TIER 3,SC,Computer Science and Engineering (Cyber Security),97.0,,,,,,,1,0,0,0,0,0,0
1319,Thangavelu Engineering College  Karappakkam  Chennai 600097,CHENGALPET,SELF FINANCING COLLEGES TIER 3,AD,ARTIFICIAL INTELLIGENCE AND DATA SCIENCE,124.5,104.5,96.5,114.0,94.5,123.0,,0,1,1,1,1,0,0
1319,Thangavelu Engineering College  Karappakkam  Chennai 600097,CHENGALPET,SELF FINANCING COLLEGES TIER 3,CE,CIVIL  ENGINEERING,,,,,,,,0,0,0,0,0,0,0
1319,Thangavelu Engineering College  Karappakkam  Chennai 600097,CHENGALPET,SELF FINANCING COLLEGES TIER 3,CS,COMPUTER SCIENCE AND ENGINEERING,120.5,98.5,90.0,117.0,89.0,,,0,1,1,1,1,0,0
1319,Thangavelu Engineering College  Karappakkam  Chennai 600097,CHENGALPET,SELF FINANCING COLLEGES TIER 3,EC,ELECTRONICS AND COMMUNICATION ENGINEERING,87.5,,,,,,,0,0,0,0,0,0,0
1319,Thangavelu Engineering College  Karappakkam  Chennai 600097,CHENGALPET,SELF FINANCING COLLEGES TIER 3,EE,ELECTRICAL AND ELECTRONICS ENGINEERING,110.5,,,,,,,1,0,0,0,0,0,0
1319,Thangavelu Engineering College  Karappakkam  Chennai 600097,CHENGALPET,SELF FINANCING COLLEGES TIER 3,EI,ELECTRONICS AND INSTRUMENTATION ENGINEERING,,,,,,,,0,0,0,0,0,0,0
1319,Thangavelu Engineering College  Karappakkam  Chennai 600097,CHENGALPET,SELF FINANCING COLLEGES TIER 3,IT,INFORMATION TECHNOLOGY,121.0,105.0,,,101.0,,,0,1,0,0,0,0,0
1319,Thangavelu Engineering College  Karappakkam  Chennai 600097,CHENGALPET,SELF FINANCING COLLEGES TIER 3,ME,MECHANICAL ENGINEERING,,,,,,,,0,0,0,0,0,0,0
1322,Dhanalakshmi Srinivasan College of Engineering and Technology  East Coast Road  Poonjeri  Chennai 603104,CHENGALPET,SELF FINANCING COLLEGES TIER 1,AD,ARTIFICIAL INTELLIGENCE AND DATA SCIENCE,134.5,104.5,118.0,111.5,87.0,,,0,0,0,0,0,0,0
1322,Dhanalakshmi Srinivasan College of Engineering and Technology  East Coast Road  Poonjeri  Chennai 603104,CHENGALPET,SELF FINANCING COLLEGES TIER 1,AE,AERONAUTICAL ENGINEERING,126.0,99.0,,113.5,101.5,,,0,1,0,1,1,0,0
1322,Dhanalakshmi Srinivasan College of Engineering and Technology  East Coast Road  Poonjeri  Chennai 603104,CHENGALPET,SELF FINANCING COLLEGES TIER 1,AG,AGRICULTURAL ENGINEERING,103.5,83.5,,100.5,102.0,,,0,1,0,1,1,0,0
1322,Dhanalakshmi Srinivasan College of Engineering and Technology  East Coast Road  Poonjeri  Chennai 603104,CHENGALPET,SELF FINANCING COLLEGES TIER 1,BM,BIO MEDICAL ENGINEERING,122.0,101.0,,108.5,105.5,,,0,1,0,1,1,0,0
1322,Dhanalakshmi Srinivasan College of Engineering and Technology  East Coast Road  Poonjeri  Chennai 603104,CHENGALPET,SELF FINANCING COLLEGES TIER 1,CE,CIVIL  ENGINEERING,94.0,,,,,,,1,0,0,0,0,0,0
1322,Dhanalakshmi Srinivasan College of Engineering and Technology  East Coast Road  Poonjeri  Chennai 603104,CHENGALPET,SELF FINANCING COLLEGES TIER 1,CS,COMPUTER SCIENCE AND ENGINEERING,139.0,108.0,127.5,113.0,88.5,,,0,0,0,0,0,0,0
1322,Dhanalakshmi Srinivasan College of Engineering and Technology  East Coast Road  Poonjeri  Chennai 603104,CHENGALPET,SELF FINANCING COLLEGES TIER 1,EC,ELECTRONICS AND COMMUNICATION ENGINEERING,134.0,93.5,121.5,107.0,89.0,,,0,1,1,1,1,0,0
1322,Dhanalakshmi Srinivasan College of Engineering and Technology  East Coast Road  Poonjeri  Chennai 603104,CHENGALPET,SELF FINANCING COLLEGES TIER 1,EE,ELECTRICAL AND ELECTRONICS ENGINEERING,113.0,99.5,111.0,96.5,94.5,,,0,1,1,1,1,0,0
1322,Dhanalakshmi Srinivasan College of Engineering and Technology  East Coast Road  Poonjeri  Chennai 603104,CHENGALPET,SELF FINANCING COLLEGES TIER 1,FD,FOOD TECHNOLOGY,109.0,88.0,,100.5,,,,0,1,0,1,0,0,0
1322,Dhanalakshmi Srinivasan College of Engineering and Technology  East Coast Road  Poonjeri  Chennai 603104,CHENGALPET,SELF FINANCING COLLEGES TIER 1,IT,INFORMATION TECHNOLOGY,138.0,116.0,106.0,114.5,90.5,136.5,90.5,0,0,0,0,0,0,0
1322,Dhanalakshmi Srinivasan College of Engineering and Technology  East Coast Road  Poonjeri  Chennai 603104,CHENGALPET,SELF FINANCING COLLEGES TIER 1,ME,MECHANICAL ENGINEERING,94.5,,,,,,,1,0,0,0,0,0,0
1322,Dhanalakshmi Srinivasan College of Engineering and Technology  East Coast Road  Poonjeri  Chennai 603104,CHENGALPET,SELF FINANCING COLLEGES TIER 1,SC,Computer Science and Engineering (Cyber Security),130.0,101.0,117.0,111.0,85.5,,,0,1,1,0,1,0,0
1324,Sri Sai Ram Institute of Technology (Autonomous)  West Tambaram  Chennai 600044,CHENGALPET,SELF FINANCING COLLEGES TIER 1,AD,ARTIFICIAL INTELLIGENCE AND DATA SCIENCE,172.5,166.5,159.5,163.0,141.5,,,0,0,0,0,0,0,0
1324,Sri Sai Ram Institute of Technology (Autonomous)  West Tambaram  Chennai 600044,CHENGALPET,SELF FINANCING COLLEGES TIER 1,CO,COMPUTER AND  COMMUNICATION ENGINEERING,167.0,163.0,157.5,158.5,126.0,,,0,0,0,0,0,0,0
1324,Sri Sai Ram Institute of Technology (Autonomous)  West Tambaram  Chennai 600044,CHENGALPET,SELF FINANCING COLLEGES TIER 1,CS,COMPUTER SCIENCE AND ENGINEERING,177.0,169.0,163.5,165.0,140.5,119.5,125.0,0,0,0,0,0,1,0
1324,Sri Sai Ram Institute of Technology (Autonomous)  West Tambaram  Chennai 600044,CHENGALPET,SELF FINANCING COLLEGES TIER 1,EC,ELECTRONICS AND COMMUNICATION ENGINEERING,171.5,165.0,160.0,163.0,130.0,,,0,0,0,0,0,0,0
1324,Sri Sai Ram Institute of Technology (Autonomous)  West Tambaram  Chennai 600044,CHENGALPET,SELF FINANCING COLLEGES TIER 1,EE,ELECTRICAL AND ELECTRONICS ENGINEERING,163.0,155.5,151.0,156.5,120.0,,,0,0,0,0,0,0,0
1324,Sri Sai Ram Institute of Technology (Autonomous)  West Tambaram  Chennai 600044,CHENGALPET,SELF FINANCING COLLEGES TIER 1,IT,INFORMATION TECHNOLOGY,171.5,164.5,165.5,163.5,140.5,,128.0,0,0,0,0,0,0,0
1324,Sri Sai Ram Institute of Technology (Autonomous)  West Tambaram  Chennai 600044,CHENGALPET,SELF FINANCING COLLEGES TIER 1,ME,MECHANICAL ENGINEERING,149.5,140.5,137.0,132.5,97.0,,,0,0,0,0,0,0,0
1324,Sri Sai Ram Institute of Technology (Autonomous)  West Tambaram  Chennai 600044,CHENGALPET,SELF FINANCING COLLEGES TIER 1,SC,Computer Science and Engineering (Cyber Security),176.0,166.0,167.5,163.0,133.5,,,0,0,0,0,0,0,0
1325,St. Joseph College of Engineering  Trinity Campus  Nemili  Sriperumpudur Taluk  Kancheepuram District 602105,KANCHEEPURAM,SELF FINANCING COLLEGES TIER 1,AD,ARTIFICIAL INTELLIGENCE AND DATA SCIENCE,146.5,113.5,127.5,123.5,100.5,,,0,0,0,0,0,0,0
1325,St. Joseph College of Engineering  Trinity Campus  Nemili  Sriperumpudur Taluk  Kancheepuram District 602105,KANCHEEPURAM,SELF FINANCING COLLEGES TIER 1,CS,COMPUTER SCIENCE AND ENGINEERING,146.0,122.0,143.0,129.5,92.0,,78.0,0,0,0,0,0,0,0
1325,St. Joseph College of Engineering  Trinity Campus  Nemili  Sriperumpudur Taluk  Kancheepuram District 602105,KANCHEEPURAM,SELF FINANCING COLLEGES TIER 1,EC,ELECTRONICS AND COMMUNICATION ENGINEERING,136.0,82.0,,93.0,94.5,124.5,,0,1,0,1,1,1,0
1325,St. Joseph College of Engineering  Trinity Campus  Nemili  Sriperumpudur Taluk  Kancheepuram District 602105,KANCHEEPURAM,SELF FINANCING COLLEGES TIER 1,IT,INFORMATION TECHNOLOGY,135.5,117.0,93.0,118.5,104.0,,,0,0,0,0,0,0,0
1325,St. Joseph College of Engineering  Trinity Campus  Nemili  Sriperumpudur Taluk  Kancheepuram District 602105,KANCHEEPURAM,SELF FINANCING COLLEGES TIER 1,ME,MECHANICAL ENGINEERING,126.0,105.5,,92.0,95.5,,,0,1,0,1,1,0,0
1334,ARS College of Engineering  Maraimalai Nagar Post  Chengalpattu District 603209,CHENGALPET,SELF FINANCING COLLEGES TIER 3,CE,CIVIL  ENGINEERING,,,,,,,,0,0,0,0,0,0,0
1334,ARS College of Engineering  Maraimalai Nagar Post  Chengalpattu District 603209,CHENGALPET,SELF FINANCING COLLEGES TIER 3,CS,COMPUTER SCIENCE AND ENGINEERING,,,,,,,,0,0,0,0,0,0,0
1334,ARS College of Engineering  Maraimalai Nagar Post  Chengalpattu District 603209,CHENGALPET,SELF FINANCING COLLEGES TIER 3,EC,ELECTRONICS AND COMMUNICATION ENGINEERING,,,,,,,,0,0,0,0,0,0,0
1334,ARS College of Engineering  Maraimalai Nagar Post  Chengalpattu District 603209,CHENGALPET,SELF FINANCING COLLEGES TIER 3,ME,MECHANICAL ENGINEERING,,,,,,,,0,0,0,0,0,0,0
1335,Sri Krishna Institute of Technology  Panapakkam  Padappai   Chennai 601301,KANCHEEPURAM,SELF FINANCING COLLEGES TIER 3,AM,COMPUTER SCIENCE AND ENGINEERING (ARTIFICIAL INTELLIGENCE AND MACHINE LEARNING),104.5,,,,,,,1,0,0,0,0,0,0
1335,Sri Krishna Institute of Technology  Panapakkam  Padappai   Chennai 601301,KANCHEEPURAM,SELF FINANCING COLLEGES TIER 3,CE,CIVIL  ENGINEERING,,,,,,,,0,0,0,0,0,0,0
1335,Sri Krishna Institute of Technology  Panapakkam  Padappai   Chennai 601301,KANCHEEPURAM,SELF FINANCING COLLEGES TIER 3,EC,ELECTRONICS AND COMMUNICATION ENGINEERING,,,,,,,,0,0,0,0,0,0,0
1335,Sri Krishna Institute of Technology  Panapakkam  Padappai   Chennai 601301,KANCHEEPURAM,SELF FINANCING COLLEGES TIER 3,EE,ELECTRICAL AND ELECTRONICS ENGINEERING,,,,,,,,0,0,0,0,0,0,0
1335,Sri Krishna Institute of Technology  Panapakkam  Padappai   Chennai 601301,KANCHEEPURAM,SELF FINANCING COLLEGES TIER 3,ME,MECHANICAL ENGINEERING,,,,,,,,0,0,0,0,0,0,0
1335,Sri Krishna Institute of Technology  Panapakkam  Padappai   Chennai 601301,KANCHEEPURAM,SELF FINANCING COLLEGES TIER 3,SC,Computer Science and Engineering (Cyber Security),98.5,,,,,,,1,0,0,0,0,0,0
1398,Chennai Institute of Technology and Applied Research    Sarathy Nagar  Puthuper Village  Kundrathur  Â ChennaiÂ 600069,KANCHEEPURAM,SELF FINANCING COLLEGES TIER 3,AD,ARTIFICIAL INTELLIGENCE AND DATA SCIENCE,187.5,182.0,180.5,183.47,163.5,152.5,,0,0,0,0,0,0,0
1398,Chennai Institute of Technology and Applied Research    Sarathy Nagar  Puthuper Village  Kundrathur  Â ChennaiÂ 600069,KANCHEEPURAM,SELF FINANCING COLLEGES TIER 3,CS,COMPUTER SCIENCE AND ENGINEERING,186.5,182.0,181.0,179.0,158.0,129.5,123.0,0,0,0,0,0,1,0
1398,Chennai Institute of Technology and Applied Research    Sarathy Nagar  Puthuper Village  Kundrathur  Â ChennaiÂ 600069,KANCHEEPURAM,SELF FINANCING COLLEGES TIER 3,EC,ELECTRONICS AND COMMUNICATION ENGINEERING,186.0,181.0,,178.0,156.5,150.0,,0,0,0,0,0,0,0
1398,Chennai Institute of Technology and Applied Research    Sarathy Nagar  Puthuper Village  Kundrathur  Â ChennaiÂ 600069,KANCHEEPURAM,SELF FINANCING COLLEGES TIER 3,EE,ELECTRICAL AND ELECTRONICS ENGINEERING,180.0,178.0,169.5,172.0,150.0,,,0,0,0,0,0,0,0
1399,Chennai Institute of Technology (Autonomous) Puduper Village  Nandambakkam Post  Kundrathur  Chennai 600069,KANCHEEPURAM,SELF FINANCING COLLEGES TIER 1,AD,ARTIFICIAL INTELLIGENCE AND DATA SCIENCE,193.5,191.0,190.0,189.5,177.5,165.51,140.0,0,0,0,0,0,0,0
1399,Chennai Institute of Technology (Autonomous) Puduper Village  Nandambakkam Post  Kundrathur  Chennai 600069,KANCHEEPURAM,SELF FINANCING COLLEGES TIER 1,AM,COMPUTER SCIENCE AND ENGINEERING (ARTIFICIAL INTELLIGENCE AND MACHINE LEARNING),192.0,190.0,190.5,185.0,174.5,153.0,127.5,0,0,0,0,0,0,0
1399,Chennai Institute of Technology (Autonomous) Puduper Village  Nandambakkam Post  Kundrathur  Chennai 600069,KANCHEEPURAM,SELF FINANCING COLLEGES TIER 1,BM,BIO MEDICAL ENGINEERING,186.5,180.5,181.0,175.0,168.5,,114.0,0,0,0,0,0,0,0
1399,Chennai Institute of Technology (Autonomous) Puduper Village  Nandambakkam Post  Kundrathur  Chennai 600069,KANCHEEPURAM,SELF FINANCING COLLEGES TIER 1,CB,COMPUTER SCIENCE AND BUSSINESS SYSTEM,190.0,189.0,190.0,185.5,171.666666666666,160.5,,0,0,0,0,0,0,0
1399,Chennai Institute of Technology (Autonomous) Puduper Village  Nandambakkam Post  Kundrathur  Chennai 600069,KANCHEEPURAM,SELF FINANCING COLLEGES TIER 1,CE,CIVIL  ENGINEERING,175.5,170.0,169.0,161.5,169.0,,,0,0,0,0,0,0,0
1399,Chennai Institute of Technology (Autonomous) Puduper Village  Nandambakkam Post  Kundrathur  Chennai 600069,KANCHEEPURAM,SELF FINANCING COLLEGES TIER 1,CS,COMPUTER SCIENCE AND ENGINEERING,195.5,193.5,194.0,192.0,177.5,153.5,162.5,0,0,0,0,0,0,0
1399,Chennai Institute of Technology (Autonomous) Puduper Village  Nandambakkam Post  Kundrathur  Chennai 600069,KANCHEEPURAM,SELF FINANCING COLLEGES TIER 1,EA,Electronics and Communication ( Advanced Communication Technology),190.0,188.5,186.5,187.5,162.0,131.5,117.0,0,0,0,0,0,0,0
1399,Chennai Institute of Technology (Autonomous) Puduper Village  Nandambakkam Post  Kundrathur  Chennai 600069,KANCHEEPURAM,SELF FINANCING COLLEGES TIER 1,EC,ELECTRONICS AND COMMUNICATION ENGINEERING,192.5,190.5,189.0,188.5,167.5,133.0,153.0,0,0,0,0,0,0,0
1399,Chennai Institute of Technology (Autonomous) Puduper Village  Nandambakkam Post  Kundrathur  Chennai 600069,KANCHEEPURAM,SELF FINANCING COLLEGES TIER 1,EE,ELECTRICAL AND ELECTRONICS ENGINEERING,188.0,187.5,185.5,180.5,156.5,130.0,,0,0,0,0,0,0,0
1399,Chennai Institute of Technology (Autonomous) Puduper Village  Nandambakkam Post  Kundrathur  Chennai 600069,KANCHEEPURAM,SELF FINANCING COLLEGES TIER 1,EV,Electronics Engineering (VLSI design and Technology),190.0,188.0,188.5,182.0,161.0,143.0,,0,0,0,0,0,0,0
1399,Chennai Institute of Technology (Autonomous) Puduper Village  Nandambakkam Post  Kundrathur  Chennai 600069,KANCHEEPURAM,SELF FINANCING COLLEGES TIER 1,IT,INFORMATION TECHNOLOGY,192.5,190.0,189.0,188.0,172.5,156.155,,0,0,0,0,0,0,0
1399,Chennai Institute of Technology (Autonomous) Puduper Village  Nandambakkam Post  Kundrathur  Chennai 600069,KANCHEEPURAM,SELF FINANCING COLLEGES TIER 1,ME,MECHANICAL ENGINEERING,184.0,175.0,182.5,175.5,157.5,111.0,,0,0,0,0,0,1,0
1399,Chennai Institute of Technology (Autonomous) Puduper Village  Nandambakkam Post  Kundrathur  Chennai 600069,KANCHEEPURAM,SELF FINANCING COLLEGES TIER 1,MZ,Mechatronics Engineering,184.5,179.5,176.0,174.5,157.5,,,0,0,0,0,0,0,0
1399,Chennai Institute of Technology (Autonomous) Puduper Village  Nandambakkam Post  Kundrathur  Chennai 600069,KANCHEEPURAM,SELF FINANCING COLLEGES TIER 1,SC,Computer Science and Engineering (Cyber Security),190.0,188.5,189.0,187.0,173.13,174.825,,0,0,0,0,0,0,0
1401,Adhiparasakthi Engineering College  Melmaruvathur  Chengalpattu District 603319,CHENGALPET,SELF FINANCING COLLEGES TIER 3,AM,COMPUTER SCIENCE AND ENGINEERING (ARTIFICIAL INTELLIGENCE AND MACHINE LEARNING),141.5,124.5,120.0,122.0,107.5,,,0,0,0,0,1,0,0
1401,Adhiparasakthi Engineering College  Melmaruvathur  Chengalpattu District 603319,CHENGALPET,SELF FINANCING COLLEGES TIER 3,CE,CIVIL  ENGINEERING,87.5,,,,,,,1,0,0,0,0,0,0
1401,Adhiparasakthi Engineering College  Melmaruvathur  Chengalpattu District 603319,CHENGALPET,SELF FINANCING COLLEGES TIER 3,CH,CHEMICAL  ENGINEERING,115.0,108.0,,106.5,,,,0,1,0,1,0,0,0
1401,Adhiparasakthi Engineering College  Melmaruvathur  Chengalpattu District 603319,CHENGALPET,SELF FINANCING COLLEGES TIER 3,CS,COMPUTER SCIENCE AND ENGINEERING,148.0,128.5,123.5,134.5,110.0,,,0,0,0,0,0,0,0
1401,Adhiparasakthi Engineering College  Melmaruvathur  Chengalpattu District 603319,CHENGALPET,SELF FINANCING COLLEGES TIER 3,EC,ELECTRONICS AND COMMUNICATION ENGINEERING,129.0,90.0,,109.0,110.5,,,0,1,0,0,1,0,0
1401,Adhiparasakthi Engineering College  Melmaruvathur  Chengalpattu District 603319,CHENGALPET,SELF FINANCING COLLEGES TIER 3,EE,ELECTRICAL AND ELECTRONICS ENGINEERING,110.0,91.5,,91.5,,,,0,1,0,1,0,0,0
1401,Adhiparasakthi Engineering College  Melmaruvathur  Chengalpattu District 603319,CHENGALPET,SELF FINANCING COLLEGES TIER 3,IT,INFORMATION TECHNOLOGY,147.0,133.0,137.5,131.5,117.0,,,0,0,0,0,0,0,0
1401,Adhiparasakthi Engineering College  Melmaruvathur  Chengalpattu District 603319,CHENGALPET,SELF FINANCING COLLEGES TIER 3,ME,MECHANICAL ENGINEERING,87.5,,,,,,,1,0,0,0,0,0,0
1402,Annai Teresa College of Engineering  Thirunavalur  Kallakkurichi District 607204,KALLAKURICHI,SELF FINANCING COLLEGES TIER 3,CS,COMPUTER SCIENCE AND ENGINEERING,95.5,80.5,,89.0,,,,0,1,0,1,0,0,0
1402,Annai Teresa College of Engineering  Thirunavalur  Kallakkurichi District 607204,KALLAKURICHI,SELF FINANCING COLLEGES TIER 3,EC,ELECTRONICS AND COMMUNICATION ENGINEERING,128.0,,,,,,,1,0,0,0,0,0,0
1402,Annai Teresa College of Engineering  Thirunavalur  Kallakkurichi District 607204,KALLAKURICHI,SELF FINANCING COLLEGES TIER 3,EE,ELECTRICAL AND ELECTRONICS ENGINEERING,94.5,,,,,,,1,0,0,0,0,0,0
1402,Annai Teresa College of Engineering  Thirunavalur  Kallakkurichi District 607204,KALLAKURICHI,SELF FINANCING COLLEGES TIER 3,ME,MECHANICAL ENGINEERING,98.74,,,,,,,1,0,0,0,0,0,0
1405,Dhanalakshmi College of  Engineering  Manimangalam  Chennai 601301,KANCHEEPURAM,SELF FINANCING COLLEGES TIER 3,AD,ARTIFICIAL INTELLIGENCE AND DATA SCIENCE,140.0,126.0,107.5,118.0,105.0,,,0,0,0,0,1,0,0
1405,Dhanalakshmi College of  Engineering  Manimangalam  Chennai 601301,KANCHEEPURAM,SELF FINANCING COLLEGES TIER 3,CS,COMPUTER SCIENCE AND ENGINEERING,144.5,133.5,137.0,120.5,108.5,99.5,,0,0,0,0,0,1,0
1405,Dhanalakshmi College of  Engineering  Manimangalam  Chennai 601301,KANCHEEPURAM,SELF FINANCING COLLEGES TIER 3,EC,ELECTRONICS AND COMMUNICATION ENGINEERING,125.0,89.0,,105.5,92.0,,,0,0,0,1,1,0,0
1405,Dhanalakshmi College of  Engineering  Manimangalam  Chennai 601301,KANCHEEPURAM,SELF FINANCING COLLEGES TIER 3,EE,ELECTRICAL AND ELECTRONICS ENGINEERING,94.5,,,86.0,,,,0,0,0,1,0,0,0
1405,Dhanalakshmi College of  Engineering  Manimangalam  Chennai 601301,KANCHEEPURAM,SELF FINANCING COLLEGES TIER 3,ME,MECHANICAL ENGINEERING,83.5,,,,,,,1,0,0,0,0,0,0
1405,Dhanalakshmi College of  Engineering  Manimangalam  Chennai 601301,KANCHEEPURAM,SELF FINANCING COLLEGES TIER 3,SC,Computer Science and Engineering (Cyber Security),129.5,124.5,,107.5,110.5,,,0,0,0,0,1,0,0
1407,G K M College of  Engineering and Technology  Alappakkam-Mappedu Road  Chennai 600063,CHENGALPET,SELF FINANCING COLLEGES TIER 3,AD,ARTIFICIAL INTELLIGENCE AND DATA SCIENCE,130.0,121.5,,113.5,97.0,,,0,1,0,1,0,0,0
1407,G K M College of  Engineering and Technology  Alappakkam-Mappedu Road  Chennai 600063,CHENGALPET,SELF FINANCING COLLEGES TIER 3,AU,AUTOMOBILE ENGINEERING,,,,,,,,0,0,0,0,0,0,0
1407,G K M College of  Engineering and Technology  Alappakkam-Mappedu Road  Chennai 600063,CHENGALPET,SELF FINANCING COLLEGES TIER 3,BM,BIO MEDICAL ENGINEERING,82.5,,,,,,,1,0,0,0,0,0,0
1407,G K M College of  Engineering and Technology  Alappakkam-Mappedu Road  Chennai 600063,CHENGALPET,SELF FINANCING COLLEGES TIER 3,CE,CIVIL  ENGINEERING,,,,,,,,0,0,0,0,0,0,0
1407,G K M College of  Engineering and Technology  Alappakkam-Mappedu Road  Chennai 600063,CHENGALPET,SELF FINANCING COLLEGES TIER 3,CS,COMPUTER SCIENCE AND ENGINEERING,116.5,98.5,,102.5,84.0,,,0,1,0,1,1,0,0
1407,G K M College of  Engineering and Technology  Alappakkam-Mappedu Road  Chennai 600063,CHENGALPET,SELF FINANCING COLLEGES TIER 3,EC,ELECTRONICS AND COMMUNICATION ENGINEERING,90.0,,,,,,,1,0,0,0,0,0,0
1407,G K M College of  Engineering and Technology  Alappakkam-Mappedu Road  Chennai 600063,CHENGALPET,SELF FINANCING COLLEGES TIER 3,EE,ELECTRICAL AND ELECTRONICS ENGINEERING,105.0,,,,,,,1,0,0,0,0,0,0
1407,G K M College of  Engineering and Technology  Alappakkam-Mappedu Road  Chennai 600063,CHENGALPET,SELF FINANCING COLLEGES TIER 3,IT,INFORMATION TECHNOLOGY,112.0,101.0,,107.0,,,,0,1,0,1,0,0,0
1407,G K M College of  Engineering and Technology  Alappakkam-Mappedu Road  Chennai 600063,CHENGALPET,SELF FINANCING COLLEGES TIER 3,ME,MECHANICAL ENGINEERING,89.0,,,,,,,1,0,0,0,0,0,0
1407,G K M College of  Engineering and Technology  Alappakkam-Mappedu Road  Chennai 600063,CHENGALPET,SELF FINANCING COLLEGES TIER 3,MR,MARINE ENGINEERING,,,,,,,,0,0,0,0,0,0,0
1408,I F E T College of Engineering  (Autonomous)  Gangarampalayam  Villupuram District 605108,VILUPPURAM,SELF FINANCING COLLEGES TIER 3,AD,ARTIFICIAL INTELLIGENCE AND DATA SCIENCE,168.0,150.0,149.0,155.5,94.0,,,0,0,0,0,0,0,0
1408,I F E T College of Engineering  (Autonomous)  Gangarampalayam  Villupuram District 605108,VILUPPURAM,SELF FINANCING COLLEGES TIER 3,AL,Artificial Intelligence and Machine Learning,146.5,127.5,137.5,142.5,103.0,,,0,0,0,0,1,0,0
1408,I F E T College of Engineering  (Autonomous)  Gangarampalayam  Villupuram District 605108,VILUPPURAM,SELF FINANCING COLLEGES TIER 3,CE,CIVIL  ENGINEERING,121.499999999999,,104.5,91.0,,,,0,0,0,1,0,0,0
1408,I F E T College of Engineering  (Autonomous)  Gangarampalayam  Villupuram District 605108,VILUPPURAM,SELF FINANCING COLLEGES TIER 3,CS,COMPUTER SCIENCE AND ENGINEERING,163.0,134.0,140.0,145.5,110.5,,,0,0,0,0,0,0,0
1408,I F E T College of Engineering  (Autonomous)  Gangarampalayam  Villupuram District 605108,VILUPPURAM,SELF FINANCING COLLEGES TIER 3,EC,ELECTRONICS AND COMMUNICATION ENGINEERING,153.5,130.0,144.5,143.5,87.5,,,0,0,0,0,1,0,0
1408,I F E T College of Engineering  (Autonomous)  Gangarampalayam  Villupuram District 605108,VILUPPURAM,SELF FINANCING COLLEGES TIER 3,EE,ELECTRICAL AND ELECTRONICS ENGINEERING,135.0,104.0,130.0,119.0,97.5,,,0,0,0,0,1,0,0
1408,I F E T College of Engineering  (Autonomous)  Gangarampalayam  Villupuram District 605108,VILUPPURAM,SELF FINANCING COLLEGES TIER 3,IT,INFORMATION TECHNOLOGY,160.0,140.0,139.0,151.0,138.5,,,0,0,0,0,0,0,0
1408,I F E T College of Engineering  (Autonomous)  Gangarampalayam  Villupuram District 605108,VILUPPURAM,SELF FINANCING COLLEGES TIER 3,ME,MECHANICAL ENGINEERING,122.0,88.5,109.0,100.5,95.0,,,0,1,0,0,1,0,0
1408,I F E T College of Engineering  (Autonomous)  Gangarampalayam  Villupuram District 605108,VILUPPURAM,SELF FINANCING COLLEGES TIER 3,SC,Computer Science and Engineering (Cyber Security),144.5,125.0,138.5,141.0,100.5,,,0,0,0,0,1,0,0
1409,Karpaga Vinayaga College of Engineering and Technology  Palayanoor Post  Maduranthagam Taluk  Chengalpattu District 603308,CHENGALPET,SELF FINANCING COLLEGES TIER 3,AD,ARTIFICIAL INTELLIGENCE AND DATA SCIENCE,149.0,131.5,147.5,135.0,120.5,,,0,0,0,0,0,0,0
1409,Karpaga Vinayaga College of Engineering and Technology  Palayanoor Post  Maduranthagam Taluk  Chengalpattu District 603308,CHENGALPET,SELF FINANCING COLLEGES TIER 3,AU,AUTOMOBILE ENGINEERING,100.5,,,,,,,1,0,0,0,0,0,0
1409,Karpaga Vinayaga College of Engineering and Technology  Palayanoor Post  Maduranthagam Taluk  Chengalpattu District 603308,CHENGALPET,SELF FINANCING COLLEGES TIER 3,BM,BIO MEDICAL ENGINEERING,123.0,119.5,,97.5,91.0,,,0,1,0,1,0,0,0
1409,Karpaga Vinayaga College of Engineering and Technology  Palayanoor Post  Maduranthagam Taluk  Chengalpattu District 603308,CHENGALPET,SELF FINANCING COLLEGES TIER 3,BT,BIO TECHNOLOGY,143.5,95.0,,108.0,109.0,,,0,0,0,1,1,0,0
1409,Karpaga Vinayaga College of Engineering and Technology  Palayanoor Post  Maduranthagam Taluk  Chengalpattu District 603308,CHENGALPET,SELF FINANCING COLLEGES TIER 3,CE,CIVIL  ENGINEERING,118.0,,,,,,,1,0,0,0,0,0,0
1409,Karpaga Vinayaga College of Engineering and Technology  Palayanoor Post  Maduranthagam Taluk  Chengalpattu District 603308,CHENGALPET,SELF FINANCING COLLEGES TIER 3,CS,COMPUTER SCIENCE AND ENGINEERING,144.0,130.5,143.0,130.5,110.0,131.0,,0,0,0,0,1,1,0
1409,Karpaga Vinayaga College of Engineering and Technology  Palayanoor Post  Maduranthagam Taluk  Chengalpattu District 603308,CHENGALPET,SELF FINANCING COLLEGES TIER 3,EC,ELECTRONICS AND COMMUNICATION ENGINEERING,134.0,121.0,,129.5,105.5,,,0,0,0,0,1,0,0
1409,Karpaga Vinayaga College of Engineering and Technology  Palayanoor Post  Maduranthagam Taluk  Chengalpattu District 603308,CHENGALPET,SELF FINANCING COLLEGES TIER 3,EE,ELECTRICAL AND ELECTRONICS ENGINEERING,123.5,95.0,112.0,119.5,,,,0,1,0,1,0,0,0
1409,Karpaga Vinayaga College of Engineering and Technology  Palayanoor Post  Maduranthagam Taluk  Chengalpattu District 603308,CHENGALPET,SELF FINANCING COLLEGES TIER 3,ME,MECHANICAL ENGINEERING,110.5,,,88.5,,,,0,0,0,1,0,0,0
1409,Karpaga Vinayaga College of Engineering and Technology  Palayanoor Post  Maduranthagam Taluk  Chengalpattu District 603308,CHENGALPET,SELF FINANCING COLLEGES TIER 3,RM,ROBOTICS AND AUTOMATION,116.5,97.0,,85.0,94.5,,,0,1,0,1,1,0,0
1411,Madha Engineering College  Kundrathur  Chennai 600069,KANCHEEPURAM,SELF FINANCING COLLEGES TIER 3,AD,ARTIFICIAL INTELLIGENCE AND DATA SCIENCE,140.475,137.5,,132.0,113.0,,,0,1,0,1,1,0,0
1411,Madha Engineering College  Kundrathur  Chennai 600069,KANCHEEPURAM,SELF FINANCING COLLEGES TIER 3,AE,AERONAUTICAL ENGINEERING,106.0,91.5,,90.0,,,,0,1,0,1,0,0,0
1411,Madha Engineering College  Kundrathur  Chennai 600069,KANCHEEPURAM,SELF FINANCING COLLEGES TIER 3,BM,BIO MEDICAL ENGINEERING,135.5,99.0,,,109.5,,,0,1,0,0,1,0,0
1411,Madha Engineering College  Kundrathur  Chennai 600069,KANCHEEPURAM,SELF FINANCING COLLEGES TIER 3,BT,BIO TECHNOLOGY,96.0,,,,,,,0,0,0,0,0,0,0
1411,Madha Engineering College  Kundrathur  Chennai 600069,KANCHEEPURAM,SELF FINANCING COLLEGES TIER 3,CB,COMPUTER SCIENCE AND BUSSINESS SYSTEM,132.5,123.0,,122.5,114.0,,,0,1,0,0,1,0,0
1411,Madha Engineering College  Kundrathur  Chennai 600069,KANCHEEPURAM,SELF FINANCING COLLEGES TIER 3,CE,CIVIL  ENGINEERING,95.5,,,,,,,1,0,0,0,0,0,0
1411,Madha Engineering College  Kundrathur  Chennai 600069,KANCHEEPURAM,SELF FINANCING COLLEGES TIER 3,CS,COMPUTER SCIENCE AND ENGINEERING,178.25,138.0,,114.5,96.0,,,0,0,0,0,0,0,0
1411,Madha Engineering College  Kundrathur  Chennai 600069,KANCHEEPURAM,SELF FINANCING COLLEGES TIER 3,EC,ELECTRONICS AND COMMUNICATION ENGINEERING,117.5,,,115.0,90.5,,,0,0,0,1,1,0,0
1411,Madha Engineering College  Kundrathur  Chennai 600069,KANCHEEPURAM,SELF FINANCING COLLEGES TIER 3,EE,ELECTRICAL AND ELECTRONICS ENGINEERING,107.0,93.5,,,102.5,,,0,1,0,0,0,0,0
1411,Madha Engineering College  Kundrathur  Chennai 600069,KANCHEEPURAM,SELF FINANCING COLLEGES TIER 3,IT,INFORMATION TECHNOLOGY,125.5,110.0,,120.5,110.5,,,0,1,0,1,1,0,0
1411,Madha Engineering College  Kundrathur  Chennai 600069,KANCHEEPURAM,SELF FINANCING COLLEGES TIER 3,ME,MECHANICAL ENGINEERING,94.5,,,,,,,1,0,0,0,0,0,0
1412,Mailam Engineering College  Mailam  Villupuram District 604304,VILUPPURAM,SELF FINANCING COLLEGES TIER 3,AD,ARTIFICIAL INTELLIGENCE AND DATA SCIENCE,165.5,142.5,164.5,151.5,106.25,110.5,,0,0,0,0,0,1,0
1412,Mailam Engineering College  Mailam  Villupuram District 604304,VILUPPURAM,SELF FINANCING COLLEGES TIER 3,CB,COMPUTER SCIENCE AND BUSSINESS SYSTEM,137.0,107.0,132.5,127.0,96.5,,,0,0,0,0,0,0,0
1412,Mailam Engineering College  Mailam  Villupuram District 604304,VILUPPURAM,SELF FINANCING COLLEGES TIER 3,CE,CIVIL  ENGINEERING,90.0,,,,,,,1,0,0,0,0,0,0
1412,Mailam Engineering College  Mailam  Villupuram District 604304,VILUPPURAM,SELF FINANCING COLLEGES TIER 3,CS,COMPUTER SCIENCE AND ENGINEERING,163.5,133.5,142.5,153.5,127.0,135.5,,0,0,0,0,0,1,0
1412,Mailam Engineering College  Mailam  Villupuram District 604304,VILUPPURAM,SELF FINANCING COLLEGES TIER 3,EC,ELECTRONICS AND COMMUNICATION ENGINEERING,140.5,101.0,116.5,129.5,85.0,,,0,1,0,0,1,0,0
1412,Mailam Engineering College  Mailam  Villupuram District 604304,VILUPPURAM,SELF FINANCING COLLEGES TIER 3,EE,ELECTRICAL AND ELECTRONICS ENGINEERING,128.0,89.5,127.0,117.5,89.0,112.5,,0,1,1,0,1,0,0
1412,Mailam Engineering College  Mailam  Villupuram District 604304,VILUPPURAM,SELF FINANCING COLLEGES TIER 3,IT,INFORMATION TECHNOLOGY,151.0,129.5,141.5,142.5,129.0,133.0,,0,0,0,0,0,1,0
1412,Mailam Engineering College  Mailam  Villupuram District 604304,VILUPPURAM,SELF FINANCING COLLEGES TIER 3,ME,MECHANICAL ENGINEERING,102.0,92.5,,85.5,80.0,,,0,1,0,1,1,0,0
1413,Sri Venkateswaraa College of Technology  Sirukulathur  Vadakkal Village  Pondur Post  Sriperumbudur Taluk  Kancheepuram District 602105,KANCHEEPURAM,SELF FINANCING COLLEGES TIER 3,AD,ARTIFICIAL INTELLIGENCE AND DATA SCIENCE,148.0,117.0,119.5,115.5,103.0,,,0,0,0,0,1,0,0
1413,Sri Venkateswaraa College of Technology  Sirukulathur  Vadakkal Village  Pondur Post  Sriperumbudur Taluk  Kancheepuram District 602105,KANCHEEPURAM,SELF FINANCING COLLEGES TIER 3,CS,COMPUTER SCIENCE AND ENGINEERING,149.5,123.5,117.0,124.5,101.5,,,0,0,1,0,0,0,0
1413,Sri Venkateswaraa College of Technology  Sirukulathur  Vadakkal Village  Pondur Post  Sriperumbudur Taluk  Kancheepuram District 602105,KANCHEEPURAM,SELF FINANCING COLLEGES TIER 3,EC,ELECTRONICS AND COMMUNICATION ENGINEERING,126.0,83.0,,100.0,92.0,,,0,1,0,1,1,0,0
1413,Sri Venkateswaraa College of Technology  Sirukulathur  Vadakkal Village  Pondur Post  Sriperumbudur Taluk  Kancheepuram District 602105,KANCHEEPURAM,SELF FINANCING COLLEGES TIER 3,EE,ELECTRICAL AND ELECTRONICS ENGINEERING,105.0,,,,,,,1,0,0,0,0,0,0
1413,Sri Venkateswaraa College of Technology  Sirukulathur  Vadakkal Village  Pondur Post  Sriperumbudur Taluk  Kancheepuram District 602105,KANCHEEPURAM,SELF FINANCING COLLEGES TIER 3,ME,MECHANICAL ENGINEERING,96.0,,,,,,,1,0,0,0,0,0,0
1413,Sri Venkateswaraa College of Technology  Sirukulathur  Vadakkal Village  Pondur Post  Sriperumbudur Taluk  Kancheepuram District 602105,KANCHEEPURAM,SELF FINANCING COLLEGES TIER 3,SC,Computer Science and Engineering (Cyber Security),142.0,107.0,,113.0,112.0,,,0,1,0,0,1,0,0
1414,Prince Shri Venkateshwara  Padmavathy Engineering College  (Autonomous) Ponmar  Chennai 600048,KANCHEEPURAM,SELF FINANCING COLLEGES TIER 3,CE,CIVIL  ENGINEERING,139.5,128.0,,135.0,132.695,,,0,1,0,0,1,0,0
1414,Prince Shri Venkateshwara  Padmavathy Engineering College  (Autonomous) Ponmar  Chennai 600048,KANCHEEPURAM,SELF FINANCING COLLEGES TIER 3,CS,COMPUTER SCIENCE AND ENGINEERING,193.5,186.45,182.5,186.329999999999,176.8,80.5,,0,0,0,0,0,0,0
1414,Prince Shri Venkateshwara  Padmavathy Engineering College  (Autonomous) Ponmar  Chennai 600048,KANCHEEPURAM,SELF FINANCING COLLEGES TIER 3,EC,ELECTRONICS AND COMMUNICATION ENGINEERING,149.5,129.0,128.0,124.5,103.5,,,0,0,0,0,1,0,0
1414,Prince Shri Venkateshwara  Padmavathy Engineering College  (Autonomous) Ponmar  Chennai 600048,KANCHEEPURAM,SELF FINANCING COLLEGES TIER 3,EE,ELECTRICAL AND ELECTRONICS ENGINEERING,145.5,118.5,,110.0,,,,0,0,0,0,0,0,0
1414,Prince Shri Venkateshwara  Padmavathy Engineering College  (Autonomous) Ponmar  Chennai 600048,KANCHEEPURAM,SELF FINANCING COLLEGES TIER 3,IT,INFORMATION TECHNOLOGY,184.0,179.5,178.6,174.56,169.095,,99.0,0,0,0,0,0,0,0
1414,Prince Shri Venkateshwara  Padmavathy Engineering College  (Autonomous) Ponmar  Chennai 600048,KANCHEEPURAM,SELF FINANCING COLLEGES TIER 3,ME,MECHANICAL ENGINEERING,142.5,91.0,,133.5,134.99,101.5,,0,1,0,1,1,0,0
1415,T S M Jain College of Technology  Melur Village  Kallakurichi District 606201,KALLAKURICHI,SELF FINANCING COLLEGES TIER 3,CE,CIVIL  ENGINEERING,85.75,,,,,,,1,0,0,0,0,0,0
1415,T S M Jain College of Technology  Melur Village  Kallakurichi District 606201,KALLAKURICHI,SELF FINANCING COLLEGES TIER 3,CS,COMPUTER SCIENCE AND ENGINEERING,112.0,,,,,,,1,0,0,0,0,0,0
1415,T S M Jain College of Technology  Melur Village  Kallakurichi District 606201,KALLAKURICHI,SELF FINANCING COLLEGES TIER 3,EC,ELECTRONICS AND COMMUNICATION ENGINEERING,,,,,,,,0,0,0,0,0,0,0
1415,T S M Jain College of Technology  Melur Village  Kallakurichi District 606201,KALLAKURICHI,SELF FINANCING COLLEGES TIER 3,EE,ELECTRICAL AND ELECTRONICS ENGINEERING,98.0,,,,,,,1,0,0,0,0,0,0
1415,T S M Jain College of Technology  Melur Village  Kallakurichi District 606201,KALLAKURICHI,SELF FINANCING COLLEGES TIER 3,ME,MECHANICAL ENGINEERING,,,,,,,,0,0,0,0,0,0,0
1416,Jaya Sakthi Engineering College  Thirunindravur  Chennai 602024,THIRUVALLUR,SELF FINANCING COLLEGES TIER 3,AD,ARTIFICIAL INTELLIGENCE AND DATA SCIENCE,108.5,91.0,,,90.5,,,0,1,0,0,1,0,0
1416,Jaya Sakthi Engineering College  Thirunindravur  Chennai 602024,THIRUVALLUR,SELF FINANCING COLLEGES TIER 3,BM,BIO MEDICAL ENGINEERING,93.0,82.0,,,,,,0,1,0,0,0,0,0
1416,Jaya Sakthi Engineering College  Thirunindravur  Chennai 602024,THIRUVALLUR,SELF FINANCING COLLEGES TIER 3,CS,COMPUTER SCIENCE AND ENGINEERING,122.0,98.5,,89.5,104.0,,95.5,0,1,0,1,1,0,0
1416,Jaya Sakthi Engineering College  Thirunindravur  Chennai 602024,THIRUVALLUR,SELF FINANCING COLLEGES TIER 3,ME,MECHANICAL ENGINEERING,90.0,,,,,,,1,0,0,0,0,0,0
1416,Jaya Sakthi Engineering College  Thirunindravur  Chennai 602024,THIRUVALLUR,SELF FINANCING COLLEGES TIER 3,PH,PHARMACEUTICAL TECHNOLOGY,87.5,,,,,,,1,0,0,0,0,0,0
1416,Jaya Sakthi Engineering College  Thirunindravur  Chennai 602024,THIRUVALLUR,SELF FINANCING COLLEGES TIER 3,SC,Computer Science and Engineering (Cyber Security),80.0,,,,,,,1,0,0,0,0,0,0
1419,Sri Sai Ram Enginering College (Autonomous)  West Tambaram  Chennai 600044,CHENGALPET,SELF FINANCING COLLEGES TIER 1,AD,ARTIFICIAL INTELLIGENCE AND DATA SCIENCE,180.0,173.5,172.5,168.5,143.5,97.0,,0,0,0,0,0,1,0
1419,Sri Sai Ram Enginering College (Autonomous)  West Tambaram  Chennai 600044,CHENGALPET,SELF FINANCING COLLEGES TIER 1,AM,COMPUTER SCIENCE AND ENGINEERING (ARTIFICIAL INTELLIGENCE AND MACHINE LEARNING),178.0,171.0,172.0,167.5,138.5,111.5,140.0,0,0,0,0,0,0,0
1419,Sri Sai Ram Enginering College (Autonomous)  West Tambaram  Chennai 600044,CHENGALPET,SELF FINANCING COLLEGES TIER 1,CB,COMPUTER SCIENCE AND BUSSINESS SYSTEM,176.5,169.0,159.5,166.0,137.0,,,0,0,0,0,0,0,0
1419,Sri Sai Ram Enginering College (Autonomous)  West Tambaram  Chennai 600044,CHENGALPET,SELF FINANCING COLLEGES TIER 1,CE,CIVIL  ENGINEERING,153.0,143.5,136.0,137.5,128.5,,,0,0,0,0,0,0,0
1419,Sri Sai Ram Enginering College (Autonomous)  West Tambaram  Chennai 600044,CHENGALPET,SELF FINANCING COLLEGES TIER 1,CI,Computer Science and Engineering (Internet of Things),174.0,169.0,165.5,165.5,140.5,,,0,0,0,0,0,0,0
1419,Sri Sai Ram Enginering College (Autonomous)  West Tambaram  Chennai 600044,CHENGALPET,SELF FINANCING COLLEGES TIER 1,CJ,M.Tech. Computer Science and Engineering (Integrated 5 years),175.0,164.5,167.0,156.5,140.0,,,0,0,0,0,0,0,0
1419,Sri Sai Ram Enginering College (Autonomous)  West Tambaram  Chennai 600044,CHENGALPET,SELF FINANCING COLLEGES TIER 1,CS,COMPUTER SCIENCE AND ENGINEERING,185.0,179.0,177.0,176.5,149.5,128.0,141.5,0,0,0,0,0,0,0
1419,Sri Sai Ram Enginering College (Autonomous)  West Tambaram  Chennai 600044,CHENGALPET,SELF FINANCING COLLEGES TIER 1,EC,ELECTRONICS AND COMMUNICATION ENGINEERING,179.0,172.5,164.5,170.0,146.0,139.0,139.5,0,0,0,0,0,1,1
1419,Sri Sai Ram Enginering College (Autonomous)  West Tambaram  Chennai 600044,CHENGALPET,SELF FINANCING COLLEGES TIER 1,EE,ELECTRICAL AND ELECTRONICS ENGINEERING,169.0,161.0,149.0,158.0,127.5,,,0,0,0,0,0,0,0
1419,Sri Sai Ram Enginering College (Autonomous)  West Tambaram  Chennai 600044,CHENGALPET,SELF FINANCING COLLEGES TIER 1,EI,ELECTRONICS AND INSTRUMENTATION ENGINEERING,163.5,155.0,153.5,152.0,120.5,,,0,0,0,0,0,0,0
1419,Sri Sai Ram Enginering College (Autonomous)  West Tambaram  Chennai 600044,CHENGALPET,SELF FINANCING COLLEGES TIER 1,IC,INSTRUMENTATION AND CONTROL ENGINEERING,155.5,152.0,150.5,148.0,121.5,,,0,0,0,0,0,0,0
1419,Sri Sai Ram Enginering College (Autonomous)  West Tambaram  Chennai 600044,CHENGALPET,SELF FINANCING COLLEGES TIER 1,IT,INFORMATION TECHNOLOGY,180.5,174.0,174.0,171.5,142.0,110.5,,0,0,0,0,0,0,0
1419,Sri Sai Ram Enginering College (Autonomous)  West Tambaram  Chennai 600044,CHENGALPET,SELF FINANCING COLLEGES TIER 1,ME,MECHANICAL ENGINEERING,158.0,147.5,138.5,138.5,115.0,113.0,,0,0,0,0,0,0,0
1419,Sri Sai Ram Enginering College (Autonomous)  West Tambaram  Chennai 600044,CHENGALPET,SELF FINANCING COLLEGES TIER 1,MU,MECHANICAL AND AUTOMATION ENGINEERING,151.5,142.5,,130.0,104.0,,,0,0,0,0,0,0,0
1420,Tagore Engineering College  Rathnamangalam  Vandalur Post  Chennai 600048,CHENGALPET,SELF FINANCING COLLEGES TIER 3,AD,ARTIFICIAL INTELLIGENCE AND DATA SCIENCE,150.0,123.0,135.0,121.0,110.0,,,0,0,0,0,0,0,0
1420,Tagore Engineering College  Rathnamangalam  Vandalur Post  Chennai 600048,CHENGALPET,SELF FINANCING COLLEGES TIER 3,AE,AERONAUTICAL ENGINEERING,108.5,106.0,107.5,,91.5,,,0,1,0,0,1,0,0
1420,Tagore Engineering College  Rathnamangalam  Vandalur Post  Chennai 600048,CHENGALPET,SELF FINANCING COLLEGES TIER 3,CS,COMPUTER SCIENCE AND ENGINEERING,141.0,122.5,119.0,126.5,115.0,,118.0,0,0,0,0,0,0,0
1420,Tagore Engineering College  Rathnamangalam  Vandalur Post  Chennai 600048,CHENGALPET,SELF FINANCING COLLEGES TIER 3,EC,ELECTRONICS AND COMMUNICATION ENGINEERING,140.0,110.5,,119.5,106.0,,,0,0,0,1,1,0,0
1420,Tagore Engineering College  Rathnamangalam  Vandalur Post  Chennai 600048,CHENGALPET,SELF FINANCING COLLEGES TIER 3,IT,INFORMATION TECHNOLOGY,150.0,129.0,144.0,116.5,119.0,,,0,0,0,0,0,0,0
1420,Tagore Engineering College  Rathnamangalam  Vandalur Post  Chennai 600048,CHENGALPET,SELF FINANCING COLLEGES TIER 3,ME,MECHANICAL ENGINEERING,119.5,94.5,115.5,104.5,105.0,,,0,1,0,1,1,0,0
1421,V R S College of Engineering and Technology  Arasur  Villupuram District 607107,VILUPPURAM,SELF FINANCING COLLEGES TIER 3,CE,CIVIL  ENGINEERING,85.0,,,,,,,0,0,0,0,0,0,0
1421,V R S College of Engineering and Technology  Arasur  Villupuram District 607107,VILUPPURAM,SELF FINANCING COLLEGES TIER 3,CS,COMPUTER SCIENCE AND ENGINEERING,137.5,98.0,122.0,125.5,121.0,,,0,1,0,0,0,0,0
1421,V R S College of Engineering and Technology  Arasur  Villupuram District 607107,VILUPPURAM,SELF FINANCING COLLEGES TIER 3,EC,ELECTRONICS AND COMMUNICATION ENGINEERING,122.5,100.5,119.5,104.0,116.0,,,0,1,1,0,0,0,0
1421,V R S College of Engineering and Technology  Arasur  Villupuram District 607107,VILUPPURAM,SELF FINANCING COLLEGES TIER 3,EE,ELECTRICAL AND ELECTRONICS ENGINEERING,108.5,101.0,107.5,90.5,84.0,,,0,1,1,1,1,0,0
1421,V R S College of Engineering and Technology  Arasur  Villupuram District 607107,VILUPPURAM,SELF FINANCING COLLEGES TIER 3,ME,MECHANICAL ENGINEERING,82.0,,,,,,,1,0,0,0,0,0,0
1422,SRM Valliammai Engineering College (Autonomous)  Kattankulathur  Chennai 603203,CHENGALPET,SELF FINANCING COLLEGES TIER 1,AD,ARTIFICIAL INTELLIGENCE AND DATA SCIENCE,179.5,174.0,176.0,176.0,157.0,139.5,,0,0,0,0,0,0,0
1422,SRM Valliammai Engineering College (Autonomous)  Kattankulathur  Chennai 603203,CHENGALPET,SELF FINANCING COLLEGES TIER 1,AG,AGRICULTURAL ENGINEERING,132.0,91.5,115.0,104.0,119.5,,,0,1,0,0,1,0,0
1422,SRM Valliammai Engineering College (Autonomous)  Kattankulathur  Chennai 603203,CHENGALPET,SELF FINANCING COLLEGES TIER 1,CE,CIVIL  ENGINEERING,144.5,136.5,135.0,123.0,91.0,103.5,,0,0,0,0,0,0,0
1422,SRM Valliammai Engineering College (Autonomous)  Kattankulathur  Chennai 603203,CHENGALPET,SELF FINANCING COLLEGES TIER 1,CS,COMPUTER SCIENCE AND ENGINEERING,180.5,171.5,168.5,170.5,145.5,132.5,114.5,0,0,0,0,0,0,0
1422,SRM Valliammai Engineering College (Autonomous)  Kattankulathur  Chennai 603203,CHENGALPET,SELF FINANCING COLLEGES TIER 1,CY,Cyber Security,173.5,167.5,172.459999999999,166.0,148.0,107.5,,0,0,0,0,0,0,0
1422,SRM Valliammai Engineering College (Autonomous)  Kattankulathur  Chennai 603203,CHENGALPET,SELF FINANCING COLLEGES TIER 1,EC,ELECTRONICS AND COMMUNICATION ENGINEERING,170.5,164.0,168.0,162.5,136.0,82.0,110.5,0,0,0,0,0,1,0
1422,SRM Valliammai Engineering College (Autonomous)  Kattankulathur  Chennai 603203,CHENGALPET,SELF FINANCING COLLEGES TIER 1,EE,ELECTRICAL AND ELECTRONICS ENGINEERING,161.5,150.5,155.0,149.0,129.0,,,0,0,0,0,0,0,0
1422,SRM Valliammai Engineering College (Autonomous)  Kattankulathur  Chennai 603203,CHENGALPET,SELF FINANCING COLLEGES TIER 1,EI,ELECTRONICS AND INSTRUMENTATION ENGINEERING,153.5,141.0,150.5,144.5,123.5,,,0,0,0,0,0,0,0
1422,SRM Valliammai Engineering College (Autonomous)  Kattankulathur  Chennai 603203,CHENGALPET,SELF FINANCING COLLEGES TIER 1,IT,INFORMATION TECHNOLOGY,176.0,171.0,174.0,168.5,142.5,139.5,118.0,0,0,0,0,0,0,0
1422,SRM Valliammai Engineering College (Autonomous)  Kattankulathur  Chennai 603203,CHENGALPET,SELF FINANCING COLLEGES TIER 1,MD,MEDICAL ELECTRONICS ENGINEERING,141.5,128.0,138.5,123.0,99.0,123.0,,0,0,0,0,0,0,0
1422,SRM Valliammai Engineering College (Autonomous)  Kattankulathur  Chennai 603203,CHENGALPET,SELF FINANCING COLLEGES TIER 1,ME,MECHANICAL ENGINEERING,149.5,138.5,148.0,131.0,108.5,,,0,0,0,0,0,0,0
1423,Asan Memorial College of Engineering and Technology Chengalpattu-603 001.,CHENGALPET,SELF FINANCING COLLEGES TIER 3,AD,ARTIFICIAL INTELLIGENCE AND DATA SCIENCE,133.0,101.5,,107.0,,,,0,1,0,0,0,0,0
1423,Asan Memorial College of Engineering and Technology Chengalpattu-603 001.,CHENGALPET,SELF FINANCING COLLEGES TIER 3,CS,COMPUTER SCIENCE AND ENGINEERING,134.0,112.0,,124.0,,,,0,1,0,0,0,0,0
1423,Asan Memorial College of Engineering and Technology Chengalpattu-603 001.,CHENGALPET,SELF FINANCING COLLEGES TIER 3,EC,ELECTRONICS AND COMMUNICATION ENGINEERING,114.0,,,112.5,,,,0,0,0,0,0,0,0
1423,Asan Memorial College of Engineering and Technology Chengalpattu-603 001.,CHENGALPET,SELF FINANCING COLLEGES TIER 3,IT,INFORMATION TECHNOLOGY,127.5,94.5,,100.5,,,,0,1,0,0,0,0,0
1423,Asan Memorial College of Engineering and Technology Chengalpattu-603 001.,CHENGALPET,SELF FINANCING COLLEGES TIER 3,ME,MECHANICAL ENGINEERING,95.0,,92.5,92.0,,,,0,0,0,1,0,0,0
1423,Asan Memorial College of Engineering and Technology Chengalpattu-603 001.,CHENGALPET,SELF FINANCING COLLEGES TIER 3,RM,ROBOTICS AND AUTOMATION,,,,,,,,0,0,0,0,0,0,0
1424,Dhaanish Ahmed College of Engineering  Padappai  Chennai 601301,KANCHEEPURAM,SELF FINANCING COLLEGES TIER 3,AD,ARTIFICIAL INTELLIGENCE AND DATA SCIENCE,140.5,94.0,138.5,105.5,,,,0,1,0,1,0,0,0
1424,Dhaanish Ahmed College of Engineering  Padappai  Chennai 601301,KANCHEEPURAM,SELF FINANCING COLLEGES TIER 3,CB,COMPUTER SCIENCE AND BUSSINESS SYSTEM,128.5,103.5,123.5,124.0,,,,0,1,0,1,0,0,0
1424,Dhaanish Ahmed College of Engineering  Padappai  Chennai 601301,KANCHEEPURAM,SELF FINANCING COLLEGES TIER 3,CS,COMPUTER SCIENCE AND ENGINEERING,132.0,105.5,128.5,102.5,104.0,,,0,1,0,1,1,0,0
1424,Dhaanish Ahmed College of Engineering  Padappai  Chennai 601301,KANCHEEPURAM,SELF FINANCING COLLEGES TIER 3,EC,ELECTRONICS AND COMMUNICATION ENGINEERING,132.5,94.0,131.5,89.0,116.0,,,0,1,0,1,1,0,0
1424,Dhaanish Ahmed College of Engineering  Padappai  Chennai 601301,KANCHEEPURAM,SELF FINANCING COLLEGES TIER 3,EE,ELECTRICAL AND ELECTRONICS ENGINEERING,95.0,,,,,,,0,0,0,0,0,0,0
1424,Dhaanish Ahmed College of Engineering  Padappai  Chennai 601301,KANCHEEPURAM,SELF FINANCING COLLEGES TIER 3,ME,MECHANICAL ENGINEERING,104.5,,91.0,,,,,0,0,0,0,0,0,0
1424,Dhaanish Ahmed College of Engineering  Padappai  Chennai 601301,KANCHEEPURAM,SELF FINANCING COLLEGES TIER 3,PE,PETROLEUM ENGINEERING,110.0,98.0,108.5,,,,,0,1,0,0,0,0,0
1424,Dhaanish Ahmed College of Engineering  Padappai  Chennai 601301,KANCHEEPURAM,SELF FINANCING COLLEGES TIER 3,RM,ROBOTICS AND AUTOMATION,127.0,100.5,124.5,,88.0,,,0,1,0,0,0,0,0
1426,Sri Ramanujar Engineering College  Vandalur  Kolappakkam  Chennai 600127,CHENGALPET,SELF FINANCING COLLEGES TIER 3,AD,ARTIFICIAL INTELLIGENCE AND DATA SCIENCE,90.5,,,,,,,1,0,0,0,0,0,0
1426,Sri Ramanujar Engineering College  Vandalur  Kolappakkam  Chennai 600127,CHENGALPET,SELF FINANCING COLLEGES TIER 3,CS,COMPUTER SCIENCE AND ENGINEERING,102.5,89.0,,,,,,0,1,0,0,0,0,0
1426,Sri Ramanujar Engineering College  Vandalur  Kolappakkam  Chennai 600127,CHENGALPET,SELF FINANCING COLLEGES TIER 3,EC,ELECTRONICS AND COMMUNICATION ENGINEERING,97.0,87.0,,,,,,0,1,0,0,0,0,0
1426,Sri Ramanujar Engineering College  Vandalur  Kolappakkam  Chennai 600127,CHENGALPET,SELF FINANCING COLLEGES TIER 3,EE,ELECTRICAL AND ELECTRONICS ENGINEERING,,,,,,,,0,0,0,0,0,0,0
1426,Sri Ramanujar Engineering College  Vandalur  Kolappakkam  Chennai 600127,CHENGALPET,SELF FINANCING COLLEGES TIER 3,IT,INFORMATION TECHNOLOGY,103.5,95.0,,91.5,,,,0,1,0,1,0,0,0
1426,Sri Ramanujar Engineering College  Vandalur  Kolappakkam  Chennai 600127,CHENGALPET,SELF FINANCING COLLEGES TIER 3,ME,MECHANICAL ENGINEERING,84.5,,,,,,,1,0,0,0,0,0,0
1427,Sri Krishna Engineering College  Panappakkam  Padappai  Chennai 601301,KANCHEEPURAM,SELF FINANCING COLLEGES TIER 3,AD,ARTIFICIAL INTELLIGENCE AND DATA SCIENCE,133.0,,,,,,,1,0,0,0,0,0,0
1427,Sri Krishna Engineering College  Panappakkam  Padappai  Chennai 601301,KANCHEEPURAM,SELF FINANCING COLLEGES TIER 3,CS,COMPUTER SCIENCE AND ENGINEERING,101.0,,,,,,,1,0,0,0,0,0,0
1427,Sri Krishna Engineering College  Panappakkam  Padappai  Chennai 601301,KANCHEEPURAM,SELF FINANCING COLLEGES TIER 3,EC,ELECTRONICS AND COMMUNICATION ENGINEERING,,,,,,,,0,0,0,0,0,0,0
1427,Sri Krishna Engineering College  Panappakkam  Padappai  Chennai 601301,KANCHEEPURAM,SELF FINANCING COLLEGES TIER 3,EE,ELECTRICAL AND ELECTRONICS ENGINEERING,,,,,,,,0,0,0,0,0,0,0
1427,Sri Krishna Engineering College  Panappakkam  Padappai  Chennai 601301,KANCHEEPURAM,SELF FINANCING COLLEGES TIER 3,FT,FASHION TECHNOLOGY,,,,,,,,0,0,0,0,0,0,0
1427,Sri Krishna Engineering College  Panappakkam  Padappai  Chennai 601301,KANCHEEPURAM,SELF FINANCING COLLEGES TIER 3,IT,INFORMATION TECHNOLOGY,118.5,,,,,,,1,0,0,0,0,0,0
1428,E S COLLEGE OF ENGINEERING AND TECHNOLOGY  Chennai Trunk Road  Ayyankoilpattu  Villupuram District 605602,VILUPPURAM,SELF FINANCING COLLEGES TIER 3,AD,ARTIFICIAL INTELLIGENCE AND DATA SCIENCE,97.0,,,,,,,1,0,0,0,0,0,0
1428,E S COLLEGE OF ENGINEERING AND TECHNOLOGY  Chennai Trunk Road  Ayyankoilpattu  Villupuram District 605602,VILUPPURAM,SELF FINANCING COLLEGES TIER 3,CS,COMPUTER SCIENCE AND ENGINEERING,95.5,,,,,,,1,0,0,0,0,0,0
1428,E S COLLEGE OF ENGINEERING AND TECHNOLOGY  Chennai Trunk Road  Ayyankoilpattu  Villupuram District 605602,VILUPPURAM,SELF FINANCING COLLEGES TIER 3,EC,ELECTRONICS AND COMMUNICATION ENGINEERING,116.0,,,,,,,1,0,0,0,0,0,0
1428,E S COLLEGE OF ENGINEERING AND TECHNOLOGY  Chennai Trunk Road  Ayyankoilpattu  Villupuram District 605602,VILUPPURAM,SELF FINANCING COLLEGES TIER 3,IT,INFORMATION TECHNOLOGY,85.0,,,,,,,1,0,0,0,0,0,0
1430,Maha Bharathi Engineering College  A Vasudevanur  Chinnasalem  Kallakurichi  District 606201,KALLAKURICHI,SELF FINANCING COLLEGES TIER 3,CE,CIVIL  ENGINEERING,104.5,,,,102.0,,,0,0,0,0,1,0,0
1430,Maha Bharathi Engineering College  A Vasudevanur  Chinnasalem  Kallakurichi  District 606201,KALLAKURICHI,SELF FINANCING COLLEGES TIER 3,CS,COMPUTER SCIENCE AND ENGINEERING,96.5,86.0,,86.0,85.0,,,0,1,0,1,1,0,0
1430,Maha Bharathi Engineering College  A Vasudevanur  Chinnasalem  Kallakurichi  District 606201,KALLAKURICHI,SELF FINANCING COLLEGES TIER 3,EC,ELECTRONICS AND COMMUNICATION ENGINEERING,94.0,,,92.0,85.0,,,0,0,0,1,1,0,0
1430,Maha Bharathi Engineering College  A Vasudevanur  Chinnasalem  Kallakurichi  District 606201,KALLAKURICHI,SELF FINANCING COLLEGES TIER 3,EE,ELECTRICAL AND ELECTRONICS ENGINEERING,100.0,99.5,,93.0,97.5,,,0,1,0,1,1,0,0
1430,Maha Bharathi Engineering College  A Vasudevanur  Chinnasalem  Kallakurichi  District 606201,KALLAKURICHI,SELF FINANCING COLLEGES TIER 3,ME,MECHANICAL ENGINEERING,99.0,83.5,,85.5,97.0,,,0,1,0,1,1,0,0
1431,New Prince Shri Bhavani College of Engineering and Technology  (Autonomous) Vengaivasal Main Road  Gowrivakkam  Chennai 600073,CHENGALPET,SELF FINANCING COLLEGES TIER 3,AD,ARTIFICIAL INTELLIGENCE AND DATA SCIENCE,144.0,134.5,137.5,124.5,120.5,,,0,0,0,0,0,0,0
1431,New Prince Shri Bhavani College of Engineering and Technology  (Autonomous) Vengaivasal Main Road  Gowrivakkam  Chennai 600073,CHENGALPET,SELF FINANCING COLLEGES TIER 3,CE,CIVIL  ENGINEERING,,,,,,,,0,0,0,0,0,0,0
1431,New Prince Shri Bhavani College of Engineering and Technology  (Autonomous) Vengaivasal Main Road  Gowrivakkam  Chennai 600073,CHENGALPET,SELF FINANCING COLLEGES TIER 3,CS,COMPUTER SCIENCE AND ENGINEERING,141.5,127.5,131.5,125.0,105.5,,,0,0,0,0,0,0,0
1431,New Prince Shri Bhavani College of Engineering and Technology  (Autonomous) Vengaivasal Main Road  Gowrivakkam  Chennai 600073,CHENGALPET,SELF FINANCING COLLEGES TIER 3,EC,ELECTRONICS AND COMMUNICATION ENGINEERING,123.0,116.0,,111.0,91.5,,,0,0,0,0,1,0,0
1431,New Prince Shri Bhavani College of Engineering and Technology  (Autonomous) Vengaivasal Main Road  Gowrivakkam  Chennai 600073,CHENGALPET,SELF FINANCING COLLEGES TIER 3,EE,ELECTRICAL AND ELECTRONICS ENGINEERING,113.5,93.0,,106.5,100.5,,,0,0,0,1,1,0,0
1431,New Prince Shri Bhavani College of Engineering and Technology  (Autonomous) Vengaivasal Main Road  Gowrivakkam  Chennai 600073,CHENGALPET,SELF FINANCING COLLEGES TIER 3,IT,INFORMATION TECHNOLOGY,143.0,125.5,119.0,127.0,125.0,,,0,0,0,0,0,0,0
1431,New Prince Shri Bhavani College of Engineering and Technology  (Autonomous) Vengaivasal Main Road  Gowrivakkam  Chennai 600073,CHENGALPET,SELF FINANCING COLLEGES TIER 3,ME,MECHANICAL ENGINEERING,109.5,81.0,,88.0,83.0,,,0,0,0,1,1,0,0
1431,New Prince Shri Bhavani College of Engineering and Technology  (Autonomous) Vengaivasal Main Road  Gowrivakkam  Chennai 600073,CHENGALPET,SELF FINANCING COLLEGES TIER 3,SC,Computer Science and Engineering (Cyber Security),132.5,121.5,130.0,120.5,105.0,,,0,0,0,0,0,0,0
1432,Rajalakshmi Institute of Technology (Autonomous) Irulapalayam  Kuthampakkam Post  Kancheepuram District  Chennai 600124,KANCHEEPURAM,SELF FINANCING COLLEGES TIER 3,AD,ARTIFICIAL INTELLIGENCE AND DATA SCIENCE,189.0,183.0,182.0,176.5,153.0,130.5,,0,0,0,0,0,0,0
1432,Rajalakshmi Institute of Technology (Autonomous) Irulapalayam  Kuthampakkam Post  Kancheepuram District  Chennai 600124,KANCHEEPURAM,SELF FINANCING COLLEGES TIER 3,AM,COMPUTER SCIENCE AND ENGINEERING (ARTIFICIAL INTELLIGENCE AND MACHINE LEARNING),189.5,180.0,189.0,175.5,145.0,,,0,0,0,0,0,0,0
1432,Rajalakshmi Institute of Technology (Autonomous) Irulapalayam  Kuthampakkam Post  Kancheepuram District  Chennai 600124,KANCHEEPURAM,SELF FINANCING COLLEGES TIER 3,CB,COMPUTER SCIENCE AND BUSSINESS SYSTEM,186.0,179.0,180.5,174.0,148.5,,,0,0,0,0,0,0,0
1432,Rajalakshmi Institute of Technology (Autonomous) Irulapalayam  Kuthampakkam Post  Kancheepuram District  Chennai 600124,KANCHEEPURAM,SELF FINANCING COLLEGES TIER 3,CO,COMPUTER AND  COMMUNICATION ENGINEERING,185.0,178.5,180.0,174.5,147.5,119.5,,0,0,0,0,0,0,0
1432,Rajalakshmi Institute of Technology (Autonomous) Irulapalayam  Kuthampakkam Post  Kancheepuram District  Chennai 600124,KANCHEEPURAM,SELF FINANCING COLLEGES TIER 3,CS,COMPUTER SCIENCE AND ENGINEERING,190.5,181.0,186.5,177.0,150.0,123.0,119.5,0,0,0,0,0,1,0
1432,Rajalakshmi Institute of Technology (Autonomous) Irulapalayam  Kuthampakkam Post  Kancheepuram District  Chennai 600124,KANCHEEPURAM,SELF FINANCING COLLEGES TIER 3,EC,ELECTRONICS AND COMMUNICATION ENGINEERING,187.5,184.0,185.0,175.5,152.0,,148.0,0,0,0,0,0,0,0
1432,Rajalakshmi Institute of Technology (Autonomous) Irulapalayam  Kuthampakkam Post  Kancheepuram District  Chennai 600124,KANCHEEPURAM,SELF FINANCING COLLEGES TIER 3,ME,MECHANICAL ENGINEERING,174.845,163.0,144.5,147.0,133.5,,,0,0,0,0,0,0,0
1434,Surya Group of Institutions  GST Road  Vikravandi Village  Villupuram District 605652,VILUPPURAM,SELF FINANCING COLLEGES TIER 3,AD,ARTIFICIAL INTELLIGENCE AND DATA SCIENCE,122.0,93.5,120.5,101.5,115.5,,,0,1,0,1,1,0,0
1434,Surya Group of Institutions  GST Road  Vikravandi Village  Villupuram District 605652,VILUPPURAM,SELF FINANCING COLLEGES TIER 3,AE,AERONAUTICAL ENGINEERING,105.5,,,,,,,1,0,0,0,0,0,0
1434,Surya Group of Institutions  GST Road  Vikravandi Village  Villupuram District 605652,VILUPPURAM,SELF FINANCING COLLEGES TIER 3,AG,AGRICULTURAL ENGINEERING,109.0,,,,95.5,,,0,0,0,0,1,0,0
1434,Surya Group of Institutions  GST Road  Vikravandi Village  Villupuram District 605652,VILUPPURAM,SELF FINANCING COLLEGES TIER 3,AU,AUTOMOBILE ENGINEERING,,,,,,,,0,0,0,0,0,0,0
1434,Surya Group of Institutions  GST Road  Vikravandi Village  Villupuram District 605652,VILUPPURAM,SELF FINANCING COLLEGES TIER 3,CE,CIVIL  ENGINEERING,87.0,,,,,,,1,0,0,0,0,0,0
1434,Surya Group of Institutions  GST Road  Vikravandi Village  Villupuram District 605652,VILUPPURAM,SELF FINANCING COLLEGES TIER 3,CS,COMPUTER SCIENCE AND ENGINEERING,124.5,100.5,113.0,100.5,103.5,,,0,1,0,0,1,0,0
1434,Surya Group of Institutions  GST Road  Vikravandi Village  Villupuram District 605652,VILUPPURAM,SELF FINANCING COLLEGES TIER 3,EC,ELECTRONICS AND COMMUNICATION ENGINEERING,88.0,,,82.0,,,,0,0,0,1,0,0,0
1434,Surya Group of Institutions  GST Road  Vikravandi Village  Villupuram District 605652,VILUPPURAM,SELF FINANCING COLLEGES TIER 3,EE,ELECTRICAL AND ELECTRONICS ENGINEERING,105.5,,,,,,,1,0,0,0,0,0,0
1434,Surya Group of Institutions  GST Road  Vikravandi Village  Villupuram District 605652,VILUPPURAM,SELF FINANCING COLLEGES TIER 3,ME,MECHANICAL ENGINEERING,92.5,,,,,,,1,0,0,0,0,0,0
1434,Surya Group of Institutions  GST Road  Vikravandi Village  Villupuram District 605652,VILUPPURAM,SELF FINANCING COLLEGES TIER 3,SC,Computer Science and Engineering (Cyber Security),109.5,90.0,107.0,93.5,100.5,,,0,1,0,1,1,0,0
1436,A R Engineering College  Vadakuchipalayam  Kappiyampuliyur Post  Villupuram District 605601,VILUPPURAM,SELF FINANCING COLLEGES TIER 3,AD,ARTIFICIAL INTELLIGENCE AND DATA SCIENCE,89.0,,,,,,,1,0,0,0,0,0,0
1436,A R Engineering College  Vadakuchipalayam  Kappiyampuliyur Post  Villupuram District 605601,VILUPPURAM,SELF FINANCING COLLEGES TIER 3,CE,CIVIL  ENGINEERING,,,,,,,,0,0,0,0,0,0,0
1436,A R Engineering College  Vadakuchipalayam  Kappiyampuliyur Post  Villupuram District 605601,VILUPPURAM,SELF FINANCING COLLEGES TIER 3,CS,COMPUTER SCIENCE AND ENGINEERING,89.5,,,,,,,1,0,0,0,0,0,0
1436,A R Engineering College  Vadakuchipalayam  Kappiyampuliyur Post  Villupuram District 605601,VILUPPURAM,SELF FINANCING COLLEGES TIER 3,EC,ELECTRONICS AND COMMUNICATION ENGINEERING,87.0,,,,,,,1,0,0,0,0,0,0
1436,A R Engineering College  Vadakuchipalayam  Kappiyampuliyur Post  Villupuram District 605601,VILUPPURAM,SELF FINANCING COLLEGES TIER 3,EE,ELECTRICAL AND ELECTRONICS ENGINEERING,,,,,,,,0,0,0,0,0,0,0
1436,A R Engineering College  Vadakuchipalayam  Kappiyampuliyur Post  Villupuram District 605601,VILUPPURAM,SELF FINANCING COLLEGES TIER 3,ME,MECHANICAL ENGINEERING,,,,,,,,0,0,0,0,0,0,0
1437,Rrase College of Engineering  Padappai  Kancheepuram  601301,KANCHEEPURAM,SELF FINANCING COLLEGES TIER 3,AD,ARTIFICIAL INTELLIGENCE AND DATA SCIENCE,138.0,94.5,117.0,115.5,110.5,,,0,1,0,0,0,0,0
1437,Rrase College of Engineering  Padappai  Kancheepuram  601301,KANCHEEPURAM,SELF FINANCING COLLEGES TIER 3,AU,AUTOMOBILE ENGINEERING,,,,,,,,0,0,0,0,0,0,0
1437,Rrase College of Engineering  Padappai  Kancheepuram  601301,KANCHEEPURAM,SELF FINANCING COLLEGES TIER 3,CE,CIVIL  ENGINEERING,97.5,,,,,,,1,0,0,0,0,0,0
1437,Rrase College of Engineering  Padappai  Kancheepuram  601301,KANCHEEPURAM,SELF FINANCING COLLEGES TIER 3,CS,COMPUTER SCIENCE AND ENGINEERING,124.0,90.5,112.0,111.0,87.0,,,0,1,0,1,0,0,0
1437,Rrase College of Engineering  Padappai  Kancheepuram  601301,KANCHEEPURAM,SELF FINANCING COLLEGES TIER 3,EC,ELECTRONICS AND COMMUNICATION ENGINEERING,99.0,96.5,,,93.0,,,0,1,0,0,1,0,0
1437,Rrase College of Engineering  Padappai  Kancheepuram  601301,KANCHEEPURAM,SELF FINANCING COLLEGES TIER 3,EE,ELECTRICAL AND ELECTRONICS ENGINEERING,84.0,,,,,,,0,0,0,0,0,0,0
1437,Rrase College of Engineering  Padappai  Kancheepuram  601301,KANCHEEPURAM,SELF FINANCING COLLEGES TIER 3,IT,INFORMATION TECHNOLOGY,126.0,100.5,112.0,106.0,114.0,,,0,1,0,0,1,0,0
1437,Rrase College of Engineering  Padappai  Kancheepuram  601301,KANCHEEPURAM,SELF FINANCING COLLEGES TIER 3,ME,MECHANICAL ENGINEERING,91.0,86.5,,,91.0,,,0,1,0,0,1,0,0
1437,Rrase College of Engineering  Padappai  Kancheepuram  601301,KANCHEEPURAM,SELF FINANCING COLLEGES TIER 3,SC,Computer Science and Engineering (Cyber Security),115.5,92.5,,89.0,111.0,,,0,0,0,1,0,0,0
1438,Sree Krishna College of Engineering  Anaicut Post  Unnai Village  Vellore District 632101,VELLORE,SELF FINANCING COLLEGES TIER 3,CE,CIVIL  ENGINEERING,,,,,,,,0,0,0,0,0,0,0
1438,Sree Krishna College of Engineering  Anaicut Post  Unnai Village  Vellore District 632101,VELLORE,SELF FINANCING COLLEGES TIER 3,CS,COMPUTER SCIENCE AND ENGINEERING,104.0,,,,,,,1,0,0,0,0,0,0
1438,Sree Krishna College of Engineering  Anaicut Post  Unnai Village  Vellore District 632101,VELLORE,SELF FINANCING COLLEGES TIER 3,EC,ELECTRONICS AND COMMUNICATION ENGINEERING,120.5,,,,,,,1,0,0,0,0,0,0
1438,Sree Krishna College of Engineering  Anaicut Post  Unnai Village  Vellore District 632101,VELLORE,SELF FINANCING COLLEGES TIER 3,EE,ELECTRICAL AND ELECTRONICS ENGINEERING,,,,,,,,0,0,0,0,0,0,0
1438,Sree Krishna College of Engineering  Anaicut Post  Unnai Village  Vellore District 632101,VELLORE,SELF FINANCING COLLEGES TIER 3,ME,MECHANICAL ENGINEERING,,,,,,,,0,0,0,0,0,0,0
1441,A K T Memorial College of Engineering and Technology  Neelamangalam Village  Kallakurichi District 606202,KALLAKURICHI,SELF FINANCING COLLEGES TIER 3,AD,ARTIFICIAL INTELLIGENCE AND DATA SCIENCE,125.0,124.5,123.0,109.5,97.5,,92.0,0,1,0,1,1,0,0
1441,A K T Memorial College of Engineering and Technology  Neelamangalam Village  Kallakurichi District 606202,KALLAKURICHI,SELF FINANCING COLLEGES TIER 3,CE,CIVIL  ENGINEERING,87.5,,,,,,,1,0,0,0,0,0,0
1441,A K T Memorial College of Engineering and Technology  Neelamangalam Village  Kallakurichi District 606202,KALLAKURICHI,SELF FINANCING COLLEGES TIER 3,CS,COMPUTER SCIENCE AND ENGINEERING,123.5,102.5,123.0,106.0,119.5,,,0,1,1,1,1,0,0
1441,A K T Memorial College of Engineering and Technology  Neelamangalam Village  Kallakurichi District 606202,KALLAKURICHI,SELF FINANCING COLLEGES TIER 3,EC,ELECTRONICS AND COMMUNICATION ENGINEERING,119.0,103.5,118.5,98.0,90.5,,,0,1,1,1,1,0,0
1441,A K T Memorial College of Engineering and Technology  Neelamangalam Village  Kallakurichi District 606202,KALLAKURICHI,SELF FINANCING COLLEGES TIER 3,EE,ELECTRICAL AND ELECTRONICS ENGINEERING,87.5,,,,,,,1,0,0,0,0,0,0
1441,A K T Memorial College of Engineering and Technology  Neelamangalam Village  Kallakurichi District 606202,KALLAKURICHI,SELF FINANCING COLLEGES TIER 3,IT,INFORMATION TECHNOLOGY,124.0,96.0,121.0,87.0,118.5,,,0,1,0,0,1,0,0
1441,A K T Memorial College of Engineering and Technology  Neelamangalam Village  Kallakurichi District 606202,KALLAKURICHI,SELF FINANCING COLLEGES TIER 3,ME,MECHANICAL ENGINEERING,91.0,,84.5,90.0,,,,0,0,0,1,0,0,0
1442,Prince Dr. K Vasudevan College of Engineering and Technology  Medavakkam-Mambakkam Road  Ponmar  Chennai 600127,CHENGALPET,SELF FINANCING COLLEGES TIER 3,AD,ARTIFICIAL INTELLIGENCE AND DATA SCIENCE,178.5,173.0,168.845,164.0,160.0,115.5,,0,0,0,0,0,0,0
1442,Prince Dr. K Vasudevan College of Engineering and Technology  Medavakkam-Mambakkam Road  Ponmar  Chennai 600127,CHENGALPET,SELF FINANCING COLLEGES TIER 3,BM,BIO MEDICAL ENGINEERING,125.24,96.5,154.5,97.0,,,,0,1,0,1,0,0,0
1442,Prince Dr. K Vasudevan College of Engineering and Technology  Medavakkam-Mambakkam Road  Ponmar  Chennai 600127,CHENGALPET,SELF FINANCING COLLEGES TIER 3,CS,COMPUTER SCIENCE AND ENGINEERING,169.98,134.5,121.5,140.5,121.0,,,0,0,0,0,0,0,0
1442,Prince Dr. K Vasudevan College of Engineering and Technology  Medavakkam-Mambakkam Road  Ponmar  Chennai 600127,CHENGALPET,SELF FINANCING COLLEGES TIER 3,SC,Computer Science and Engineering (Cyber Security),154.085,132.0,98.0,145.0,107.5,,126.0,0,0,0,0,0,0,0
1444,Chendu College of Engineering and Technology  Zamin Endathur Village  Madurantakam Taluk  Chengalpattu District 600127,CHENGALPET,SELF FINANCING COLLEGES TIER 3,CE,CIVIL  ENGINEERING,,,,,,,,0,0,0,0,0,0,0
1444,Chendu College of Engineering and Technology  Zamin Endathur Village  Madurantakam Taluk  Chengalpattu District 600127,CHENGALPET,SELF FINANCING COLLEGES TIER 3,CS,COMPUTER SCIENCE AND ENGINEERING,,,,,,,,0,0,0,0,0,0,0
1444,Chendu College of Engineering and Technology  Zamin Endathur Village  Madurantakam Taluk  Chengalpattu District 600127,CHENGALPET,SELF FINANCING COLLEGES TIER 3,EC,ELECTRONICS AND COMMUNICATION ENGINEERING,,,,,,,,0,0,0,0,0,0,0
1444,Chendu College of Engineering and Technology  Zamin Endathur Village  Madurantakam Taluk  Chengalpattu District 600127,CHENGALPET,SELF FINANCING COLLEGES TIER 3,ME,MECHANICAL ENGINEERING,,,,,,,,0,0,0,0,0,0,0
1445,Sri Rangapoopathi College of Engineering  Alampoondi Village  Gingee  Villupuram District 604151,VILUPPURAM,SELF FINANCING COLLEGES TIER 3,CE,CIVIL  ENGINEERING,82.0,,,,,,,1,0,0,0,0,0,0
1445,Sri Rangapoopathi College of Engineering  Alampoondi Village  Gingee  Villupuram District 604151,VILUPPURAM,SELF FINANCING COLLEGES TIER 3,CS,COMPUTER SCIENCE AND ENGINEERING,90.0,,,,,,,1,0,0,0,0,0,0
1445,Sri Rangapoopathi College of Engineering  Alampoondi Village  Gingee  Villupuram District 604151,VILUPPURAM,SELF FINANCING COLLEGES TIER 3,EC,ELECTRONICS AND COMMUNICATION ENGINEERING,102.0,,,,,,,1,0,0,0,0,0,0
1445,Sri Rangapoopathi College of Engineering  Alampoondi Village  Gingee  Villupuram District 604151,VILUPPURAM,SELF FINANCING COLLEGES TIER 3,EE,ELECTRICAL AND ELECTRONICS ENGINEERING,,,,,,,,0,0,0,0,0,0,0
1445,Sri Rangapoopathi College of Engineering  Alampoondi Village  Gingee  Villupuram District 604151,VILUPPURAM,SELF FINANCING COLLEGES TIER 3,ME,MECHANICAL ENGINEERING,121.0,,,,,,,1,0,0,0,0,0,0
1449,Saraswathy College of Engineering and Technology  NH-45  Main Road  Olakkur  Tindivanam Taluk  Villupuram District 604307,VILUPPURAM,SELF FINANCING COLLEGES TIER 3,AG,AGRICULTURAL ENGINEERING,108.0,,,90.5,,,,0,0,0,1,0,0,0
1449,Saraswathy College of Engineering and Technology  NH-45  Main Road  Olakkur  Tindivanam Taluk  Villupuram District 604307,VILUPPURAM,SELF FINANCING COLLEGES TIER 3,CE,CIVIL  ENGINEERING,106.0,,,,,,,1,0,0,0,0,0,0
1449,Saraswathy College of Engineering and Technology  NH-45  Main Road  Olakkur  Tindivanam Taluk  Villupuram District 604307,VILUPPURAM,SELF FINANCING COLLEGES TIER 3,CS,COMPUTER SCIENCE AND ENGINEERING,118.5,,,104.0,85.0,,96.0,0,0,0,1,1,0,0
1449,Saraswathy College of Engineering and Technology  NH-45  Main Road  Olakkur  Tindivanam Taluk  Villupuram District 604307,VILUPPURAM,SELF FINANCING COLLEGES TIER 3,EC,ELECTRONICS AND COMMUNICATION ENGINEERING,104.0,95.5,,91.5,,,,0,1,0,1,0,0,0
1449,Saraswathy College of Engineering and Technology  NH-45  Main Road  Olakkur  Tindivanam Taluk  Villupuram District 604307,VILUPPURAM,SELF FINANCING COLLEGES TIER 3,ME,MECHANICAL ENGINEERING,87.0,,,,,,,1,0,0,0,0,0,0
1450,Loyola ICAM College of Engineering and Technology  Loyola College Campus  Nungambakkam  Chennai 600034,CHENNAI,SELF FINANCING COLLEGES TIER 2,CS,COMPUTER SCIENCE AND ENGINEERING,191.0,185.0,184.5,182.0,157.5,132.5,,0,0,0,0,0,0,0
1450,Loyola ICAM College of Engineering and Technology  Loyola College Campus  Nungambakkam  Chennai 600034,CHENNAI,SELF FINANCING COLLEGES TIER 2,EC,ELECTRONICS AND COMMUNICATION ENGINEERING,185.5,180.0,182.5,177.5,150.5,170.5,104.0,0,0,0,0,0,0,0
1450,Loyola ICAM College of Engineering and Technology  Loyola College Campus  Nungambakkam  Chennai 600034,CHENNAI,SELF FINANCING COLLEGES TIER 2,EE,ELECTRICAL AND ELECTRONICS ENGINEERING,176.5,168.0,172.5,162.0,142.0,119.0,,0,0,0,0,0,0,0
1450,Loyola ICAM College of Engineering and Technology  Loyola College Campus  Nungambakkam  Chennai 600034,CHENNAI,SELF FINANCING COLLEGES TIER 2,IT,INFORMATION TECHNOLOGY,187.5,183.0,182.5,177.5,163.0,164.5,,0,0,0,0,0,0,0
1450,Loyola ICAM College of Engineering and Technology  Loyola College Campus  Nungambakkam  Chennai 600034,CHENNAI,SELF FINANCING COLLEGES TIER 2,ME,MECHANICAL ENGINEERING,168.0,158.0,162.0,162.0,133.0,145.0,,0,0,0,0,0,0,0
1452,PERI Institute of Technology  Mannivakkam  West Tambaram  Chennai 600048,CHENGALPET,SELF FINANCING COLLEGES TIER 3,AD,ARTIFICIAL INTELLIGENCE AND DATA SCIENCE,133.5,117.5,102.5,96.5,,,,0,0,0,0,0,0,0
1452,PERI Institute of Technology  Mannivakkam  West Tambaram  Chennai 600048,CHENGALPET,SELF FINANCING COLLEGES TIER 3,AG,AGRICULTURAL ENGINEERING,,,,,,,,0,0,0,0,0,0,0
1452,PERI Institute of Technology  Mannivakkam  West Tambaram  Chennai 600048,CHENGALPET,SELF FINANCING COLLEGES TIER 3,CB,COMPUTER SCIENCE AND BUSSINESS SYSTEM,114.0,,,113.5,105.0,,,0,0,0,1,1,0,0
1452,PERI Institute of Technology  Mannivakkam  West Tambaram  Chennai 600048,CHENGALPET,SELF FINANCING COLLEGES TIER 3,CE,CIVIL  ENGINEERING,87.5,,,,,,,1,0,0,0,0,0,0
1452,PERI Institute of Technology  Mannivakkam  West Tambaram  Chennai 600048,CHENGALPET,SELF FINANCING COLLEGES TIER 3,CS,COMPUTER SCIENCE AND ENGINEERING,131.0,97.0,112.5,94.0,98.0,,,0,1,0,1,1,0,0
1452,PERI Institute of Technology  Mannivakkam  West Tambaram  Chennai 600048,CHENGALPET,SELF FINANCING COLLEGES TIER 3,EC,ELECTRONICS AND COMMUNICATION ENGINEERING,118.5,116.5,,110.5,97.5,,,0,1,0,1,1,0,0
1452,PERI Institute of Technology  Mannivakkam  West Tambaram  Chennai 600048,CHENGALPET,SELF FINANCING COLLEGES TIER 3,EE,ELECTRICAL AND ELECTRONICS ENGINEERING,105.5,95.5,,,,,,0,1,0,0,0,0,0
1452,PERI Institute of Technology  Mannivakkam  West Tambaram  Chennai 600048,CHENGALPET,SELF FINANCING COLLEGES TIER 3,IT,INFORMATION TECHNOLOGY,128.5,95.0,,119.5,93.5,,,0,1,0,1,1,0,0
1452,PERI Institute of Technology  Mannivakkam  West Tambaram  Chennai 600048,CHENGALPET,SELF FINANCING COLLEGES TIER 3,ME,MECHANICAL ENGINEERING,87.5,,,,,,,0,0,0,0,0,0,0
1501,Adhiparasakthi College of Engineering  Kalavai  Ranipet District 632506,RANIPET,SELF FINANCING COLLEGES TIER 3,CE,CIVIL  ENGINEERING,105.0,,,,,,,1,0,0,0,0,0,0
1501,Adhiparasakthi College of Engineering  Kalavai  Ranipet District 632506,RANIPET,SELF FINANCING COLLEGES TIER 3,CS,COMPUTER SCIENCE AND ENGINEERING,146.5,125.5,117.0,125.0,97.0,,,0,0,0,0,1,0,0
1501,Adhiparasakthi College of Engineering  Kalavai  Ranipet District 632506,RANIPET,SELF FINANCING COLLEGES TIER 3,EC,ELECTRONICS AND COMMUNICATION ENGINEERING,128.5,111.5,119.0,109.5,82.0,,,0,0,0,0,1,0,0
1501,Adhiparasakthi College of Engineering  Kalavai  Ranipet District 632506,RANIPET,SELF FINANCING COLLEGES TIER 3,EE,ELECTRICAL AND ELECTRONICS ENGINEERING,106.5,91.5,92.0,99.0,,,,0,1,0,1,0,0,0
1501,Adhiparasakthi College of Engineering  Kalavai  Ranipet District 632506,RANIPET,SELF FINANCING COLLEGES TIER 3,IT,INFORMATION TECHNOLOGY,137.5,119.5,134.0,125.5,98.0,,,0,0,1,0,1,0,0
1501,Adhiparasakthi College of Engineering  Kalavai  Ranipet District 632506,RANIPET,SELF FINANCING COLLEGES TIER 3,ME,MECHANICAL ENGINEERING,102.5,87.0,,96.5,,,,0,1,0,1,0,0,0
1503,Arulmigu  Meenakshi Amman College of Engineering  Vadamavandal Thiruvannamalai District 604410,THIRUVANNAMALAI,SELF FINANCING COLLEGES TIER 3,BT,BIO TECHNOLOGY,,,,,,,,0,0,0,0,0,0,0
1503,Arulmigu  Meenakshi Amman College of Engineering  Vadamavandal Thiruvannamalai District 604410,THIRUVANNAMALAI,SELF FINANCING COLLEGES TIER 3,CE,CIVIL  ENGINEERING,89.0,,,,,,,1,0,0,0,0,0,0
1503,Arulmigu  Meenakshi Amman College of Engineering  Vadamavandal Thiruvannamalai District 604410,THIRUVANNAMALAI,SELF FINANCING COLLEGES TIER 3,CH,CHEMICAL  ENGINEERING,,,,,,,,0,0,0,0,0,0,0
1503,Arulmigu  Meenakshi Amman College of Engineering  Vadamavandal Thiruvannamalai District 604410,THIRUVANNAMALAI,SELF FINANCING COLLEGES TIER 3,CS,COMPUTER SCIENCE AND ENGINEERING,,,,,,,,0,0,0,0,0,0,0
1503,Arulmigu  Meenakshi Amman College of Engineering  Vadamavandal Thiruvannamalai District 604410,THIRUVANNAMALAI,SELF FINANCING COLLEGES TIER 3,EC,ELECTRONICS AND COMMUNICATION ENGINEERING,117.5,,,,,,,1,0,0,0,0,0,0
1503,Arulmigu  Meenakshi Amman College of Engineering  Vadamavandal Thiruvannamalai District 604410,THIRUVANNAMALAI,SELF FINANCING COLLEGES TIER 3,EE,ELECTRICAL AND ELECTRONICS ENGINEERING,,,,,,,,0,0,0,0,0,0,0
1503,Arulmigu  Meenakshi Amman College of Engineering  Vadamavandal Thiruvannamalai District 604410,THIRUVANNAMALAI,SELF FINANCING COLLEGES TIER 3,IC,INSTRUMENTATION AND CONTROL ENGINEERING,103.5,,,,,,,1,0,0,0,0,0,0
1503,Arulmigu  Meenakshi Amman College of Engineering  Vadamavandal Thiruvannamalai District 604410,THIRUVANNAMALAI,SELF FINANCING COLLEGES TIER 3,IT,INFORMATION TECHNOLOGY,104.5,,,,,,,0,0,0,0,0,0,0
1503,Arulmigu  Meenakshi Amman College of Engineering  Vadamavandal Thiruvannamalai District 604410,THIRUVANNAMALAI,SELF FINANCING COLLEGES TIER 3,ME,MECHANICAL ENGINEERING,,,,,,,,0,0,0,0,0,0,0
1504,Arunai Engineering College  Mathur  Thiruvannamalai District 606603,THIRUVANNAMALAI,SELF FINANCING COLLEGES TIER 3,AD,ARTIFICIAL INTELLIGENCE AND DATA SCIENCE,158.5,130.5,124.5,142.0,109.0,,,0,0,0,0,1,0,0
1504,Arunai Engineering College  Mathur  Thiruvannamalai District 606603,THIRUVANNAMALAI,SELF FINANCING COLLEGES TIER 3,AG,AGRICULTURAL ENGINEERING,100.5,,,95.5,100.5,,,0,0,0,1,1,0,0
1504,Arunai Engineering College  Mathur  Thiruvannamalai District 606603,THIRUVANNAMALAI,SELF FINANCING COLLEGES TIER 3,AM,COMPUTER SCIENCE AND ENGINEERING (ARTIFICIAL INTELLIGENCE AND MACHINE LEARNING),142.5,132.5,141.0,132.0,107.0,,,0,0,0,0,1,0,0
1504,Arunai Engineering College  Mathur  Thiruvannamalai District 606603,THIRUVANNAMALAI,SELF FINANCING COLLEGES TIER 3,BT,BIO TECHNOLOGY,132.0,109.0,,101.5,114.5,,,0,1,0,0,1,0,0
1504,Arunai Engineering College  Mathur  Thiruvannamalai District 606603,THIRUVANNAMALAI,SELF FINANCING COLLEGES TIER 3,CE,CIVIL  ENGINEERING,127.5,116.0,123.5,96.0,,,,0,1,0,0,0,0,0
1504,Arunai Engineering College  Mathur  Thiruvannamalai District 606603,THIRUVANNAMALAI,SELF FINANCING COLLEGES TIER 3,CH,CHEMICAL  ENGINEERING,110.5,96.0,,91.5,,,,0,1,0,1,0,0,0
1504,Arunai Engineering College  Mathur  Thiruvannamalai District 606603,THIRUVANNAMALAI,SELF FINANCING COLLEGES TIER 3,CS,COMPUTER SCIENCE AND ENGINEERING,162.0,143.5,133.5,135.0,118.5,107.5,,0,0,0,0,1,1,0
1504,Arunai Engineering College  Mathur  Thiruvannamalai District 606603,THIRUVANNAMALAI,SELF FINANCING COLLEGES TIER 3,EC,ELECTRONICS AND COMMUNICATION ENGINEERING,144.0,114.5,139.0,128.0,102.0,,,0,0,0,0,1,0,0
1504,Arunai Engineering College  Mathur  Thiruvannamalai District 606603,THIRUVANNAMALAI,SELF FINANCING COLLEGES TIER 3,EE,ELECTRICAL AND ELECTRONICS ENGINEERING,125.5,121.0,106.0,112.5,95.5,,,0,1,0,0,1,0,0
1504,Arunai Engineering College  Mathur  Thiruvannamalai District 606603,THIRUVANNAMALAI,SELF FINANCING COLLEGES TIER 3,IT,INFORMATION TECHNOLOGY,153.5,140.0,139.5,144.5,116.0,,,0,0,0,0,1,0,0
1504,Arunai Engineering College  Mathur  Thiruvannamalai District 606603,THIRUVANNAMALAI,SELF FINANCING COLLEGES TIER 3,ME,MECHANICAL ENGINEERING,113.0,94.5,,98.0,,,,0,1,0,0,0,0,0
1504,Arunai Engineering College  Mathur  Thiruvannamalai District 606603,THIRUVANNAMALAI,SELF FINANCING COLLEGES TIER 3,SC,Computer Science and Engineering (Cyber Security),140.0,125.5,120.5,125.0,106.0,,,0,0,0,0,1,0,0
1505,C Abdul Hakeem College of Engineering and Technology  Melvisharam  Ranipet District 632509,RANIPET,SELF FINANCING COLLEGES TIER 3,AD,ARTIFICIAL INTELLIGENCE AND DATA SCIENCE,152.5,130.5,148.5,126.0,106.5,,,0,0,0,0,1,0,0
1505,C Abdul Hakeem College of Engineering and Technology  Melvisharam  Ranipet District 632509,RANIPET,SELF FINANCING COLLEGES TIER 3,CE,CIVIL  ENGINEERING,98.0,,,,,,,1,0,0,0,0,0,0
1505,C Abdul Hakeem College of Engineering and Technology  Melvisharam  Ranipet District 632509,RANIPET,SELF FINANCING COLLEGES TIER 3,CS,COMPUTER SCIENCE AND ENGINEERING,148.0,129.0,153.5,129.0,108.5,,,0,0,0,0,1,0,0
1505,C Abdul Hakeem College of Engineering and Technology  Melvisharam  Ranipet District 632509,RANIPET,SELF FINANCING COLLEGES TIER 3,EC,ELECTRONICS AND COMMUNICATION ENGINEERING,141.5,125.0,139.5,117.5,115.5,,,0,0,0,0,1,0,0
1505,C Abdul Hakeem College of Engineering and Technology  Melvisharam  Ranipet District 632509,RANIPET,SELF FINANCING COLLEGES TIER 3,EE,ELECTRICAL AND ELECTRONICS ENGINEERING,119.5,111.5,,119.5,106.5,,,0,1,0,1,1,0,0
1505,C Abdul Hakeem College of Engineering and Technology  Melvisharam  Ranipet District 632509,RANIPET,SELF FINANCING COLLEGES TIER 3,IT,INFORMATION TECHNOLOGY,148.5,129.0,144.0,135.0,118.5,,,0,0,0,0,1,0,0
1505,C Abdul Hakeem College of Engineering and Technology  Melvisharam  Ranipet District 632509,RANIPET,SELF FINANCING COLLEGES TIER 3,ME,MECHANICAL ENGINEERING,104.0,104.0,,98.5,95.0,,,0,1,0,1,1,0,0
1507,Ganadipathy TulsiÃ¯Â¿Â½s Jain Engineering College  Kaniyambadi  Vellore District 632102,VELLORE,SELF FINANCING COLLEGES TIER 3,AD,ARTIFICIAL INTELLIGENCE AND DATA SCIENCE,134.0,111.0,130.0,111.5,88.5,,,0,0,0,0,0,0,0
1507,Ganadipathy TulsiÃ¯Â¿Â½s Jain Engineering College  Kaniyambadi  Vellore District 632102,VELLORE,SELF FINANCING COLLEGES TIER 3,CB,COMPUTER SCIENCE AND BUSSINESS SYSTEM,116.499999999999,98.0,,105.5,,,,0,1,0,0,0,0,0
1507,Ganadipathy TulsiÃ¯Â¿Â½s Jain Engineering College  Kaniyambadi  Vellore District 632102,VELLORE,SELF FINANCING COLLEGES TIER 3,CS,COMPUTER SCIENCE AND ENGINEERING,130.5,113.0,,115.0,90.0,98.0,,0,0,0,0,1,0,0
1507,Ganadipathy TulsiÃ¯Â¿Â½s Jain Engineering College  Kaniyambadi  Vellore District 632102,VELLORE,SELF FINANCING COLLEGES TIER 3,EC,ELECTRONICS AND COMMUNICATION ENGINEERING,113.0,97.5,,101.5,,,,0,1,0,0,0,0,0
1507,Ganadipathy TulsiÃ¯Â¿Â½s Jain Engineering College  Kaniyambadi  Vellore District 632102,VELLORE,SELF FINANCING COLLEGES TIER 3,EE,ELECTRICAL AND ELECTRONICS ENGINEERING,105.0,,,,,,,1,0,0,0,0,0,0
1507,Ganadipathy TulsiÃ¯Â¿Â½s Jain Engineering College  Kaniyambadi  Vellore District 632102,VELLORE,SELF FINANCING COLLEGES TIER 3,IT,INFORMATION TECHNOLOGY,139.0,125.5,,113.5,110.5,100.0,,0,0,0,0,1,0,0
1507,Ganadipathy TulsiÃ¯Â¿Â½s Jain Engineering College  Kaniyambadi  Vellore District 632102,VELLORE,SELF FINANCING COLLEGES TIER 3,ME,MECHANICAL ENGINEERING,91.0,,,,,,,1,0,0,0,0,0,0
1509,Meenakshi College of Engineering  Vembuliamman Koil Street  K K Nagar (West)  Chennai 600078,CHENNAI,SELF FINANCING COLLEGES TIER 3,AD,ARTIFICIAL INTELLIGENCE AND DATA SCIENCE,154.0,138.0,134.5,140.5,110.5,102.5,,0,0,0,0,0,0,0
1509,Meenakshi College of Engineering  Vembuliamman Koil Street  K K Nagar (West)  Chennai 600078,CHENNAI,SELF FINANCING COLLEGES TIER 3,AM,COMPUTER SCIENCE AND ENGINEERING (ARTIFICIAL INTELLIGENCE AND MACHINE LEARNING),149.0,131.5,134.5,135.0,108.5,,,0,0,0,0,0,0,0
1509,Meenakshi College of Engineering  Vembuliamman Koil Street  K K Nagar (West)  Chennai 600078,CHENNAI,SELF FINANCING COLLEGES TIER 3,CE,CIVIL  ENGINEERING,77.5,,,,,,,1,0,0,0,0,0,0
1509,Meenakshi College of Engineering  Vembuliamman Koil Street  K K Nagar (West)  Chennai 600078,CHENNAI,SELF FINANCING COLLEGES TIER 3,CS,COMPUTER SCIENCE AND ENGINEERING,152.0,131.0,134.5,126.5,116.0,,128.5,0,0,0,0,0,0,0
1509,Meenakshi College of Engineering  Vembuliamman Koil Street  K K Nagar (West)  Chennai 600078,CHENNAI,SELF FINANCING COLLEGES TIER 3,EC,ELECTRONICS AND COMMUNICATION ENGINEERING,131.5,95.0,117.5,105.5,99.5,,,0,1,0,1,1,0,0
1509,Meenakshi College of Engineering  Vembuliamman Koil Street  K K Nagar (West)  Chennai 600078,CHENNAI,SELF FINANCING COLLEGES TIER 3,EE,ELECTRICAL AND ELECTRONICS ENGINEERING,110.5,,81.5,93.0,,,,0,0,0,1,0,0,0
1509,Meenakshi College of Engineering  Vembuliamman Koil Street  K K Nagar (West)  Chennai 600078,CHENNAI,SELF FINANCING COLLEGES TIER 3,EI,ELECTRONICS AND INSTRUMENTATION ENGINEERING,117.0,114.5,89.5,112.5,,,,0,1,0,1,0,0,0
1509,Meenakshi College of Engineering  Vembuliamman Koil Street  K K Nagar (West)  Chennai 600078,CHENNAI,SELF FINANCING COLLEGES TIER 3,IT,INFORMATION TECHNOLOGY,145.5,126.0,122.0,127.5,111.5,,,0,0,0,0,0,0,0
1509,Meenakshi College of Engineering  Vembuliamman Koil Street  K K Nagar (West)  Chennai 600078,CHENNAI,SELF FINANCING COLLEGES TIER 3,ME,MECHANICAL ENGINEERING,95.5,,,,,,,1,0,0,0,0,0,0
1510,Priyadarshini Engineering College  Vaniyambadi Post  Thiruppattur District 635751,THIRUPATHUR,SELF FINANCING COLLEGES TIER 3,CE,CIVIL  ENGINEERING,89.0,,,,,,,1,0,0,0,0,0,0
1510,Priyadarshini Engineering College  Vaniyambadi Post  Thiruppattur District 635751,THIRUPATHUR,SELF FINANCING COLLEGES TIER 3,CS,COMPUTER SCIENCE AND ENGINEERING,132.5,95.0,120.5,119.0,115.0,,,0,1,0,0,1,0,0
1510,Priyadarshini Engineering College  Vaniyambadi Post  Thiruppattur District 635751,THIRUPATHUR,SELF FINANCING COLLEGES TIER 3,EC,ELECTRONICS AND COMMUNICATION ENGINEERING,116.0,94.5,101.5,98.0,91.5,,,0,1,0,0,1,0,0
1510,Priyadarshini Engineering College  Vaniyambadi Post  Thiruppattur District 635751,THIRUPATHUR,SELF FINANCING COLLEGES TIER 3,EE,ELECTRICAL AND ELECTRONICS ENGINEERING,104.0,91.0,92.5,92.5,89.0,,,0,1,0,1,1,0,0
1510,Priyadarshini Engineering College  Vaniyambadi Post  Thiruppattur District 635751,THIRUPATHUR,SELF FINANCING COLLEGES TIER 3,IT,INFORMATION TECHNOLOGY,129.0,101.0,124.5,116.0,110.0,123.0,,0,1,0,0,1,0,0
1510,Priyadarshini Engineering College  Vaniyambadi Post  Thiruppattur District 635751,THIRUPATHUR,SELF FINANCING COLLEGES TIER 3,ME,MECHANICAL ENGINEERING,95.0,,,82.5,93.0,,,0,0,0,1,1,0,0
1511,Ranipettai Engineering College  Thenkadappanthangal  Ranipet District 632513,VELLORE,SELF FINANCING COLLEGES TIER 3,CE,CIVIL  ENGINEERING,,,,,,,,0,0,0,0,0,0,0
1511,Ranipettai Engineering College  Thenkadappanthangal  Ranipet District 632513,VELLORE,SELF FINANCING COLLEGES TIER 3,CS,COMPUTER SCIENCE AND ENGINEERING,,,,,,,,0,0,0,0,0,0,0
1511,Ranipettai Engineering College  Thenkadappanthangal  Ranipet District 632513,VELLORE,SELF FINANCING COLLEGES TIER 3,EC,ELECTRONICS AND COMMUNICATION ENGINEERING,,,,,,,,0,0,0,0,0,0,0
1511,Ranipettai Engineering College  Thenkadappanthangal  Ranipet District 632513,VELLORE,SELF FINANCING COLLEGES TIER 3,EE,ELECTRICAL AND ELECTRONICS ENGINEERING,,,,,,,,0,0,0,0,0,0,0
1511,Ranipettai Engineering College  Thenkadappanthangal  Ranipet District 632513,VELLORE,SELF FINANCING COLLEGES TIER 3,ME,MECHANICAL ENGINEERING,,,,,,,,0,0,0,0,0,0,0
1512,S K P Engineering College  Thiruvannamalai District 606611,THIRUVANNAMALAI,SELF FINANCING COLLEGES TIER 3,AD,ARTIFICIAL INTELLIGENCE AND DATA SCIENCE,139.0,106.0,,112.5,114.5,,,0,0,0,0,1,0,0
1512,S K P Engineering College  Thiruvannamalai District 606611,THIRUVANNAMALAI,SELF FINANCING COLLEGES TIER 3,CE,CIVIL  ENGINEERING,110.5,,,,,,,1,0,0,0,0,0,0
1512,S K P Engineering College  Thiruvannamalai District 606611,THIRUVANNAMALAI,SELF FINANCING COLLEGES TIER 3,CS,COMPUTER SCIENCE AND ENGINEERING,138.5,106.5,119.0,126.5,107.5,,,0,1,0,0,0,0,0
1512,S K P Engineering College  Thiruvannamalai District 606611,THIRUVANNAMALAI,SELF FINANCING COLLEGES TIER 3,EC,ELECTRONICS AND COMMUNICATION ENGINEERING,126.0,109.0,99.5,113.0,,,,0,1,0,0,0,0,0
1512,S K P Engineering College  Thiruvannamalai District 606611,THIRUVANNAMALAI,SELF FINANCING COLLEGES TIER 3,EE,ELECTRICAL AND ELECTRONICS ENGINEERING,101.5,,,,,,,1,0,0,0,0,0,0
1512,S K P Engineering College  Thiruvannamalai District 606611,THIRUVANNAMALAI,SELF FINANCING COLLEGES TIER 3,IT,INFORMATION TECHNOLOGY,141.5,119.0,128.0,117.5,102.5,,,0,0,0,0,1,0,0
1512,S K P Engineering College  Thiruvannamalai District 606611,THIRUVANNAMALAI,SELF FINANCING COLLEGES TIER 3,ME,MECHANICAL ENGINEERING,92.5,,,,,,,1,0,0,0,0,0,0
1512,S K P Engineering College  Thiruvannamalai District 606611,THIRUVANNAMALAI,SELF FINANCING COLLEGES TIER 3,SC,Computer Science and Engineering (Cyber Security),124.0,120.5,114.5,110.5,,,,0,1,0,0,0,0,0
1513,Sri Balaji Chockalingam Engineering College  Arni  Thiruvannamalai District 632317,THIRUVANNAMALAI,SELF FINANCING COLLEGES TIER 3,CS,COMPUTER SCIENCE AND ENGINEERING,118.0,99.5,,97.5,89.5,,,0,1,0,1,1,0,0
1513,Sri Balaji Chockalingam Engineering College  Arni  Thiruvannamalai District 632317,THIRUVANNAMALAI,SELF FINANCING COLLEGES TIER 3,EC,ELECTRONICS AND COMMUNICATION ENGINEERING,99.5,,,90.0,,,,0,0,0,1,0,0,0
1513,Sri Balaji Chockalingam Engineering College  Arni  Thiruvannamalai District 632317,THIRUVANNAMALAI,SELF FINANCING COLLEGES TIER 3,IT,INFORMATION TECHNOLOGY,127.5,105.5,,112.5,105.5,,,0,1,0,0,1,0,0
1514,Sri Nandhanam College of Engineering and Technology  Molagarampatti  Tirupattur  Vellore-635601,THIRUPATHUR,SELF FINANCING COLLEGES TIER 3,BT,BIO TECHNOLOGY,,,,,,,,0,0,0,0,0,0,0
1514,Sri Nandhanam College of Engineering and Technology  Molagarampatti  Tirupattur  Vellore-635601,THIRUPATHUR,SELF FINANCING COLLEGES TIER 3,CS,COMPUTER SCIENCE AND ENGINEERING,107.0,,,,,,,1,0,0,0,0,0,0
1514,Sri Nandhanam College of Engineering and Technology  Molagarampatti  Tirupattur  Vellore-635601,THIRUPATHUR,SELF FINANCING COLLEGES TIER 3,EE,ELECTRICAL AND ELECTRONICS ENGINEERING,,,,,,,,0,0,0,0,0,0,0
1514,Sri Nandhanam College of Engineering and Technology  Molagarampatti  Tirupattur  Vellore-635601,THIRUPATHUR,SELF FINANCING COLLEGES TIER 3,ME,MECHANICAL ENGINEERING,,,,,,,,0,0,0,0,0,0,0
1514,Sri Nandhanam College of Engineering and Technology  Molagarampatti  Tirupattur  Vellore-635601,THIRUPATHUR,SELF FINANCING COLLEGES TIER 3,MR,MARINE ENGINEERING,,,,,,,,0,0,0,0,0,0,0
1517,Thirumalai Engineering College  Kilambi  Kancheepuram District 631551,KANCHEEPURAM,SELF FINANCING COLLEGES TIER 3,AD,ARTIFICIAL INTELLIGENCE AND DATA SCIENCE,94.5,,,,,,,1,0,0,0,0,0,0
1517,Thirumalai Engineering College  Kilambi  Kancheepuram District 631551,KANCHEEPURAM,SELF FINANCING COLLEGES TIER 3,CE,CIVIL  ENGINEERING,,,,,,,,0,0,0,0,0,0,0
1517,Thirumalai Engineering College  Kilambi  Kancheepuram District 631551,KANCHEEPURAM,SELF FINANCING COLLEGES TIER 3,CS,COMPUTER SCIENCE AND ENGINEERING,80.0,,,,,,,1,0,0,0,0,0,0
1517,Thirumalai Engineering College  Kilambi  Kancheepuram District 631551,KANCHEEPURAM,SELF FINANCING COLLEGES TIER 3,EC,ELECTRONICS AND COMMUNICATION ENGINEERING,107.0,,,,,,,1,0,0,0,0,0,0
1517,Thirumalai Engineering College  Kilambi  Kancheepuram District 631551,KANCHEEPURAM,SELF FINANCING COLLEGES TIER 3,EE,ELECTRICAL AND ELECTRONICS ENGINEERING,95.0,,,,,,,1,0,0,0,0,0,0
1517,Thirumalai Engineering College  Kilambi  Kancheepuram District 631551,KANCHEEPURAM,SELF FINANCING COLLEGES TIER 3,IT,INFORMATION TECHNOLOGY,117.0,,,,,,,1,0,0,0,0,0,0
1517,Thirumalai Engineering College  Kilambi  Kancheepuram District 631551,KANCHEEPURAM,SELF FINANCING COLLEGES TIER 3,ME,MECHANICAL ENGINEERING,92.5,,,,,,,1,0,0,0,0,0,0
1518,Thiruvalluvar College of Engineering and Technology  Vandavasi  Thiruvannamalai District 604505,THIRUVANNAMALAI,SELF FINANCING COLLEGES TIER 3,AE,AERONAUTICAL ENGINEERING,97.0,,,,,,,1,0,0,0,0,0,0
1518,Thiruvalluvar College of Engineering and Technology  Vandavasi  Thiruvannamalai District 604505,THIRUVANNAMALAI,SELF FINANCING COLLEGES TIER 3,AM,COMPUTER SCIENCE AND ENGINEERING (ARTIFICIAL INTELLIGENCE AND MACHINE LEARNING),85.0,,,,,,,0,0,0,0,0,0,0
1518,Thiruvalluvar College of Engineering and Technology  Vandavasi  Thiruvannamalai District 604505,THIRUVANNAMALAI,SELF FINANCING COLLEGES TIER 3,AU,AUTOMOBILE ENGINEERING,101.0,,,,,,,1,0,0,0,0,0,0
1518,Thiruvalluvar College of Engineering and Technology  Vandavasi  Thiruvannamalai District 604505,THIRUVANNAMALAI,SELF FINANCING COLLEGES TIER 3,CE,CIVIL  ENGINEERING,100.5,,,,,,,1,0,0,0,0,0,0
1518,Thiruvalluvar College of Engineering and Technology  Vandavasi  Thiruvannamalai District 604505,THIRUVANNAMALAI,SELF FINANCING COLLEGES TIER 3,CS,COMPUTER SCIENCE AND ENGINEERING,93.0,89.5,,88.5,80.0,,,0,1,0,1,1,0,0
1518,Thiruvalluvar College of Engineering and Technology  Vandavasi  Thiruvannamalai District 604505,THIRUVANNAMALAI,SELF FINANCING COLLEGES TIER 3,EC,ELECTRONICS AND COMMUNICATION ENGINEERING,92.0,,,,,,,1,0,0,0,0,0,0
1518,Thiruvalluvar College of Engineering and Technology  Vandavasi  Thiruvannamalai District 604505,THIRUVANNAMALAI,SELF FINANCING COLLEGES TIER 3,EE,ELECTRICAL AND ELECTRONICS ENGINEERING,110.0,,,,,,,1,0,0,0,0,0,0
1518,Thiruvalluvar College of Engineering and Technology  Vandavasi  Thiruvannamalai District 604505,THIRUVANNAMALAI,SELF FINANCING COLLEGES TIER 3,EI,ELECTRONICS AND INSTRUMENTATION ENGINEERING,82.0,,,,,,,1,0,0,0,0,0,0
1518,Thiruvalluvar College of Engineering and Technology  Vandavasi  Thiruvannamalai District 604505,THIRUVANNAMALAI,SELF FINANCING COLLEGES TIER 3,IT,INFORMATION TECHNOLOGY,103.5,80.0,,89.0,96.0,99.5,,0,1,0,1,1,1,0
1518,Thiruvalluvar College of Engineering and Technology  Vandavasi  Thiruvannamalai District 604505,THIRUVANNAMALAI,SELF FINANCING COLLEGES TIER 3,ME,MECHANICAL ENGINEERING,82.0,,,,,,,1,0,0,0,0,0,0
1518,Thiruvalluvar College of Engineering and Technology  Vandavasi  Thiruvannamalai District 604505,THIRUVANNAMALAI,SELF FINANCING COLLEGES TIER 3,PC,PETRO CHEMICAL TECHNOLOGY,,,,,,,,0,0,0,0,0,0,0
1519,Bharathidasan Engineering College  Nattrampalli Post  Thiruppathur District 635854,THIRUPATHUR,SELF FINANCING COLLEGES TIER 3,CE,CIVIL  ENGINEERING,,,,,,,,0,0,0,0,0,0,0
1519,Bharathidasan Engineering College  Nattrampalli Post  Thiruppathur District 635854,THIRUPATHUR,SELF FINANCING COLLEGES TIER 3,CS,COMPUTER SCIENCE AND ENGINEERING,119.5,93.5,,112.0,99.0,105.0,104.5,0,1,0,0,0,1,0
1519,Bharathidasan Engineering College  Nattrampalli Post  Thiruppathur District 635854,THIRUPATHUR,SELF FINANCING COLLEGES TIER 3,EC,ELECTRONICS AND COMMUNICATION ENGINEERING,108.5,85.0,,94.0,87.5,,,0,1,0,1,1,0,0
1519,Bharathidasan Engineering College  Nattrampalli Post  Thiruppathur District 635854,THIRUPATHUR,SELF FINANCING COLLEGES TIER 3,EE,ELECTRICAL AND ELECTRONICS ENGINEERING,91.0,,,,,,,1,0,0,0,0,0,0
1519,Bharathidasan Engineering College  Nattrampalli Post  Thiruppathur District 635854,THIRUPATHUR,SELF FINANCING COLLEGES TIER 3,IT,INFORMATION TECHNOLOGY,141.0,120.0,,120.5,101.0,,,0,1,0,0,0,0,0
1519,Bharathidasan Engineering College  Nattrampalli Post  Thiruppathur District 635854,THIRUPATHUR,SELF FINANCING COLLEGES TIER 3,ME,MECHANICAL ENGINEERING,90.5,,,,,,,1,0,0,0,0,0,0
1520,Kingston Engineering College  Chithoor Main Road  Christianpet Village  Katpadi Taluk   Vellore District 632059,VELLORE,SELF FINANCING COLLEGES TIER 3,AD,ARTIFICIAL INTELLIGENCE AND DATA SCIENCE,155.5,144.0,124.0,140.0,126.5,105.0,,0,0,0,0,0,0,0
1520,Kingston Engineering College  Chithoor Main Road  Christianpet Village  Katpadi Taluk   Vellore District 632059,VELLORE,SELF FINANCING COLLEGES TIER 3,CB,COMPUTER SCIENCE AND BUSSINESS SYSTEM,139.5,136.0,112.0,125.5,118.5,,,0,0,0,0,1,0,0
1520,Kingston Engineering College  Chithoor Main Road  Christianpet Village  Katpadi Taluk   Vellore District 632059,VELLORE,SELF FINANCING COLLEGES TIER 3,CS,COMPUTER SCIENCE AND ENGINEERING,158.5,139.0,116.5,140.5,93.0,,,0,0,0,0,1,0,0
1520,Kingston Engineering College  Chithoor Main Road  Christianpet Village  Katpadi Taluk   Vellore District 632059,VELLORE,SELF FINANCING COLLEGES TIER 3,EC,ELECTRONICS AND COMMUNICATION ENGINEERING,136.0,122.5,,127.0,103.5,,,0,0,0,0,1,0,0
1520,Kingston Engineering College  Chithoor Main Road  Christianpet Village  Katpadi Taluk   Vellore District 632059,VELLORE,SELF FINANCING COLLEGES TIER 3,IT,INFORMATION TECHNOLOGY,158.5,145.5,148.5,145.5,94.0,110.0,,0,0,0,0,1,0,0
1520,Kingston Engineering College  Chithoor Main Road  Christianpet Village  Katpadi Taluk   Vellore District 632059,VELLORE,SELF FINANCING COLLEGES TIER 3,ME,MECHANICAL ENGINEERING,94.0,,,,,,,1,0,0,0,0,0,0
1523,Global Institute of Engineering and Technology  Bangalore-Chennai Highway  Melvisharam  Walajah Taluk  Ranipet District 632506,RANIPET,SELF FINANCING COLLEGES TIER 3,AD,ARTIFICIAL INTELLIGENCE AND DATA SCIENCE,128.5,92.5,,114.5,,,,0,1,0,0,0,0,0
1523,Global Institute of Engineering and Technology  Bangalore-Chennai Highway  Melvisharam  Walajah Taluk  Ranipet District 632506,RANIPET,SELF FINANCING COLLEGES TIER 3,AU,AUTOMOBILE ENGINEERING,125.0,,,,,,,1,0,0,0,0,0,0
1523,Global Institute of Engineering and Technology  Bangalore-Chennai Highway  Melvisharam  Walajah Taluk  Ranipet District 632506,RANIPET,SELF FINANCING COLLEGES TIER 3,CE,CIVIL  ENGINEERING,,,,,,,,0,0,0,0,0,0,0
1523,Global Institute of Engineering and Technology  Bangalore-Chennai Highway  Melvisharam  Walajah Taluk  Ranipet District 632506,RANIPET,SELF FINANCING COLLEGES TIER 3,CS,COMPUTER SCIENCE AND ENGINEERING,128.0,95.0,,114.5,113.0,,,0,0,0,0,1,0,0
1523,Global Institute of Engineering and Technology  Bangalore-Chennai Highway  Melvisharam  Walajah Taluk  Ranipet District 632506,RANIPET,SELF FINANCING COLLEGES TIER 3,EC,ELECTRONICS AND COMMUNICATION ENGINEERING,112.5,107.0,97.0,90.0,,,,0,1,0,0,0,0,0
1523,Global Institute of Engineering and Technology  Bangalore-Chennai Highway  Melvisharam  Walajah Taluk  Ranipet District 632506,RANIPET,SELF FINANCING COLLEGES TIER 3,EE,ELECTRICAL AND ELECTRONICS ENGINEERING,82.0,,,,,,,0,0,0,0,0,0,0
1523,Global Institute of Engineering and Technology  Bangalore-Chennai Highway  Melvisharam  Walajah Taluk  Ranipet District 632506,RANIPET,SELF FINANCING COLLEGES TIER 3,IT,INFORMATION TECHNOLOGY,129.0,108.5,,115.5,89.0,127.5,,0,0,0,0,1,1,0
1523,Global Institute of Engineering and Technology  Bangalore-Chennai Highway  Melvisharam  Walajah Taluk  Ranipet District 632506,RANIPET,SELF FINANCING COLLEGES TIER 3,ME,MECHANICAL ENGINEERING,100.5,,,,,,,1,0,0,0,0,0,0
1524,Annamalaiar College of Engineering  Modaiyur Village  Polur Taluk  Thiruvannamalai District 606902,THIRUVANNAMALAI,SELF FINANCING COLLEGES TIER 3,CE,CIVIL  ENGINEERING,140.0,,,,,,,1,0,0,0,0,0,0
1524,Annamalaiar College of Engineering  Modaiyur Village  Polur Taluk  Thiruvannamalai District 606902,THIRUVANNAMALAI,SELF FINANCING COLLEGES TIER 3,CS,COMPUTER SCIENCE AND ENGINEERING,87.0,,,,,,,1,0,0,0,0,0,0
1524,Annamalaiar College of Engineering  Modaiyur Village  Polur Taluk  Thiruvannamalai District 606902,THIRUVANNAMALAI,SELF FINANCING COLLEGES TIER 3,EC,ELECTRONICS AND COMMUNICATION ENGINEERING,,,,,,,,0,0,0,0,0,0,0
1524,Annamalaiar College of Engineering  Modaiyur Village  Polur Taluk  Thiruvannamalai District 606902,THIRUVANNAMALAI,SELF FINANCING COLLEGES TIER 3,EE,ELECTRICAL AND ELECTRONICS ENGINEERING,,,,,,,,0,0,0,0,0,0,0
1524,Annamalaiar College of Engineering  Modaiyur Village  Polur Taluk  Thiruvannamalai District 606902,THIRUVANNAMALAI,SELF FINANCING COLLEGES TIER 3,IT,INFORMATION TECHNOLOGY,104.0,,,,,,,1,0,0,0,0,0,0
1524,Annamalaiar College of Engineering  Modaiyur Village  Polur Taluk  Thiruvannamalai District 606902,THIRUVANNAMALAI,SELF FINANCING COLLEGES TIER 3,ME,MECHANICAL ENGINEERING,93.5,,,,,,,1,0,0,0,0,0,0
1525,Podhigai College of Engineering and Technology  Vinayakapuram  Adiyur Post  Tirupattur District 635601,THIRUPATHUR,SELF FINANCING COLLEGES TIER 3,CE,CIVIL  ENGINEERING,103.0,,,,,,,1,0,0,0,0,0,0
1525,Podhigai College of Engineering and Technology  Vinayakapuram  Adiyur Post  Tirupattur District 635601,THIRUPATHUR,SELF FINANCING COLLEGES TIER 3,CS,COMPUTER SCIENCE AND ENGINEERING,103.5,87.0,91.5,97.5,94.0,,,0,1,1,1,0,0,0
1525,Podhigai College of Engineering and Technology  Vinayakapuram  Adiyur Post  Tirupattur District 635601,THIRUPATHUR,SELF FINANCING COLLEGES TIER 3,EC,ELECTRONICS AND COMMUNICATION ENGINEERING,124.0,,,,,,,1,0,0,0,0,0,0
1525,Podhigai College of Engineering and Technology  Vinayakapuram  Adiyur Post  Tirupattur District 635601,THIRUPATHUR,SELF FINANCING COLLEGES TIER 3,EE,ELECTRICAL AND ELECTRONICS ENGINEERING,86.5,,,,,,,1,0,0,0,0,0,0
1525,Podhigai College of Engineering and Technology  Vinayakapuram  Adiyur Post  Tirupattur District 635601,THIRUPATHUR,SELF FINANCING COLLEGES TIER 3,IT,INFORMATION TECHNOLOGY,86.0,,,,,,,1,0,0,0,0,0,0
1525,Podhigai College of Engineering and Technology  Vinayakapuram  Adiyur Post  Tirupattur District 635601,THIRUPATHUR,SELF FINANCING COLLEGES TIER 3,ME,MECHANICAL ENGINEERING,88.5,,,,,,,1,0,0,0,0,0,0
1526,Sri Krishna College of Engineering  Tiruttani High Road  Arakkonam  Ranipet District 631003,RANIPET,SELF FINANCING COLLEGES TIER 3,CE,CIVIL  ENGINEERING,,,,,,,,0,0,0,0,0,0,0
1526,Sri Krishna College of Engineering  Tiruttani High Road  Arakkonam  Ranipet District 631003,RANIPET,SELF FINANCING COLLEGES TIER 3,CS,COMPUTER SCIENCE AND ENGINEERING,93.0,,,,,,,1,0,0,0,0,0,0
1526,Sri Krishna College of Engineering  Tiruttani High Road  Arakkonam  Ranipet District 631003,RANIPET,SELF FINANCING COLLEGES TIER 3,EC,ELECTRONICS AND COMMUNICATION ENGINEERING,114.5,,,,,,,1,0,0,0,0,0,0
1526,Sri Krishna College of Engineering  Tiruttani High Road  Arakkonam  Ranipet District 631003,RANIPET,SELF FINANCING COLLEGES TIER 3,EE,ELECTRICAL AND ELECTRONICS ENGINEERING,,,,,,,,0,0,0,0,0,0,0
1526,Sri Krishna College of Engineering  Tiruttani High Road  Arakkonam  Ranipet District 631003,RANIPET,SELF FINANCING COLLEGES TIER 3,ME,MECHANICAL ENGINEERING,86.5,,,,,,,1,0,0,0,0,0,0
1529,Oxford College of Engineering  Venmani Village  Karaipoondi Post  Polur Taluk  Thiruvannamalai District 606803,THIRUVANNAMALAI,SELF FINANCING COLLEGES TIER 3,CE,CIVIL  ENGINEERING,,,,,,,,0,0,0,0,0,0,0
1529,Oxford College of Engineering  Venmani Village  Karaipoondi Post  Polur Taluk  Thiruvannamalai District 606803,THIRUVANNAMALAI,SELF FINANCING COLLEGES TIER 3,CS,COMPUTER SCIENCE AND ENGINEERING,83.0,,,,,,,1,0,0,0,0,0,0
1529,Oxford College of Engineering  Venmani Village  Karaipoondi Post  Polur Taluk  Thiruvannamalai District 606803,THIRUVANNAMALAI,SELF FINANCING COLLEGES TIER 3,EC,ELECTRONICS AND COMMUNICATION ENGINEERING,,,,,,,,0,0,0,0,0,0,0
1529,Oxford College of Engineering  Venmani Village  Karaipoondi Post  Polur Taluk  Thiruvannamalai District 606803,THIRUVANNAMALAI,SELF FINANCING COLLEGES TIER 3,EE,ELECTRICAL AND ELECTRONICS ENGINEERING,,,,,,,,0,0,0,0,0,0,0
1529,Oxford College of Engineering  Venmani Village  Karaipoondi Post  Polur Taluk  Thiruvannamalai District 606803,THIRUVANNAMALAI,SELF FINANCING COLLEGES TIER 3,ME,MECHANICAL ENGINEERING,,,,,,,,0,0,0,0,0,0,0
1605,Idhaya Engineering College for Women  Chinnasalem  Kallakkurichi District 606201,KALLAKURICHI,SELF FINANCING COLLEGES TIER 3,CS,COMPUTER SCIENCE AND ENGINEERING,123.0,95.0,109.5,98.0,99.0,101.0,,0,1,0,1,1,1,0
1605,Idhaya Engineering College for Women  Chinnasalem  Kallakkurichi District 606201,KALLAKURICHI,SELF FINANCING COLLEGES TIER 3,EC,ELECTRONICS AND COMMUNICATION ENGINEERING,97.5,,,90.5,87.5,,,0,0,0,1,1,0,0
1605,Idhaya Engineering College for Women  Chinnasalem  Kallakkurichi District 606201,KALLAKURICHI,SELF FINANCING COLLEGES TIER 3,EE,ELECTRICAL AND ELECTRONICS ENGINEERING,115.0,102.0,,,,,,0,1,0,0,0,0,0
1605,Idhaya Engineering College for Women  Chinnasalem  Kallakkurichi District 606201,KALLAKURICHI,SELF FINANCING COLLEGES TIER 3,IT,INFORMATION TECHNOLOGY,142.0,112.0,134.0,123.0,97.5,114.5,,0,1,0,1,0,1,0
2302,Sri Shanmugha College of Engineering and Technology  Morur Bit II Village  Salem District 637304,SALEM,SELF FINANCING COLLEGES TIER 3,AD,ARTIFICIAL INTELLIGENCE AND DATA SCIENCE,131.0,91.0,,106.5,94.5,122.0,,0,1,0,0,1,0,0
2302,Sri Shanmugha College of Engineering and Technology  Morur Bit II Village  Salem District 637304,SALEM,SELF FINANCING COLLEGES TIER 3,AG,AGRICULTURAL ENGINEERING,109.5,89.5,,83.0,92.5,,,0,1,0,1,1,0,0
2302,Sri Shanmugha College of Engineering and Technology  Morur Bit II Village  Salem District 637304,SALEM,SELF FINANCING COLLEGES TIER 3,BM,BIO MEDICAL ENGINEERING,125.5,106.5,,88.0,87.5,,,0,1,0,1,1,0,0
2302,Sri Shanmugha College of Engineering and Technology  Morur Bit II Village  Salem District 637304,SALEM,SELF FINANCING COLLEGES TIER 3,CS,COMPUTER SCIENCE AND ENGINEERING,130.5,105.5,,89.0,110.0,,,0,0,0,1,1,0,0
2302,Sri Shanmugha College of Engineering and Technology  Morur Bit II Village  Salem District 637304,SALEM,SELF FINANCING COLLEGES TIER 3,EC,ELECTRONICS AND COMMUNICATION ENGINEERING,123.0,101.0,120.5,97.5,98.5,,,0,0,1,1,1,0,0
2302,Sri Shanmugha College of Engineering and Technology  Morur Bit II Village  Salem District 637304,SALEM,SELF FINANCING COLLEGES TIER 3,IT,INFORMATION TECHNOLOGY,130.5,104.5,,86.5,93.5,121.5,,0,0,0,0,1,0,0
2302,Sri Shanmugha College of Engineering and Technology  Morur Bit II Village  Salem District 637304,SALEM,SELF FINANCING COLLEGES TIER 3,ME,MECHANICAL ENGINEERING,87.0,,,,,,,1,0,0,0,0,0,0
2302,Sri Shanmugha College of Engineering and Technology  Morur Bit II Village  Salem District 637304,SALEM,SELF FINANCING COLLEGES TIER 3,SC,Computer Science and Engineering (Cyber Security),102.5,98.0,,97.0,,94.0,,0,1,0,1,0,0,0
2314,Muthayammal College of Engineering  Kakkaveri Post  Namakkal District 637408,NAMAKKAL,SELF FINANCING COLLEGES TIER 3,AD,ARTIFICIAL INTELLIGENCE AND DATA SCIENCE,109.0,94.0,,101.0,,105.5,,0,1,0,1,0,0,0
2314,Muthayammal College of Engineering  Kakkaveri Post  Namakkal District 637408,NAMAKKAL,SELF FINANCING COLLEGES TIER 3,AG,AGRICULTURAL ENGINEERING,92.0,,,,,,,1,0,0,0,0,0,0
2314,Muthayammal College of Engineering  Kakkaveri Post  Namakkal District 637408,NAMAKKAL,SELF FINANCING COLLEGES TIER 3,CS,COMPUTER SCIENCE AND ENGINEERING,113.5,82.0,,104.5,,,,0,1,0,1,0,0,0
2314,Muthayammal College of Engineering  Kakkaveri Post  Namakkal District 637408,NAMAKKAL,SELF FINANCING COLLEGES TIER 3,EC,ELECTRONICS AND COMMUNICATION ENGINEERING,127.5,103.0,,107.5,112.5,,,0,1,0,1,1,0,0
2314,Muthayammal College of Engineering  Kakkaveri Post  Namakkal District 637408,NAMAKKAL,SELF FINANCING COLLEGES TIER 3,EE,ELECTRICAL AND ELECTRONICS ENGINEERING,96.5,83.0,,94.0,,,,0,1,0,1,0,0,0
2327,N S N College of Engineering and Technology  Karur-Madurai NH7  Manalmedu  Karur District 639003,KARUR,SELF FINANCING COLLEGES TIER 3,AD,ARTIFICIAL INTELLIGENCE AND DATA SCIENCE,107.0,101.5,,96.5,96.5,103.0,,0,1,0,1,1,1,0
2327,N S N College of Engineering and Technology  Karur-Madurai NH7  Manalmedu  Karur District 639003,KARUR,SELF FINANCING COLLEGES TIER 3,CE,CIVIL  ENGINEERING,89.5,88.5,,,87.0,,,0,1,0,0,1,0,0
2327,N S N College of Engineering and Technology  Karur-Madurai NH7  Manalmedu  Karur District 639003,KARUR,SELF FINANCING COLLEGES TIER 3,CS,COMPUTER SCIENCE AND ENGINEERING,129.5,103.5,,88.0,103.5,129.0,,0,1,0,1,0,0,0
2327,N S N College of Engineering and Technology  Karur-Madurai NH7  Manalmedu  Karur District 639003,KARUR,SELF FINANCING COLLEGES TIER 3,EC,ELECTRONICS AND COMMUNICATION ENGINEERING,120.0,96.5,,84.0,105.5,105.0,113.5,0,1,0,1,0,0,0
2327,N S N College of Engineering and Technology  Karur-Madurai NH7  Manalmedu  Karur District 639003,KARUR,SELF FINANCING COLLEGES TIER 3,EE,ELECTRICAL AND ELECTRONICS ENGINEERING,106.5,96.5,,88.5,90.0,106.5,,0,1,0,1,1,0,0
2327,N S N College of Engineering and Technology  Karur-Madurai NH7  Manalmedu  Karur District 639003,KARUR,SELF FINANCING COLLEGES TIER 3,IT,INFORMATION TECHNOLOGY,121.0,91.5,,82.5,100.0,113.0,,0,1,0,1,1,0,0
2327,N S N College of Engineering and Technology  Karur-Madurai NH7  Manalmedu  Karur District 639003,KARUR,SELF FINANCING COLLEGES TIER 3,ME,MECHANICAL ENGINEERING,95.0,94.5,,87.5,80.0,91.0,,0,1,0,1,1,0,0
2328,K S R Institute for Engineering and Technology  (Autonomous) Thokkavadi  Namakkal District 637215,NAMAKKAL,SELF FINANCING COLLEGES TIER 3,BM,BIO MEDICAL ENGINEERING,137.5,124.0,114.0,118.5,85.5,133.0,,0,0,0,0,1,0,0
2328,K S R Institute for Engineering and Technology  (Autonomous) Thokkavadi  Namakkal District 637215,NAMAKKAL,SELF FINANCING COLLEGES TIER 3,CS,COMPUTER SCIENCE AND ENGINEERING,150.5,137.0,125.0,137.5,120.5,,,0,0,0,0,1,0,0
2328,K S R Institute for Engineering and Technology  (Autonomous) Thokkavadi  Namakkal District 637215,NAMAKKAL,SELF FINANCING COLLEGES TIER 3,EC,ELECTRONICS AND COMMUNICATION ENGINEERING,145.5,135.5,118.5,135.5,116.0,120.0,,0,0,0,0,1,0,0
2328,K S R Institute for Engineering and Technology  (Autonomous) Thokkavadi  Namakkal District 637215,NAMAKKAL,SELF FINANCING COLLEGES TIER 3,EE,ELECTRICAL AND ELECTRONICS ENGINEERING,135.0,126.0,,120.5,88.0,134.5,,0,0,0,0,0,0,0
2328,K S R Institute for Engineering and Technology  (Autonomous) Thokkavadi  Namakkal District 637215,NAMAKKAL,SELF FINANCING COLLEGES TIER 3,IT,INFORMATION TECHNOLOGY,149.0,138.5,137.5,140.5,111.0,143.5,,0,0,0,0,0,0,0
2328,K S R Institute for Engineering and Technology  (Autonomous) Thokkavadi  Namakkal District 637215,NAMAKKAL,SELF FINANCING COLLEGES TIER 3,ME,MECHANICAL ENGINEERING,114.5,94.5,95.0,83.0,,98.0,,0,0,1,1,0,0,0
2328,K S R Institute for Engineering and Technology  (Autonomous) Thokkavadi  Namakkal District 637215,NAMAKKAL,SELF FINANCING COLLEGES TIER 3,SC,Computer Science and Engineering (Cyber Security),150.5,136.0,110.5,134.0,112.0,,,0,0,0,0,1,0,0
2329,Rathinam Technical Campus  (Autonomous)  Pollachi Road  Eachanari  Coimbatore District 641021,COIMBATORE,SELF FINANCING COLLEGES TIER 3,AD,ARTIFICIAL INTELLIGENCE AND DATA SCIENCE,170.0,158.5,162.5,152.0,118.5,126.0,,0,0,0,0,0,0,0
2329,Rathinam Technical Campus  (Autonomous)  Pollachi Road  Eachanari  Coimbatore District 641021,COIMBATORE,SELF FINANCING COLLEGES TIER 3,AG,AGRICULTURAL ENGINEERING,140.0,131.5,113.5,119.5,97.5,,,0,0,0,0,1,0,0
2329,Rathinam Technical Campus  (Autonomous)  Pollachi Road  Eachanari  Coimbatore District 641021,COIMBATORE,SELF FINANCING COLLEGES TIER 3,AM,COMPUTER SCIENCE AND ENGINEERING (ARTIFICIAL INTELLIGENCE AND MACHINE LEARNING),161.0,155.0,,149.0,114.0,,,0,0,0,0,0,0,0
2329,Rathinam Technical Campus  (Autonomous)  Pollachi Road  Eachanari  Coimbatore District 641021,COIMBATORE,SELF FINANCING COLLEGES TIER 3,BM,BIO MEDICAL ENGINEERING,151.0,142.0,,141.0,145.0,93.5,,0,0,0,0,0,0,0
2329,Rathinam Technical Campus  (Autonomous)  Pollachi Road  Eachanari  Coimbatore District 641021,COIMBATORE,SELF FINANCING COLLEGES TIER 3,BT,BIO TECHNOLOGY,153.5,140.5,133.0,141.5,134.0,,,0,0,0,0,0,0,0
2329,Rathinam Technical Campus  (Autonomous)  Pollachi Road  Eachanari  Coimbatore District 641021,COIMBATORE,SELF FINANCING COLLEGES TIER 3,CS,COMPUTER SCIENCE AND ENGINEERING,167.0,159.0,155.0,153.0,143.0,134.0,,0,0,0,0,0,0,0
2329,Rathinam Technical Campus  (Autonomous)  Pollachi Road  Eachanari  Coimbatore District 641021,COIMBATORE,SELF FINANCING COLLEGES TIER 3,EC,ELECTRONICS AND COMMUNICATION ENGINEERING,159.0,153.5,158.5,145.0,119.0,155.0,,0,0,0,0,0,0,0
2329,Rathinam Technical Campus  (Autonomous)  Pollachi Road  Eachanari  Coimbatore District 641021,COIMBATORE,SELF FINANCING COLLEGES TIER 3,IT,INFORMATION TECHNOLOGY,164.5,162.0,154.0,147.5,127.5,143.0,,0,0,0,0,0,0,0
2329,Rathinam Technical Campus  (Autonomous)  Pollachi Road  Eachanari  Coimbatore District 641021,COIMBATORE,SELF FINANCING COLLEGES TIER 3,ME,MECHANICAL ENGINEERING,143.0,128.5,134.0,132.5,102.0,,,0,0,0,0,0,0,0
2329,Rathinam Technical Campus  (Autonomous)  Pollachi Road  Eachanari  Coimbatore District 641021,COIMBATORE,SELF FINANCING COLLEGES TIER 3,XS,COMPUTER SCIENCE AND ENGINEERING (TAMIL),147.0,135.0,131.5,131.0,102.0,119.0,,0,0,0,0,0,0,0
2332,Aishwarya College of Engineering and Technology  Errattaikaradu Paruvachi Post  Anthiyur (Via)  Bhavani Taluk  Erode District 638312,ERODE,SELF FINANCING COLLEGES TIER 3,AD,ARTIFICIAL INTELLIGENCE AND DATA SCIENCE,,,,,,,,0,0,0,0,0,0,0
2332,Aishwarya College of Engineering and Technology  Errattaikaradu Paruvachi Post  Anthiyur (Via)  Bhavani Taluk  Erode District 638312,ERODE,SELF FINANCING COLLEGES TIER 3,CE,CIVIL  ENGINEERING,,,,,,,,0,0,0,0,0,0,0
2332,Aishwarya College of Engineering and Technology  Errattaikaradu Paruvachi Post  Anthiyur (Via)  Bhavani Taluk  Erode District 638312,ERODE,SELF FINANCING COLLEGES TIER 3,CS,COMPUTER SCIENCE AND ENGINEERING,91.0,,,,,,,1,0,0,0,0,0,0
2332,Aishwarya College of Engineering and Technology  Errattaikaradu Paruvachi Post  Anthiyur (Via)  Bhavani Taluk  Erode District 638312,ERODE,SELF FINANCING COLLEGES TIER 3,EC,ELECTRONICS AND COMMUNICATION ENGINEERING,,,,,,,,0,0,0,0,0,0,0
2332,Aishwarya College of Engineering and Technology  Errattaikaradu Paruvachi Post  Anthiyur (Via)  Bhavani Taluk  Erode District 638312,ERODE,SELF FINANCING COLLEGES TIER 3,EE,ELECTRICAL AND ELECTRONICS ENGINEERING,,,,,,,,0,0,0,0,0,0,0
2332,Aishwarya College of Engineering and Technology  Errattaikaradu Paruvachi Post  Anthiyur (Via)  Bhavani Taluk  Erode District 638312,ERODE,SELF FINANCING COLLEGES TIER 3,ME,MECHANICAL ENGINEERING,,,,,,,,0,0,0,0,0,0,0
2338,Asian College of Engineering and Technology  Asian College Road  Kondayampalayam  Near Saravanampatti  Coimbatore District 641110,COIMBATORE,SELF FINANCING COLLEGES TIER 3,AD,ARTIFICIAL INTELLIGENCE AND DATA SCIENCE,129.0,94.0,,89.5,110.0,108.0,,0,1,0,1,0,0,0
2338,Asian College of Engineering and Technology  Asian College Road  Kondayampalayam  Near Saravanampatti  Coimbatore District 641110,COIMBATORE,SELF FINANCING COLLEGES TIER 3,AG,AGRICULTURAL ENGINEERING,104.5,,,101.0,80.0,86.5,,0,0,0,1,0,0,0
2338,Asian College of Engineering and Technology  Asian College Road  Kondayampalayam  Near Saravanampatti  Coimbatore District 641110,COIMBATORE,SELF FINANCING COLLEGES TIER 3,BM,BIO MEDICAL ENGINEERING,117.0,90.0,,113.0,101.5,,,0,1,0,1,0,0,0
2338,Asian College of Engineering and Technology  Asian College Road  Kondayampalayam  Near Saravanampatti  Coimbatore District 641110,COIMBATORE,SELF FINANCING COLLEGES TIER 3,CS,COMPUTER SCIENCE AND ENGINEERING,114.5,95.5,,92.0,99.5,,,0,1,0,1,0,0,0
2338,Asian College of Engineering and Technology  Asian College Road  Kondayampalayam  Near Saravanampatti  Coimbatore District 641110,COIMBATORE,SELF FINANCING COLLEGES TIER 3,EE,ELECTRICAL AND ELECTRONICS ENGINEERING,106.5,,,,,,,1,0,0,0,0,0,0
2338,Asian College of Engineering and Technology  Asian College Road  Kondayampalayam  Near Saravanampatti  Coimbatore District 641110,COIMBATORE,SELF FINANCING COLLEGES TIER 3,IT,INFORMATION TECHNOLOGY,121.5,87.5,,84.0,105.5,,,0,1,0,1,0,0,0
2338,Asian College of Engineering and Technology  Asian College Road  Kondayampalayam  Near Saravanampatti  Coimbatore District 641110,COIMBATORE,SELF FINANCING COLLEGES TIER 3,ME,MECHANICAL ENGINEERING,120.0,101.0,,104.0,91.0,,99.5,0,1,0,1,0,0,0
2341,Ganesh College of Engineering  Attur Main Road  Mettupatti  Salem District 636111,SALEM,SELF FINANCING COLLEGES TIER 3,AD,ARTIFICIAL INTELLIGENCE AND DATA SCIENCE,97.0,,,,,,,1,0,0,0,0,0,0
2341,Ganesh College of Engineering  Attur Main Road  Mettupatti  Salem District 636111,SALEM,SELF FINANCING COLLEGES TIER 3,BM,BIO MEDICAL ENGINEERING,100.0,,,,,,,1,0,0,0,0,0,0
2341,Ganesh College of Engineering  Attur Main Road  Mettupatti  Salem District 636111,SALEM,SELF FINANCING COLLEGES TIER 3,CE,CIVIL  ENGINEERING,85.0,,,,,,,1,0,0,0,0,0,0
2341,Ganesh College of Engineering  Attur Main Road  Mettupatti  Salem District 636111,SALEM,SELF FINANCING COLLEGES TIER 3,CS,COMPUTER SCIENCE AND ENGINEERING,84.5,,,,,,,1,0,0,0,0,0,0
2341,Ganesh College of Engineering  Attur Main Road  Mettupatti  Salem District 636111,SALEM,SELF FINANCING COLLEGES TIER 3,EC,ELECTRONICS AND COMMUNICATION ENGINEERING,87.0,,,,,,,1,0,0,0,0,0,0
2341,Ganesh College of Engineering  Attur Main Road  Mettupatti  Salem District 636111,SALEM,SELF FINANCING COLLEGES TIER 3,EE,ELECTRICAL AND ELECTRONICS ENGINEERING,93.5,,,,,,,1,0,0,0,0,0,0
2341,Ganesh College of Engineering  Attur Main Road  Mettupatti  Salem District 636111,SALEM,SELF FINANCING COLLEGES TIER 3,IT,INFORMATION TECHNOLOGY,86.0,,,,,,,1,0,0,0,0,0,0
2341,Ganesh College of Engineering  Attur Main Road  Mettupatti  Salem District 636111,SALEM,SELF FINANCING COLLEGES TIER 3,ME,MECHANICAL ENGINEERING,82.0,,,,,,,1,0,0,0,0,0,0
2342,Sri Ranganathar Institute of Engineering and Technology  Thudialur-Kovilpalay Road  Coimbatore District 641110,COIMBATORE,SELF FINANCING COLLEGES TIER 3,AD,ARTIFICIAL INTELLIGENCE AND DATA SCIENCE,141.0,130.0,108.0,109.5,115.5,,,0,0,0,0,0,0,0
2342,Sri Ranganathar Institute of Engineering and Technology  Thudialur-Kovilpalay Road  Coimbatore District 641110,COIMBATORE,SELF FINANCING COLLEGES TIER 3,CE,CIVIL  ENGINEERING,92.0,,,,,,,0,0,0,0,0,0,0
2342,Sri Ranganathar Institute of Engineering and Technology  Thudialur-Kovilpalay Road  Coimbatore District 641110,COIMBATORE,SELF FINANCING COLLEGES TIER 3,CS,COMPUTER SCIENCE AND ENGINEERING,133.0,109.0,117.5,86.0,89.5,101.0,99.0,0,0,0,1,0,0,0
2342,Sri Ranganathar Institute of Engineering and Technology  Thudialur-Kovilpalay Road  Coimbatore District 641110,COIMBATORE,SELF FINANCING COLLEGES TIER 3,EC,ELECTRONICS AND COMMUNICATION ENGINEERING,121.0,83.0,116.0,87.0,81.0,99.5,,0,1,1,1,0,0,0
2342,Sri Ranganathar Institute of Engineering and Technology  Thudialur-Kovilpalay Road  Coimbatore District 641110,COIMBATORE,SELF FINANCING COLLEGES TIER 3,EE,ELECTRICAL AND ELECTRONICS ENGINEERING,115.5,,,93.5,97.0,,,0,0,0,1,0,0,0
2342,Sri Ranganathar Institute of Engineering and Technology  Thudialur-Kovilpalay Road  Coimbatore District 641110,COIMBATORE,SELF FINANCING COLLEGES TIER 3,IT,INFORMATION TECHNOLOGY,135.0,112.0,110.5,97.0,109.5,120.0,,0,0,0,0,0,0,0
2342,Sri Ranganathar Institute of Engineering and Technology  Thudialur-Kovilpalay Road  Coimbatore District 641110,COIMBATORE,SELF FINANCING COLLEGES TIER 3,ME,MECHANICAL ENGINEERING,101.5,91.0,,89.5,92.5,,,0,1,0,1,1,0,0
2345,Dhirajlal Gandhi College of Technology  Sikkanampatty  (Opp. to Airport)  Omalur Taluk  Salem District 636309,SALEM,SELF FINANCING COLLEGES TIER 3,AD,ARTIFICIAL INTELLIGENCE AND DATA SCIENCE,143.5,121.5,129.0,129.0,96.5,,,0,0,0,0,1,0,0
2345,Dhirajlal Gandhi College of Technology  Sikkanampatty  (Opp. to Airport)  Omalur Taluk  Salem District 636309,SALEM,SELF FINANCING COLLEGES TIER 3,AG,AGRICULTURAL ENGINEERING,101.0,,,,,,,1,0,0,0,0,0,0
2345,Dhirajlal Gandhi College of Technology  Sikkanampatty  (Opp. to Airport)  Omalur Taluk  Salem District 636309,SALEM,SELF FINANCING COLLEGES TIER 3,CE,CIVIL  ENGINEERING,116.0,99.0,108.0,89.5,,,,0,1,0,1,0,0,0
2345,Dhirajlal Gandhi College of Technology  Sikkanampatty  (Opp. to Airport)  Omalur Taluk  Salem District 636309,SALEM,SELF FINANCING COLLEGES TIER 3,CS,COMPUTER SCIENCE AND ENGINEERING,138.0,96.5,126.5,118.0,91.0,129.0,,0,0,0,0,1,1,0
2345,Dhirajlal Gandhi College of Technology  Sikkanampatty  (Opp. to Airport)  Omalur Taluk  Salem District 636309,SALEM,SELF FINANCING COLLEGES TIER 3,EC,ELECTRONICS AND COMMUNICATION ENGINEERING,130.5,96.0,99.0,113.5,91.0,,116.5,0,1,1,0,1,0,0
2345,Dhirajlal Gandhi College of Technology  Sikkanampatty  (Opp. to Airport)  Omalur Taluk  Salem District 636309,SALEM,SELF FINANCING COLLEGES TIER 3,EE,ELECTRICAL AND ELECTRONICS ENGINEERING,110.0,105.5,96.5,90.0,92.0,,,0,1,1,1,1,0,0
2345,Dhirajlal Gandhi College of Technology  Sikkanampatty  (Opp. to Airport)  Omalur Taluk  Salem District 636309,SALEM,SELF FINANCING COLLEGES TIER 3,IT,INFORMATION TECHNOLOGY,129.5,108.5,93.5,123.5,95.0,,,0,0,0,0,1,0,0
2345,Dhirajlal Gandhi College of Technology  Sikkanampatty  (Opp. to Airport)  Omalur Taluk  Salem District 636309,SALEM,SELF FINANCING COLLEGES TIER 3,ME,MECHANICAL ENGINEERING,93.0,88.5,,86.0,,,,0,1,0,1,0,0,0
2345,Dhirajlal Gandhi College of Technology  Sikkanampatty  (Opp. to Airport)  Omalur Taluk  Salem District 636309,SALEM,SELF FINANCING COLLEGES TIER 3,RM,ROBOTICS AND AUTOMATION,110.5,110.0,104.5,92.0,,,,0,1,0,1,0,0,0
2346,Shree Sathyam College of Engineering and Technology  NH-47  Manjakkalpatti  Kuppanur Post  Sankari Taluk  Salem District 637301,SALEM,SELF FINANCING COLLEGES TIER 3,AD,ARTIFICIAL INTELLIGENCE AND DATA SCIENCE,104.5,,,100.0,,,,0,0,0,1,0,0,0
2346,Shree Sathyam College of Engineering and Technology  NH-47  Manjakkalpatti  Kuppanur Post  Sankari Taluk  Salem District 637301,SALEM,SELF FINANCING COLLEGES TIER 3,CE,CIVIL  ENGINEERING,89.5,,,,,,,1,0,0,0,0,0,0
2346,Shree Sathyam College of Engineering and Technology  NH-47  Manjakkalpatti  Kuppanur Post  Sankari Taluk  Salem District 637301,SALEM,SELF FINANCING COLLEGES TIER 3,CS,COMPUTER SCIENCE AND ENGINEERING,125.5,96.0,,115.5,,,,0,1,0,1,0,0,0
2346,Shree Sathyam College of Engineering and Technology  NH-47  Manjakkalpatti  Kuppanur Post  Sankari Taluk  Salem District 637301,SALEM,SELF FINANCING COLLEGES TIER 3,EC,ELECTRONICS AND COMMUNICATION ENGINEERING,115.0,106.5,,98.5,,,,0,1,0,0,0,0,0
2346,Shree Sathyam College of Engineering and Technology  NH-47  Manjakkalpatti  Kuppanur Post  Sankari Taluk  Salem District 637301,SALEM,SELF FINANCING COLLEGES TIER 3,EE,ELECTRICAL AND ELECTRONICS ENGINEERING,88.0,,,,,,,1,0,0,0,0,0,0
2346,Shree Sathyam College of Engineering and Technology  NH-47  Manjakkalpatti  Kuppanur Post  Sankari Taluk  Salem District 637301,SALEM,SELF FINANCING COLLEGES TIER 3,ME,MECHANICAL ENGINEERING,101.0,,,,,,,1,0,0,0,0,0,0
2347,AVS College of Technology  Attur Main Road  Near AVS College of Arts & Science  Chinnagoundapuram  Salem District 636106,SALEM,SELF FINANCING COLLEGES TIER 3,AG,AGRICULTURAL ENGINEERING,119.0,88.0,,94.0,,,,0,1,0,1,0,0,0
2347,AVS College of Technology  Attur Main Road  Near AVS College of Arts & Science  Chinnagoundapuram  Salem District 636106,SALEM,SELF FINANCING COLLEGES TIER 3,CS,COMPUTER SCIENCE AND ENGINEERING,130.0,110.0,121.0,102.5,105.0,105.0,,0,1,1,0,1,1,0
2347,AVS College of Technology  Attur Main Road  Near AVS College of Arts & Science  Chinnagoundapuram  Salem District 636106,SALEM,SELF FINANCING COLLEGES TIER 3,EC,ELECTRONICS AND COMMUNICATION ENGINEERING,120.0,91.0,,101.0,92.0,,,0,1,0,0,1,0,0
2347,AVS College of Technology  Attur Main Road  Near AVS College of Arts & Science  Chinnagoundapuram  Salem District 636106,SALEM,SELF FINANCING COLLEGES TIER 3,EE,ELECTRICAL AND ELECTRONICS ENGINEERING,103.5,,86.0,92.0,81.5,,,0,0,1,1,1,0,0
2347,AVS College of Technology  Attur Main Road  Near AVS College of Arts & Science  Chinnagoundapuram  Salem District 636106,SALEM,SELF FINANCING COLLEGES TIER 3,IT,INFORMATION TECHNOLOGY,128.0,85.0,,92.0,113.5,,,0,0,0,0,1,0,0
2347,AVS College of Technology  Attur Main Road  Near AVS College of Arts & Science  Chinnagoundapuram  Salem District 636106,SALEM,SELF FINANCING COLLEGES TIER 3,ME,MECHANICAL ENGINEERING,91.5,84.0,,89.0,,,,0,1,0,1,0,0,0
2349,Dhaanish Ahmed Institute of Technology  Pichanur Post  (Near K G Chavadi)  Coimbatore District 641105,COIMBATORE,SELF FINANCING COLLEGES TIER 3,AD,ARTIFICIAL INTELLIGENCE AND DATA SCIENCE,135.0,110.0,132.0,106.5,100.0,,,0,1,0,1,1,0,0
2349,Dhaanish Ahmed Institute of Technology  Pichanur Post  (Near K G Chavadi)  Coimbatore District 641105,COIMBATORE,SELF FINANCING COLLEGES TIER 3,BM,BIO MEDICAL ENGINEERING,110.5,95.0,,95.0,104.0,,,0,1,0,1,1,0,0
2349,Dhaanish Ahmed Institute of Technology  Pichanur Post  (Near K G Chavadi)  Coimbatore District 641105,COIMBATORE,SELF FINANCING COLLEGES TIER 3,CS,COMPUTER SCIENCE AND ENGINEERING,130.5,99.5,,107.5,111.5,,,0,1,0,1,1,0,0
2349,Dhaanish Ahmed Institute of Technology  Pichanur Post  (Near K G Chavadi)  Coimbatore District 641105,COIMBATORE,SELF FINANCING COLLEGES TIER 3,FD,FOOD TECHNOLOGY,92.0,,,,,,,1,0,0,0,0,0,0
2349,Dhaanish Ahmed Institute of Technology  Pichanur Post  (Near K G Chavadi)  Coimbatore District 641105,COIMBATORE,SELF FINANCING COLLEGES TIER 3,RM,ROBOTICS AND AUTOMATION,93.0,92.5,82.0,,,,,0,1,1,0,0,0,0
2350,Jairupaa College of Engineering  Thottiapalayam  Kathankanni Post  Kangayam  Tiruppur District 641 604,TIRUPPUR,SELF FINANCING COLLEGES TIER 3,CE,CIVIL  ENGINEERING,,,,,,,,0,0,0,0,0,0,0
2350,Jairupaa College of Engineering  Thottiapalayam  Kathankanni Post  Kangayam  Tiruppur District 641 604,TIRUPPUR,SELF FINANCING COLLEGES TIER 3,CS,COMPUTER SCIENCE AND ENGINEERING,,,,,,,,0,0,0,0,0,0,0
2350,Jairupaa College of Engineering  Thottiapalayam  Kathankanni Post  Kangayam  Tiruppur District 641 604,TIRUPPUR,SELF FINANCING COLLEGES TIER 3,EC,ELECTRONICS AND COMMUNICATION ENGINEERING,,,,,,,,0,0,0,0,0,0,0
2350,Jairupaa College of Engineering  Thottiapalayam  Kathankanni Post  Kangayam  Tiruppur District 641 604,TIRUPPUR,SELF FINANCING COLLEGES TIER 3,EE,ELECTRICAL AND ELECTRONICS ENGINEERING,,,,,,,,0,0,0,0,0,0,0
2350,Jairupaa College of Engineering  Thottiapalayam  Kathankanni Post  Kangayam  Tiruppur District 641 604,TIRUPPUR,SELF FINANCING COLLEGES TIER 3,ME,MECHANICAL ENGINEERING,,,,,,,,0,0,0,0,0,0,0
2354,Pollachi Institute of Engineering and Technology  Main Road  Poosaripatti  Pollachi Taluk  Coimbatore District 642205,COIMBATORE,SELF FINANCING COLLEGES TIER 3,AD,ARTIFICIAL INTELLIGENCE AND DATA SCIENCE,125.5,110.0,112.5,104.5,90.5,121.5,,0,1,0,1,0,0,0
2354,Pollachi Institute of Engineering and Technology  Main Road  Poosaripatti  Pollachi Taluk  Coimbatore District 642205,COIMBATORE,SELF FINANCING COLLEGES TIER 3,CE,CIVIL  ENGINEERING,99.0,,,91.5,99.0,,,0,0,0,1,1,0,0
2354,Pollachi Institute of Engineering and Technology  Main Road  Poosaripatti  Pollachi Taluk  Coimbatore District 642205,COIMBATORE,SELF FINANCING COLLEGES TIER 3,CS,COMPUTER SCIENCE AND ENGINEERING,128.0,104.0,88.5,98.5,95.5,95.0,,0,1,1,1,0,0,0
2354,Pollachi Institute of Engineering and Technology  Main Road  Poosaripatti  Pollachi Taluk  Coimbatore District 642205,COIMBATORE,SELF FINANCING COLLEGES TIER 3,EC,ELECTRONICS AND COMMUNICATION ENGINEERING,123.0,109.0,,102.0,87.5,90.0,,0,1,0,1,0,0,0
2354,Pollachi Institute of Engineering and Technology  Main Road  Poosaripatti  Pollachi Taluk  Coimbatore District 642205,COIMBATORE,SELF FINANCING COLLEGES TIER 3,EE,ELECTRICAL AND ELECTRONICS ENGINEERING,101.0,,,,,,,0,0,0,0,0,0,0
2354,Pollachi Institute of Engineering and Technology  Main Road  Poosaripatti  Pollachi Taluk  Coimbatore District 642205,COIMBATORE,SELF FINANCING COLLEGES TIER 3,ME,MECHANICAL ENGINEERING,88.0,85.0,,,,,,0,1,0,0,0,0,0
2356,Arulmurugan College of Engineering  Karvazhi Road  Thennilai Post  Karur District 639206,KARUR,SELF FINANCING COLLEGES TIER 3,AD,ARTIFICIAL INTELLIGENCE AND DATA SCIENCE,91.0,,,,,,,1,0,0,0,0,0,0
2356,Arulmurugan College of Engineering  Karvazhi Road  Thennilai Post  Karur District 639206,KARUR,SELF FINANCING COLLEGES TIER 3,CE,CIVIL  ENGINEERING,,,,,,,,0,0,0,0,0,0,0
2356,Arulmurugan College of Engineering  Karvazhi Road  Thennilai Post  Karur District 639206,KARUR,SELF FINANCING COLLEGES TIER 3,CS,COMPUTER SCIENCE AND ENGINEERING,109.5,98.5,,82.0,,,,0,1,0,1,0,0,0
2356,Arulmurugan College of Engineering  Karvazhi Road  Thennilai Post  Karur District 639206,KARUR,SELF FINANCING COLLEGES TIER 3,EC,ELECTRONICS AND COMMUNICATION ENGINEERING,,,,,,,,0,0,0,0,0,0,0
2356,Arulmurugan College of Engineering  Karvazhi Road  Thennilai Post  Karur District 639206,KARUR,SELF FINANCING COLLEGES TIER 3,EE,ELECTRICAL AND ELECTRONICS ENGINEERING,96.0,,,,,,,1,0,0,0,0,0,0
2356,Arulmurugan College of Engineering  Karvazhi Road  Thennilai Post  Karur District 639206,KARUR,SELF FINANCING COLLEGES TIER 3,ME,MECHANICAL ENGINEERING,101.0,,,,,,,1,0,0,0,0,0,0
2357,V S B College of Engineering Technical Campus  Ealur Pirivu  Solavampalayam Post  Coimbatore District 642109,COIMBATORE,SELF FINANCING COLLEGES TIER 3,AD,ARTIFICIAL INTELLIGENCE AND DATA SCIENCE,145.0,129.5,126.0,114.0,96.5,138.0,,0,0,0,0,1,1,0
2357,V S B College of Engineering Technical Campus  Ealur Pirivu  Solavampalayam Post  Coimbatore District 642109,COIMBATORE,SELF FINANCING COLLEGES TIER 3,AG,AGRICULTURAL ENGINEERING,119.5,89.0,111.5,98.5,84.5,,,0,1,0,1,0,0,0
2357,V S B College of Engineering Technical Campus  Ealur Pirivu  Solavampalayam Post  Coimbatore District 642109,COIMBATORE,SELF FINANCING COLLEGES TIER 3,CE,CIVIL  ENGINEERING,103.0,,95.5,,,,,0,0,0,0,0,0,0
2357,V S B College of Engineering Technical Campus  Ealur Pirivu  Solavampalayam Post  Coimbatore District 642109,COIMBATORE,SELF FINANCING COLLEGES TIER 3,CS,COMPUTER SCIENCE AND ENGINEERING,143.0,122.5,95.5,98.5,98.0,111.0,,0,0,1,0,1,1,0
2357,V S B College of Engineering Technical Campus  Ealur Pirivu  Solavampalayam Post  Coimbatore District 642109,COIMBATORE,SELF FINANCING COLLEGES TIER 3,EC,ELECTRONICS AND COMMUNICATION ENGINEERING,134.0,109.0,,80.0,120.0,,,0,0,0,1,1,0,0
2357,V S B College of Engineering Technical Campus  Ealur Pirivu  Solavampalayam Post  Coimbatore District 642109,COIMBATORE,SELF FINANCING COLLEGES TIER 3,EE,ELECTRICAL AND ELECTRONICS ENGINEERING,120.999999999999,105.5,,,95.5,,,0,0,0,0,0,0,0
2357,V S B College of Engineering Technical Campus  Ealur Pirivu  Solavampalayam Post  Coimbatore District 642109,COIMBATORE,SELF FINANCING COLLEGES TIER 3,IT,INFORMATION TECHNOLOGY,148.5,132.185,110.5,127.5,92.0,,,0,0,1,0,1,0,0
2357,V S B College of Engineering Technical Campus  Ealur Pirivu  Solavampalayam Post  Coimbatore District 642109,COIMBATORE,SELF FINANCING COLLEGES TIER 3,ME,MECHANICAL ENGINEERING,119.0,101.0,,83.5,89.0,89.5,,0,0,0,1,1,0,0
2360,Suguna College of Engineering  Kalappatti Road  Civil Aerodrome Post  Coimbatore District 641014,COIMBATORE,SELF FINANCING COLLEGES TIER 3,AD,ARTIFICIAL INTELLIGENCE AND DATA SCIENCE,131.0,108.5,126.0,109.0,109.5,112.5,,0,0,0,0,0,0,0
2360,Suguna College of Engineering  Kalappatti Road  Civil Aerodrome Post  Coimbatore District 641014,COIMBATORE,SELF FINANCING COLLEGES TIER 3,AG,AGRICULTURAL ENGINEERING,93.0,81.5,,,,,,0,1,0,0,0,0,0
2360,Suguna College of Engineering  Kalappatti Road  Civil Aerodrome Post  Coimbatore District 641014,COIMBATORE,SELF FINANCING COLLEGES TIER 3,CS,COMPUTER SCIENCE AND ENGINEERING,135.5,118.0,119.0,109.5,122.5,96.0,,0,0,0,0,0,0,0
2360,Suguna College of Engineering  Kalappatti Road  Civil Aerodrome Post  Coimbatore District 641014,COIMBATORE,SELF FINANCING COLLEGES TIER 3,EC,ELECTRONICS AND COMMUNICATION ENGINEERING,124.0,102.0,,108.5,101.5,86.0,,0,0,0,0,0,1,0
2360,Suguna College of Engineering  Kalappatti Road  Civil Aerodrome Post  Coimbatore District 641014,COIMBATORE,SELF FINANCING COLLEGES TIER 3,IT,INFORMATION TECHNOLOGY,142.0,120.0,105.0,108.5,110.5,,,0,0,0,0,0,0,0
2360,Suguna College of Engineering  Kalappatti Road  Civil Aerodrome Post  Coimbatore District 641014,COIMBATORE,SELF FINANCING COLLEGES TIER 3,ME,MECHANICAL ENGINEERING,101.5,,,89.0,99.5,,,0,0,0,1,1,0,0
2360,Suguna College of Engineering  Kalappatti Road  Civil Aerodrome Post  Coimbatore District 641014,COIMBATORE,SELF FINANCING COLLEGES TIER 3,MZ,Mechatronics Engineering,110.5,89.0,,88.5,90.0,,,0,1,0,1,0,0,0
2367,Arjun College of Technology  Chettiyakkapalayam  Kinathukadavu  Coimbatore District 642120,COIMBATORE,SELF FINANCING COLLEGES TIER 3,AD,ARTIFICIAL INTELLIGENCE AND DATA SCIENCE,123.5,88.0,117.0,100.5,91.5,106.0,,0,1,1,1,1,0,0
2367,Arjun College of Technology  Chettiyakkapalayam  Kinathukadavu  Coimbatore District 642120,COIMBATORE,SELF FINANCING COLLEGES TIER 3,CB,COMPUTER SCIENCE AND BUSSINESS SYSTEM,84.5,,,,,,,1,0,0,0,0,0,0
2367,Arjun College of Technology  Chettiyakkapalayam  Kinathukadavu  Coimbatore District 642120,COIMBATORE,SELF FINANCING COLLEGES TIER 3,CE,CIVIL  ENGINEERING,110.5,,,,,,,1,0,0,0,0,0,0
2367,Arjun College of Technology  Chettiyakkapalayam  Kinathukadavu  Coimbatore District 642120,COIMBATORE,SELF FINANCING COLLEGES TIER 3,CS,COMPUTER SCIENCE AND ENGINEERING,116.5,105.0,,82.0,99.5,,,0,1,0,1,1,0,0
2367,Arjun College of Technology  Chettiyakkapalayam  Kinathukadavu  Coimbatore District 642120,COIMBATORE,SELF FINANCING COLLEGES TIER 3,EC,ELECTRONICS AND COMMUNICATION ENGINEERING,125.0,108.0,,94.5,113.0,,,0,1,0,0,1,0,0
2367,Arjun College of Technology  Chettiyakkapalayam  Kinathukadavu  Coimbatore District 642120,COIMBATORE,SELF FINANCING COLLEGES TIER 3,IT,INFORMATION TECHNOLOGY,114.5,87.5,,94.0,98.5,,,0,1,0,1,1,0,0
2367,Arjun College of Technology  Chettiyakkapalayam  Kinathukadavu  Coimbatore District 642120,COIMBATORE,SELF FINANCING COLLEGES TIER 3,ME,MECHANICAL ENGINEERING,93.0,,,,,,,0,0,0,0,0,0,0
2368,Vishnu Lakshmi College of Engineering and Technology  Vellalore Post  Coimbatore District 641111,COIMBATORE,SELF FINANCING COLLEGES TIER 3,CE,CIVIL  ENGINEERING,,,,,,,,0,0,0,0,0,0,0
2368,Vishnu Lakshmi College of Engineering and Technology  Vellalore Post  Coimbatore District 641111,COIMBATORE,SELF FINANCING COLLEGES TIER 3,CS,COMPUTER SCIENCE AND ENGINEERING,96.0,,,,,,,1,0,0,0,0,0,0
2368,Vishnu Lakshmi College of Engineering and Technology  Vellalore Post  Coimbatore District 641111,COIMBATORE,SELF FINANCING COLLEGES TIER 3,EC,ELECTRONICS AND COMMUNICATION ENGINEERING,,,,,,,,0,0,0,0,0,0,0
2368,Vishnu Lakshmi College of Engineering and Technology  Vellalore Post  Coimbatore District 641111,COIMBATORE,SELF FINANCING COLLEGES TIER 3,EE,ELECTRICAL AND ELECTRONICS ENGINEERING,,,,,,,,0,0,0,0,0,0,0
2368,Vishnu Lakshmi College of Engineering and Technology  Vellalore Post  Coimbatore District 641111,COIMBATORE,SELF FINANCING COLLEGES TIER 3,ME,MECHANICAL ENGINEERING,,,,,,,,0,0,0,0,0,0,0
2377,PSG Institute of Technology and Applied Research  Avinashi Road  Neelambur  Coimbatore 641062,COIMBATORE,SELF FINANCING COLLEGES TIER 1,AD,ARTIFICIAL INTELLIGENCE AND DATA SCIENCE,196.0,195.0,195.0,192.5,178.5,172.0,161.5,0,0,0,0,0,0,0
2377,PSG Institute of Technology and Applied Research  Avinashi Road  Neelambur  Coimbatore 641062,COIMBATORE,SELF FINANCING COLLEGES TIER 1,CB,COMPUTER SCIENCE AND BUSSINESS SYSTEM,193.5,192.0,189.0,190.0,170.5,160.5,,0,0,0,0,0,0,0
2377,PSG Institute of Technology and Applied Research  Avinashi Road  Neelambur  Coimbatore 641062,COIMBATORE,SELF FINANCING COLLEGES TIER 1,CE,CIVIL  ENGINEERING,177.5,170.5,170.0,165.5,152.5,149.0,,0,0,0,0,0,0,0
2377,PSG Institute of Technology and Applied Research  Avinashi Road  Neelambur  Coimbatore 641062,COIMBATORE,SELF FINANCING COLLEGES TIER 1,CS,COMPUTER SCIENCE AND ENGINEERING,197.0,196.5,193.0,193.5,178.5,183.0,,0,0,0,0,0,0,0
2377,PSG Institute of Technology and Applied Research  Avinashi Road  Neelambur  Coimbatore 641062,COIMBATORE,SELF FINANCING COLLEGES TIER 1,EC,ELECTRONICS AND COMMUNICATION ENGINEERING,194.5,193.0,194.0,190.0,168.5,154.0,,0,0,0,0,0,0,0
2377,PSG Institute of Technology and Applied Research  Avinashi Road  Neelambur  Coimbatore 641062,COIMBATORE,SELF FINANCING COLLEGES TIER 1,EE,ELECTRICAL AND ELECTRONICS ENGINEERING,191.0,189.5,190.0,189.0,167.5,154.0,153.5,0,0,0,0,0,0,0
2377,PSG Institute of Technology and Applied Research  Avinashi Road  Neelambur  Coimbatore 641062,COIMBATORE,SELF FINANCING COLLEGES TIER 1,ME,MECHANICAL ENGINEERING,185.0,178.5,178.0,170.0,159.5,,,0,0,0,0,0,0,0
2378,"Cherraan College of Technology, Cheran Nagar, Thittuparai, Kangeyam, Tirupur District 638 701",TIRUPPUR,SELF FINANCING COLLEGES TIER 3,CS,COMPUTER SCIENCE AND ENGINEERING,,,,,,,,0,0,0,0,0,0,0
2378,"Cherraan College of Technology, Cheran Nagar, Thittuparai, Kangeyam, Tirupur District 638 701",TIRUPPUR,SELF FINANCING COLLEGES TIER 3,EC,ELECTRONICS AND COMMUNICATION ENGINEERING,,,,,,,,0,0,0,0,0,0,0
2378,"Cherraan College of Technology, Cheran Nagar, Thittuparai, Kangeyam, Tirupur District 638 701",TIRUPPUR,SELF FINANCING COLLEGES TIER 3,ME,MECHANICAL ENGINEERING,,,,,,,,0,0,0,0,0,0,0
2378,"Cherraan College of Technology, Cheran Nagar, Thittuparai, Kangeyam, Tirupur District 638 701",TIRUPPUR,SELF FINANCING COLLEGES TIER 3,SC,Computer Science and Engineering (Cyber Security),,,,,,,,0,0,0,0,0,0,0
2601,Adhiyamaan  College of Engineering (Autonomous)  Hosur  Krishnagiri District 635109,KRISHNAGIRI,SELF FINANCING COLLEGES TIER 3,AD,ARTIFICIAL INTELLIGENCE AND DATA SCIENCE,152.0,141.0,142.0,135.5,129.0,,,0,0,0,0,0,0,0
2601,Adhiyamaan  College of Engineering (Autonomous)  Hosur  Krishnagiri District 635109,KRISHNAGIRI,SELF FINANCING COLLEGES TIER 3,AE,AERONAUTICAL ENGINEERING,87.0,,,,,,,1,0,0,0,0,0,0
2601,Adhiyamaan  College of Engineering (Autonomous)  Hosur  Krishnagiri District 635109,KRISHNAGIRI,SELF FINANCING COLLEGES TIER 3,BM,BIO MEDICAL ENGINEERING,112.5,88.0,,90.5,,,,0,1,0,1,0,0,0
2601,Adhiyamaan  College of Engineering (Autonomous)  Hosur  Krishnagiri District 635109,KRISHNAGIRI,SELF FINANCING COLLEGES TIER 3,BT,BIO TECHNOLOGY,134.5,102.0,125.0,87.5,106.5,,,0,1,0,1,1,0,0
2601,Adhiyamaan  College of Engineering (Autonomous)  Hosur  Krishnagiri District 635109,KRISHNAGIRI,SELF FINANCING COLLEGES TIER 3,CE,CIVIL  ENGINEERING,89.5,,,,,,,1,0,0,0,0,0,0
2601,Adhiyamaan  College of Engineering (Autonomous)  Hosur  Krishnagiri District 635109,KRISHNAGIRI,SELF FINANCING COLLEGES TIER 3,CH,CHEMICAL  ENGINEERING,115.5,,,112.0,88.0,,,0,0,0,1,1,0,0
2601,Adhiyamaan  College of Engineering (Autonomous)  Hosur  Krishnagiri District 635109,KRISHNAGIRI,SELF FINANCING COLLEGES TIER 3,CS,COMPUTER SCIENCE AND ENGINEERING,152.0,135.5,132.0,138.0,105.5,,,0,0,0,0,0,0,0
2601,Adhiyamaan  College of Engineering (Autonomous)  Hosur  Krishnagiri District 635109,KRISHNAGIRI,SELF FINANCING COLLEGES TIER 3,EC,ELECTRONICS AND COMMUNICATION ENGINEERING,140.0,130.5,118.5,129.0,98.0,122.5,,0,0,0,0,1,1,0
2601,Adhiyamaan  College of Engineering (Autonomous)  Hosur  Krishnagiri District 635109,KRISHNAGIRI,SELF FINANCING COLLEGES TIER 3,EE,ELECTRICAL AND ELECTRONICS ENGINEERING,128.5,101.5,,117.5,,,,0,0,0,0,0,0,0
2601,Adhiyamaan  College of Engineering (Autonomous)  Hosur  Krishnagiri District 635109,KRISHNAGIRI,SELF FINANCING COLLEGES TIER 3,IT,INFORMATION TECHNOLOGY,159.5,139.0,125.0,142.0,123.5,,,0,0,0,0,0,0,0
2601,Adhiyamaan  College of Engineering (Autonomous)  Hosur  Krishnagiri District 635109,KRISHNAGIRI,SELF FINANCING COLLEGES TIER 3,ME,MECHANICAL ENGINEERING,116.0,94.75,,92.0,94.5,,,0,1,0,1,0,0,0
2602,Annai Mathammal Sheela Engineering College  Erumapatty Post  Namakkal District 637013,NAMAKKAL,SELF FINANCING COLLEGES TIER 3,AD,ARTIFICIAL INTELLIGENCE AND DATA SCIENCE,,,,,,,,0,0,0,0,0,0,0
2602,Annai Mathammal Sheela Engineering College  Erumapatty Post  Namakkal District 637013,NAMAKKAL,SELF FINANCING COLLEGES TIER 3,AG,AGRICULTURAL ENGINEERING,,,,,,,,0,0,0,0,0,0,0
2602,Annai Mathammal Sheela Engineering College  Erumapatty Post  Namakkal District 637013,NAMAKKAL,SELF FINANCING COLLEGES TIER 3,CS,COMPUTER SCIENCE AND ENGINEERING,93.0,,,,,,,1,0,0,0,0,0,0
2602,Annai Mathammal Sheela Engineering College  Erumapatty Post  Namakkal District 637013,NAMAKKAL,SELF FINANCING COLLEGES TIER 3,EC,ELECTRONICS AND COMMUNICATION ENGINEERING,97.5,,,,,,,1,0,0,0,0,0,0
2602,Annai Mathammal Sheela Engineering College  Erumapatty Post  Namakkal District 637013,NAMAKKAL,SELF FINANCING COLLEGES TIER 3,IT,INFORMATION TECHNOLOGY,128.5,,,,,,,1,0,0,0,0,0,0
2602,Annai Mathammal Sheela Engineering College  Erumapatty Post  Namakkal District 637013,NAMAKKAL,SELF FINANCING COLLEGES TIER 3,MD,MEDICAL ELECTRONICS ENGINEERING,121.0,,,,,,,1,0,0,0,0,0,0
2602,Annai Mathammal Sheela Engineering College  Erumapatty Post  Namakkal District 637013,NAMAKKAL,SELF FINANCING COLLEGES TIER 3,ME,MECHANICAL ENGINEERING,90.5,,,,,,,1,0,0,0,0,0,0
2602,Annai Mathammal Sheela Engineering College  Erumapatty Post  Namakkal District 637013,NAMAKKAL,SELF FINANCING COLLEGES TIER 3,RM,ROBOTICS AND AUTOMATION,,,,,,,,0,0,0,0,0,0,0
2607,K S Rangasamy College of Technology (Autonomous)  Tiruchengode  Namakkal District 637215,NAMAKKAL,SELF FINANCING COLLEGES TIER 3,AD,ARTIFICIAL INTELLIGENCE AND DATA SCIENCE,163.0,149.0,145.5,143.0,103.5,,,0,0,0,0,1,0,0
2607,K S Rangasamy College of Technology (Autonomous)  Tiruchengode  Namakkal District 637215,NAMAKKAL,SELF FINANCING COLLEGES TIER 3,AM,COMPUTER SCIENCE AND ENGINEERING (ARTIFICIAL INTELLIGENCE AND MACHINE LEARNING),156.5,142.0,136.5,135.0,103.0,,,0,0,0,0,1,0,0
2607,K S Rangasamy College of Technology (Autonomous)  Tiruchengode  Namakkal District 637215,NAMAKKAL,SELF FINANCING COLLEGES TIER 3,BT,BIO TECHNOLOGY,156.5,137.0,150.0,131.0,98.5,105.5,,0,0,0,0,1,0,0
2607,K S Rangasamy College of Technology (Autonomous)  Tiruchengode  Namakkal District 637215,NAMAKKAL,SELF FINANCING COLLEGES TIER 3,CB,COMPUTER SCIENCE AND BUSSINESS SYSTEM,147.0,141.0,112.0,131.5,102.0,,,0,0,0,0,1,0,0
2607,K S Rangasamy College of Technology (Autonomous)  Tiruchengode  Namakkal District 637215,NAMAKKAL,SELF FINANCING COLLEGES TIER 3,CE,CIVIL  ENGINEERING,136.5,121.0,,125.5,97.5,,,0,1,0,0,0,0,0
2607,K S Rangasamy College of Technology (Autonomous)  Tiruchengode  Namakkal District 637215,NAMAKKAL,SELF FINANCING COLLEGES TIER 3,CS,COMPUTER SCIENCE AND ENGINEERING,162.0,147.0,144.5,137.0,110.5,148.5,,0,0,0,0,1,1,0
2607,K S Rangasamy College of Technology (Autonomous)  Tiruchengode  Namakkal District 637215,NAMAKKAL,SELF FINANCING COLLEGES TIER 3,EC,ELECTRONICS AND COMMUNICATION ENGINEERING,151.5,141.0,126.0,137.0,99.0,110.0,,0,0,0,0,1,1,0
2607,K S Rangasamy College of Technology (Autonomous)  Tiruchengode  Namakkal District 637215,NAMAKKAL,SELF FINANCING COLLEGES TIER 3,EE,ELECTRICAL AND ELECTRONICS ENGINEERING,146.0,135.5,,135.5,,118.999999999999,,0,0,0,0,0,1,0
2607,K S Rangasamy College of Technology (Autonomous)  Tiruchengode  Namakkal District 637215,NAMAKKAL,SELF FINANCING COLLEGES TIER 3,EV,Electronics Engineering (VLSI design and Technology),140.5,133.0,,123.0,,,,0,0,0,0,0,0,0
2607,K S Rangasamy College of Technology (Autonomous)  Tiruchengode  Namakkal District 637215,NAMAKKAL,SELF FINANCING COLLEGES TIER 3,FD,FOOD TECHNOLOGY,136.0,111.5,95.5,113.0,105.5,126.5,,0,0,1,0,0,0,0
2607,K S Rangasamy College of Technology (Autonomous)  Tiruchengode  Namakkal District 637215,NAMAKKAL,SELF FINANCING COLLEGES TIER 3,IT,INFORMATION TECHNOLOGY,155.0,143.0,134.5,142.5,92.0,134.0,,0,0,0,0,1,0,0
2607,K S Rangasamy College of Technology (Autonomous)  Tiruchengode  Namakkal District 637215,NAMAKKAL,SELF FINANCING COLLEGES TIER 3,ME,MECHANICAL ENGINEERING,140.0,105.5,109.5,115.5,90.5,118.5,,0,0,0,0,1,1,0
2607,K S Rangasamy College of Technology (Autonomous)  Tiruchengode  Namakkal District 637215,NAMAKKAL,SELF FINANCING COLLEGES TIER 3,MZ,Mechatronics Engineering,128.5,103.0,122.0,103.0,,,,0,0,0,0,0,0,0
2607,K S Rangasamy College of Technology (Autonomous)  Tiruchengode  Namakkal District 637215,NAMAKKAL,SELF FINANCING COLLEGES TIER 3,TX,TEXTILE TECHNOLOGY,119.999999999999,83.5,83.0,110.0,,,,0,1,0,0,0,0,0
2608,M Kumarasamy College of Engineering (Autonomous)  Thalavapalayam  Karur District 639113,KARUR,SELF FINANCING COLLEGES TIER 3,AD,ARTIFICIAL INTELLIGENCE AND DATA SCIENCE,164.0,153.5,134.0,145.0,112.0,127.0,,0,0,0,0,1,1,0
2608,M Kumarasamy College of Engineering (Autonomous)  Thalavapalayam  Karur District 639113,KARUR,SELF FINANCING COLLEGES TIER 3,AM,COMPUTER SCIENCE AND ENGINEERING (ARTIFICIAL INTELLIGENCE AND MACHINE LEARNING),158.5,149.0,134.5,144.5,102.0,,,0,0,0,0,1,0,0
2608,M Kumarasamy College of Engineering (Autonomous)  Thalavapalayam  Karur District 639113,KARUR,SELF FINANCING COLLEGES TIER 3,CB,COMPUTER SCIENCE AND BUSSINESS SYSTEM,155.5,147.0,129.5,143.5,99.5,,,0,0,0,0,1,0,0
2608,M Kumarasamy College of Engineering (Autonomous)  Thalavapalayam  Karur District 639113,KARUR,SELF FINANCING COLLEGES TIER 3,CE,CIVIL  ENGINEERING,130.5,115.0,,103.5,,,,0,1,0,1,0,0,0
2608,M Kumarasamy College of Engineering (Autonomous)  Thalavapalayam  Karur District 639113,KARUR,SELF FINANCING COLLEGES TIER 3,CS,COMPUTER SCIENCE AND ENGINEERING,174.5,168.5,145.0,153.0,111.5,132.0,,0,0,0,0,0,0,0
2608,M Kumarasamy College of Engineering (Autonomous)  Thalavapalayam  Karur District 639113,KARUR,SELF FINANCING COLLEGES TIER 3,EC,ELECTRONICS AND COMMUNICATION ENGINEERING,160.0,148.0,131.0,141.5,91.5,109.5,,0,0,0,0,1,0,0
2608,M Kumarasamy College of Engineering (Autonomous)  Thalavapalayam  Karur District 639113,KARUR,SELF FINANCING COLLEGES TIER 3,EE,ELECTRICAL AND ELECTRONICS ENGINEERING,146.5,137.5,111.0,128.0,115.5,108.0,,0,0,1,0,1,0,0
2608,M Kumarasamy College of Engineering (Autonomous)  Thalavapalayam  Karur District 639113,KARUR,SELF FINANCING COLLEGES TIER 3,IT,INFORMATION TECHNOLOGY,165.0,155.5,141.5,147.5,105.0,115.5,,0,0,0,0,1,0,0
2608,M Kumarasamy College of Engineering (Autonomous)  Thalavapalayam  Karur District 639113,KARUR,SELF FINANCING COLLEGES TIER 3,ME,MECHANICAL ENGINEERING,127.0,97.5,114.5,105.0,,,,0,0,0,0,0,0,0
2609,Mahendra Engineering College (Autonomous)  Mahendhirapuri  Mallasamudram  Namakkal District 637503,NAMAKKAL,SELF FINANCING COLLEGES TIER 1,AD,ARTIFICIAL INTELLIGENCE AND DATA SCIENCE,151.0,139.0,127.5,139.0,127.5,126.0,,0,0,1,0,0,1,0
2609,Mahendra Engineering College (Autonomous)  Mahendhirapuri  Mallasamudram  Namakkal District 637503,NAMAKKAL,SELF FINANCING COLLEGES TIER 1,AE,AERONAUTICAL ENGINEERING,123.0,109.0,,89.0,101.0,108.0,,0,1,0,1,1,0,0
2609,Mahendra Engineering College (Autonomous)  Mahendhirapuri  Mallasamudram  Namakkal District 637503,NAMAKKAL,SELF FINANCING COLLEGES TIER 1,AG,AGRICULTURAL ENGINEERING,119.5,,,100.0,107.0,110.0,,0,0,0,0,1,0,0
2609,Mahendra Engineering College (Autonomous)  Mahendhirapuri  Mallasamudram  Namakkal District 637503,NAMAKKAL,SELF FINANCING COLLEGES TIER 1,AO,AEROSPACE ENGINEERING,124.0,109.5,113.5,95.0,85.0,85.0,,0,1,0,0,0,0,0
2609,Mahendra Engineering College (Autonomous)  Mahendhirapuri  Mallasamudram  Namakkal District 637503,NAMAKKAL,SELF FINANCING COLLEGES TIER 1,CE,CIVIL  ENGINEERING,92.5,,,85.0,,,,0,0,0,1,0,0,0
2609,Mahendra Engineering College (Autonomous)  Mahendhirapuri  Mallasamudram  Namakkal District 637503,NAMAKKAL,SELF FINANCING COLLEGES TIER 1,CH,CHEMICAL  ENGINEERING,111.5,87.5,,102.5,108.0,,,0,1,0,1,1,0,0
2609,Mahendra Engineering College (Autonomous)  Mahendhirapuri  Mallasamudram  Namakkal District 637503,NAMAKKAL,SELF FINANCING COLLEGES TIER 1,CS,COMPUTER SCIENCE AND ENGINEERING,145.5,128.0,118.0,130.0,100.0,105.5,130.0,0,0,1,0,0,1,0
2609,Mahendra Engineering College (Autonomous)  Mahendhirapuri  Mallasamudram  Namakkal District 637503,NAMAKKAL,SELF FINANCING COLLEGES TIER 1,CY,Cyber Security,131.0,94.5,105.5,122.0,102.0,,106.0,0,0,1,0,0,0,0
2609,Mahendra Engineering College (Autonomous)  Mahendhirapuri  Mallasamudram  Namakkal District 637503,NAMAKKAL,SELF FINANCING COLLEGES TIER 1,EC,ELECTRONICS AND COMMUNICATION ENGINEERING,133.5,109.5,108.5,121.5,93.0,,,0,0,1,0,1,0,0
2609,Mahendra Engineering College (Autonomous)  Mahendhirapuri  Mallasamudram  Namakkal District 637503,NAMAKKAL,SELF FINANCING COLLEGES TIER 1,EE,ELECTRICAL AND ELECTRONICS ENGINEERING,125.0,90.5,94.0,111.5,96.5,103.5,,0,1,1,0,1,1,0
2609,Mahendra Engineering College (Autonomous)  Mahendhirapuri  Mallasamudram  Namakkal District 637503,NAMAKKAL,SELF FINANCING COLLEGES TIER 1,FD,FOOD TECHNOLOGY,131.0,95.0,,87.0,82.0,115.0,,0,1,0,0,1,0,0
2609,Mahendra Engineering College (Autonomous)  Mahendhirapuri  Mallasamudram  Namakkal District 637503,NAMAKKAL,SELF FINANCING COLLEGES TIER 1,IT,INFORMATION TECHNOLOGY,143.5,121.0,116.0,132.5,99.0,112.0,,0,0,1,0,0,0,0
2609,Mahendra Engineering College (Autonomous)  Mahendhirapuri  Mallasamudram  Namakkal District 637503,NAMAKKAL,SELF FINANCING COLLEGES TIER 1,ME,MECHANICAL ENGINEERING,118.0,102.0,82.0,105.5,89.0,,,0,1,0,0,1,0,0
2609,Mahendra Engineering College (Autonomous)  Mahendhirapuri  Mallasamudram  Namakkal District 637503,NAMAKKAL,SELF FINANCING COLLEGES TIER 1,MZ,Mechatronics Engineering,118.0,91.0,,106.5,90.0,,,0,1,0,0,1,0,0
2609,Mahendra Engineering College (Autonomous)  Mahendhirapuri  Mallasamudram  Namakkal District 637503,NAMAKKAL,SELF FINANCING COLLEGES TIER 1,PH,PHARMACEUTICAL TECHNOLOGY,121.0,95.0,108.5,100.0,111.0,110.0,118.5,0,1,1,1,0,0,0
2610,Muthayammal Engineering College (Autonomous)  Rasipuram  Namakkal District 637408,NAMAKKAL,SELF FINANCING COLLEGES TIER 3,AD,ARTIFICIAL INTELLIGENCE AND DATA SCIENCE,147.0,119.5,,124.0,140.5,114.5,,0,0,0,0,1,1,0
2610,Muthayammal Engineering College (Autonomous)  Rasipuram  Namakkal District 637408,NAMAKKAL,SELF FINANCING COLLEGES TIER 3,AM,COMPUTER SCIENCE AND ENGINEERING (ARTIFICIAL INTELLIGENCE AND MACHINE LEARNING),125.0,100.5,,107.0,,,,0,1,0,0,0,0,0
2610,Muthayammal Engineering College (Autonomous)  Rasipuram  Namakkal District 637408,NAMAKKAL,SELF FINANCING COLLEGES TIER 3,BM,BIO MEDICAL ENGINEERING,114.5,90.0,,96.5,90.5,,,0,1,0,1,1,0,0
2610,Muthayammal Engineering College (Autonomous)  Rasipuram  Namakkal District 637408,NAMAKKAL,SELF FINANCING COLLEGES TIER 3,BT,BIO TECHNOLOGY,101.0,87.5,,89.0,,,,0,1,0,1,0,0,0
2610,Muthayammal Engineering College (Autonomous)  Rasipuram  Namakkal District 637408,NAMAKKAL,SELF FINANCING COLLEGES TIER 3,CB,COMPUTER SCIENCE AND BUSSINESS SYSTEM,110.0,100.0,,107.5,,,,0,1,0,1,0,0,0
2610,Muthayammal Engineering College (Autonomous)  Rasipuram  Namakkal District 637408,NAMAKKAL,SELF FINANCING COLLEGES TIER 3,CE,CIVIL  ENGINEERING,110.0,86.0,,89.0,,,,0,1,0,1,0,0,0
2610,Muthayammal Engineering College (Autonomous)  Rasipuram  Namakkal District 637408,NAMAKKAL,SELF FINANCING COLLEGES TIER 3,CS,COMPUTER SCIENCE AND ENGINEERING,146.5,123.0,94.5,122.5,101.5,112.5,128.5,0,0,1,0,1,1,0
2610,Muthayammal Engineering College (Autonomous)  Rasipuram  Namakkal District 637408,NAMAKKAL,SELF FINANCING COLLEGES TIER 3,EC,ELECTRONICS AND COMMUNICATION ENGINEERING,139.5,105.0,95.0,95.5,96.5,99.0,,0,0,1,0,1,1,0
2610,Muthayammal Engineering College (Autonomous)  Rasipuram  Namakkal District 637408,NAMAKKAL,SELF FINANCING COLLEGES TIER 3,EE,ELECTRICAL AND ELECTRONICS ENGINEERING,117.5,100.5,,84.0,93.5,103.0,114.5,0,1,0,1,1,0,0
2610,Muthayammal Engineering College (Autonomous)  Rasipuram  Namakkal District 637408,NAMAKKAL,SELF FINANCING COLLEGES TIER 3,EV,Electronics Engineering (VLSI design and Technology),103.0,98.0,,99.5,,,,0,1,0,1,0,0,0
2610,Muthayammal Engineering College (Autonomous)  Rasipuram  Namakkal District 637408,NAMAKKAL,SELF FINANCING COLLEGES TIER 3,IT,INFORMATION TECHNOLOGY,137.0,117.0,111.0,117.0,99.0,119.0,,0,0,1,0,1,0,0
2610,Muthayammal Engineering College (Autonomous)  Rasipuram  Namakkal District 637408,NAMAKKAL,SELF FINANCING COLLEGES TIER 3,ME,MECHANICAL ENGINEERING,97.5,87.0,,87.0,89.5,,,0,1,0,1,1,0,0
2610,Muthayammal Engineering College (Autonomous)  Rasipuram  Namakkal District 637408,NAMAKKAL,SELF FINANCING COLLEGES TIER 3,MZ,Mechatronics Engineering,111.0,94.5,,93.0,,,,0,1,0,1,0,0,0
2610,Muthayammal Engineering College (Autonomous)  Rasipuram  Namakkal District 637408,NAMAKKAL,SELF FINANCING COLLEGES TIER 3,SC,Computer Science and Engineering (Cyber Security),131.5,111.0,,116.0,107.5,,,0,0,0,0,1,0,0
2611,Paavai Engineering College (Autonomous)   NH-7  Pachal Post  Namakkal District 637018,NAMAKKAL,SELF FINANCING COLLEGES TIER 2,AD,ARTIFICIAL INTELLIGENCE AND DATA SCIENCE,162.5,143.0,131.0,155.5,141.0,151.5,,0,0,0,0,0,0,0
2611,Paavai Engineering College (Autonomous)   NH-7  Pachal Post  Namakkal District 637018,NAMAKKAL,SELF FINANCING COLLEGES TIER 2,AE,AERONAUTICAL ENGINEERING,116.0,87.5,,98.0,97.5,,,0,1,0,1,1,0,0
2611,Paavai Engineering College (Autonomous)   NH-7  Pachal Post  Namakkal District 637018,NAMAKKAL,SELF FINANCING COLLEGES TIER 2,AG,AGRICULTURAL ENGINEERING,128.0,114.5,,101.0,81.5,,113.0,0,1,0,1,1,0,0
2611,Paavai Engineering College (Autonomous)   NH-7  Pachal Post  Namakkal District 637018,NAMAKKAL,SELF FINANCING COLLEGES TIER 2,AM,COMPUTER SCIENCE AND ENGINEERING (ARTIFICIAL INTELLIGENCE AND MACHINE LEARNING),140.0,118.5,127.0,117.0,88.0,80.0,122.5,0,0,0,0,1,1,0
2611,Paavai Engineering College (Autonomous)   NH-7  Pachal Post  Namakkal District 637018,NAMAKKAL,SELF FINANCING COLLEGES TIER 2,BM,BIO MEDICAL ENGINEERING,136.0,119.5,112.5,95.5,103.0,122.0,119.5,0,1,0,1,1,0,0
2611,Paavai Engineering College (Autonomous)   NH-7  Pachal Post  Namakkal District 637018,NAMAKKAL,SELF FINANCING COLLEGES TIER 2,BT,BIO TECHNOLOGY,125.0,114.5,,110.0,108.0,,,0,1,0,1,1,0,0
2611,Paavai Engineering College (Autonomous)   NH-7  Pachal Post  Namakkal District 637018,NAMAKKAL,SELF FINANCING COLLEGES TIER 2,CE,CIVIL  ENGINEERING,111.5,95.5,101.0,96.5,101.0,,,0,1,1,1,1,0,0
2611,Paavai Engineering College (Autonomous)   NH-7  Pachal Post  Namakkal District 637018,NAMAKKAL,SELF FINANCING COLLEGES TIER 2,CH,CHEMICAL  ENGINEERING,135.0,113.0,,88.0,,109.0,,0,1,0,1,0,0,0
2611,Paavai Engineering College (Autonomous)   NH-7  Pachal Post  Namakkal District 637018,NAMAKKAL,SELF FINANCING COLLEGES TIER 2,CI,Computer Science and Engineering (Internet of Things),131.5,97.0,123.5,109.0,95.5,119.5,,0,0,0,0,1,1,0
2611,Paavai Engineering College (Autonomous)   NH-7  Pachal Post  Namakkal District 637018,NAMAKKAL,SELF FINANCING COLLEGES TIER 2,CS,COMPUTER SCIENCE AND ENGINEERING,151.0,131.5,137.5,138.0,114.0,103.5,150.5,0,0,0,0,1,0,0
2611,Paavai Engineering College (Autonomous)   NH-7  Pachal Post  Namakkal District 637018,NAMAKKAL,SELF FINANCING COLLEGES TIER 2,CY,Cyber Security,137.5,113.5,122.0,116.0,95.0,135.0,,0,0,1,0,1,1,0
2611,Paavai Engineering College (Autonomous)   NH-7  Pachal Post  Namakkal District 637018,NAMAKKAL,SELF FINANCING COLLEGES TIER 2,EC,ELECTRONICS AND COMMUNICATION ENGINEERING,138.0,107.0,124.5,125.0,99.0,,112.0,0,0,1,0,1,0,0
2611,Paavai Engineering College (Autonomous)   NH-7  Pachal Post  Namakkal District 637018,NAMAKKAL,SELF FINANCING COLLEGES TIER 2,EE,ELECTRICAL AND ELECTRONICS ENGINEERING,128.5,111.0,96.5,93.5,80.0,,,0,1,0,0,1,0,0
2611,Paavai Engineering College (Autonomous)   NH-7  Pachal Post  Namakkal District 637018,NAMAKKAL,SELF FINANCING COLLEGES TIER 2,FD,FOOD TECHNOLOGY,112.0,103.5,105.0,101.5,,,,0,1,1,1,0,0,0
2611,Paavai Engineering College (Autonomous)   NH-7  Pachal Post  Namakkal District 637018,NAMAKKAL,SELF FINANCING COLLEGES TIER 2,IT,INFORMATION TECHNOLOGY,148.0,133.0,136.5,126.5,93.0,126.5,113.0,0,0,0,0,1,1,0
2611,Paavai Engineering College (Autonomous)   NH-7  Pachal Post  Namakkal District 637018,NAMAKKAL,SELF FINANCING COLLEGES TIER 2,ME,MECHANICAL ENGINEERING,111.0,86.0,,94.5,86.5,,,0,1,0,1,1,0,0
2611,Paavai Engineering College (Autonomous)   NH-7  Pachal Post  Namakkal District 637018,NAMAKKAL,SELF FINANCING COLLEGES TIER 2,MZ,Mechatronics Engineering,114.0,105.0,110.0,102.0,,,,0,1,1,1,0,0,0
2611,Paavai Engineering College (Autonomous)   NH-7  Pachal Post  Namakkal District 637018,NAMAKKAL,SELF FINANCING COLLEGES TIER 2,PH,PHARMACEUTICAL TECHNOLOGY,104.5,96.0,,85.0,91.5,92.5,,0,1,0,1,1,1,0
2611,Paavai Engineering College (Autonomous)   NH-7  Pachal Post  Namakkal District 637018,NAMAKKAL,SELF FINANCING COLLEGES TIER 2,RM,ROBOTICS AND AUTOMATION,121.5,111.0,110.0,87.0,101.5,,,0,1,1,1,1,0,0
2612,P G P College of Engineering and Technology  Paramathi Post  Namakkal District 637207,NAMAKKAL,SELF FINANCING COLLEGES TIER 3,AD,ARTIFICIAL INTELLIGENCE AND DATA SCIENCE,119.5,98.5,94.5,102.0,97.5,,,0,1,0,1,0,0,0
2612,P G P College of Engineering and Technology  Paramathi Post  Namakkal District 637207,NAMAKKAL,SELF FINANCING COLLEGES TIER 3,CE,CIVIL  ENGINEERING,,,,,,,,0,0,0,0,0,0,0
2612,P G P College of Engineering and Technology  Paramathi Post  Namakkal District 637207,NAMAKKAL,SELF FINANCING COLLEGES TIER 3,CS,COMPUTER SCIENCE AND ENGINEERING,118.0,89.5,112.5,106.0,87.5,100.0,,0,1,1,1,0,1,0
2612,P G P College of Engineering and Technology  Paramathi Post  Namakkal District 637207,NAMAKKAL,SELF FINANCING COLLEGES TIER 3,EC,ELECTRONICS AND COMMUNICATION ENGINEERING,93.5,,,,,,,0,0,0,0,0,0,0
2612,P G P College of Engineering and Technology  Paramathi Post  Namakkal District 637207,NAMAKKAL,SELF FINANCING COLLEGES TIER 3,EE,ELECTRICAL AND ELECTRONICS ENGINEERING,106.0,,,,,,,1,0,0,0,0,0,0
2612,P G P College of Engineering and Technology  Paramathi Post  Namakkal District 637207,NAMAKKAL,SELF FINANCING COLLEGES TIER 3,IT,INFORMATION TECHNOLOGY,108.0,90.0,,90.0,95.0,,,0,1,0,1,1,0,0
2612,P G P College of Engineering and Technology  Paramathi Post  Namakkal District 637207,NAMAKKAL,SELF FINANCING COLLEGES TIER 3,ME,MECHANICAL ENGINEERING,89.0,,,,,,,1,0,0,0,0,0,0
2613,K S R College of Engineering (Autonomous)  Tiruchengode  Namakkal District 637215,NAMAKKAL,SELF FINANCING COLLEGES TIER 3,AU,AUTOMOBILE ENGINEERING,123.0,95.5,,97.0,99.0,,,0,0,0,0,1,0,0
2613,K S R College of Engineering (Autonomous)  Tiruchengode  Namakkal District 637215,NAMAKKAL,SELF FINANCING COLLEGES TIER 3,CD,COMPUTER SCIENCE AND DESIGN,146.0,137.0,,137.0,,,,0,0,0,0,0,0,0
2613,K S R College of Engineering (Autonomous)  Tiruchengode  Namakkal District 637215,NAMAKKAL,SELF FINANCING COLLEGES TIER 3,CE,CIVIL  ENGINEERING,118.5,96.0,,110.0,109.0,105.5,,0,1,0,0,0,0,0
2613,K S R College of Engineering (Autonomous)  Tiruchengode  Namakkal District 637215,NAMAKKAL,SELF FINANCING COLLEGES TIER 3,CI,Computer Science and Engineering (Internet of Things),144.0,138.0,,137.5,100.5,,,0,0,0,0,1,0,0
2613,K S R College of Engineering (Autonomous)  Tiruchengode  Namakkal District 637215,NAMAKKAL,SELF FINANCING COLLEGES TIER 3,CS,COMPUTER SCIENCE AND ENGINEERING,160.0,145.0,130.0,145.0,103.0,103.5,,0,0,0,0,1,1,0
2613,K S R College of Engineering (Autonomous)  Tiruchengode  Namakkal District 637215,NAMAKKAL,SELF FINANCING COLLEGES TIER 3,EC,ELECTRONICS AND COMMUNICATION ENGINEERING,149.5,138.0,134.0,135.0,90.5,,,0,0,0,0,1,0,0
2613,K S R College of Engineering (Autonomous)  Tiruchengode  Namakkal District 637215,NAMAKKAL,SELF FINANCING COLLEGES TIER 3,EE,ELECTRICAL AND ELECTRONICS ENGINEERING,138.5,131.5,,122.0,105.5,113.0,,0,0,0,0,1,0,0
2613,K S R College of Engineering (Autonomous)  Tiruchengode  Namakkal District 637215,NAMAKKAL,SELF FINANCING COLLEGES TIER 3,IT,INFORMATION TECHNOLOGY,150.0,142.0,128.5,141.5,112.0,,,0,0,0,0,0,0,0
2613,K S R College of Engineering (Autonomous)  Tiruchengode  Namakkal District 637215,NAMAKKAL,SELF FINANCING COLLEGES TIER 3,ME,MECHANICAL ENGINEERING,118.5,103.0,101.0,100.5,97.0,,,0,0,1,0,0,0,0
2613,K S R College of Engineering (Autonomous)  Tiruchengode  Namakkal District 637215,NAMAKKAL,SELF FINANCING COLLEGES TIER 3,SF,Safety and Fire Engineering,117.5,99.0,,100.5,,115.5,,0,0,0,0,0,0,0
2614,S S M College of Engineering  Komarapalayam  Namakkal District 638183,NAMAKKAL,SELF FINANCING COLLEGES TIER 3,CE,CIVIL  ENGINEERING,93.5,,,,,,,1,0,0,0,0,0,0
2614,S S M College of Engineering  Komarapalayam  Namakkal District 638183,NAMAKKAL,SELF FINANCING COLLEGES TIER 3,CS,COMPUTER SCIENCE AND ENGINEERING,109.5,89.5,,95.5,103.0,,,0,1,0,1,1,0,0
2614,S S M College of Engineering  Komarapalayam  Namakkal District 638183,NAMAKKAL,SELF FINANCING COLLEGES TIER 3,EC,ELECTRONICS AND COMMUNICATION ENGINEERING,120.5,95.0,91.0,89.0,107.5,,,0,1,0,1,1,0,0
2614,S S M College of Engineering  Komarapalayam  Namakkal District 638183,NAMAKKAL,SELF FINANCING COLLEGES TIER 3,EE,ELECTRICAL AND ELECTRONICS ENGINEERING,106.5,98.0,,92.5,,,,0,1,0,1,0,0,0
2614,S S M College of Engineering  Komarapalayam  Namakkal District 638183,NAMAKKAL,SELF FINANCING COLLEGES TIER 3,IT,INFORMATION TECHNOLOGY,97.5,92.0,,81.5,,,,0,1,0,1,0,0,0
2614,S S M College of Engineering  Komarapalayam  Namakkal District 638183,NAMAKKAL,SELF FINANCING COLLEGES TIER 3,ME,MECHANICAL ENGINEERING,94.0,,,,,,,1,0,0,0,0,0,0
2614,S S M College of Engineering  Komarapalayam  Namakkal District 638183,NAMAKKAL,SELF FINANCING COLLEGES TIER 3,PC,PETRO CHEMICAL TECHNOLOGY,98.0,,,,,,,1,0,0,0,0,0,0
2614,S S M College of Engineering  Komarapalayam  Namakkal District 638183,NAMAKKAL,SELF FINANCING COLLEGES TIER 3,PE,PETROLEUM ENGINEERING,,,,,,,,0,0,0,0,0,0,0
2614,S S M College of Engineering  Komarapalayam  Namakkal District 638183,NAMAKKAL,SELF FINANCING COLLEGES TIER 3,TC,TEXTILE CHEMISTRY,112.0,,,,,,,1,0,0,0,0,0,0
2614,S S M College of Engineering  Komarapalayam  Namakkal District 638183,NAMAKKAL,SELF FINANCING COLLEGES TIER 3,TX,TEXTILE TECHNOLOGY,84.5,,,,,,,0,0,0,0,0,0,0
2616,Sapthagiri College of Engineering  Periyanahalli Post  Dharmapuri District 635205,DHARMAPURI,SELF FINANCING COLLEGES TIER 3,AD,ARTIFICIAL INTELLIGENCE AND DATA SCIENCE,,,,,,,,0,0,0,0,0,0,0
2616,Sapthagiri College of Engineering  Periyanahalli Post  Dharmapuri District 635205,DHARMAPURI,SELF FINANCING COLLEGES TIER 3,CE,CIVIL  ENGINEERING,,,,,,,,0,0,0,0,0,0,0
2616,Sapthagiri College of Engineering  Periyanahalli Post  Dharmapuri District 635205,DHARMAPURI,SELF FINANCING COLLEGES TIER 3,CS,COMPUTER SCIENCE AND ENGINEERING,,,,,,,,0,0,0,0,0,0,0
2616,Sapthagiri College of Engineering  Periyanahalli Post  Dharmapuri District 635205,DHARMAPURI,SELF FINANCING COLLEGES TIER 3,EC,ELECTRONICS AND COMMUNICATION ENGINEERING,,,,,,,,0,0,0,0,0,0,0
2616,Sapthagiri College of Engineering  Periyanahalli Post  Dharmapuri District 635205,DHARMAPURI,SELF FINANCING COLLEGES TIER 3,EE,ELECTRICAL AND ELECTRONICS ENGINEERING,,,,,,,,0,0,0,0,0,0,0
2616,Sapthagiri College of Engineering  Periyanahalli Post  Dharmapuri District 635205,DHARMAPURI,SELF FINANCING COLLEGES TIER 3,EI,ELECTRONICS AND INSTRUMENTATION ENGINEERING,,,,,,,,0,0,0,0,0,0,0
2616,Sapthagiri College of Engineering  Periyanahalli Post  Dharmapuri District 635205,DHARMAPURI,SELF FINANCING COLLEGES TIER 3,IT,INFORMATION TECHNOLOGY,,,,,,,,0,0,0,0,0,0,0
2616,Sapthagiri College of Engineering  Periyanahalli Post  Dharmapuri District 635205,DHARMAPURI,SELF FINANCING COLLEGES TIER 3,ME,MECHANICAL ENGINEERING,,,,,,,,0,0,0,0,0,0,0
2616,Sapthagiri College of Engineering  Periyanahalli Post  Dharmapuri District 635205,DHARMAPURI,SELF FINANCING COLLEGES TIER 3,SC,Computer Science and Engineering (Cyber Security),,,,,,,,0,0,0,0,0,0,0
2617,Sengunthar Engineering College  (Autonomous)  Tiruchengode  Namakkal District 637205,NAMAKKAL,SELF FINANCING COLLEGES TIER 3,AD,ARTIFICIAL INTELLIGENCE AND DATA SCIENCE,138.5,119.5,131.5,124.5,91.0,116.5,,0,0,0,0,1,1,0
2617,Sengunthar Engineering College  (Autonomous)  Tiruchengode  Namakkal District 637205,NAMAKKAL,SELF FINANCING COLLEGES TIER 3,CE,CIVIL  ENGINEERING,86.0,,,,,,,1,0,0,0,0,0,0
2617,Sengunthar Engineering College  (Autonomous)  Tiruchengode  Namakkal District 637205,NAMAKKAL,SELF FINANCING COLLEGES TIER 3,CS,COMPUTER SCIENCE AND ENGINEERING,138.5,110.0,110.0,113.0,94.5,91.5,,0,0,1,0,1,0,0
2617,Sengunthar Engineering College  (Autonomous)  Tiruchengode  Namakkal District 637205,NAMAKKAL,SELF FINANCING COLLEGES TIER 3,EC,ELECTRONICS AND COMMUNICATION ENGINEERING,121.0,93.5,,98.5,88.0,,,0,1,0,0,1,0,0
2617,Sengunthar Engineering College  (Autonomous)  Tiruchengode  Namakkal District 637205,NAMAKKAL,SELF FINANCING COLLEGES TIER 3,EE,ELECTRICAL AND ELECTRONICS ENGINEERING,107.5,93.0,,94.0,,,,0,1,0,1,0,0,0
2617,Sengunthar Engineering College  (Autonomous)  Tiruchengode  Namakkal District 637205,NAMAKKAL,SELF FINANCING COLLEGES TIER 3,IT,INFORMATION TECHNOLOGY,139.5,108.0,127.0,123.5,103.0,108.5,,0,0,0,0,0,0,0
2617,Sengunthar Engineering College  (Autonomous)  Tiruchengode  Namakkal District 637205,NAMAKKAL,SELF FINANCING COLLEGES TIER 3,MD,MEDICAL ELECTRONICS ENGINEERING,115.5,88.0,,92.5,84.0,,,0,1,0,1,1,0,0
2617,Sengunthar Engineering College  (Autonomous)  Tiruchengode  Namakkal District 637205,NAMAKKAL,SELF FINANCING COLLEGES TIER 3,ME,MECHANICAL ENGINEERING,89.0,,,,,,,1,0,0,0,0,0,0
2617,Sengunthar Engineering College  (Autonomous)  Tiruchengode  Namakkal District 637205,NAMAKKAL,SELF FINANCING COLLEGES TIER 3,PH,PHARMACEUTICAL TECHNOLOGY,,,,,,,,0,0,0,0,0,0,0
2617,Sengunthar Engineering College  (Autonomous)  Tiruchengode  Namakkal District 637205,NAMAKKAL,SELF FINANCING COLLEGES TIER 3,RM,ROBOTICS AND AUTOMATION,83.5,,,,,,,1,0,0,0,0,0,0
2617,Sengunthar Engineering College  (Autonomous)  Tiruchengode  Namakkal District 637205,NAMAKKAL,SELF FINANCING COLLEGES TIER 3,SC,Computer Science and Engineering (Cyber Security),127.0,93.0,,99.5,95.0,123.5,,0,0,0,0,1,0,0
2618,Sona College of Technology (Autonomous)  Suramangalam Post  Salem District 636005,SALEM,SELF FINANCING COLLEGES TIER 1,AD,ARTIFICIAL INTELLIGENCE AND DATA SCIENCE,171.75,166.5,164.5,162.0,122.0,118.5,,0,0,0,0,0,0,0
2618,Sona College of Technology (Autonomous)  Suramangalam Post  Salem District 636005,SALEM,SELF FINANCING COLLEGES TIER 1,AM,COMPUTER SCIENCE AND ENGINEERING (ARTIFICIAL INTELLIGENCE AND MACHINE LEARNING),169.5,165.0,160.5,160.0,120.0,119.5,113.5,0,0,0,0,0,0,0
2618,Sona College of Technology (Autonomous)  Suramangalam Post  Salem District 636005,SALEM,SELF FINANCING COLLEGES TIER 1,BM,BIO MEDICAL ENGINEERING,158.5,142.5,148.5,141.5,106.0,,,0,0,0,0,0,0,0
2618,Sona College of Technology (Autonomous)  Suramangalam Post  Salem District 636005,SALEM,SELF FINANCING COLLEGES TIER 1,CD,COMPUTER SCIENCE AND DESIGN,166.5,162.0,152.5,157.5,115.5,125.0,128.5,0,0,0,0,0,0,0
2618,Sona College of Technology (Autonomous)  Suramangalam Post  Salem District 636005,SALEM,SELF FINANCING COLLEGES TIER 1,CE,CIVIL  ENGINEERING,142.0,120.5,118.5,130.5,99.0,122.0,113.0,0,0,0,0,0,0,0
2618,Sona College of Technology (Autonomous)  Suramangalam Post  Salem District 636005,SALEM,SELF FINANCING COLLEGES TIER 1,CS,COMPUTER SCIENCE AND ENGINEERING,178.0,171.5,167.5,169.0,131.0,141.0,148.5,0,0,0,0,0,0,0
2618,Sona College of Technology (Autonomous)  Suramangalam Post  Salem District 636005,SALEM,SELF FINANCING COLLEGES TIER 1,EC,ELECTRONICS AND COMMUNICATION ENGINEERING,170.5,164.0,157.5,161.0,121.5,116.5,146.0,0,0,0,0,0,1,0
2618,Sona College of Technology (Autonomous)  Suramangalam Post  Salem District 636005,SALEM,SELF FINANCING COLLEGES TIER 1,EE,ELECTRICAL AND ELECTRONICS ENGINEERING,161.0,154.5,127.0,149.0,95.0,,,0,0,0,0,1,0,0
2618,Sona College of Technology (Autonomous)  Suramangalam Post  Salem District 636005,SALEM,SELF FINANCING COLLEGES TIER 1,FT,FASHION TECHNOLOGY,137.0,122.5,112.5,125.0,98.5,109.5,,0,0,0,0,1,0,0
2618,Sona College of Technology (Autonomous)  Suramangalam Post  Salem District 636005,SALEM,SELF FINANCING COLLEGES TIER 1,IT,INFORMATION TECHNOLOGY,171.0,165.5,158.0,164.0,131.0,129.0,,0,0,0,0,0,0,0
2618,Sona College of Technology (Autonomous)  Suramangalam Post  Salem District 636005,SALEM,SELF FINANCING COLLEGES TIER 1,ME,MECHANICAL ENGINEERING,147.0,127.5,127.499999999999,130.757575757575,100.5,114.5,132.5,0,0,0,0,1,1,0
2618,Sona College of Technology (Autonomous)  Suramangalam Post  Salem District 636005,SALEM,SELF FINANCING COLLEGES TIER 1,MZ,Mechatronics Engineering,153.0,144.5,141.5,134.5,98.0,,,0,0,0,0,1,0,0
2620,Vivekanandha College of Engineering for Women (Autonomous)  Sathinaickenpalayam  Elayampalayam Village  Kumaramangalam  Namakkal District 637205,NAMAKKAL,SELF FINANCING COLLEGES TIER 2,BM,BIO MEDICAL ENGINEERING,143.0,120.0,126.5,132.5,125.0,134.0,,0,0,1,0,0,0,0
2620,Vivekanandha College of Engineering for Women (Autonomous)  Sathinaickenpalayam  Elayampalayam Village  Kumaramangalam  Namakkal District 637205,NAMAKKAL,SELF FINANCING COLLEGES TIER 2,BT,BIO TECHNOLOGY,146.0,127.0,,108.5,111.0,130.5,113.5,0,0,0,0,0,0,0
2620,Vivekanandha College of Engineering for Women (Autonomous)  Sathinaickenpalayam  Elayampalayam Village  Kumaramangalam  Namakkal District 637205,NAMAKKAL,SELF FINANCING COLLEGES TIER 2,CS,COMPUTER SCIENCE AND ENGINEERING,154.5,140.0,153.0,137.5,112.5,130.0,,0,0,0,0,1,1,0
2620,Vivekanandha College of Engineering for Women (Autonomous)  Sathinaickenpalayam  Elayampalayam Village  Kumaramangalam  Namakkal District 637205,NAMAKKAL,SELF FINANCING COLLEGES TIER 2,EC,ELECTRONICS AND COMMUNICATION ENGINEERING,153.5,137.0,141.5,135.0,120.999999999999,137.5,,0,0,1,0,0,0,0
2620,Vivekanandha College of Engineering for Women (Autonomous)  Sathinaickenpalayam  Elayampalayam Village  Kumaramangalam  Namakkal District 637205,NAMAKKAL,SELF FINANCING COLLEGES TIER 2,EE,ELECTRICAL AND ELECTRONICS ENGINEERING,132.5,117.0,,112.0,89.0,129.0,,0,0,0,0,0,0,0
2620,Vivekanandha College of Engineering for Women (Autonomous)  Sathinaickenpalayam  Elayampalayam Village  Kumaramangalam  Namakkal District 637205,NAMAKKAL,SELF FINANCING COLLEGES TIER 2,IT,INFORMATION TECHNOLOGY,168.72,158.5,,156.0,93.0,155.0,,0,0,0,0,0,0,0
2620,Vivekanandha College of Engineering for Women (Autonomous)  Sathinaickenpalayam  Elayampalayam Village  Kumaramangalam  Namakkal District 637205,NAMAKKAL,SELF FINANCING COLLEGES TIER 2,TS,Computer Science and Technology,151.5,139.5,,141.5,111.5,120.5,,0,0,0,0,1,0,0
2621,Er. Perumal Manimekalai College of Engineering   (Autonomous) Near Koneripalli  Hosur  Krishnagiri District 635117,KRISHNAGIRI,SELF FINANCING COLLEGES TIER 3,AD,ARTIFICIAL INTELLIGENCE AND DATA SCIENCE,152.0,128.318181818181,113.0,141.0,114.5,,,0,0,0,0,0,0,0
2621,Er. Perumal Manimekalai College of Engineering   (Autonomous) Near Koneripalli  Hosur  Krishnagiri District 635117,KRISHNAGIRI,SELF FINANCING COLLEGES TIER 3,AE,AERONAUTICAL ENGINEERING,109.5,90.0,87.0,94.5,,,,0,0,1,0,0,0,0
2621,Er. Perumal Manimekalai College of Engineering   (Autonomous) Near Koneripalli  Hosur  Krishnagiri District 635117,KRISHNAGIRI,SELF FINANCING COLLEGES TIER 3,CB,COMPUTER SCIENCE AND BUSSINESS SYSTEM,128.5,113.0,117.5,121.0,94.5,97.5,,0,0,1,0,0,0,0
2621,Er. Perumal Manimekalai College of Engineering   (Autonomous) Near Koneripalli  Hosur  Krishnagiri District 635117,KRISHNAGIRI,SELF FINANCING COLLEGES TIER 3,CE,CIVIL  ENGINEERING,103.5,,82.0,85.0,,,,0,0,0,0,0,0,0
2621,Er. Perumal Manimekalai College of Engineering   (Autonomous) Near Koneripalli  Hosur  Krishnagiri District 635117,KRISHNAGIRI,SELF FINANCING COLLEGES TIER 3,CH,CHEMICAL  ENGINEERING,105.5,99.5,105.0,92.5,98.5,,,0,1,0,0,1,0,0
2621,Er. Perumal Manimekalai College of Engineering   (Autonomous) Near Koneripalli  Hosur  Krishnagiri District 635117,KRISHNAGIRI,SELF FINANCING COLLEGES TIER 3,CS,COMPUTER SCIENCE AND ENGINEERING,147.0,128.5,135.0,134.0,91.5,115.5,,0,0,0,0,0,0,0
2621,Er. Perumal Manimekalai College of Engineering   (Autonomous) Near Koneripalli  Hosur  Krishnagiri District 635117,KRISHNAGIRI,SELF FINANCING COLLEGES TIER 3,EC,ELECTRONICS AND COMMUNICATION ENGINEERING,138.0,116.0,93.0,120.5,80.0,,,0,0,0,0,1,0,0
2621,Er. Perumal Manimekalai College of Engineering   (Autonomous) Near Koneripalli  Hosur  Krishnagiri District 635117,KRISHNAGIRI,SELF FINANCING COLLEGES TIER 3,EE,ELECTRICAL AND ELECTRONICS ENGINEERING,118.5,104.5,107.0,115.0,80.0,,,0,0,0,0,1,0,0
2621,Er. Perumal Manimekalai College of Engineering   (Autonomous) Near Koneripalli  Hosur  Krishnagiri District 635117,KRISHNAGIRI,SELF FINANCING COLLEGES TIER 3,IT,INFORMATION TECHNOLOGY,136.0,120.999999999999,107.5,124.0,103.5,98.5,,0,0,0,0,0,0,0
2621,Er. Perumal Manimekalai College of Engineering   (Autonomous) Near Koneripalli  Hosur  Krishnagiri District 635117,KRISHNAGIRI,SELF FINANCING COLLEGES TIER 3,ME,MECHANICAL ENGINEERING,109.0,87.5,93.0,95.0,81.0,,,0,1,0,0,1,0,0
2621,Er. Perumal Manimekalai College of Engineering   (Autonomous) Near Koneripalli  Hosur  Krishnagiri District 635117,KRISHNAGIRI,SELF FINANCING COLLEGES TIER 3,MZ,Mechatronics Engineering,112.5,82.0,95.0,96.0,,,,0,1,0,0,0,0,0
2622,V S B Engineering College(Autonomous)  Kovai Road  Karur District 639111,KARUR,SELF FINANCING COLLEGES TIER 3,AD,ARTIFICIAL INTELLIGENCE AND DATA SCIENCE,160.0,145.0,145.0,133.0,117.0,,,0,0,0,0,1,0,0
2622,V S B Engineering College(Autonomous)  Kovai Road  Karur District 639111,KARUR,SELF FINANCING COLLEGES TIER 3,AM,COMPUTER SCIENCE AND ENGINEERING (ARTIFICIAL INTELLIGENCE AND MACHINE LEARNING),150.0,138.0,115.0,135.0,,,,0,0,0,0,0,0,0
2622,V S B Engineering College(Autonomous)  Kovai Road  Karur District 639111,KARUR,SELF FINANCING COLLEGES TIER 3,BM,BIO MEDICAL ENGINEERING,138.0,121.0,,89.5,117.5,88.5,,0,0,0,1,0,0,0
2622,V S B Engineering College(Autonomous)  Kovai Road  Karur District 639111,KARUR,SELF FINANCING COLLEGES TIER 3,BT,BIO TECHNOLOGY,132.5,114.5,,98.0,112.5,122.5,,0,0,0,0,0,0,0
2622,V S B Engineering College(Autonomous)  Kovai Road  Karur District 639111,KARUR,SELF FINANCING COLLEGES TIER 3,CB,COMPUTER SCIENCE AND BUSSINESS SYSTEM,142.5,134.0,125.0,131.5,,,,0,0,0,0,0,0,0
2622,V S B Engineering College(Autonomous)  Kovai Road  Karur District 639111,KARUR,SELF FINANCING COLLEGES TIER 3,CE,CIVIL  ENGINEERING,116.5,,,102.5,,91.5,,0,0,0,1,0,0,0
2622,V S B Engineering College(Autonomous)  Kovai Road  Karur District 639111,KARUR,SELF FINANCING COLLEGES TIER 3,CH,CHEMICAL  ENGINEERING,133.0,117.0,,92.0,115.0,,,0,0,0,0,0,0,0
2622,V S B Engineering College(Autonomous)  Kovai Road  Karur District 639111,KARUR,SELF FINANCING COLLEGES TIER 3,CO,COMPUTER AND  COMMUNICATION ENGINEERING,140.0,125.5,98.0,127.0,,,,0,0,0,0,0,0,0
2622,V S B Engineering College(Autonomous)  Kovai Road  Karur District 639111,KARUR,SELF FINANCING COLLEGES TIER 3,CS,COMPUTER SCIENCE AND ENGINEERING,163.5,146.5,140.0,143.5,99.5,126.5,,0,0,0,0,1,1,0
2622,V S B Engineering College(Autonomous)  Kovai Road  Karur District 639111,KARUR,SELF FINANCING COLLEGES TIER 3,EC,ELECTRONICS AND COMMUNICATION ENGINEERING,154.0,144.0,121.0,127.5,90.0,112.5,,0,0,0,0,1,0,0
2622,V S B Engineering College(Autonomous)  Kovai Road  Karur District 639111,KARUR,SELF FINANCING COLLEGES TIER 3,EE,ELECTRICAL AND ELECTRONICS ENGINEERING,142.5,135.5,105.5,113.5,,,,0,0,0,0,0,0,0
2622,V S B Engineering College(Autonomous)  Kovai Road  Karur District 639111,KARUR,SELF FINANCING COLLEGES TIER 3,IT,INFORMATION TECHNOLOGY,155.0,144.5,122.0,136.0,99.0,,,0,0,0,0,1,0,0
2622,V S B Engineering College(Autonomous)  Kovai Road  Karur District 639111,KARUR,SELF FINANCING COLLEGES TIER 3,ME,MECHANICAL ENGINEERING,122.5,104.5,,99.0,84.5,113.0,,0,1,0,1,1,0,0
2623,Mahendra College of Engineering  Attur Road  Minnampalli  Valapady  Salem District 636106,SALEM,SELF FINANCING COLLEGES TIER 1,AD,ARTIFICIAL INTELLIGENCE AND DATA SCIENCE,155.0,119.0,154.5,135.0,132.5,137.5,,0,0,0,0,0,1,0
2623,Mahendra College of Engineering  Attur Road  Minnampalli  Valapady  Salem District 636106,SALEM,SELF FINANCING COLLEGES TIER 1,BM,BIO MEDICAL ENGINEERING,124.0,104.5,111.0,107.5,96.0,118.0,,0,0,0,0,0,0,0
2623,Mahendra College of Engineering  Attur Road  Minnampalli  Valapady  Salem District 636106,SALEM,SELF FINANCING COLLEGES TIER 1,CS,COMPUTER SCIENCE AND ENGINEERING,127.0,97.5,91.0,115.5,90.5,89.0,110.5,0,0,1,0,0,0,0
2623,Mahendra College of Engineering  Attur Road  Minnampalli  Valapady  Salem District 636106,SALEM,SELF FINANCING COLLEGES TIER 1,EC,ELECTRONICS AND COMMUNICATION ENGINEERING,128.0,86.0,105.0,109.0,82.5,98.0,108.0,0,0,0,0,0,0,0
2623,Mahendra College of Engineering  Attur Road  Minnampalli  Valapady  Salem District 636106,SALEM,SELF FINANCING COLLEGES TIER 1,EE,ELECTRICAL AND ELECTRONICS ENGINEERING,107.5,85.0,88.5,104.0,92.5,,90.0,0,1,0,0,1,0,0
2623,Mahendra College of Engineering  Attur Road  Minnampalli  Valapady  Salem District 636106,SALEM,SELF FINANCING COLLEGES TIER 1,IT,INFORMATION TECHNOLOGY,134.0,110.5,95.0,114.0,110.0,90.0,,0,0,0,0,0,0,0
2623,Mahendra College of Engineering  Attur Road  Minnampalli  Valapady  Salem District 636106,SALEM,SELF FINANCING COLLEGES TIER 1,ME,MECHANICAL ENGINEERING,100.5,98.0,,89.0,,,,0,1,0,0,0,0,0
2624,Gnanamani College of Technology   (Autonomous) Pachal Post  Namakkal District 637018,NAMAKKAL,SELF FINANCING COLLEGES TIER 2,AD,ARTIFICIAL INTELLIGENCE AND DATA SCIENCE,139.0,118.0,,122.0,116.0,129.5,103.5,0,0,0,0,0,0,0
2624,Gnanamani College of Technology   (Autonomous) Pachal Post  Namakkal District 637018,NAMAKKAL,SELF FINANCING COLLEGES TIER 2,AG,AGRICULTURAL ENGINEERING,120.5,93.5,,90.5,100.5,111.0,,0,1,0,0,1,1,0
2624,Gnanamani College of Technology   (Autonomous) Pachal Post  Namakkal District 637018,NAMAKKAL,SELF FINANCING COLLEGES TIER 2,BM,BIO MEDICAL ENGINEERING,121.5,92.0,,98.0,97.5,115.5,,0,1,0,0,1,0,0
2624,Gnanamani College of Technology   (Autonomous) Pachal Post  Namakkal District 637018,NAMAKKAL,SELF FINANCING COLLEGES TIER 2,BT,BIO TECHNOLOGY,120.0,101.5,,97.5,101.0,,106.5,0,1,0,0,0,0,0
2624,Gnanamani College of Technology   (Autonomous) Pachal Post  Namakkal District 637018,NAMAKKAL,SELF FINANCING COLLEGES TIER 2,CH,CHEMICAL  ENGINEERING,112.0,88.0,,91.0,,103.5,,0,1,0,0,0,1,0
2624,Gnanamani College of Technology   (Autonomous) Pachal Post  Namakkal District 637018,NAMAKKAL,SELF FINANCING COLLEGES TIER 2,CS,COMPUTER SCIENCE AND ENGINEERING,140.5,105.0,107.5,127.5,111.5,126.0,137.0,0,0,1,0,1,0,0
2624,Gnanamani College of Technology   (Autonomous) Pachal Post  Namakkal District 637018,NAMAKKAL,SELF FINANCING COLLEGES TIER 2,EC,ELECTRONICS AND COMMUNICATION ENGINEERING,124.0,98.5,90.0,109.5,80.0,109.5,,0,0,1,0,1,0,0
2624,Gnanamani College of Technology   (Autonomous) Pachal Post  Namakkal District 637018,NAMAKKAL,SELF FINANCING COLLEGES TIER 2,EE,ELECTRICAL AND ELECTRONICS ENGINEERING,130.0,95.5,,123.0,87.0,109.0,,0,1,0,0,0,0,0
2624,Gnanamani College of Technology   (Autonomous) Pachal Post  Namakkal District 637018,NAMAKKAL,SELF FINANCING COLLEGES TIER 2,FD,FOOD TECHNOLOGY,110.5,107.0,,89.5,84.0,103.0,,0,1,0,0,1,0,0
2624,Gnanamani College of Technology   (Autonomous) Pachal Post  Namakkal District 637018,NAMAKKAL,SELF FINANCING COLLEGES TIER 2,IT,INFORMATION TECHNOLOGY,125.5,92.0,111.5,111.5,95.0,117.0,112.0,0,1,1,0,0,1,0
2624,Gnanamani College of Technology   (Autonomous) Pachal Post  Namakkal District 637018,NAMAKKAL,SELF FINANCING COLLEGES TIER 2,ME,MECHANICAL ENGINEERING,109.5,93.0,,98.0,88.0,105.5,,0,1,0,0,1,0,0
2624,Gnanamani College of Technology   (Autonomous) Pachal Post  Namakkal District 637018,NAMAKKAL,SELF FINANCING COLLEGES TIER 2,PH,PHARMACEUTICAL TECHNOLOGY,102.0,82.0,,88.0,98.0,,,0,1,0,1,1,0,0
2625,The Kavery Engineering College  M Kalipatti Post  Mecheri  Salem District 634456,SALEM,SELF FINANCING COLLEGES TIER 3,AD,ARTIFICIAL INTELLIGENCE AND DATA SCIENCE,131.5,103.5,,107.0,115.0,,,0,1,0,0,0,0,0
2625,The Kavery Engineering College  M Kalipatti Post  Mecheri  Salem District 634456,SALEM,SELF FINANCING COLLEGES TIER 3,AG,AGRICULTURAL ENGINEERING,110.0,,,80.0,106.0,,,0,0,0,1,1,0,0
2625,The Kavery Engineering College  M Kalipatti Post  Mecheri  Salem District 634456,SALEM,SELF FINANCING COLLEGES TIER 3,BM,BIO MEDICAL ENGINEERING,118.5,98.0,,105.0,101.5,,,0,1,0,0,0,0,0
2625,The Kavery Engineering College  M Kalipatti Post  Mecheri  Salem District 634456,SALEM,SELF FINANCING COLLEGES TIER 3,CE,CIVIL  ENGINEERING,91.0,,,,,,,1,0,0,0,0,0,0
2625,The Kavery Engineering College  M Kalipatti Post  Mecheri  Salem District 634456,SALEM,SELF FINANCING COLLEGES TIER 3,CH,CHEMICAL  ENGINEERING,126.0,104.0,112.5,115.0,86.0,,,0,1,0,0,0,0,0
2625,The Kavery Engineering College  M Kalipatti Post  Mecheri  Salem District 634456,SALEM,SELF FINANCING COLLEGES TIER 3,CS,COMPUTER SCIENCE AND ENGINEERING,119.5,90.0,89.0,101.0,90.0,,,0,1,1,0,1,0,0
2625,The Kavery Engineering College  M Kalipatti Post  Mecheri  Salem District 634456,SALEM,SELF FINANCING COLLEGES TIER 3,EC,ELECTRONICS AND COMMUNICATION ENGINEERING,135.5,83.5,,103.0,92.0,,,0,1,0,0,1,0,0
2625,The Kavery Engineering College  M Kalipatti Post  Mecheri  Salem District 634456,SALEM,SELF FINANCING COLLEGES TIER 3,EE,ELECTRICAL AND ELECTRONICS ENGINEERING,118.5,103.0,,111.5,97.0,,,0,1,0,0,1,0,0
2625,The Kavery Engineering College  M Kalipatti Post  Mecheri  Salem District 634456,SALEM,SELF FINANCING COLLEGES TIER 3,IT,INFORMATION TECHNOLOGY,120.0,80.0,,99.5,85.0,,,0,1,0,0,1,0,0
2625,The Kavery Engineering College  M Kalipatti Post  Mecheri  Salem District 634456,SALEM,SELF FINANCING COLLEGES TIER 3,ME,MECHANICAL ENGINEERING,98.0,,,86.5,,,,0,0,0,0,0,0,0
2627,Selvam College of Technology  Pappanaickenpatti Post  Namakkal District 637003,NAMAKKAL,SELF FINANCING COLLEGES TIER 3,AD,ARTIFICIAL INTELLIGENCE AND DATA SCIENCE,134.0,88.0,105.0,97.5,106.0,120.5,,0,1,0,1,0,0,0
2627,Selvam College of Technology  Pappanaickenpatti Post  Namakkal District 637003,NAMAKKAL,SELF FINANCING COLLEGES TIER 3,BM,BIO MEDICAL ENGINEERING,99.5,,,96.0,82.5,95.5,,0,0,0,1,1,1,0
2627,Selvam College of Technology  Pappanaickenpatti Post  Namakkal District 637003,NAMAKKAL,SELF FINANCING COLLEGES TIER 3,BT,BIO TECHNOLOGY,99.5,,,81.0,85.5,96.0,,0,0,0,1,1,0,0
2627,Selvam College of Technology  Pappanaickenpatti Post  Namakkal District 637003,NAMAKKAL,SELF FINANCING COLLEGES TIER 3,CE,CIVIL  ENGINEERING,90.0,,,,,,,1,0,0,0,0,0,0
2627,Selvam College of Technology  Pappanaickenpatti Post  Namakkal District 637003,NAMAKKAL,SELF FINANCING COLLEGES TIER 3,CS,COMPUTER SCIENCE AND ENGINEERING,117.5,88.0,98.5,98.0,103.0,112.0,,0,1,0,1,0,0,0
2627,Selvam College of Technology  Pappanaickenpatti Post  Namakkal District 637003,NAMAKKAL,SELF FINANCING COLLEGES TIER 3,EC,ELECTRONICS AND COMMUNICATION ENGINEERING,111.5,97.0,105.5,96.0,93.5,103.5,,0,1,0,1,0,0,0
2627,Selvam College of Technology  Pappanaickenpatti Post  Namakkal District 637003,NAMAKKAL,SELF FINANCING COLLEGES TIER 3,EE,ELECTRICAL AND ELECTRONICS ENGINEERING,85.0,,,,,,,1,0,0,0,0,0,0
2627,Selvam College of Technology  Pappanaickenpatti Post  Namakkal District 637003,NAMAKKAL,SELF FINANCING COLLEGES TIER 3,IT,INFORMATION TECHNOLOGY,115.5,80.0,108.0,100.5,102.0,,,0,1,0,1,1,0,0
2627,Selvam College of Technology  Pappanaickenpatti Post  Namakkal District 637003,NAMAKKAL,SELF FINANCING COLLEGES TIER 3,ME,MECHANICAL ENGINEERING,80.0,,,,,,,1,0,0,0,0,0,0
2628,Paavai College of Engineering  NH-7  Pachal Post  Namakkal District 637018,NAMAKKAL,SELF FINANCING COLLEGES TIER 3,AD,ARTIFICIAL INTELLIGENCE AND DATA SCIENCE,146.5,131.5,98.0,127.0,108.0,,,0,0,0,0,0,0,0
2628,Paavai College of Engineering  NH-7  Pachal Post  Namakkal District 637018,NAMAKKAL,SELF FINANCING COLLEGES TIER 3,AM,COMPUTER SCIENCE AND ENGINEERING (ARTIFICIAL INTELLIGENCE AND MACHINE LEARNING),130.5,113.0,,115.5,98.0,,,0,1,0,0,1,0,0
2628,Paavai College of Engineering  NH-7  Pachal Post  Namakkal District 637018,NAMAKKAL,SELF FINANCING COLLEGES TIER 3,AU,AUTOMOBILE ENGINEERING,93.5,,,,,,,1,0,0,0,0,0,0
2628,Paavai College of Engineering  NH-7  Pachal Post  Namakkal District 637018,NAMAKKAL,SELF FINANCING COLLEGES TIER 3,BM,BIO MEDICAL ENGINEERING,103.5,91.0,,92.0,101.0,99.0,,0,1,0,1,1,1,0
2628,Paavai College of Engineering  NH-7  Pachal Post  Namakkal District 637018,NAMAKKAL,SELF FINANCING COLLEGES TIER 3,CS,COMPUTER SCIENCE AND ENGINEERING,135.5,105.5,109.0,122.5,93.0,95.5,116.5,0,0,1,0,1,1,0
2628,Paavai College of Engineering  NH-7  Pachal Post  Namakkal District 637018,NAMAKKAL,SELF FINANCING COLLEGES TIER 3,EE,ELECTRICAL AND ELECTRONICS ENGINEERING,119.5,102.5,,89.5,95.0,100.0,,0,1,0,1,1,0,0
2628,Paavai College of Engineering  NH-7  Pachal Post  Namakkal District 637018,NAMAKKAL,SELF FINANCING COLLEGES TIER 3,ME,MECHANICAL ENGINEERING,86.0,,,,,,,1,0,0,0,0,0,0
2628,Paavai College of Engineering  NH-7  Pachal Post  Namakkal District 637018,NAMAKKAL,SELF FINANCING COLLEGES TIER 3,SC,Computer Science and Engineering (Cyber Security),125.0,92.0,,111.0,,,,0,1,0,0,0,0,0
2630,Chettinad College of Engineering and Technology  NH-67  Trichy Main Road  Puliyur C F  Karur District 639114,KARUR,SELF FINANCING COLLEGES TIER 3,AD,ARTIFICIAL INTELLIGENCE AND DATA SCIENCE,149.5,134.5,113.0,135.0,93.0,129.5,,0,0,0,0,1,0,0
2630,Chettinad College of Engineering and Technology  NH-67  Trichy Main Road  Puliyur C F  Karur District 639114,KARUR,SELF FINANCING COLLEGES TIER 3,CS,COMPUTER SCIENCE AND ENGINEERING,146.0,130.5,116.0,139.5,119.5,121.0,,0,0,0,0,0,0,0
2630,Chettinad College of Engineering and Technology  NH-67  Trichy Main Road  Puliyur C F  Karur District 639114,KARUR,SELF FINANCING COLLEGES TIER 3,EC,ELECTRONICS AND COMMUNICATION ENGINEERING,134.5,130.0,,126.5,110.5,129.5,,0,0,0,0,0,1,0
2630,Chettinad College of Engineering and Technology  NH-67  Trichy Main Road  Puliyur C F  Karur District 639114,KARUR,SELF FINANCING COLLEGES TIER 3,EE,ELECTRICAL AND ELECTRONICS ENGINEERING,122.5,93.5,,106.5,,115.5,,0,0,0,0,0,0,0
2630,Chettinad College of Engineering and Technology  NH-67  Trichy Main Road  Puliyur C F  Karur District 639114,KARUR,SELF FINANCING COLLEGES TIER 3,ME,MECHANICAL ENGINEERING,110.0,99.0,,88.0,,,,0,1,0,0,0,0,0
2632,Mahendra Institute of Technology (Autonomous)  Mahendhirapuri  Mallasamudram   Namakkal District 637503,NAMAKKAL,SELF FINANCING COLLEGES TIER 2,AM,COMPUTER SCIENCE AND ENGINEERING (ARTIFICIAL INTELLIGENCE AND MACHINE LEARNING),147.0,115.5,98.0,129.5,110.5,123.0,,0,0,1,0,0,0,0
2632,Mahendra Institute of Technology (Autonomous)  Mahendhirapuri  Mallasamudram   Namakkal District 637503,NAMAKKAL,SELF FINANCING COLLEGES TIER 2,AU,AUTOMOBILE ENGINEERING,99.0,,,91.0,87.0,,,0,0,0,1,1,0,0
2632,Mahendra Institute of Technology (Autonomous)  Mahendhirapuri  Mallasamudram   Namakkal District 637503,NAMAKKAL,SELF FINANCING COLLEGES TIER 2,BM,BIO MEDICAL ENGINEERING,137.0,114.0,132.5,102.0,129.5,,121.0,0,0,0,0,0,0,0
2632,Mahendra Institute of Technology (Autonomous)  Mahendhirapuri  Mallasamudram   Namakkal District 637503,NAMAKKAL,SELF FINANCING COLLEGES TIER 2,CS,COMPUTER SCIENCE AND ENGINEERING,136.5,116.0,103.5,124.5,98.5,123.0,125.0,0,0,1,0,0,1,1
2632,Mahendra Institute of Technology (Autonomous)  Mahendhirapuri  Mallasamudram   Namakkal District 637503,NAMAKKAL,SELF FINANCING COLLEGES TIER 2,EC,ELECTRONICS AND COMMUNICATION ENGINEERING,134.0,120.5,,123.5,97.5,112.5,,0,0,0,0,0,0,0
2632,Mahendra Institute of Technology (Autonomous)  Mahendhirapuri  Mallasamudram   Namakkal District 637503,NAMAKKAL,SELF FINANCING COLLEGES TIER 2,EE,ELECTRICAL AND ELECTRONICS ENGINEERING,121.5,98.0,,112.5,96.0,91.5,,0,0,0,0,0,0,0
2632,Mahendra Institute of Technology (Autonomous)  Mahendhirapuri  Mallasamudram   Namakkal District 637503,NAMAKKAL,SELF FINANCING COLLEGES TIER 2,IT,INFORMATION TECHNOLOGY,153.0,117.0,,141.5,140.0,141.5,,0,0,0,0,0,0,0
2632,Mahendra Institute of Technology (Autonomous)  Mahendhirapuri  Mallasamudram   Namakkal District 637503,NAMAKKAL,SELF FINANCING COLLEGES TIER 2,ME,MECHANICAL ENGINEERING,95.5,84.0,,82.0,89.5,,,0,1,0,1,1,0,0
2633,Vidyaa Vikas College of Engineering and Technology  Varahoorampatti  Tiruchengode  Namakkal District 637 214,NAMAKKAL,SELF FINANCING COLLEGES TIER 3,AD,ARTIFICIAL INTELLIGENCE AND DATA SCIENCE,108.0,101.5,,,,,,0,1,0,0,0,0,0
2633,Vidyaa Vikas College of Engineering and Technology  Varahoorampatti  Tiruchengode  Namakkal District 637 214,NAMAKKAL,SELF FINANCING COLLEGES TIER 3,CS,COMPUTER SCIENCE AND ENGINEERING,91.0,,,,,,,1,0,0,0,0,0,0
2633,Vidyaa Vikas College of Engineering and Technology  Varahoorampatti  Tiruchengode  Namakkal District 637 214,NAMAKKAL,SELF FINANCING COLLEGES TIER 3,EC,ELECTRONICS AND COMMUNICATION ENGINEERING,88.0,,,,,,,1,0,0,0,0,0,0
2633,Vidyaa Vikas College of Engineering and Technology  Varahoorampatti  Tiruchengode  Namakkal District 637 214,NAMAKKAL,SELF FINANCING COLLEGES TIER 3,EE,ELECTRICAL AND ELECTRONICS ENGINEERING,,,,,,,,0,0,0,0,0,0,0
2633,Vidyaa Vikas College of Engineering and Technology  Varahoorampatti  Tiruchengode  Namakkal District 637 214,NAMAKKAL,SELF FINANCING COLLEGES TIER 3,ME,MECHANICAL ENGINEERING,,,,,,,,0,0,0,0,0,0,0
2633,Vidyaa Vikas College of Engineering and Technology  Varahoorampatti  Tiruchengode  Namakkal District 637 214,NAMAKKAL,SELF FINANCING COLLEGES TIER 3,SC,Computer Science and Engineering (Cyber Security),131.0,,,,,,,1,0,0,0,0,0,0
2634,Excel Engineering College (Autonomous)  NH-544  Salem Main Road  Pallakapalayam  Sankari West Post  Komarapalayam Taluk  Namakkal District - 637303,NAMAKKAL,SELF FINANCING COLLEGES TIER 3,AD,ARTIFICIAL INTELLIGENCE AND DATA SCIENCE,144.0,117.0,115.0,123.0,102.0,106.0,,0,0,1,0,1,0,0
2634,Excel Engineering College (Autonomous)  NH-544  Salem Main Road  Pallakapalayam  Sankari West Post  Komarapalayam Taluk  Namakkal District - 637303,NAMAKKAL,SELF FINANCING COLLEGES TIER 3,AE,AERONAUTICAL ENGINEERING,125.5,91.0,,92.0,80.0,,,0,1,0,1,0,0,0
2634,Excel Engineering College (Autonomous)  NH-544  Salem Main Road  Pallakapalayam  Sankari West Post  Komarapalayam Taluk  Namakkal District - 637303,NAMAKKAL,SELF FINANCING COLLEGES TIER 3,AG,AGRICULTURAL ENGINEERING,124.5,105.0,,100.5,108.5,113.0,,0,1,0,1,1,0,0
2634,Excel Engineering College (Autonomous)  NH-544  Salem Main Road  Pallakapalayam  Sankari West Post  Komarapalayam Taluk  Namakkal District - 637303,NAMAKKAL,SELF FINANCING COLLEGES TIER 3,BM,BIO MEDICAL ENGINEERING,148.0,107.0,130.5,94.5,97.0,135.0,,0,1,0,0,0,0,0
2634,Excel Engineering College (Autonomous)  NH-544  Salem Main Road  Pallakapalayam  Sankari West Post  Komarapalayam Taluk  Namakkal District - 637303,NAMAKKAL,SELF FINANCING COLLEGES TIER 3,CB,COMPUTER SCIENCE AND BUSSINESS SYSTEM,157.0,101.5,151.0,115.0,90.5,99.5,,0,0,0,0,1,1,0
2634,Excel Engineering College (Autonomous)  NH-544  Salem Main Road  Pallakapalayam  Sankari West Post  Komarapalayam Taluk  Namakkal District - 637303,NAMAKKAL,SELF FINANCING COLLEGES TIER 3,CE,CIVIL  ENGINEERING,92.0,,,,,,,1,0,0,0,0,0,0
2634,Excel Engineering College (Autonomous)  NH-544  Salem Main Road  Pallakapalayam  Sankari West Post  Komarapalayam Taluk  Namakkal District - 637303,NAMAKKAL,SELF FINANCING COLLEGES TIER 3,CJ,M.Tech. Computer Science and Engineering (Integrated 5 years),122.5,97.0,,83.0,96.0,,,0,1,0,1,1,0,0
2634,Excel Engineering College (Autonomous)  NH-544  Salem Main Road  Pallakapalayam  Sankari West Post  Komarapalayam Taluk  Namakkal District - 637303,NAMAKKAL,SELF FINANCING COLLEGES TIER 3,CS,COMPUTER SCIENCE AND ENGINEERING,138.0,102.0,101.5,115.5,92.5,126.0,111.5,0,0,1,0,1,1,0
2634,Excel Engineering College (Autonomous)  NH-544  Salem Main Road  Pallakapalayam  Sankari West Post  Komarapalayam Taluk  Namakkal District - 637303,NAMAKKAL,SELF FINANCING COLLEGES TIER 3,EC,ELECTRONICS AND COMMUNICATION ENGINEERING,143.5,104.0,,112.5,85.5,120.5,,0,1,0,0,1,0,0
2634,Excel Engineering College (Autonomous)  NH-544  Salem Main Road  Pallakapalayam  Sankari West Post  Komarapalayam Taluk  Namakkal District - 637303,NAMAKKAL,SELF FINANCING COLLEGES TIER 3,EE,ELECTRICAL AND ELECTRONICS ENGINEERING,129.0,102.5,120.5,107.5,105.0,117.5,,0,1,1,0,1,1,0
2634,Excel Engineering College (Autonomous)  NH-544  Salem Main Road  Pallakapalayam  Sankari West Post  Komarapalayam Taluk  Namakkal District - 637303,NAMAKKAL,SELF FINANCING COLLEGES TIER 3,FD,FOOD TECHNOLOGY,138.0,90.5,,104.5,114.0,128.5,,0,0,0,0,1,0,0
2634,Excel Engineering College (Autonomous)  NH-544  Salem Main Road  Pallakapalayam  Sankari West Post  Komarapalayam Taluk  Namakkal District - 637303,NAMAKKAL,SELF FINANCING COLLEGES TIER 3,IT,INFORMATION TECHNOLOGY,153.0,110.5,100.5,127.0,91.0,126.0,,0,0,1,0,1,0,0
2634,Excel Engineering College (Autonomous)  NH-544  Salem Main Road  Pallakapalayam  Sankari West Post  Komarapalayam Taluk  Namakkal District - 637303,NAMAKKAL,SELF FINANCING COLLEGES TIER 3,ME,MECHANICAL ENGINEERING,113.0,92.5,,99.0,89.5,111.5,,0,1,0,0,0,0,0
2634,Excel Engineering College (Autonomous)  NH-544  Salem Main Road  Pallakapalayam  Sankari West Post  Komarapalayam Taluk  Namakkal District - 637303,NAMAKKAL,SELF FINANCING COLLEGES TIER 3,PC,PETRO CHEMICAL TECHNOLOGY,85.0,,,,,,,1,0,0,0,0,0,0
2634,Excel Engineering College (Autonomous)  NH-544  Salem Main Road  Pallakapalayam  Sankari West Post  Komarapalayam Taluk  Namakkal District - 637303,NAMAKKAL,SELF FINANCING COLLEGES TIER 3,SF,Safety and Fire Engineering,128.0,,,104.5,82.5,,105.5,0,0,0,0,0,0,0
2635,CMS College of Engineering  Emapuram Post  Namakkal District 637003,NAMAKKAL,SELF FINANCING COLLEGES TIER 3,AD,ARTIFICIAL INTELLIGENCE AND DATA SCIENCE,107.0,98.0,96.0,,,,,0,1,0,0,0,0,0
2635,CMS College of Engineering  Emapuram Post  Namakkal District 637003,NAMAKKAL,SELF FINANCING COLLEGES TIER 3,BM,BIO MEDICAL ENGINEERING,102.0,85.5,,,,,,0,1,0,0,0,0,0
2635,CMS College of Engineering  Emapuram Post  Namakkal District 637003,NAMAKKAL,SELF FINANCING COLLEGES TIER 3,CS,COMPUTER SCIENCE AND ENGINEERING,122.5,106.0,,115.0,,,,0,1,0,1,0,0,0
2635,CMS College of Engineering  Emapuram Post  Namakkal District 637003,NAMAKKAL,SELF FINANCING COLLEGES TIER 3,EC,ELECTRONICS AND COMMUNICATION ENGINEERING,123.0,107.5,,99.5,,,,0,1,0,1,0,0,0
2635,CMS College of Engineering  Emapuram Post  Namakkal District 637003,NAMAKKAL,SELF FINANCING COLLEGES TIER 3,EE,ELECTRICAL AND ELECTRONICS ENGINEERING,97.0,,,89.5,,,,0,0,0,1,0,0,0
2635,CMS College of Engineering  Emapuram Post  Namakkal District 637003,NAMAKKAL,SELF FINANCING COLLEGES TIER 3,ME,MECHANICAL ENGINEERING,127.0,,,,,,,1,0,0,0,0,0,0
2636,A V S Engineering College  Military Road  Ammapet  Salem District 636003,SALEM,SELF FINANCING COLLEGES TIER 3,AD,ARTIFICIAL INTELLIGENCE AND DATA SCIENCE,139.0,119.0,103.5,110.5,94.0,,108.0,0,0,0,0,0,0,0
2636,A V S Engineering College  Military Road  Ammapet  Salem District 636003,SALEM,SELF FINANCING COLLEGES TIER 3,BM,BIO MEDICAL ENGINEERING,127.0,103.5,,117.0,100.5,113.5,,0,1,0,0,0,0,0
2636,A V S Engineering College  Military Road  Ammapet  Salem District 636003,SALEM,SELF FINANCING COLLEGES TIER 3,CE,CIVIL  ENGINEERING,101.5,95.0,95.0,90.0,90.0,,,0,1,0,1,0,0,0
2636,A V S Engineering College  Military Road  Ammapet  Salem District 636003,SALEM,SELF FINANCING COLLEGES TIER 3,CS,COMPUTER SCIENCE AND ENGINEERING,131.5,110.0,123.0,113.5,90.0,119.5,,0,0,0,0,0,1,0
2636,A V S Engineering College  Military Road  Ammapet  Salem District 636003,SALEM,SELF FINANCING COLLEGES TIER 3,EC,ELECTRONICS AND COMMUNICATION ENGINEERING,132.0,100.5,96.0,116.5,102.0,91.0,109.0,0,0,0,0,0,0,0
2636,A V S Engineering College  Military Road  Ammapet  Salem District 636003,SALEM,SELF FINANCING COLLEGES TIER 3,EE,ELECTRICAL AND ELECTRONICS ENGINEERING,115.0,91.0,107.5,105.5,97.0,97.0,,0,1,0,0,0,1,0
2636,A V S Engineering College  Military Road  Ammapet  Salem District 636003,SALEM,SELF FINANCING COLLEGES TIER 3,IT,INFORMATION TECHNOLOGY,130.0,108.5,112.0,111.0,96.5,,,0,0,0,0,1,0,0
2636,A V S Engineering College  Military Road  Ammapet  Salem District 636003,SALEM,SELF FINANCING COLLEGES TIER 3,ME,MECHANICAL ENGINEERING,104.0,85.0,,81.0,87.0,88.0,,0,1,0,1,1,0,0
2638,Mahendra Engineering College for Women  Kumaramangalam  Namakkal District 637205,NAMAKKAL,SELF FINANCING COLLEGES TIER 1,CS,COMPUTER SCIENCE AND ENGINEERING,109.0,91.5,93.0,86.5,,94.5,,0,1,1,1,0,1,0
2638,Mahendra Engineering College for Women  Kumaramangalam  Namakkal District 637205,NAMAKKAL,SELF FINANCING COLLEGES TIER 1,EC,ELECTRONICS AND COMMUNICATION ENGINEERING,99.0,89.0,,84.5,,,91.0,0,1,0,1,0,0,0
2638,Mahendra Engineering College for Women  Kumaramangalam  Namakkal District 637205,NAMAKKAL,SELF FINANCING COLLEGES TIER 1,IT,INFORMATION TECHNOLOGY,132.5,118.0,,127.0,80.0,111.5,,0,1,0,1,1,0,0
2639,R P Sarathy Institute of Technology  Poosaripatty  Kadaympatty Taluk  Salem  Tamil Nadu-636305,SALEM,SELF FINANCING COLLEGES TIER 3,AD,ARTIFICIAL INTELLIGENCE AND DATA SCIENCE,144.5,113.5,94.5,132.0,96.5,113.0,,0,0,0,0,0,0,0
2639,R P Sarathy Institute of Technology  Poosaripatty  Kadaympatty Taluk  Salem  Tamil Nadu-636305,SALEM,SELF FINANCING COLLEGES TIER 3,CS,COMPUTER SCIENCE AND ENGINEERING,142.0,104.5,126.5,127.5,93.0,107.0,,0,0,0,0,1,1,0
2639,R P Sarathy Institute of Technology  Poosaripatty  Kadaympatty Taluk  Salem  Tamil Nadu-636305,SALEM,SELF FINANCING COLLEGES TIER 3,EC,ELECTRONICS AND COMMUNICATION ENGINEERING,137.5,115.5,120.0,129.0,97.5,,109.0,0,0,0,0,1,0,0
2639,R P Sarathy Institute of Technology  Poosaripatty  Kadaympatty Taluk  Salem  Tamil Nadu-636305,SALEM,SELF FINANCING COLLEGES TIER 3,EE,ELECTRICAL AND ELECTRONICS ENGINEERING,126.0,102.0,101.0,117.5,87.0,,,0,0,0,0,1,0,0
2639,R P Sarathy Institute of Technology  Poosaripatty  Kadaympatty Taluk  Salem  Tamil Nadu-636305,SALEM,SELF FINANCING COLLEGES TIER 3,IT,INFORMATION TECHNOLOGY,137.5,104.0,100.5,127.5,126.0,111.5,,0,0,0,0,1,0,0
2639,R P Sarathy Institute of Technology  Poosaripatty  Kadaympatty Taluk  Salem  Tamil Nadu-636305,SALEM,SELF FINANCING COLLEGES TIER 3,ME,MECHANICAL ENGINEERING,103.5,91.0,,81.0,102.5,,,0,1,0,1,1,0,0
2640,Jayalakshmi Institute of Technology  Thoppur  Dharmapuri District 635352,DHARMAPURI,SELF FINANCING COLLEGES TIER 3,AD,ARTIFICIAL INTELLIGENCE AND DATA SCIENCE,95.5,,,,,,,1,0,0,0,0,0,0
2640,Jayalakshmi Institute of Technology  Thoppur  Dharmapuri District 635352,DHARMAPURI,SELF FINANCING COLLEGES TIER 3,AG,AGRICULTURAL ENGINEERING,109.0,,,,,,,1,0,0,0,0,0,0
2640,Jayalakshmi Institute of Technology  Thoppur  Dharmapuri District 635352,DHARMAPURI,SELF FINANCING COLLEGES TIER 3,CE,CIVIL  ENGINEERING,109.5,,,,,,,1,0,0,0,0,0,0
2640,Jayalakshmi Institute of Technology  Thoppur  Dharmapuri District 635352,DHARMAPURI,SELF FINANCING COLLEGES TIER 3,CS,COMPUTER SCIENCE AND ENGINEERING,80.0,,,,,,,1,0,0,0,0,0,0
2640,Jayalakshmi Institute of Technology  Thoppur  Dharmapuri District 635352,DHARMAPURI,SELF FINANCING COLLEGES TIER 3,EC,ELECTRONICS AND COMMUNICATION ENGINEERING,87.0,,,,,,,1,0,0,0,0,0,0
2640,Jayalakshmi Institute of Technology  Thoppur  Dharmapuri District 635352,DHARMAPURI,SELF FINANCING COLLEGES TIER 3,EE,ELECTRICAL AND ELECTRONICS ENGINEERING,95.0,,,,,,,1,0,0,0,0,0,0
2640,Jayalakshmi Institute of Technology  Thoppur  Dharmapuri District 635352,DHARMAPURI,SELF FINANCING COLLEGES TIER 3,IT,INFORMATION TECHNOLOGY,117.0,,,,,,,1,0,0,0,0,0,0
2640,Jayalakshmi Institute of Technology  Thoppur  Dharmapuri District 635352,DHARMAPURI,SELF FINANCING COLLEGES TIER 3,ME,MECHANICAL ENGINEERING,107.5,,,,,,,1,0,0,0,0,0,0
2641,Varuvan Vadivelan Institute of Technology  Nallanahalli  Dharmapuri District 636701,DHARMAPURI,SELF FINANCING COLLEGES TIER 3,AD,ARTIFICIAL INTELLIGENCE AND DATA SCIENCE,106.0,91.0,,103.5,,,,0,1,0,1,0,0,0
2641,Varuvan Vadivelan Institute of Technology  Nallanahalli  Dharmapuri District 636701,DHARMAPURI,SELF FINANCING COLLEGES TIER 3,CE,CIVIL  ENGINEERING,91.0,,,,,,,1,0,0,0,0,0,0
2641,Varuvan Vadivelan Institute of Technology  Nallanahalli  Dharmapuri District 636701,DHARMAPURI,SELF FINANCING COLLEGES TIER 3,CS,COMPUTER SCIENCE AND ENGINEERING,99.5,,,87.0,,,,0,0,0,1,0,0,0
2641,Varuvan Vadivelan Institute of Technology  Nallanahalli  Dharmapuri District 636701,DHARMAPURI,SELF FINANCING COLLEGES TIER 3,EC,ELECTRONICS AND COMMUNICATION ENGINEERING,89.5,,,,,,,0,0,0,0,0,0,0
2641,Varuvan Vadivelan Institute of Technology  Nallanahalli  Dharmapuri District 636701,DHARMAPURI,SELF FINANCING COLLEGES TIER 3,EE,ELECTRICAL AND ELECTRONICS ENGINEERING,95.0,,,,,,,1,0,0,0,0,0,0
2641,Varuvan Vadivelan Institute of Technology  Nallanahalli  Dharmapuri District 636701,DHARMAPURI,SELF FINANCING COLLEGES TIER 3,IT,INFORMATION TECHNOLOGY,89.0,,,,,,,1,0,0,0,0,0,0
2641,Varuvan Vadivelan Institute of Technology  Nallanahalli  Dharmapuri District 636701,DHARMAPURI,SELF FINANCING COLLEGES TIER 3,ME,MECHANICAL ENGINEERING,94.0,,,,,,,1,0,0,0,0,0,0
2642,P S V College of Engineeering and Technology  Mittapalli  Balinayanapalli Post  Elathagiri  Krishnagiri District 635108,KRISHNAGIRI,SELF FINANCING COLLEGES TIER 3,AD,ARTIFICIAL INTELLIGENCE AND DATA SCIENCE,140.0,112.0,131.0,125.0,90.0,99.0,,0,1,0,0,0,1,0
2642,P S V College of Engineeering and Technology  Mittapalli  Balinayanapalli Post  Elathagiri  Krishnagiri District 635108,KRISHNAGIRI,SELF FINANCING COLLEGES TIER 3,BM,BIO MEDICAL ENGINEERING,113.0,103.5,,93.5,,,,0,1,0,0,0,0,0
2642,P S V College of Engineeering and Technology  Mittapalli  Balinayanapalli Post  Elathagiri  Krishnagiri District 635108,KRISHNAGIRI,SELF FINANCING COLLEGES TIER 3,CE,CIVIL  ENGINEERING,96.5,95.5,,86.5,,,,0,1,0,1,0,0,0
2642,P S V College of Engineeering and Technology  Mittapalli  Balinayanapalli Post  Elathagiri  Krishnagiri District 635108,KRISHNAGIRI,SELF FINANCING COLLEGES TIER 3,CS,COMPUTER SCIENCE AND ENGINEERING,140.5,106.0,103.0,122.0,87.5,,88.5,0,0,0,0,0,0,0
2642,P S V College of Engineeering and Technology  Mittapalli  Balinayanapalli Post  Elathagiri  Krishnagiri District 635108,KRISHNAGIRI,SELF FINANCING COLLEGES TIER 3,EC,ELECTRONICS AND COMMUNICATION ENGINEERING,135.5,93.5,130.5,122.0,93.0,,,0,0,0,0,1,0,0
2642,P S V College of Engineeering and Technology  Mittapalli  Balinayanapalli Post  Elathagiri  Krishnagiri District 635108,KRISHNAGIRI,SELF FINANCING COLLEGES TIER 3,EE,ELECTRICAL AND ELECTRONICS ENGINEERING,111.5,90.0,99.5,98.0,,,,0,1,1,0,0,0,0
2642,P S V College of Engineeering and Technology  Mittapalli  Balinayanapalli Post  Elathagiri  Krishnagiri District 635108,KRISHNAGIRI,SELF FINANCING COLLEGES TIER 3,IT,INFORMATION TECHNOLOGY,133.0,97.5,128.0,121.0,88.5,131.0,,0,1,0,0,0,1,0
2642,P S V College of Engineeering and Technology  Mittapalli  Balinayanapalli Post  Elathagiri  Krishnagiri District 635108,KRISHNAGIRI,SELF FINANCING COLLEGES TIER 3,ME,MECHANICAL ENGINEERING,94.5,87.0,94.0,87.0,82.0,,,0,1,1,1,1,0,0
2643,Bharathiyar Institute of Engineering for Women  Deviayakurichi  Attur Taluk  Salem District 636112,SALEM,SELF FINANCING COLLEGES TIER 3,AD,ARTIFICIAL INTELLIGENCE AND DATA SCIENCE,134.5,80.0,101.0,87.0,105.5,95.0,,0,1,1,1,1,0,0
2643,Bharathiyar Institute of Engineering for Women  Deviayakurichi  Attur Taluk  Salem District 636112,SALEM,SELF FINANCING COLLEGES TIER 3,CS,COMPUTER SCIENCE AND ENGINEERING,132.0,88.5,98.0,91.5,93.0,99.0,,0,1,1,1,0,1,0
2643,Bharathiyar Institute of Engineering for Women  Deviayakurichi  Attur Taluk  Salem District 636112,SALEM,SELF FINANCING COLLEGES TIER 3,EC,ELECTRONICS AND COMMUNICATION ENGINEERING,107.5,103.5,,85.0,84.0,106.5,,0,1,0,1,1,0,0
2643,Bharathiyar Institute of Engineering for Women  Deviayakurichi  Attur Taluk  Salem District 636112,SALEM,SELF FINANCING COLLEGES TIER 3,EE,ELECTRICAL AND ELECTRONICS ENGINEERING,,,,,,,,0,0,0,0,0,0,0
2646,Tagore Institute of Engineering and Technology  Deviyakurichi  Attur Taluk  Salem District 636112,SALEM,SELF FINANCING COLLEGES TIER 3,AD,ARTIFICIAL INTELLIGENCE AND DATA SCIENCE,124.0,111.0,99.5,104.5,85.5,,,0,1,1,1,1,0,0
2646,Tagore Institute of Engineering and Technology  Deviyakurichi  Attur Taluk  Salem District 636112,SALEM,SELF FINANCING COLLEGES TIER 3,AM,COMPUTER SCIENCE AND ENGINEERING (ARTIFICIAL INTELLIGENCE AND MACHINE LEARNING),85.0,,,,,,,0,0,0,0,0,0,0
2646,Tagore Institute of Engineering and Technology  Deviyakurichi  Attur Taluk  Salem District 636112,SALEM,SELF FINANCING COLLEGES TIER 3,CE,CIVIL  ENGINEERING,87.0,,,,,,,1,0,0,0,0,0,0
2646,Tagore Institute of Engineering and Technology  Deviyakurichi  Attur Taluk  Salem District 636112,SALEM,SELF FINANCING COLLEGES TIER 3,CS,COMPUTER SCIENCE AND ENGINEERING,132.5,99.5,,98.5,106.0,,,0,1,0,1,1,0,0
2646,Tagore Institute of Engineering and Technology  Deviyakurichi  Attur Taluk  Salem District 636112,SALEM,SELF FINANCING COLLEGES TIER 3,EC,ELECTRONICS AND COMMUNICATION ENGINEERING,83.0,,,,,,,1,0,0,0,0,0,0
2646,Tagore Institute of Engineering and Technology  Deviyakurichi  Attur Taluk  Salem District 636112,SALEM,SELF FINANCING COLLEGES TIER 3,EE,ELECTRICAL AND ELECTRONICS ENGINEERING,81.0,,,,,,,1,0,0,0,0,0,0
2646,Tagore Institute of Engineering and Technology  Deviyakurichi  Attur Taluk  Salem District 636112,SALEM,SELF FINANCING COLLEGES TIER 3,ME,MECHANICAL ENGINEERING,83.0,,,,,,,1,0,0,0,0,0,0
2647,J K K Nataraja College of Engineering and Technology  Komarapalayam Amani  Thattankuttai Panchayat  Namakkal District 638183,NAMAKKAL,SELF FINANCING COLLEGES TIER 3,CS,COMPUTER SCIENCE AND ENGINEERING,120.999999999999,107.5,,101.5,93.0,103.0,,0,1,0,0,1,1,0
2647,J K K Nataraja College of Engineering and Technology  Komarapalayam Amani  Thattankuttai Panchayat  Namakkal District 638183,NAMAKKAL,SELF FINANCING COLLEGES TIER 3,EC,ELECTRONICS AND COMMUNICATION ENGINEERING,87.0,,,,,,,1,0,0,0,0,0,0
2647,J K K Nataraja College of Engineering and Technology  Komarapalayam Amani  Thattankuttai Panchayat  Namakkal District 638183,NAMAKKAL,SELF FINANCING COLLEGES TIER 3,EE,ELECTRICAL AND ELECTRONICS ENGINEERING,88.0,,,,,,,1,0,0,0,0,0,0
2647,J K K Nataraja College of Engineering and Technology  Komarapalayam Amani  Thattankuttai Panchayat  Namakkal District 638183,NAMAKKAL,SELF FINANCING COLLEGES TIER 3,IT,INFORMATION TECHNOLOGY,110.5,97.5,,85.5,85.0,92.5,,0,1,0,1,1,0,0
2647,J K K Nataraja College of Engineering and Technology  Komarapalayam Amani  Thattankuttai Panchayat  Namakkal District 638183,NAMAKKAL,SELF FINANCING COLLEGES TIER 3,ME,MECHANICAL ENGINEERING,85.0,,,,,,,1,0,0,0,0,0,0
2648,Annapoorana Engineering College (Autonomous)  Sankari Main Road  NH-47  Periaseeragapadi  Salem District 636308,SALEM,SELF FINANCING COLLEGES TIER 3,AD,ARTIFICIAL INTELLIGENCE AND DATA SCIENCE,124.5,104.0,89.0,101.5,99.5,101.5,,0,1,1,0,1,0,0
2648,Annapoorana Engineering College (Autonomous)  Sankari Main Road  NH-47  Periaseeragapadi  Salem District 636308,SALEM,SELF FINANCING COLLEGES TIER 3,AU,AUTOMOBILE ENGINEERING,80.0,,,,,,,1,0,0,0,0,0,0
2648,Annapoorana Engineering College (Autonomous)  Sankari Main Road  NH-47  Periaseeragapadi  Salem District 636308,SALEM,SELF FINANCING COLLEGES TIER 3,BM,BIO MEDICAL ENGINEERING,116.5,82.5,,91.0,98.0,102.5,,0,1,0,1,1,1,0
2648,Annapoorana Engineering College (Autonomous)  Sankari Main Road  NH-47  Periaseeragapadi  Salem District 636308,SALEM,SELF FINANCING COLLEGES TIER 3,CE,CIVIL  ENGINEERING,87.5,,,,,,,1,0,0,0,0,0,0
2648,Annapoorana Engineering College (Autonomous)  Sankari Main Road  NH-47  Periaseeragapadi  Salem District 636308,SALEM,SELF FINANCING COLLEGES TIER 3,CS,COMPUTER SCIENCE AND ENGINEERING,127.0,96.0,105.0,117.0,97.5,,,0,1,0,0,0,0,0
2648,Annapoorana Engineering College (Autonomous)  Sankari Main Road  NH-47  Periaseeragapadi  Salem District 636308,SALEM,SELF FINANCING COLLEGES TIER 3,EC,ELECTRONICS AND COMMUNICATION ENGINEERING,116.5,96.5,,105.5,93.0,94.0,116.5,0,1,0,0,0,0,0
2648,Annapoorana Engineering College (Autonomous)  Sankari Main Road  NH-47  Periaseeragapadi  Salem District 636308,SALEM,SELF FINANCING COLLEGES TIER 3,EE,ELECTRICAL AND ELECTRONICS ENGINEERING,102.5,88.0,,85.0,90.0,91.0,,0,1,0,1,1,0,0
2648,Annapoorana Engineering College (Autonomous)  Sankari Main Road  NH-47  Periaseeragapadi  Salem District 636308,SALEM,SELF FINANCING COLLEGES TIER 3,IT,INFORMATION TECHNOLOGY,128.0,104.0,,108.5,105.5,97.5,108.5,0,1,0,0,0,1,0
2648,Annapoorana Engineering College (Autonomous)  Sankari Main Road  NH-47  Periaseeragapadi  Salem District 636308,SALEM,SELF FINANCING COLLEGES TIER 3,ME,MECHANICAL ENGINEERING,88.0,,,86.0,80.0,,,0,0,0,1,1,0,0
2650,Christ The King Engineering College  Cecilia Gardens  Chikkarampalayam Village  Coimbatore District 641104,COIMBATORE,SELF FINANCING COLLEGES TIER 3,AD,ARTIFICIAL INTELLIGENCE AND DATA SCIENCE,123.0,101.5,96.5,82.0,92.0,110.0,,0,0,1,0,0,0,0
2650,Christ The King Engineering College  Cecilia Gardens  Chikkarampalayam Village  Coimbatore District 641104,COIMBATORE,SELF FINANCING COLLEGES TIER 3,CE,CIVIL  ENGINEERING,123.5,,,,,,,1,0,0,0,0,0,0
2650,Christ The King Engineering College  Cecilia Gardens  Chikkarampalayam Village  Coimbatore District 641104,COIMBATORE,SELF FINANCING COLLEGES TIER 3,CS,COMPUTER SCIENCE AND ENGINEERING,143.5,99.5,100.5,100.0,110.0,116.5,,0,0,0,0,0,0,0
2650,Christ The King Engineering College  Cecilia Gardens  Chikkarampalayam Village  Coimbatore District 641104,COIMBATORE,SELF FINANCING COLLEGES TIER 3,EC,ELECTRONICS AND COMMUNICATION ENGINEERING,111.0,82.0,,93.5,83.5,,110.5,0,1,0,1,0,0,0
2650,Christ The King Engineering College  Cecilia Gardens  Chikkarampalayam Village  Coimbatore District 641104,COIMBATORE,SELF FINANCING COLLEGES TIER 3,EE,ELECTRICAL AND ELECTRONICS ENGINEERING,91.0,87.5,,,80.5,,,0,1,0,0,1,0,0
2650,Christ The King Engineering College  Cecilia Gardens  Chikkarampalayam Village  Coimbatore District 641104,COIMBATORE,SELF FINANCING COLLEGES TIER 3,IT,INFORMATION TECHNOLOGY,119.5,98.5,94.0,88.0,97.0,102.5,,0,0,1,1,0,0,0
2650,Christ The King Engineering College  Cecilia Gardens  Chikkarampalayam Village  Coimbatore District 641104,COIMBATORE,SELF FINANCING COLLEGES TIER 3,ME,MECHANICAL ENGINEERING,89.0,,,,,,,1,0,0,0,0,0,0
2651,Jai Shriram Engineering College  Dharapuram Road  Avinashi Palayam  Tiruppur District 638660,TIRUPPUR,SELF FINANCING COLLEGES TIER 3,AD,ARTIFICIAL INTELLIGENCE AND DATA SCIENCE,145.5,125.5,122.0,115.0,99.0,123.0,,0,0,1,0,1,0,0
2651,Jai Shriram Engineering College  Dharapuram Road  Avinashi Palayam  Tiruppur District 638660,TIRUPPUR,SELF FINANCING COLLEGES TIER 3,CE,CIVIL  ENGINEERING,123.0,91.0,,90.5,,90.0,,0,0,0,1,0,0,0
2651,Jai Shriram Engineering College  Dharapuram Road  Avinashi Palayam  Tiruppur District 638660,TIRUPPUR,SELF FINANCING COLLEGES TIER 3,CS,COMPUTER SCIENCE AND ENGINEERING,139.5,117.5,130.5,98.0,93.5,130.5,,0,0,1,0,1,1,0
2651,Jai Shriram Engineering College  Dharapuram Road  Avinashi Palayam  Tiruppur District 638660,TIRUPPUR,SELF FINANCING COLLEGES TIER 3,EC,ELECTRONICS AND COMMUNICATION ENGINEERING,140.0,112.0,,108.0,95.5,116.0,,0,0,0,0,1,0,0
2651,Jai Shriram Engineering College  Dharapuram Road  Avinashi Palayam  Tiruppur District 638660,TIRUPPUR,SELF FINANCING COLLEGES TIER 3,EE,ELECTRICAL AND ELECTRONICS ENGINEERING,110.0,91.5,92.0,100.0,95.5,,,0,0,1,1,1,0,0
2651,Jai Shriram Engineering College  Dharapuram Road  Avinashi Palayam  Tiruppur District 638660,TIRUPPUR,SELF FINANCING COLLEGES TIER 3,FT,FASHION TECHNOLOGY,119.5,99.5,,98.5,116.5,111.0,,0,1,0,1,1,1,0
2651,Jai Shriram Engineering College  Dharapuram Road  Avinashi Palayam  Tiruppur District 638660,TIRUPPUR,SELF FINANCING COLLEGES TIER 3,ME,MECHANICAL ENGINEERING,109.5,95.0,,89.0,98.5,99.0,,0,1,0,1,1,0,0
2652,AL-Ameen Engineering College (Autonomous)  Karundevan Palayam  Nanjai Uthukuli Post  Erode District 638104,ERODE,SELF FINANCING COLLEGES TIER 3,AD,ARTIFICIAL INTELLIGENCE AND DATA SCIENCE,107.5,105.0,106.0,,,93.0,,0,1,0,0,0,0,0
2652,AL-Ameen Engineering College (Autonomous)  Karundevan Palayam  Nanjai Uthukuli Post  Erode District 638104,ERODE,SELF FINANCING COLLEGES TIER 3,CS,COMPUTER SCIENCE AND ENGINEERING,100.0,,94.5,85.5,,,,0,0,0,1,0,0,0
2652,AL-Ameen Engineering College (Autonomous)  Karundevan Palayam  Nanjai Uthukuli Post  Erode District 638104,ERODE,SELF FINANCING COLLEGES TIER 3,EC,ELECTRONICS AND COMMUNICATION ENGINEERING,107.5,91.0,106.0,,,,,0,1,0,0,0,0,0
2652,AL-Ameen Engineering College (Autonomous)  Karundevan Palayam  Nanjai Uthukuli Post  Erode District 638104,ERODE,SELF FINANCING COLLEGES TIER 3,EE,ELECTRICAL AND ELECTRONICS ENGINEERING,89.0,,89.0,,,,,0,0,0,0,0,0,0
2652,AL-Ameen Engineering College (Autonomous)  Karundevan Palayam  Nanjai Uthukuli Post  Erode District 638104,ERODE,SELF FINANCING COLLEGES TIER 3,IT,INFORMATION TECHNOLOGY,110.0,,108.5,92.5,,,,0,0,0,1,0,0,0
2652,AL-Ameen Engineering College (Autonomous)  Karundevan Palayam  Nanjai Uthukuli Post  Erode District 638104,ERODE,SELF FINANCING COLLEGES TIER 3,ME,MECHANICAL ENGINEERING,96.5,,,,,,,1,0,0,0,0,0,0
2653,Knowledge Institute of Technology   (Autonomous) KIOT Campus  Kakapalayam Post  Salem District 637504,SALEM,SELF FINANCING COLLEGES TIER 3,AD,ARTIFICIAL INTELLIGENCE AND DATA SCIENCE,162.0,150.5,158.5,144.5,108.5,108.0,,0,0,0,0,0,0,0
2653,Knowledge Institute of Technology   (Autonomous) KIOT Campus  Kakapalayam Post  Salem District 637504,SALEM,SELF FINANCING COLLEGES TIER 3,CB,COMPUTER SCIENCE AND BUSSINESS SYSTEM,156.5,145.0,,138.5,98.0,,,0,0,0,0,1,0,0
2653,Knowledge Institute of Technology   (Autonomous) KIOT Campus  Kakapalayam Post  Salem District 637504,SALEM,SELF FINANCING COLLEGES TIER 3,CE,CIVIL  ENGINEERING,136.0,104.5,,121.5,94.0,100.5,,0,0,0,0,1,0,0
2653,Knowledge Institute of Technology   (Autonomous) KIOT Campus  Kakapalayam Post  Salem District 637504,SALEM,SELF FINANCING COLLEGES TIER 3,CS,COMPUTER SCIENCE AND ENGINEERING,170.5,157.0,142.5,150.0,109.0,113.0,117.5,0,0,0,0,1,0,0
2653,Knowledge Institute of Technology   (Autonomous) KIOT Campus  Kakapalayam Post  Salem District 637504,SALEM,SELF FINANCING COLLEGES TIER 3,EC,ELECTRONICS AND COMMUNICATION ENGINEERING,165.0,151.5,141.5,148.5,96.0,102.5,,0,0,0,0,1,1,0
2653,Knowledge Institute of Technology   (Autonomous) KIOT Campus  Kakapalayam Post  Salem District 637504,SALEM,SELF FINANCING COLLEGES TIER 3,EE,ELECTRICAL AND ELECTRONICS ENGINEERING,155.0,144.0,132.5,137.5,102.5,,,0,0,0,0,1,0,0
2653,Knowledge Institute of Technology   (Autonomous) KIOT Campus  Kakapalayam Post  Salem District 637504,SALEM,SELF FINANCING COLLEGES TIER 3,IT,INFORMATION TECHNOLOGY,164.0,152.5,141.0,150.5,107.5,,123.0,0,0,0,0,1,0,0
2653,Knowledge Institute of Technology   (Autonomous) KIOT Campus  Kakapalayam Post  Salem District 637504,SALEM,SELF FINANCING COLLEGES TIER 3,ME,MECHANICAL ENGINEERING,134.5,126.0,117.5,115.0,,,,0,0,1,0,0,0,0
2656,Builders Engineering college  Nathakadaiyur  Erode Road  Palayakottai Village  Kangeyam  Tiruppur District 638108,TIRUPPUR,SELF FINANCING COLLEGES TIER 3,AD,ARTIFICIAL INTELLIGENCE AND DATA SCIENCE,177.5,119.5,129.0,142.0,128.0,,,0,0,0,0,1,0,0
2656,Builders Engineering college  Nathakadaiyur  Erode Road  Palayakottai Village  Kangeyam  Tiruppur District 638108,TIRUPPUR,SELF FINANCING COLLEGES TIER 3,CE,CIVIL  ENGINEERING,125.5,106.0,,111.0,94.5,111.5,118.0,0,0,0,0,1,1,0
2656,Builders Engineering college  Nathakadaiyur  Erode Road  Palayakottai Village  Kangeyam  Tiruppur District 638108,TIRUPPUR,SELF FINANCING COLLEGES TIER 3,CS,COMPUTER SCIENCE AND ENGINEERING,166.0,145.0,101.5,141.5,109.5,164.0,,0,0,0,0,1,0,0
2656,Builders Engineering college  Nathakadaiyur  Erode Road  Palayakottai Village  Kangeyam  Tiruppur District 638108,TIRUPPUR,SELF FINANCING COLLEGES TIER 3,EC,ELECTRONICS AND COMMUNICATION ENGINEERING,150.5,133.0,,131.5,93.0,,,0,0,0,0,1,0,0
2656,Builders Engineering college  Nathakadaiyur  Erode Road  Palayakottai Village  Kangeyam  Tiruppur District 638108,TIRUPPUR,SELF FINANCING COLLEGES TIER 3,EE,ELECTRICAL AND ELECTRONICS ENGINEERING,140.5,124.0,128.0,117.5,111.5,118.0,,0,0,0,0,0,0,0
2656,Builders Engineering college  Nathakadaiyur  Erode Road  Palayakottai Village  Kangeyam  Tiruppur District 638108,TIRUPPUR,SELF FINANCING COLLEGES TIER 3,ME,MECHANICAL ENGINEERING,124.0,94.5,94.0,112.0,80.0,112.5,,0,0,0,0,0,1,0
2658,V S A Group of Institutions  NH-47  Uthamasola Puram Post  Salem District 636010,SALEM,SELF FINANCING COLLEGES TIER 3,BM,BIO MEDICAL ENGINEERING,87.0,,,,,,,1,0,0,0,0,0,0
2658,V S A Group of Institutions  NH-47  Uthamasola Puram Post  Salem District 636010,SALEM,SELF FINANCING COLLEGES TIER 3,CE,CIVIL  ENGINEERING,81.0,,,,,,,1,0,0,0,0,0,0
2658,V S A Group of Institutions  NH-47  Uthamasola Puram Post  Salem District 636010,SALEM,SELF FINANCING COLLEGES TIER 3,CS,COMPUTER SCIENCE AND ENGINEERING,91.0,,,,,,,1,0,0,0,0,0,0
2658,V S A Group of Institutions  NH-47  Uthamasola Puram Post  Salem District 636010,SALEM,SELF FINANCING COLLEGES TIER 3,EC,ELECTRONICS AND COMMUNICATION ENGINEERING,82.5,,,,,,,1,0,0,0,0,0,0
2658,V S A Group of Institutions  NH-47  Uthamasola Puram Post  Salem District 636010,SALEM,SELF FINANCING COLLEGES TIER 3,EE,ELECTRICAL AND ELECTRONICS ENGINEERING,,,,,,,,0,0,0,0,0,0,0
2658,V S A Group of Institutions  NH-47  Uthamasola Puram Post  Salem District 636010,SALEM,SELF FINANCING COLLEGES TIER 3,IT,INFORMATION TECHNOLOGY,105.5,,,,,,,1,0,0,0,0,0,0
2658,V S A Group of Institutions  NH-47  Uthamasola Puram Post  Salem District 636010,SALEM,SELF FINANCING COLLEGES TIER 3,ME,MECHANICAL ENGINEERING,97.0,,,,,,,1,0,0,0,0,0,0
2659,Salem College of Engineering and Technology  Salem-Attur Main Road  NH-68  Mettupatty Perumapalayam  Salem District 636111,SALEM,SELF FINANCING COLLEGES TIER 3,AD,ARTIFICIAL INTELLIGENCE AND DATA SCIENCE,131.0,95.5,,94.0,92.0,,,0,1,0,0,0,0,0
2659,Salem College of Engineering and Technology  Salem-Attur Main Road  NH-68  Mettupatty Perumapalayam  Salem District 636111,SALEM,SELF FINANCING COLLEGES TIER 3,BM,BIO MEDICAL ENGINEERING,119.5,112.5,90.5,87.5,112.5,,,0,1,0,0,1,0,0
2659,Salem College of Engineering and Technology  Salem-Attur Main Road  NH-68  Mettupatty Perumapalayam  Salem District 636111,SALEM,SELF FINANCING COLLEGES TIER 3,BT,BIO TECHNOLOGY,134.0,98.5,,116.0,114.0,113.5,,0,0,0,0,0,0,0
2659,Salem College of Engineering and Technology  Salem-Attur Main Road  NH-68  Mettupatty Perumapalayam  Salem District 636111,SALEM,SELF FINANCING COLLEGES TIER 3,CE,CIVIL  ENGINEERING,118.5,,,,,,,1,0,0,0,0,0,0
2659,Salem College of Engineering and Technology  Salem-Attur Main Road  NH-68  Mettupatty Perumapalayam  Salem District 636111,SALEM,SELF FINANCING COLLEGES TIER 3,CS,COMPUTER SCIENCE AND ENGINEERING,126.0,83.0,113.0,96.5,92.5,97.5,,0,1,0,1,0,0,0
2659,Salem College of Engineering and Technology  Salem-Attur Main Road  NH-68  Mettupatty Perumapalayam  Salem District 636111,SALEM,SELF FINANCING COLLEGES TIER 3,EC,ELECTRONICS AND COMMUNICATION ENGINEERING,117.0,93.0,87.0,89.5,111.0,,104.5,0,0,1,1,1,0,0
2659,Salem College of Engineering and Technology  Salem-Attur Main Road  NH-68  Mettupatty Perumapalayam  Salem District 636111,SALEM,SELF FINANCING COLLEGES TIER 3,EE,ELECTRICAL AND ELECTRONICS ENGINEERING,98.0,,,89.5,97.5,,,0,0,0,1,1,0,0
2659,Salem College of Engineering and Technology  Salem-Attur Main Road  NH-68  Mettupatty Perumapalayam  Salem District 636111,SALEM,SELF FINANCING COLLEGES TIER 3,IT,INFORMATION TECHNOLOGY,121.5,93.5,117.0,85.5,105.0,117.5,,0,1,0,0,1,0,0
2659,Salem College of Engineering and Technology  Salem-Attur Main Road  NH-68  Mettupatty Perumapalayam  Salem District 636111,SALEM,SELF FINANCING COLLEGES TIER 3,ME,MECHANICAL ENGINEERING,100.5,80.0,,86.0,,,99.5,0,1,0,1,0,0,0
2661,Vivekanandha College of Technology for Women  Sathinaickenpalayam  Elayampalayam Village  Kumaramangalam  Namakkal District 637205,NAMAKKAL,SELF FINANCING COLLEGES TIER 3,AD,ARTIFICIAL INTELLIGENCE AND DATA SCIENCE,161.0,137.0,133.0,142.0,96.5,159.9,,0,0,0,0,1,0,0
2661,Vivekanandha College of Technology for Women  Sathinaickenpalayam  Elayampalayam Village  Kumaramangalam  Namakkal District 637205,NAMAKKAL,SELF FINANCING COLLEGES TIER 3,AG,AGRICULTURAL ENGINEERING,147.5,100.0,,127.0,114.0,126.0,,0,0,0,0,0,0,0
2661,Vivekanandha College of Technology for Women  Sathinaickenpalayam  Elayampalayam Village  Kumaramangalam  Namakkal District 637205,NAMAKKAL,SELF FINANCING COLLEGES TIER 3,CE,CIVIL  ENGINEERING,123.0,108.5,,99.0,101.5,105.0,,0,1,0,0,0,0,0
2661,Vivekanandha College of Technology for Women  Sathinaickenpalayam  Elayampalayam Village  Kumaramangalam  Namakkal District 637205,NAMAKKAL,SELF FINANCING COLLEGES TIER 3,CS,COMPUTER SCIENCE AND ENGINEERING,156.5,138.0,118.5,136.0,102.5,120.0,,0,0,1,0,1,1,0
2661,Vivekanandha College of Technology for Women  Sathinaickenpalayam  Elayampalayam Village  Kumaramangalam  Namakkal District 637205,NAMAKKAL,SELF FINANCING COLLEGES TIER 3,EC,ELECTRONICS AND COMMUNICATION ENGINEERING,162.0,137.5,152.5,135.0,125.5,138.5,,0,0,0,0,0,0,0
2661,Vivekanandha College of Technology for Women  Sathinaickenpalayam  Elayampalayam Village  Kumaramangalam  Namakkal District 637205,NAMAKKAL,SELF FINANCING COLLEGES TIER 3,IT,INFORMATION TECHNOLOGY,149.5,144.5,119.5,140.5,109.0,134.0,,0,0,0,0,1,0,0
2673,Sree Sakthi Engineering College  Bettathapuram  Bilichi Village  Karamadai  Coimbatore District 641104,COIMBATORE,SELF FINANCING COLLEGES TIER 3,AM,COMPUTER SCIENCE AND ENGINEERING (ARTIFICIAL INTELLIGENCE AND MACHINE LEARNING),143.5,126.5,117.5,111.5,134.0,140.0,,0,0,0,0,0,0,0
2673,Sree Sakthi Engineering College  Bettathapuram  Bilichi Village  Karamadai  Coimbatore District 641104,COIMBATORE,SELF FINANCING COLLEGES TIER 3,CE,CIVIL  ENGINEERING,112.0,94.0,,95.0,100.5,110.5,,0,0,0,0,0,0,0
2673,Sree Sakthi Engineering College  Bettathapuram  Bilichi Village  Karamadai  Coimbatore District 641104,COIMBATORE,SELF FINANCING COLLEGES TIER 3,CS,COMPUTER SCIENCE AND ENGINEERING,152.0,140.0,112.0,116.0,124.0,103.0,130.5,0,0,0,0,0,0,0
2673,Sree Sakthi Engineering College  Bettathapuram  Bilichi Village  Karamadai  Coimbatore District 641104,COIMBATORE,SELF FINANCING COLLEGES TIER 3,EC,ELECTRONICS AND COMMUNICATION ENGINEERING,138.0,116.5,92.0,108.5,108.0,126.5,131.5,0,0,0,0,0,0,0
2673,Sree Sakthi Engineering College  Bettathapuram  Bilichi Village  Karamadai  Coimbatore District 641104,COIMBATORE,SELF FINANCING COLLEGES TIER 3,EE,ELECTRICAL AND ELECTRONICS ENGINEERING,119.0,107.0,,104.5,103.0,,,0,0,0,0,0,0,0
2673,Sree Sakthi Engineering College  Bettathapuram  Bilichi Village  Karamadai  Coimbatore District 641104,COIMBATORE,SELF FINANCING COLLEGES TIER 3,IT,INFORMATION TECHNOLOGY,145.0,123.0,114.0,110.5,100.0,108.0,,0,0,0,0,0,0,0
2673,Sree Sakthi Engineering College  Bettathapuram  Bilichi Village  Karamadai  Coimbatore District 641104,COIMBATORE,SELF FINANCING COLLEGES TIER 3,ME,MECHANICAL ENGINEERING,110.0,98.5,88.5,97.5,97.5,107.0,,0,0,0,0,0,0,0
2673,Sree Sakthi Engineering College  Bettathapuram  Bilichi Village  Karamadai  Coimbatore District 641104,COIMBATORE,SELF FINANCING COLLEGES TIER 3,SC,Computer Science and Engineering (Cyber Security),142.5,130.5,129.5,110.0,100.0,102.5,,0,0,0,0,0,0,0
2683,Shreenivasa Engineering College  B Pallipatti  Bommidi  Pappireddipatti Taluk  Dharmapuri District 635301,DHARMAPURI,SELF FINANCING COLLEGES TIER 3,AD,ARTIFICIAL INTELLIGENCE AND DATA SCIENCE,106.0,89.0,,91.0,,,,0,1,0,1,0,0,0
2683,Shreenivasa Engineering College  B Pallipatti  Bommidi  Pappireddipatti Taluk  Dharmapuri District 635301,DHARMAPURI,SELF FINANCING COLLEGES TIER 3,AG,AGRICULTURAL ENGINEERING,91.5,,,,,,,1,0,0,0,0,0,0
2683,Shreenivasa Engineering College  B Pallipatti  Bommidi  Pappireddipatti Taluk  Dharmapuri District 635301,DHARMAPURI,SELF FINANCING COLLEGES TIER 3,BM,BIO MEDICAL ENGINEERING,95.0,,,90.0,89.5,,,0,0,0,1,1,0,0
2683,Shreenivasa Engineering College  B Pallipatti  Bommidi  Pappireddipatti Taluk  Dharmapuri District 635301,DHARMAPURI,SELF FINANCING COLLEGES TIER 3,CS,COMPUTER SCIENCE AND ENGINEERING,93.0,89.0,,,,83.5,,0,1,0,0,0,0,0
2683,Shreenivasa Engineering College  B Pallipatti  Bommidi  Pappireddipatti Taluk  Dharmapuri District 635301,DHARMAPURI,SELF FINANCING COLLEGES TIER 3,EE,ELECTRICAL AND ELECTRONICS ENGINEERING,105.0,,,,90.0,,,0,0,0,0,0,0,0
2683,Shreenivasa Engineering College  B Pallipatti  Bommidi  Pappireddipatti Taluk  Dharmapuri District 635301,DHARMAPURI,SELF FINANCING COLLEGES TIER 3,IT,INFORMATION TECHNOLOGY,113.5,111.5,104.0,91.0,94.0,93.0,,0,1,0,1,1,1,0
2683,Shreenivasa Engineering College  B Pallipatti  Bommidi  Pappireddipatti Taluk  Dharmapuri District 635301,DHARMAPURI,SELF FINANCING COLLEGES TIER 3,ME,MECHANICAL ENGINEERING,85.0,,,,,,,1,0,0,0,0,0,0
2702,Bannari Amman Institute of Technology (Autonomous)  Sathyamanagalam  Erode District  638401,ERODE,SELF FINANCING COLLEGES TIER 1,AD,ARTIFICIAL INTELLIGENCE AND DATA SCIENCE,184.5,178.0,177.0,176.0,143.0,151.5,118.0,0,0,0,0,0,0,0
2702,Bannari Amman Institute of Technology (Autonomous)  Sathyamanagalam  Erode District  638401,ERODE,SELF FINANCING COLLEGES TIER 1,AG,AGRICULTURAL ENGINEERING,154.0,146.5,127.5,143.0,143.0,130.5,97.5,0,0,0,0,1,0,0
2702,Bannari Amman Institute of Technology (Autonomous)  Sathyamanagalam  Erode District  638401,ERODE,SELF FINANCING COLLEGES TIER 1,AL,Artificial Intelligence and Machine Learning,181.0,175.0,171.5,170.0,134.5,111.0,114.0,0,0,0,0,0,0,0
2702,Bannari Amman Institute of Technology (Autonomous)  Sathyamanagalam  Erode District  638401,ERODE,SELF FINANCING COLLEGES TIER 1,BM,BIO MEDICAL ENGINEERING,167.0,154.5,149.0,149.5,144.0,135.0,,0,0,0,0,1,1,0
2702,Bannari Amman Institute of Technology (Autonomous)  Sathyamanagalam  Erode District  638401,ERODE,SELF FINANCING COLLEGES TIER 1,BT,BIO TECHNOLOGY,167.5,155.5,159.0,147.0,123.5,111.5,,0,0,0,0,1,1,0
2702,Bannari Amman Institute of Technology (Autonomous)  Sathyamanagalam  Erode District  638401,ERODE,SELF FINANCING COLLEGES TIER 1,CB,COMPUTER SCIENCE AND BUSSINESS SYSTEM,181.5,174.5,169.5,174.5,128.0,121.5,91.0,0,0,0,0,0,0,0
2702,Bannari Amman Institute of Technology (Autonomous)  Sathyamanagalam  Erode District  638401,ERODE,SELF FINANCING COLLEGES TIER 1,CD,COMPUTER SCIENCE AND DESIGN,176.5,173.5,164.0,167.0,133.5,125.5,,0,0,0,0,0,0,0
2702,Bannari Amman Institute of Technology (Autonomous)  Sathyamanagalam  Erode District  638401,ERODE,SELF FINANCING COLLEGES TIER 1,CE,CIVIL  ENGINEERING,155.0,149.0,154.0,148.0,85.0,,,0,0,0,0,0,0,0
2702,Bannari Amman Institute of Technology (Autonomous)  Sathyamanagalam  Erode District  638401,ERODE,SELF FINANCING COLLEGES TIER 1,CS,COMPUTER SCIENCE AND ENGINEERING,189.0,184.5,170.0,181.0,144.5,152.5,104.0,0,0,0,0,0,0,0
2702,Bannari Amman Institute of Technology (Autonomous)  Sathyamanagalam  Erode District  638401,ERODE,SELF FINANCING COLLEGES TIER 1,CT,COMPUTER TECHNOLOGY,178.5,173.0,165.5,166.0,124.0,137.5,,0,0,0,0,0,0,0
2702,Bannari Amman Institute of Technology (Autonomous)  Sathyamanagalam  Erode District  638401,ERODE,SELF FINANCING COLLEGES TIER 1,EC,ELECTRONICS AND COMMUNICATION ENGINEERING,183.0,177.0,171.5,173.5,128.0,128.5,120.0,0,0,0,0,0,0,1
2702,Bannari Amman Institute of Technology (Autonomous)  Sathyamanagalam  Erode District  638401,ERODE,SELF FINANCING COLLEGES TIER 1,EE,ELECTRICAL AND ELECTRONICS ENGINEERING,176.0,173.0,169.0,166.0,127.5,134.0,,0,0,0,0,0,0,0
2702,Bannari Amman Institute of Technology (Autonomous)  Sathyamanagalam  Erode District  638401,ERODE,SELF FINANCING COLLEGES TIER 1,EI,ELECTRONICS AND INSTRUMENTATION ENGINEERING,172.5,167.0,166.5,159.5,128.5,107.5,,0,0,0,0,0,0,0
2702,Bannari Amman Institute of Technology (Autonomous)  Sathyamanagalam  Erode District  638401,ERODE,SELF FINANCING COLLEGES TIER 1,FD,FOOD TECHNOLOGY,165.0,144.0,123.5,144.0,110.0,145.0,,0,0,0,0,1,1,0
2702,Bannari Amman Institute of Technology (Autonomous)  Sathyamanagalam  Erode District  638401,ERODE,SELF FINANCING COLLEGES TIER 1,FT,FASHION TECHNOLOGY,147.0,143.0,127.0,131.5,,,,0,0,0,0,0,0,0
2702,Bannari Amman Institute of Technology (Autonomous)  Sathyamanagalam  Erode District  638401,ERODE,SELF FINANCING COLLEGES TIER 1,IT,INFORMATION TECHNOLOGY,184.5,179.5,169.0,175.0,133.0,136.5,104.5,0,0,0,0,0,0,0
2702,Bannari Amman Institute of Technology (Autonomous)  Sathyamanagalam  Erode District  638401,ERODE,SELF FINANCING COLLEGES TIER 1,ME,MECHANICAL ENGINEERING,165.5,159.0,161.5,153.0,120.0,129.5,,0,0,0,0,0,0,0
2702,Bannari Amman Institute of Technology (Autonomous)  Sathyamanagalam  Erode District  638401,ERODE,SELF FINANCING COLLEGES TIER 1,MZ,Mechatronics Engineering,167.0,160.0,158.5,156.0,120.0,115.0,,0,0,0,0,0,0,0
2702,Bannari Amman Institute of Technology (Autonomous)  Sathyamanagalam  Erode District  638401,ERODE,SELF FINANCING COLLEGES TIER 1,SE,Information Science and Engineering,174.5,171.5,,163.5,116.0,106.5,,0,0,0,0,0,0,0
2704,Coimbatore Institute of Engineering and Technolgoy (Autonomous)  Narasipuram Post  Coimbatore District 641109,COIMBATORE,SELF FINANCING COLLEGES TIER 3,AD,ARTIFICIAL INTELLIGENCE AND DATA SCIENCE,175.0,162.0,169.0,158.0,153.0,107.5,,0,0,0,0,0,0,0
2704,Coimbatore Institute of Engineering and Technolgoy (Autonomous)  Narasipuram Post  Coimbatore District 641109,COIMBATORE,SELF FINANCING COLLEGES TIER 3,CE,CIVIL  ENGINEERING,119.0,96.5,,108.5,,,,0,1,0,1,0,0,0
2704,Coimbatore Institute of Engineering and Technolgoy (Autonomous)  Narasipuram Post  Coimbatore District 641109,COIMBATORE,SELF FINANCING COLLEGES TIER 3,CS,COMPUTER SCIENCE AND ENGINEERING,164.0,155.0,155.5,149.0,132.0,,,0,0,0,0,0,0,0
2704,Coimbatore Institute of Engineering and Technolgoy (Autonomous)  Narasipuram Post  Coimbatore District 641109,COIMBATORE,SELF FINANCING COLLEGES TIER 3,EC,ELECTRONICS AND COMMUNICATION ENGINEERING,157.0,150.5,149.0,145.0,101.5,,,0,0,0,0,0,0,0
2704,Coimbatore Institute of Engineering and Technolgoy (Autonomous)  Narasipuram Post  Coimbatore District 641109,COIMBATORE,SELF FINANCING COLLEGES TIER 3,EE,ELECTRICAL AND ELECTRONICS ENGINEERING,148.5,143.0,129.5,137.0,112.0,,,0,0,0,0,0,0,0
2704,Coimbatore Institute of Engineering and Technolgoy (Autonomous)  Narasipuram Post  Coimbatore District 641109,COIMBATORE,SELF FINANCING COLLEGES TIER 3,IT,INFORMATION TECHNOLOGY,163.5,155.5,162.5,151.5,132.5,132.5,,0,0,0,0,0,0,0
2704,Coimbatore Institute of Engineering and Technolgoy (Autonomous)  Narasipuram Post  Coimbatore District 641109,COIMBATORE,SELF FINANCING COLLEGES TIER 3,ME,MECHANICAL ENGINEERING,135.0,105.5,107.0,115.0,96.5,114.0,,0,0,0,0,1,1,0
2704,Coimbatore Institute of Engineering and Technolgoy (Autonomous)  Narasipuram Post  Coimbatore District 641109,COIMBATORE,SELF FINANCING COLLEGES TIER 3,MZ,Mechatronics Engineering,147.0,141.0,131.0,130.0,96.0,,,0,0,0,0,1,0,0
2704,Coimbatore Institute of Engineering and Technolgoy (Autonomous)  Narasipuram Post  Coimbatore District 641109,COIMBATORE,SELF FINANCING COLLEGES TIER 3,SC,Computer Science and Engineering (Cyber Security),155.0,150.5,138.5,146.0,128.0,,,0,0,0,0,0,0,0
2705,CSI College of Engineering  Ketti  The Nilgiris 643215,THE NILGIRIS,SELF FINANCING COLLEGES TIER 3,AD,ARTIFICIAL INTELLIGENCE AND DATA SCIENCE,135.5,95.0,,,102.0,119.0,,0,1,0,0,0,0,0
2705,CSI College of Engineering  Ketti  The Nilgiris 643215,THE NILGIRIS,SELF FINANCING COLLEGES TIER 3,CE,CIVIL  ENGINEERING,,,,,,,,0,0,0,0,0,0,0
2705,CSI College of Engineering  Ketti  The Nilgiris 643215,THE NILGIRIS,SELF FINANCING COLLEGES TIER 3,CS,COMPUTER SCIENCE AND ENGINEERING,116.0,88.0,106.5,107.5,104.5,,,0,1,1,1,1,0,0
2705,CSI College of Engineering  Ketti  The Nilgiris 643215,THE NILGIRIS,SELF FINANCING COLLEGES TIER 3,EC,ELECTRONICS AND COMMUNICATION ENGINEERING,97.0,91.5,90.5,,,,,0,1,0,0,0,0,0
2705,CSI College of Engineering  Ketti  The Nilgiris 643215,THE NILGIRIS,SELF FINANCING COLLEGES TIER 3,EE,ELECTRICAL AND ELECTRONICS ENGINEERING,82.0,,,,,,,1,0,0,0,0,0,0
2705,CSI College of Engineering  Ketti  The Nilgiris 643215,THE NILGIRIS,SELF FINANCING COLLEGES TIER 3,IT,INFORMATION TECHNOLOGY,131.0,114.0,126.5,112.5,,,,0,0,0,1,0,0,0
2705,CSI College of Engineering  Ketti  The Nilgiris 643215,THE NILGIRIS,SELF FINANCING COLLEGES TIER 3,ME,MECHANICAL ENGINEERING,94.5,,,,,,,1,0,0,0,0,0,0
2706,Dr. Mahalingam College of  Engineering and Technology (Autonomous)  Mackinaickenpatti Post  Pollachi Taluk  Coimbatore District 642003,COIMBATORE,SELF FINANCING COLLEGES TIER 1,AD,ARTIFICIAL INTELLIGENCE AND DATA SCIENCE,173.5,169.5,167.5,160.0,114.0,138.0,,0,0,0,0,0,0,0
2706,Dr. Mahalingam College of  Engineering and Technology (Autonomous)  Mackinaickenpatti Post  Pollachi Taluk  Coimbatore District 642003,COIMBATORE,SELF FINANCING COLLEGES TIER 1,AM,COMPUTER SCIENCE AND ENGINEERING (ARTIFICIAL INTELLIGENCE AND MACHINE LEARNING),172.0,169.0,159.5,162.5,112.5,116.0,,0,0,0,0,0,0,0
2706,Dr. Mahalingam College of  Engineering and Technology (Autonomous)  Mackinaickenpatti Post  Pollachi Taluk  Coimbatore District 642003,COIMBATORE,SELF FINANCING COLLEGES TIER 1,AU,AUTOMOBILE ENGINEERING,138.0,121.0,128.0,115.5,100.5,,,0,0,0,0,1,0,0
2706,Dr. Mahalingam College of  Engineering and Technology (Autonomous)  Mackinaickenpatti Post  Pollachi Taluk  Coimbatore District 642003,COIMBATORE,SELF FINANCING COLLEGES TIER 1,CE,CIVIL  ENGINEERING,125.5,106.0,96.0,106.0,,,,0,0,0,1,0,0,0
2706,Dr. Mahalingam College of  Engineering and Technology (Autonomous)  Mackinaickenpatti Post  Pollachi Taluk  Coimbatore District 642003,COIMBATORE,SELF FINANCING COLLEGES TIER 1,CS,COMPUTER SCIENCE AND ENGINEERING,178.5,174.0,163.0,162.0,122.0,103.0,123.5,0,0,0,0,0,0,0
2706,Dr. Mahalingam College of  Engineering and Technology (Autonomous)  Mackinaickenpatti Post  Pollachi Taluk  Coimbatore District 642003,COIMBATORE,SELF FINANCING COLLEGES TIER 1,EA,Electronics and Communication ( Advanced Communication Technology),168.0,164.5,164.0,150.5,116.5,104.0,,0,0,0,0,1,1,0
2706,Dr. Mahalingam College of  Engineering and Technology (Autonomous)  Mackinaickenpatti Post  Pollachi Taluk  Coimbatore District 642003,COIMBATORE,SELF FINANCING COLLEGES TIER 1,EC,ELECTRONICS AND COMMUNICATION ENGINEERING,173.0,169.0,159.5,158.0,116.5,116.5,120.5,0,0,0,0,0,0,0
2706,Dr. Mahalingam College of  Engineering and Technology (Autonomous)  Mackinaickenpatti Post  Pollachi Taluk  Coimbatore District 642003,COIMBATORE,SELF FINANCING COLLEGES TIER 1,EE,ELECTRICAL AND ELECTRONICS ENGINEERING,162.5,157.5,148.0,136.5,97.5,,,0,0,0,0,1,0,0
2706,Dr. Mahalingam College of  Engineering and Technology (Autonomous)  Mackinaickenpatti Post  Pollachi Taluk  Coimbatore District 642003,COIMBATORE,SELF FINANCING COLLEGES TIER 1,EV,Electronics Engineering (VLSI design and Technology),163.0,155.0,141.0,133.0,109.5,103.5,,0,0,0,0,1,1,0
2706,Dr. Mahalingam College of  Engineering and Technology (Autonomous)  Mackinaickenpatti Post  Pollachi Taluk  Coimbatore District 642003,COIMBATORE,SELF FINANCING COLLEGES TIER 1,IT,INFORMATION TECHNOLOGY,172.5,169.0,165.5,158.0,115.0,122.0,109.0,0,0,0,0,0,0,0
2706,Dr. Mahalingam College of  Engineering and Technology (Autonomous)  Mackinaickenpatti Post  Pollachi Taluk  Coimbatore District 642003,COIMBATORE,SELF FINANCING COLLEGES TIER 1,ME,MECHANICAL ENGINEERING,150.0,142.0,143.0,129.0,94.0,100.5,,0,0,0,0,1,0,0
2706,Dr. Mahalingam College of  Engineering and Technology (Autonomous)  Mackinaickenpatti Post  Pollachi Taluk  Coimbatore District 642003,COIMBATORE,SELF FINANCING COLLEGES TIER 1,SC,Computer Science and Engineering (Cyber Security),171.0,167.0,162.0,156.0,126.0,106.5,,0,0,0,0,0,0,0
2707,Erode Sengunthar Engineering College (Autonomous)  Thudupathi Post  Erode District 638057,ERODE,SELF FINANCING COLLEGES TIER 3,AD,ARTIFICIAL INTELLIGENCE AND DATA SCIENCE,148.0,136.5,,120.0,88.5,131.5,,0,0,0,0,1,1,0
2707,Erode Sengunthar Engineering College (Autonomous)  Thudupathi Post  Erode District 638057,ERODE,SELF FINANCING COLLEGES TIER 3,AG,AGRICULTURAL ENGINEERING,115.5,103.0,,99.5,102.0,115.5,,0,1,0,1,0,0,0
2707,Erode Sengunthar Engineering College (Autonomous)  Thudupathi Post  Erode District 638057,ERODE,SELF FINANCING COLLEGES TIER 3,BM,BIO MEDICAL ENGINEERING,136.5,111.0,107.5,117.5,122.5,111.0,,0,0,1,0,0,0,0
2707,Erode Sengunthar Engineering College (Autonomous)  Thudupathi Post  Erode District 638057,ERODE,SELF FINANCING COLLEGES TIER 3,BT,BIO TECHNOLOGY,125.5,89.0,,86.0,111.0,125.0,,0,0,0,1,0,0,0
2707,Erode Sengunthar Engineering College (Autonomous)  Thudupathi Post  Erode District 638057,ERODE,SELF FINANCING COLLEGES TIER 3,CD,COMPUTER SCIENCE AND DESIGN,127.0,115.5,,113.5,90.5,94.0,,0,0,0,0,1,0,0
2707,Erode Sengunthar Engineering College (Autonomous)  Thudupathi Post  Erode District 638057,ERODE,SELF FINANCING COLLEGES TIER 3,CE,CIVIL  ENGINEERING,116.5,87.0,,86.0,104.0,,,0,1,0,0,1,0,0
2707,Erode Sengunthar Engineering College (Autonomous)  Thudupathi Post  Erode District 638057,ERODE,SELF FINANCING COLLEGES TIER 3,CH,CHEMICAL  ENGINEERING,111.5,90.0,,90.5,88.0,,,0,1,0,1,1,0,0
2707,Erode Sengunthar Engineering College (Autonomous)  Thudupathi Post  Erode District 638057,ERODE,SELF FINANCING COLLEGES TIER 3,CJ,M.Tech. Computer Science and Engineering (Integrated 5 years),123.5,107.0,,95.0,85.0,88.0,,0,0,0,1,1,1,0
2707,Erode Sengunthar Engineering College (Autonomous)  Thudupathi Post  Erode District 638057,ERODE,SELF FINANCING COLLEGES TIER 3,CS,COMPUTER SCIENCE AND ENGINEERING,143.5,131.5,117.5,126.5,99.5,109.0,,0,0,0,0,1,0,0
2707,Erode Sengunthar Engineering College (Autonomous)  Thudupathi Post  Erode District 638057,ERODE,SELF FINANCING COLLEGES TIER 3,EC,ELECTRONICS AND COMMUNICATION ENGINEERING,132.5,116.0,104.5,117.0,104.5,120.5,,0,0,1,0,1,0,0
2707,Erode Sengunthar Engineering College (Autonomous)  Thudupathi Post  Erode District 638057,ERODE,SELF FINANCING COLLEGES TIER 3,EE,ELECTRICAL AND ELECTRONICS ENGINEERING,122.0,95.5,87.0,93.0,100.5,103.5,,0,0,1,0,0,0,0
2707,Erode Sengunthar Engineering College (Autonomous)  Thudupathi Post  Erode District 638057,ERODE,SELF FINANCING COLLEGES TIER 3,EI,ELECTRONICS AND INSTRUMENTATION ENGINEERING,131.5,110.0,,107.0,100.0,116.999999999999,,0,0,0,0,1,0,0
2707,Erode Sengunthar Engineering College (Autonomous)  Thudupathi Post  Erode District 638057,ERODE,SELF FINANCING COLLEGES TIER 3,IT,INFORMATION TECHNOLOGY,136.5,123.5,125.5,119.5,109.5,,,0,0,0,0,1,0,0
2707,Erode Sengunthar Engineering College (Autonomous)  Thudupathi Post  Erode District 638057,ERODE,SELF FINANCING COLLEGES TIER 3,ME,MECHANICAL ENGINEERING,108.0,99.5,,87.5,87.5,,100.0,0,1,0,1,1,0,0
2707,Erode Sengunthar Engineering College (Autonomous)  Thudupathi Post  Erode District 638057,ERODE,SELF FINANCING COLLEGES TIER 3,RM,ROBOTICS AND AUTOMATION,128.0,108.5,,86.0,106.0,,,0,0,0,0,0,0,0
2707,Erode Sengunthar Engineering College (Autonomous)  Thudupathi Post  Erode District 638057,ERODE,SELF FINANCING COLLEGES TIER 3,XM,MECHANICAL ENGINEERING (TAMIL MEDIUM),98.5,94.0,,,80.0,,,0,1,0,0,1,0,0
2708,Hindusthan College of Engineering and Technology (Autonomous)  Othakkalmandapam Post  Coimbatore District 641032,COIMBATORE,SELF FINANCING COLLEGES TIER 3,AE,AERONAUTICAL ENGINEERING,152.0,130.5,139.5,126.5,118.0,,,0,0,0,0,0,0,0
2708,Hindusthan College of Engineering and Technology (Autonomous)  Othakkalmandapam Post  Coimbatore District 641032,COIMBATORE,SELF FINANCING COLLEGES TIER 3,AG,AGRICULTURAL ENGINEERING,131.0,106.5,,96.0,109.0,,,0,0,0,0,1,0,0
2708,Hindusthan College of Engineering and Technology (Autonomous)  Othakkalmandapam Post  Coimbatore District 641032,COIMBATORE,SELF FINANCING COLLEGES TIER 3,AL,Artificial Intelligence and Machine Learning,165.5,155.5,156.5,156.0,117.5,115.0,,0,0,0,0,0,0,0
2708,Hindusthan College of Engineering and Technology (Autonomous)  Othakkalmandapam Post  Coimbatore District 641032,COIMBATORE,SELF FINANCING COLLEGES TIER 3,AU,AUTOMOBILE ENGINEERING,123.5,92.0,119.0,103.0,106.0,,,0,0,0,0,1,0,0
2708,Hindusthan College of Engineering and Technology (Autonomous)  Othakkalmandapam Post  Coimbatore District 641032,COIMBATORE,SELF FINANCING COLLEGES TIER 3,BM,BIO MEDICAL ENGINEERING,149.0,132.5,,129.0,123.5,117.5,,0,0,0,0,1,0,0
2708,Hindusthan College of Engineering and Technology (Autonomous)  Othakkalmandapam Post  Coimbatore District 641032,COIMBATORE,SELF FINANCING COLLEGES TIER 3,CE,CIVIL  ENGINEERING,129.5,102.0,113.0,94.5,100.5,,,0,0,1,0,1,0,0
2708,Hindusthan College of Engineering and Technology (Autonomous)  Othakkalmandapam Post  Coimbatore District 641032,COIMBATORE,SELF FINANCING COLLEGES TIER 3,CH,CHEMICAL  ENGINEERING,155.5,131.5,149.5,132.5,133.5,141.5,118.0,0,0,0,0,1,0,0
2708,Hindusthan College of Engineering and Technology (Autonomous)  Othakkalmandapam Post  Coimbatore District 641032,COIMBATORE,SELF FINANCING COLLEGES TIER 3,CS,COMPUTER SCIENCE AND ENGINEERING,167.0,156.5,157.0,152.0,123.5,111.0,,0,0,0,0,0,0,0
2708,Hindusthan College of Engineering and Technology (Autonomous)  Othakkalmandapam Post  Coimbatore District 641032,COIMBATORE,SELF FINANCING COLLEGES TIER 3,EC,ELECTRONICS AND COMMUNICATION ENGINEERING,161.5,151.5,146.5,145.5,107.0,132.5,,0,0,0,0,0,1,0
2708,Hindusthan College of Engineering and Technology (Autonomous)  Othakkalmandapam Post  Coimbatore District 641032,COIMBATORE,SELF FINANCING COLLEGES TIER 3,EE,ELECTRICAL AND ELECTRONICS ENGINEERING,152.0,142.0,138.5,132.0,115.0,,,0,0,0,0,0,0,0
2708,Hindusthan College of Engineering and Technology (Autonomous)  Othakkalmandapam Post  Coimbatore District 641032,COIMBATORE,SELF FINANCING COLLEGES TIER 3,EI,ELECTRONICS AND INSTRUMENTATION ENGINEERING,152.0,137.5,142.0,127.0,116.5,,,0,0,0,0,0,0,0
2708,Hindusthan College of Engineering and Technology (Autonomous)  Othakkalmandapam Post  Coimbatore District 641032,COIMBATORE,SELF FINANCING COLLEGES TIER 3,FD,FOOD TECHNOLOGY,142.5,118.0,111.0,104.5,110.5,134.0,,0,0,1,0,1,0,0
2708,Hindusthan College of Engineering and Technology (Autonomous)  Othakkalmandapam Post  Coimbatore District 641032,COIMBATORE,SELF FINANCING COLLEGES TIER 3,IT,INFORMATION TECHNOLOGY,163.5,154.5,156.0,150.5,120.5,159.0,149.5,0,0,0,0,0,1,0
2708,Hindusthan College of Engineering and Technology (Autonomous)  Othakkalmandapam Post  Coimbatore District 641032,COIMBATORE,SELF FINANCING COLLEGES TIER 3,ME,MECHANICAL ENGINEERING,137.0,113.5,106.5,116.5,82.5,,,0,0,0,0,1,0,0
2708,Hindusthan College of Engineering and Technology (Autonomous)  Othakkalmandapam Post  Coimbatore District 641032,COIMBATORE,SELF FINANCING COLLEGES TIER 3,MZ,Mechatronics Engineering,144.0,127.5,130.5,120.5,102.0,,,0,0,0,0,1,0,0
2710,Karpagam College of Engineering (Autonomous)  Othakkalmandapam  Coimbatore District 641032,COIMBATORE,SELF FINANCING COLLEGES TIER 1,AD,ARTIFICIAL INTELLIGENCE AND DATA SCIENCE,186.5,183.0,174.0,176.5,151.0,154.5,,0,0,0,0,0,0,0
2710,Karpagam College of Engineering (Autonomous)  Othakkalmandapam  Coimbatore District 641032,COIMBATORE,SELF FINANCING COLLEGES TIER 1,CD,COMPUTER SCIENCE AND DESIGN,175.0,171.0,157.5,164.0,126.5,131.0,,0,0,0,0,0,0,0
2710,Karpagam College of Engineering (Autonomous)  Othakkalmandapam  Coimbatore District 641032,COIMBATORE,SELF FINANCING COLLEGES TIER 1,CE,CIVIL  ENGINEERING,144.0,132.5,122.0,132.0,125.5,116.0,,0,0,0,0,1,0,0
2710,Karpagam College of Engineering (Autonomous)  Othakkalmandapam  Coimbatore District 641032,COIMBATORE,SELF FINANCING COLLEGES TIER 1,CS,COMPUTER SCIENCE AND ENGINEERING,187.0,184.0,176.0,176.5,141.5,144.5,134.0,0,0,0,0,0,0,0
2710,Karpagam College of Engineering (Autonomous)  Othakkalmandapam  Coimbatore District 641032,COIMBATORE,SELF FINANCING COLLEGES TIER 1,EC,ELECTRONICS AND COMMUNICATION ENGINEERING,182.5,174.095,156.5,167.5,126.5,141.5,159.0,0,0,0,0,0,0,0
2710,Karpagam College of Engineering (Autonomous)  Othakkalmandapam  Coimbatore District 641032,COIMBATORE,SELF FINANCING COLLEGES TIER 1,EE,ELECTRICAL AND ELECTRONICS ENGINEERING,167.5,162.5,161.5,148.5,101.0,131.5,,0,0,0,0,0,0,0
2710,Karpagam College of Engineering (Autonomous)  Othakkalmandapam  Coimbatore District 641032,COIMBATORE,SELF FINANCING COLLEGES TIER 1,ET,ELECTRONICS AND  TELECOMMUNICATION ENGINEERING,170.5,163.0,154.0,157.5,132.5,149.0,,0,0,0,0,0,0,0
2710,Karpagam College of Engineering (Autonomous)  Othakkalmandapam  Coimbatore District 641032,COIMBATORE,SELF FINANCING COLLEGES TIER 1,IT,INFORMATION TECHNOLOGY,183.5,177.5,174.5,176.0,142.0,123.5,,0,0,0,0,0,0,0
2710,Karpagam College of Engineering (Autonomous)  Othakkalmandapam  Coimbatore District 641032,COIMBATORE,SELF FINANCING COLLEGES TIER 1,ME,MECHANICAL ENGINEERING,152.0,141.0,150.0,133.5,109.5,,,0,0,0,0,0,0,0
2710,Karpagam College of Engineering (Autonomous)  Othakkalmandapam  Coimbatore District 641032,COIMBATORE,SELF FINANCING COLLEGES TIER 1,SC,Computer Science and Engineering (Cyber Security),181.5,172.5,163.5,171.5,145.0,158.5,123.5,0,0,0,0,0,0,0
2710,Karpagam College of Engineering (Autonomous)  Othakkalmandapam  Coimbatore District 641032,COIMBATORE,SELF FINANCING COLLEGES TIER 1,TS,Computer Science and Technology,175.5,172.5,163.5,166.0,135.0,130.5,123.0,0,0,0,0,0,0,0
2711,Kongu Engineering College (Autonomous)  Perundurai  Erode District 638052,ERODE,SELF FINANCING COLLEGES TIER 1,AD,ARTIFICIAL INTELLIGENCE AND DATA SCIENCE,180.5,174.5,170.0,168.5,129.5,128.5,,0,0,0,0,0,0,0
2711,Kongu Engineering College (Autonomous)  Perundurai  Erode District 638052,ERODE,SELF FINANCING COLLEGES TIER 1,AL,Artificial Intelligence and Machine Learning,175.5,173.5,163.5,164.5,120.5,124.0,,0,0,0,0,0,1,0
2711,Kongu Engineering College (Autonomous)  Perundurai  Erode District 638052,ERODE,SELF FINANCING COLLEGES TIER 1,AU,AUTOMOBILE ENGINEERING,147.0,136.5,,136.5,104.0,,,0,0,0,0,1,0,0
2711,Kongu Engineering College (Autonomous)  Perundurai  Erode District 638052,ERODE,SELF FINANCING COLLEGES TIER 1,CD,COMPUTER SCIENCE AND DESIGN,174.0,170.0,161.5,162.0,102.5,,96.5,0,0,0,0,0,0,0
2711,Kongu Engineering College (Autonomous)  Perundurai  Erode District 638052,ERODE,SELF FINANCING COLLEGES TIER 1,CE,CIVIL  ENGINEERING,153.0,143.0,135.5,126.5,101.0,,,0,0,0,0,1,0,0
2711,Kongu Engineering College (Autonomous)  Perundurai  Erode District 638052,ERODE,SELF FINANCING COLLEGES TIER 1,CH,CHEMICAL  ENGINEERING,155.0,142.5,151.5,137.5,147.0,,,0,0,0,0,1,0,0
2711,Kongu Engineering College (Autonomous)  Perundurai  Erode District 638052,ERODE,SELF FINANCING COLLEGES TIER 1,CS,COMPUTER SCIENCE AND ENGINEERING,187.0,179.5,173.0,176.0,134.0,141.0,,0,0,0,0,0,0,0
2711,Kongu Engineering College (Autonomous)  Perundurai  Erode District 638052,ERODE,SELF FINANCING COLLEGES TIER 1,EC,ELECTRONICS AND COMMUNICATION ENGINEERING,180.5,174.5,166.0,168.5,118.5,117.5,,0,0,0,0,0,1,0
2711,Kongu Engineering College (Autonomous)  Perundurai  Erode District 638052,ERODE,SELF FINANCING COLLEGES TIER 1,EE,ELECTRICAL AND ELECTRONICS ENGINEERING,172.5,167.0,163.0,159.0,110.0,103.0,,0,0,0,0,1,1,0
2711,Kongu Engineering College (Autonomous)  Perundurai  Erode District 638052,ERODE,SELF FINANCING COLLEGES TIER 1,EI,ELECTRONICS AND INSTRUMENTATION ENGINEERING,169.0,161.5,159.0,148.5,102.0,,,0,0,0,0,1,0,0
2711,Kongu Engineering College (Autonomous)  Perundurai  Erode District 638052,ERODE,SELF FINANCING COLLEGES TIER 1,FD,FOOD TECHNOLOGY,166.5,148.5,142.0,124.0,112.5,,,0,0,0,0,1,0,0
2711,Kongu Engineering College (Autonomous)  Perundurai  Erode District 638052,ERODE,SELF FINANCING COLLEGES TIER 1,IT,INFORMATION TECHNOLOGY,182.0,177.0,166.0,171.5,121.0,122.0,134.5,0,0,0,0,0,0,0
2711,Kongu Engineering College (Autonomous)  Perundurai  Erode District 638052,ERODE,SELF FINANCING COLLEGES TIER 1,ME,MECHANICAL ENGINEERING,161.5,151.0,144.0,143.0,113.5,,,0,0,0,0,1,0,0
2711,Kongu Engineering College (Autonomous)  Perundurai  Erode District 638052,ERODE,SELF FINANCING COLLEGES TIER 1,MZ,Mechatronics Engineering,157.5,150.0,156.0,142.5,110.0,120.5,,0,0,0,0,1,1,0
2712,Kumaraguru College of Technology (Autonomous)  Chinnavedampatti Post  Coimbatore District 641006,COIMBATORE,SELF FINANCING COLLEGES TIER 1,AD,ARTIFICIAL INTELLIGENCE AND DATA SCIENCE,193.5,191.0,192.0,187.76,176.5,168.5,,0,0,0,0,0,0,0
2712,Kumaraguru College of Technology (Autonomous)  Chinnavedampatti Post  Coimbatore District 641006,COIMBATORE,SELF FINANCING COLLEGES TIER 1,AE,AERONAUTICAL ENGINEERING,183.5,172.0,183.5,165.5,152.5,146.5,,0,0,0,0,0,0,0
2712,Kumaraguru College of Technology (Autonomous)  Chinnavedampatti Post  Coimbatore District 641006,COIMBATORE,SELF FINANCING COLLEGES TIER 1,AU,AUTOMOBILE ENGINEERING,166.5,162.5,155.5,153.5,135.5,121.5,,0,0,0,0,0,0,0
2712,Kumaraguru College of Technology (Autonomous)  Chinnavedampatti Post  Coimbatore District 641006,COIMBATORE,SELF FINANCING COLLEGES TIER 1,BT,BIO TECHNOLOGY,183.0,177.0,179.5,172.9,151.5,106.0,,0,0,0,0,0,0,0
2712,Kumaraguru College of Technology (Autonomous)  Chinnavedampatti Post  Coimbatore District 641006,COIMBATORE,SELF FINANCING COLLEGES TIER 1,CE,CIVIL  ENGINEERING,169.0,162.0,161.0,156.5,133.5,125.5,116.0,0,0,0,0,0,0,0
2712,Kumaraguru College of Technology (Autonomous)  Chinnavedampatti Post  Coimbatore District 641006,COIMBATORE,SELF FINANCING COLLEGES TIER 1,CS,COMPUTER SCIENCE AND ENGINEERING,195.0,192.5,191.0,190.5,173.5,162.5,168.0,0,0,0,0,0,0,0
2712,Kumaraguru College of Technology (Autonomous)  Chinnavedampatti Post  Coimbatore District 641006,COIMBATORE,SELF FINANCING COLLEGES TIER 1,EC,ELECTRONICS AND COMMUNICATION ENGINEERING,192.0,190.0,186.0,187.5,161.0,139.5,170.5,0,0,0,0,0,0,0
2712,Kumaraguru College of Technology (Autonomous)  Chinnavedampatti Post  Coimbatore District 641006,COIMBATORE,SELF FINANCING COLLEGES TIER 1,EE,ELECTRICAL AND ELECTRONICS ENGINEERING,188.5,186.0,185.5,180.5,159.0,141.5,129.0,0,0,0,0,0,0,0
2712,Kumaraguru College of Technology (Autonomous)  Chinnavedampatti Post  Coimbatore District 641006,COIMBATORE,SELF FINANCING COLLEGES TIER 1,EI,ELECTRONICS AND INSTRUMENTATION ENGINEERING,187.5,182.5,175.5,172.0,141.0,,119.0,0,0,0,0,0,0,0
2712,Kumaraguru College of Technology (Autonomous)  Chinnavedampatti Post  Coimbatore District 641006,COIMBATORE,SELF FINANCING COLLEGES TIER 1,FT,FASHION TECHNOLOGY,163.5,150.0,148.0,147.0,107.0,,,0,0,0,0,0,0,0
2712,Kumaraguru College of Technology (Autonomous)  Chinnavedampatti Post  Coimbatore District 641006,COIMBATORE,SELF FINANCING COLLEGES TIER 1,IT,INFORMATION TECHNOLOGY,193.5,191.5,186.81,188.5,166.5,146.5,165.0,0,0,0,0,0,0,0
2712,Kumaraguru College of Technology (Autonomous)  Chinnavedampatti Post  Coimbatore District 641006,COIMBATORE,SELF FINANCING COLLEGES TIER 1,ME,MECHANICAL ENGINEERING,175.0,170.5,156.5,163.0,141.0,147.5,123.5,0,0,0,0,0,0,0
2712,Kumaraguru College of Technology (Autonomous)  Chinnavedampatti Post  Coimbatore District 641006,COIMBATORE,SELF FINANCING COLLEGES TIER 1,MZ,Mechatronics Engineering,180.5,174.0,180.5,169.5,141.5,104.5,,0,0,0,0,0,0,0
2712,Kumaraguru College of Technology (Autonomous)  Chinnavedampatti Post  Coimbatore District 641006,COIMBATORE,SELF FINANCING COLLEGES TIER 1,TX,TEXTILE TECHNOLOGY,160.5,148.0,141.5,136.5,105.5,,,0,0,0,0,1,0,0
2713,M P Nachimuthu M Jaganathan Engineering College  Chennimalai  Erode District 638112,ERODE,SELF FINANCING COLLEGES TIER 3,CE,CIVIL  ENGINEERING,,,,,,,,0,0,0,0,0,0,0
2713,M P Nachimuthu M Jaganathan Engineering College  Chennimalai  Erode District 638112,ERODE,SELF FINANCING COLLEGES TIER 3,CS,COMPUTER SCIENCE AND ENGINEERING,121.0,95.0,,98.5,,111.0,,0,1,0,1,0,0,0
2713,M P Nachimuthu M Jaganathan Engineering College  Chennimalai  Erode District 638112,ERODE,SELF FINANCING COLLEGES TIER 3,EC,ELECTRONICS AND COMMUNICATION ENGINEERING,120.5,102.5,,93.0,,109.5,,0,1,0,0,0,0,0
2713,M P Nachimuthu M Jaganathan Engineering College  Chennimalai  Erode District 638112,ERODE,SELF FINANCING COLLEGES TIER 3,EE,ELECTRICAL AND ELECTRONICS ENGINEERING,98.0,88.0,,,,,,0,1,0,0,0,0,0
2713,M P Nachimuthu M Jaganathan Engineering College  Chennimalai  Erode District 638112,ERODE,SELF FINANCING COLLEGES TIER 3,IT,INFORMATION TECHNOLOGY,128.5,93.0,,93.0,89.0,96.0,,0,0,0,1,1,0,0
2713,M P Nachimuthu M Jaganathan Engineering College  Chennimalai  Erode District 638112,ERODE,SELF FINANCING COLLEGES TIER 3,ME,MECHANICAL ENGINEERING,89.5,,,,,,,1,0,0,0,0,0,0
2715,Nandha Engineering College (Autonomous)  Pitchandampalayam Post  Erode District 638052,ERODE,SELF FINANCING COLLEGES TIER 3,AD,ARTIFICIAL INTELLIGENCE AND DATA SCIENCE,164.0,150.5,147.5,141.0,108.0,144.0,,0,0,0,0,1,0,0
2715,Nandha Engineering College (Autonomous)  Pitchandampalayam Post  Erode District 638052,ERODE,SELF FINANCING COLLEGES TIER 3,AG,AGRICULTURAL ENGINEERING,129.5,121.0,105.5,109.0,96.0,,,0,0,0,0,1,0,0
2715,Nandha Engineering College (Autonomous)  Pitchandampalayam Post  Erode District 638052,ERODE,SELF FINANCING COLLEGES TIER 3,BM,BIO MEDICAL ENGINEERING,143.0,130.5,105.0,120.0,121.0,111.0,,0,0,0,0,0,0,0
2715,Nandha Engineering College (Autonomous)  Pitchandampalayam Post  Erode District 638052,ERODE,SELF FINANCING COLLEGES TIER 3,CE,CIVIL  ENGINEERING,111.0,94.5,90.0,98.0,,,,0,1,0,0,0,0,0
2715,Nandha Engineering College (Autonomous)  Pitchandampalayam Post  Erode District 638052,ERODE,SELF FINANCING COLLEGES TIER 3,CH,CHEMICAL  ENGINEERING,135.5,126.0,118.0,121.0,92.0,,,0,0,0,0,0,0,0
2715,Nandha Engineering College (Autonomous)  Pitchandampalayam Post  Erode District 638052,ERODE,SELF FINANCING COLLEGES TIER 3,CI,Computer Science and Engineering (Internet of Things),146.5,139.5,131.5,132.5,99.0,,,0,0,0,0,1,0,0
2715,Nandha Engineering College (Autonomous)  Pitchandampalayam Post  Erode District 638052,ERODE,SELF FINANCING COLLEGES TIER 3,CS,COMPUTER SCIENCE AND ENGINEERING,155.5,141.5,125.5,137.0,88.5,135.0,141.0,0,0,0,0,1,1,1
2715,Nandha Engineering College (Autonomous)  Pitchandampalayam Post  Erode District 638052,ERODE,SELF FINANCING COLLEGES TIER 3,EC,ELECTRONICS AND COMMUNICATION ENGINEERING,152.0,140.0,90.0,135.0,95.0,108.5,,0,0,0,0,1,1,0
2715,Nandha Engineering College (Autonomous)  Pitchandampalayam Post  Erode District 638052,ERODE,SELF FINANCING COLLEGES TIER 3,EE,ELECTRICAL AND ELECTRONICS ENGINEERING,143.5,135.0,119.5,124.0,,115.5,,0,0,0,0,0,0,0
2715,Nandha Engineering College (Autonomous)  Pitchandampalayam Post  Erode District 638052,ERODE,SELF FINANCING COLLEGES TIER 3,IT,INFORMATION TECHNOLOGY,149.0,139.0,134.5,134.5,101.5,117.0,,0,0,0,0,1,0,0
2715,Nandha Engineering College (Autonomous)  Pitchandampalayam Post  Erode District 638052,ERODE,SELF FINANCING COLLEGES TIER 3,ME,MECHANICAL ENGINEERING,122.0,86.5,100.5,105.5,90.0,101.0,,0,0,0,0,1,0,0
2715,Nandha Engineering College (Autonomous)  Pitchandampalayam Post  Erode District 638052,ERODE,SELF FINANCING COLLEGES TIER 3,SC,Computer Science and Engineering (Cyber Security),148.0,141.5,124.0,134.0,99.0,106.5,,0,0,0,0,1,0,0
2716,Park College of Engineering and Technology  Kaniyur  Coimbatore District 641659,COIMBATORE,SELF FINANCING COLLEGES TIER 3,AD,ARTIFICIAL INTELLIGENCE AND DATA SCIENCE,136.0,97.5,,103.5,114.0,,,0,1,0,1,1,0,0
2716,Park College of Engineering and Technology  Kaniyur  Coimbatore District 641659,COIMBATORE,SELF FINANCING COLLEGES TIER 3,AE,AERONAUTICAL ENGINEERING,99.5,,,95.0,,,,0,0,0,1,0,0,0
2716,Park College of Engineering and Technology  Kaniyur  Coimbatore District 641659,COIMBATORE,SELF FINANCING COLLEGES TIER 3,AG,AGRICULTURAL ENGINEERING,108.0,,,,,,,1,0,0,0,0,0,0
2716,Park College of Engineering and Technology  Kaniyur  Coimbatore District 641659,COIMBATORE,SELF FINANCING COLLEGES TIER 3,BM,BIO MEDICAL ENGINEERING,126.0,117.0,,100.5,105.5,,,0,1,0,1,1,0,0
2716,Park College of Engineering and Technology  Kaniyur  Coimbatore District 641659,COIMBATORE,SELF FINANCING COLLEGES TIER 3,CS,COMPUTER SCIENCE AND ENGINEERING,142.0,120.0,141.5,114.0,93.0,,,0,0,0,0,0,0,0
2716,Park College of Engineering and Technology  Kaniyur  Coimbatore District 641659,COIMBATORE,SELF FINANCING COLLEGES TIER 3,EC,ELECTRONICS AND COMMUNICATION ENGINEERING,121.0,98.0,119.0,104.5,,,,0,1,0,1,0,0,0
2716,Park College of Engineering and Technology  Kaniyur  Coimbatore District 641659,COIMBATORE,SELF FINANCING COLLEGES TIER 3,EE,ELECTRICAL AND ELECTRONICS ENGINEERING,95.5,,,,,,,1,0,0,0,0,0,0
2716,Park College of Engineering and Technology  Kaniyur  Coimbatore District 641659,COIMBATORE,SELF FINANCING COLLEGES TIER 3,GI,GEO INFORMATICS,108.5,,,,,,,1,0,0,0,0,0,0
2716,Park College of Engineering and Technology  Kaniyur  Coimbatore District 641659,COIMBATORE,SELF FINANCING COLLEGES TIER 3,IT,INFORMATION TECHNOLOGY,123.0,107.0,106.0,91.5,111.0,,,0,1,0,1,1,0,0
2716,Park College of Engineering and Technology  Kaniyur  Coimbatore District 641659,COIMBATORE,SELF FINANCING COLLEGES TIER 3,MD,MEDICAL ELECTRONICS ENGINEERING,109.5,,,,,,,1,0,0,0,0,0,0
2716,Park College of Engineering and Technology  Kaniyur  Coimbatore District 641659,COIMBATORE,SELF FINANCING COLLEGES TIER 3,ME,MECHANICAL ENGINEERING,89.0,,,,,,,1,0,0,0,0,0,0
2716,Park College of Engineering and Technology  Kaniyur  Coimbatore District 641659,COIMBATORE,SELF FINANCING COLLEGES TIER 3,MZ,Mechatronics Engineering,93.5,,,,,,,1,0,0,0,0,0,0
2716,Park College of Engineering and Technology  Kaniyur  Coimbatore District 641659,COIMBATORE,SELF FINANCING COLLEGES TIER 3,RM,ROBOTICS AND AUTOMATION,114.0,106.5,,,,,,0,1,0,0,0,0,0
2716,Park College of Engineering and Technology  Kaniyur  Coimbatore District 641659,COIMBATORE,SELF FINANCING COLLEGES TIER 3,SC,Computer Science and Engineering (Cyber Security),123.5,98.5,117.5,116.5,94.0,,,0,1,0,1,1,0,0
2716,Park College of Engineering and Technology  Kaniyur  Coimbatore District 641659,COIMBATORE,SELF FINANCING COLLEGES TIER 3,TX,TEXTILE TECHNOLOGY,82.0,,,,,,,1,0,0,0,0,0,0
2717,Sasurie College of Engineering  Vijayamangalam  Tiruppur District 638056,TIRUPPUR,SELF FINANCING COLLEGES TIER 3,AD,ARTIFICIAL INTELLIGENCE AND DATA SCIENCE,98.5,84.0,,87.0,,,,0,1,0,1,0,0,0
2717,Sasurie College of Engineering  Vijayamangalam  Tiruppur District 638056,TIRUPPUR,SELF FINANCING COLLEGES TIER 3,CE,CIVIL  ENGINEERING,,,,,,,,0,0,0,0,0,0,0
2717,Sasurie College of Engineering  Vijayamangalam  Tiruppur District 638056,TIRUPPUR,SELF FINANCING COLLEGES TIER 3,CS,COMPUTER SCIENCE AND ENGINEERING,94.0,,,91.0,,,,0,0,0,1,0,0,0
2717,Sasurie College of Engineering  Vijayamangalam  Tiruppur District 638056,TIRUPPUR,SELF FINANCING COLLEGES TIER 3,EC,ELECTRONICS AND COMMUNICATION ENGINEERING,87.0,,,,,,,1,0,0,0,0,0,0
2717,Sasurie College of Engineering  Vijayamangalam  Tiruppur District 638056,TIRUPPUR,SELF FINANCING COLLEGES TIER 3,EE,ELECTRICAL AND ELECTRONICS ENGINEERING,100.5,,,,,,,1,0,0,0,0,0,0
2717,Sasurie College of Engineering  Vijayamangalam  Tiruppur District 638056,TIRUPPUR,SELF FINANCING COLLEGES TIER 3,IT,INFORMATION TECHNOLOGY,82.0,,,,,,,1,0,0,0,0,0,0
2717,Sasurie College of Engineering  Vijayamangalam  Tiruppur District 638056,TIRUPPUR,SELF FINANCING COLLEGES TIER 3,ME,MECHANICAL ENGINEERING,92.0,,,,,,,1,0,0,0,0,0,0
2717,Sasurie College of Engineering  Vijayamangalam  Tiruppur District 638056,TIRUPPUR,SELF FINANCING COLLEGES TIER 3,SC,Computer Science and Engineering (Cyber Security),90.0,,,,,,,1,0,0,0,0,0,0
2718,Sri Krishna College of Enginering and Technology (Autonomous)   Kuniamuthur  Coimbatore District 641008,COIMBATORE,SELF FINANCING COLLEGES TIER 1,AD,ARTIFICIAL INTELLIGENCE AND DATA SCIENCE,191.0,188.0,188.0,186.0,162.0,143.5,132.0,0,0,0,0,0,0,0
2718,Sri Krishna College of Enginering and Technology (Autonomous)   Kuniamuthur  Coimbatore District 641008,COIMBATORE,SELF FINANCING COLLEGES TIER 1,CB,COMPUTER SCIENCE AND BUSSINESS SYSTEM,187.0,185.5,183.5,182.5,142.5,125.0,,0,0,0,0,0,0,0
2718,Sri Krishna College of Enginering and Technology (Autonomous)   Kuniamuthur  Coimbatore District 641008,COIMBATORE,SELF FINANCING COLLEGES TIER 1,CD,COMPUTER SCIENCE AND DESIGN,185.5,183.5,181.5,180.0,140.5,131.5,,0,0,0,0,0,0,0
2718,Sri Krishna College of Enginering and Technology (Autonomous)   Kuniamuthur  Coimbatore District 641008,COIMBATORE,SELF FINANCING COLLEGES TIER 1,CE,CIVIL  ENGINEERING,163.0,153.0,159.0,145.5,129.5,126.0,143.0,0,0,0,0,0,0,0
2718,Sri Krishna College of Enginering and Technology (Autonomous)   Kuniamuthur  Coimbatore District 641008,COIMBATORE,SELF FINANCING COLLEGES TIER 1,CJ,M.Tech. Computer Science and Engineering (Integrated 5 years),184.5,181.5,,176.0,149.5,136.0,,0,0,0,0,0,0,0
2718,Sri Krishna College of Enginering and Technology (Autonomous)   Kuniamuthur  Coimbatore District 641008,COIMBATORE,SELF FINANCING COLLEGES TIER 1,CS,COMPUTER SCIENCE AND ENGINEERING,192.5,190.0,188.5,187.0,157.0,152.5,135.5,0,0,0,0,0,0,0
2718,Sri Krishna College of Enginering and Technology (Autonomous)   Kuniamuthur  Coimbatore District 641008,COIMBATORE,SELF FINANCING COLLEGES TIER 1,EC,ELECTRONICS AND COMMUNICATION ENGINEERING,189.5,186.5,183.5,182.5,153.0,134.5,117.0,0,0,0,0,0,0,0
2718,Sri Krishna College of Enginering and Technology (Autonomous)   Kuniamuthur  Coimbatore District 641008,COIMBATORE,SELF FINANCING COLLEGES TIER 1,EE,ELECTRICAL AND ELECTRONICS ENGINEERING,184.5,180.5,179.0,173.0,136.0,131.0,,0,0,0,0,0,0,0
2718,Sri Krishna College of Enginering and Technology (Autonomous)   Kuniamuthur  Coimbatore District 641008,COIMBATORE,SELF FINANCING COLLEGES TIER 1,IT,INFORMATION TECHNOLOGY,189.0,187.0,182.0,184.205,144.5,133.5,141.0,0,0,0,0,0,0,0
2718,Sri Krishna College of Enginering and Technology (Autonomous)   Kuniamuthur  Coimbatore District 641008,COIMBATORE,SELF FINANCING COLLEGES TIER 1,ME,MECHANICAL ENGINEERING,169.0,163.5,160.5,154.5,129.0,128.0,138.0,0,0,0,0,0,0,0
2718,Sri Krishna College of Enginering and Technology (Autonomous)   Kuniamuthur  Coimbatore District 641008,COIMBATORE,SELF FINANCING COLLEGES TIER 1,MZ,Mechatronics Engineering,172.0,166.5,161.0,159.0,121.5,115.0,,0,0,0,0,0,0,0
2718,Sri Krishna College of Enginering and Technology (Autonomous)   Kuniamuthur  Coimbatore District 641008,COIMBATORE,SELF FINANCING COLLEGES TIER 1,SC,Computer Science and Engineering (Cyber Security),187.5,186.0,183.5,181.5,146.5,137.5,121.0,0,0,0,0,0,0,0
2719,Sri Ramakrishna Engineering College (Autonomous)  Vattamalaipalayam  Coimbatore District 641022,COIMBATORE,SELF FINANCING COLLEGES TIER 1,AD,ARTIFICIAL INTELLIGENCE AND DATA SCIENCE,181.0,176.0,173.0,172.0,143.0,151.0,,0,0,0,0,0,0,0
2719,Sri Ramakrishna Engineering College (Autonomous)  Vattamalaipalayam  Coimbatore District 641022,COIMBATORE,SELF FINANCING COLLEGES TIER 1,AE,AERONAUTICAL ENGINEERING,163.5,150.5,,146.5,119.5,,,0,0,0,0,0,0,0
2719,Sri Ramakrishna Engineering College (Autonomous)  Vattamalaipalayam  Coimbatore District 641022,COIMBATORE,SELF FINANCING COLLEGES TIER 1,BM,BIO MEDICAL ENGINEERING,160.5,152.5,149.0,137.0,121.5,94.0,,0,0,0,0,0,0,0
2719,Sri Ramakrishna Engineering College (Autonomous)  Vattamalaipalayam  Coimbatore District 641022,COIMBATORE,SELF FINANCING COLLEGES TIER 1,CE,CIVIL  ENGINEERING,138.5,129.5,132.0,118.5,92.0,108.5,,0,0,1,0,1,0,0
2719,Sri Ramakrishna Engineering College (Autonomous)  Vattamalaipalayam  Coimbatore District 641022,COIMBATORE,SELF FINANCING COLLEGES TIER 1,CJ,M.Tech. Computer Science and Engineering (Integrated 5 years),172.0,164.0,160.0,161.5,112.0,,,0,0,0,0,0,0,0
2719,Sri Ramakrishna Engineering College (Autonomous)  Vattamalaipalayam  Coimbatore District 641022,COIMBATORE,SELF FINANCING COLLEGES TIER 1,CS,COMPUTER SCIENCE AND ENGINEERING,183.0,175.0,175.5,172.5,142.0,119.0,144.5,0,0,0,0,0,0,0
2719,Sri Ramakrishna Engineering College (Autonomous)  Vattamalaipalayam  Coimbatore District 641022,COIMBATORE,SELF FINANCING COLLEGES TIER 1,EC,ELECTRONICS AND COMMUNICATION ENGINEERING,175.5,171.5,167.0,164.0,130.5,126.5,,0,0,0,0,0,0,0
2719,Sri Ramakrishna Engineering College (Autonomous)  Vattamalaipalayam  Coimbatore District 641022,COIMBATORE,SELF FINANCING COLLEGES TIER 1,EE,ELECTRICAL AND ELECTRONICS ENGINEERING,170.0,163.0,152.0,159.0,118.0,90.5,,0,0,0,0,0,0,0
2719,Sri Ramakrishna Engineering College (Autonomous)  Vattamalaipalayam  Coimbatore District 641022,COIMBATORE,SELF FINANCING COLLEGES TIER 1,EI,ELECTRONICS AND INSTRUMENTATION ENGINEERING,167.0,160.5,164.5,146.5,123.5,108.0,,0,0,0,0,0,0,0
2719,Sri Ramakrishna Engineering College (Autonomous)  Vattamalaipalayam  Coimbatore District 641022,COIMBATORE,SELF FINANCING COLLEGES TIER 1,IT,INFORMATION TECHNOLOGY,179.5,174.0,173.5,168.5,130.5,118.0,,0,0,0,0,0,0,0
2719,Sri Ramakrishna Engineering College (Autonomous)  Vattamalaipalayam  Coimbatore District 641022,COIMBATORE,SELF FINANCING COLLEGES TIER 1,ME,MECHANICAL ENGINEERING,157.5,146.5,149.5,134.0,99.0,91.5,,0,0,0,0,0,1,0
2719,Sri Ramakrishna Engineering College (Autonomous)  Vattamalaipalayam  Coimbatore District 641022,COIMBATORE,SELF FINANCING COLLEGES TIER 1,RM,ROBOTICS AND AUTOMATION,164.0,157.333333333333,154.0,156.5,100.5,,,0,0,0,0,0,0,0
2721,Tamilnadu College of Engineering  Karumathampatti Post  Coimbatore District 641659,COIMBATORE,SELF FINANCING COLLEGES TIER 3,AD,ARTIFICIAL INTELLIGENCE AND DATA SCIENCE,143.5,132.5,,125.5,112.0,,,0,0,0,0,0,0,0
2721,Tamilnadu College of Engineering  Karumathampatti Post  Coimbatore District 641659,COIMBATORE,SELF FINANCING COLLEGES TIER 3,AU,AUTOMOBILE ENGINEERING,97.5,,,,,,,1,0,0,0,0,0,0
2721,Tamilnadu College of Engineering  Karumathampatti Post  Coimbatore District 641659,COIMBATORE,SELF FINANCING COLLEGES TIER 3,CE,CIVIL  ENGINEERING,,,,,,,,0,0,0,0,0,0,0
2721,Tamilnadu College of Engineering  Karumathampatti Post  Coimbatore District 641659,COIMBATORE,SELF FINANCING COLLEGES TIER 3,CS,COMPUTER SCIENCE AND ENGINEERING,154.5,127.0,,121.0,120.0,133.5,,0,0,0,0,0,0,0
2721,Tamilnadu College of Engineering  Karumathampatti Post  Coimbatore District 641659,COIMBATORE,SELF FINANCING COLLEGES TIER 3,EC,ELECTRONICS AND COMMUNICATION ENGINEERING,137.0,93.0,112.5,96.0,,,,0,1,0,1,0,0,0
2721,Tamilnadu College of Engineering  Karumathampatti Post  Coimbatore District 641659,COIMBATORE,SELF FINANCING COLLEGES TIER 3,EE,ELECTRICAL AND ELECTRONICS ENGINEERING,107.0,,,,,,,0,0,0,0,0,0,0
2721,Tamilnadu College of Engineering  Karumathampatti Post  Coimbatore District 641659,COIMBATORE,SELF FINANCING COLLEGES TIER 3,IC,INSTRUMENTATION AND CONTROL ENGINEERING,115.0,112.5,,99.0,,,,0,1,0,1,0,0,0
2721,Tamilnadu College of Engineering  Karumathampatti Post  Coimbatore District 641659,COIMBATORE,SELF FINANCING COLLEGES TIER 3,IT,INFORMATION TECHNOLOGY,145.0,116.5,107.5,112.5,100.5,,,0,0,0,0,1,0,0
2721,Tamilnadu College of Engineering  Karumathampatti Post  Coimbatore District 641659,COIMBATORE,SELF FINANCING COLLEGES TIER 3,ME,MECHANICAL ENGINEERING,101.5,,,,,,,1,0,0,0,0,0,0
2722,Sri Krishna College of Technology (Autonomous)   Kovaipudur Post  Coimbatore District 641042,COIMBATORE,SELF FINANCING COLLEGES TIER 1,AD,ARTIFICIAL INTELLIGENCE AND DATA SCIENCE,185.0,177.5,171.0,176.0,145.5,135.5,119.5,0,0,0,0,0,0,0
2722,Sri Krishna College of Technology (Autonomous)   Kovaipudur Post  Coimbatore District 641042,COIMBATORE,SELF FINANCING COLLEGES TIER 1,AM,COMPUTER SCIENCE AND ENGINEERING (ARTIFICIAL INTELLIGENCE AND MACHINE LEARNING),183.5,177.0,174.5,172.5,140.0,130.5,,0,0,0,0,0,0,0
2722,Sri Krishna College of Technology (Autonomous)   Kovaipudur Post  Coimbatore District 641042,COIMBATORE,SELF FINANCING COLLEGES TIER 1,CE,CIVIL  ENGINEERING,147.5,142.5,146.5,132.0,109.5,108.5,,0,0,0,0,0,0,0
2722,Sri Krishna College of Technology (Autonomous)   Kovaipudur Post  Coimbatore District 641042,COIMBATORE,SELF FINANCING COLLEGES TIER 1,CI,Computer Science and Engineering (Internet of Things),178.5,175.0,170.0,169.0,139.0,122.5,,0,0,0,0,0,0,0
2722,Sri Krishna College of Technology (Autonomous)   Kovaipudur Post  Coimbatore District 641042,COIMBATORE,SELF FINANCING COLLEGES TIER 1,CS,COMPUTER SCIENCE AND ENGINEERING,184.5,179.5,176.0,173.5,141.0,131.5,148.76,0,0,0,0,0,0,0
2722,Sri Krishna College of Technology (Autonomous)   Kovaipudur Post  Coimbatore District 641042,COIMBATORE,SELF FINANCING COLLEGES TIER 1,EC,ELECTRONICS AND COMMUNICATION ENGINEERING,181.0,175.0,173.0,172.0,140.0,130.0,125.0,0,0,0,0,0,0,0
2722,Sri Krishna College of Technology (Autonomous)   Kovaipudur Post  Coimbatore District 641042,COIMBATORE,SELF FINANCING COLLEGES TIER 1,EE,ELECTRICAL AND ELECTRONICS ENGINEERING,173.5,168.78,156.5,162.5,120.5,97.5,,0,0,0,0,0,0,0
2722,Sri Krishna College of Technology (Autonomous)   Kovaipudur Post  Coimbatore District 641042,COIMBATORE,SELF FINANCING COLLEGES TIER 1,IT,INFORMATION TECHNOLOGY,181.0,177.0,175.0,172.5,142.5,126.0,,0,0,0,0,0,0,0
2722,Sri Krishna College of Technology (Autonomous)   Kovaipudur Post  Coimbatore District 641042,COIMBATORE,SELF FINANCING COLLEGES TIER 1,ME,MECHANICAL ENGINEERING,162.5,155.5,161.0,144.5,109.5,96.0,,0,0,0,0,0,1,0
2722,Sri Krishna College of Technology (Autonomous)   Kovaipudur Post  Coimbatore District 641042,COIMBATORE,SELF FINANCING COLLEGES TIER 1,SC,Computer Science and Engineering (Cyber Security),180.5,175.0,173.5,171.5,140.0,129.5,,0,0,0,0,0,0,0
2723,Velalar College of Engineering and Technology (Autonomous)  Thindal Post  Erode District 638012,ERODE,SELF FINANCING COLLEGES TIER 3,AD,ARTIFICIAL INTELLIGENCE AND DATA SCIENCE,167.5,159.0,163.0,143.0,122.0,,,0,0,0,0,0,0,0
2723,Velalar College of Engineering and Technology (Autonomous)  Thindal Post  Erode District 638012,ERODE,SELF FINANCING COLLEGES TIER 3,AM,COMPUTER SCIENCE AND ENGINEERING (ARTIFICIAL INTELLIGENCE AND MACHINE LEARNING),149.0,142.5,141.5,140.5,,,,0,0,0,0,0,0,0
2723,Velalar College of Engineering and Technology (Autonomous)  Thindal Post  Erode District 638012,ERODE,SELF FINANCING COLLEGES TIER 3,BM,BIO MEDICAL ENGINEERING,146.0,129.0,103.5,126.5,102.5,93.0,,0,0,0,0,0,0,0
2723,Velalar College of Engineering and Technology (Autonomous)  Thindal Post  Erode District 638012,ERODE,SELF FINANCING COLLEGES TIER 3,CE,CIVIL  ENGINEERING,131.5,118.0,108.0,113.0,106.5,,,0,0,0,0,0,0,0
2723,Velalar College of Engineering and Technology (Autonomous)  Thindal Post  Erode District 638012,ERODE,SELF FINANCING COLLEGES TIER 3,CS,COMPUTER SCIENCE AND ENGINEERING,167.0,154.5,141.5,153.0,102.0,125.5,,0,0,0,0,1,1,0
2723,Velalar College of Engineering and Technology (Autonomous)  Thindal Post  Erode District 638012,ERODE,SELF FINANCING COLLEGES TIER 3,EC,ELECTRONICS AND COMMUNICATION ENGINEERING,154.5,145.5,113.0,137.0,101.5,,,0,0,0,0,1,0,0
2723,Velalar College of Engineering and Technology (Autonomous)  Thindal Post  Erode District 638012,ERODE,SELF FINANCING COLLEGES TIER 3,EE,ELECTRICAL AND ELECTRONICS ENGINEERING,149.5,138.5,,124.0,110.0,102.5,,0,0,0,0,1,0,0
2723,Velalar College of Engineering and Technology (Autonomous)  Thindal Post  Erode District 638012,ERODE,SELF FINANCING COLLEGES TIER 3,IT,INFORMATION TECHNOLOGY,158.0,147.5,134.0,143.5,96.5,141.0,,0,0,0,0,1,0,0
2723,Velalar College of Engineering and Technology (Autonomous)  Thindal Post  Erode District 638012,ERODE,SELF FINANCING COLLEGES TIER 3,MD,MEDICAL ELECTRONICS ENGINEERING,148.0,135.0,,121.5,104.0,124.5,,0,0,0,0,0,0,0
2723,Velalar College of Engineering and Technology (Autonomous)  Thindal Post  Erode District 638012,ERODE,SELF FINANCING COLLEGES TIER 3,ME,MECHANICAL ENGINEERING,135.5,120.5,108.5,95.0,105.0,121.5,,0,0,0,1,1,0,0
2725,Sri Ramakrishna Institute of Technology (Autonomous)  Pachapalayam  Coimbatore District 641010,COIMBATORE,SELF FINANCING COLLEGES TIER 2,CS,COMPUTER SCIENCE AND ENGINEERING,163.5,155.5,150.0,149.0,108.5,114.5,131.5,0,0,0,0,0,1,0
2725,Sri Ramakrishna Institute of Technology (Autonomous)  Pachapalayam  Coimbatore District 641010,COIMBATORE,SELF FINANCING COLLEGES TIER 2,EC,ELECTRONICS AND COMMUNICATION ENGINEERING,162.5,157.0,141.5,146.5,96.5,,,0,0,0,0,0,0,0
2725,Sri Ramakrishna Institute of Technology (Autonomous)  Pachapalayam  Coimbatore District 641010,COIMBATORE,SELF FINANCING COLLEGES TIER 2,EE,ELECTRICAL AND ELECTRONICS ENGINEERING,153.5,150.5,,140.5,112.5,,,0,0,0,0,1,0,0
2725,Sri Ramakrishna Institute of Technology (Autonomous)  Pachapalayam  Coimbatore District 641010,COIMBATORE,SELF FINANCING COLLEGES TIER 2,IT,INFORMATION TECHNOLOGY,165.0,155.5,142.0,156.0,119.0,,,0,0,0,0,0,0,0
2725,Sri Ramakrishna Institute of Technology (Autonomous)  Pachapalayam  Coimbatore District 641010,COIMBATORE,SELF FINANCING COLLEGES TIER 2,ME,MECHANICAL ENGINEERING,141.0,129.0,121.0,116.0,,,,0,0,0,0,0,0,0
2726,SNS College of Technology (Autonomous)  Kalappatti Post  Coimbatore District 641035,COIMBATORE,SELF FINANCING COLLEGES TIER 3,AG,AGRICULTURAL ENGINEERING,127.5,94.0,,100.5,80.0,,,0,1,0,1,1,0,0
2726,SNS College of Technology (Autonomous)  Kalappatti Post  Coimbatore District 641035,COIMBATORE,SELF FINANCING COLLEGES TIER 3,AL,Artificial Intelligence and Machine Learning,160.0,151.0,155.0,144.5,80.5,107.5,,0,0,0,0,0,1,0
2726,SNS College of Technology (Autonomous)  Kalappatti Post  Coimbatore District 641035,COIMBATORE,SELF FINANCING COLLEGES TIER 3,AO,AEROSPACE ENGINEERING,161.5,147.0,138.5,138.5,121.5,,,0,0,0,0,1,0,0
2726,SNS College of Technology (Autonomous)  Kalappatti Post  Coimbatore District 641035,COIMBATORE,SELF FINANCING COLLEGES TIER 3,AU,AUTOMOBILE ENGINEERING,138.5,118.5,,106.5,,,,0,0,0,0,0,0,0
2726,SNS College of Technology (Autonomous)  Kalappatti Post  Coimbatore District 641035,COIMBATORE,SELF FINANCING COLLEGES TIER 3,BM,BIO MEDICAL ENGINEERING,147.5,135.0,146.5,130.5,98.0,125.0,,0,0,0,0,1,0,0
2726,SNS College of Technology (Autonomous)  Kalappatti Post  Coimbatore District 641035,COIMBATORE,SELF FINANCING COLLEGES TIER 3,CE,CIVIL  ENGINEERING,123.5,97.5,,90.5,104.5,,,0,1,0,1,1,0,0
2726,SNS College of Technology (Autonomous)  Kalappatti Post  Coimbatore District 641035,COIMBATORE,SELF FINANCING COLLEGES TIER 3,CS,COMPUTER SCIENCE AND ENGINEERING,165.5,156.0,155.0,151.0,108.0,120.0,,0,0,0,0,0,0,0
2726,SNS College of Technology (Autonomous)  Kalappatti Post  Coimbatore District 641035,COIMBATORE,SELF FINANCING COLLEGES TIER 3,EC,ELECTRONICS AND COMMUNICATION ENGINEERING,159.5,149.0,143.0,143.5,109.5,112.0,,0,0,0,0,1,1,0
2726,SNS College of Technology (Autonomous)  Kalappatti Post  Coimbatore District 641035,COIMBATORE,SELF FINANCING COLLEGES TIER 3,EE,ELECTRICAL AND ELECTRONICS ENGINEERING,148.0,143.5,,131.5,,,,0,0,0,0,0,0,0
2726,SNS College of Technology (Autonomous)  Kalappatti Post  Coimbatore District 641035,COIMBATORE,SELF FINANCING COLLEGES TIER 3,FD,FOOD TECHNOLOGY,136.5,112.5,,105.0,103.0,,,0,0,0,0,1,0,0
2726,SNS College of Technology (Autonomous)  Kalappatti Post  Coimbatore District 641035,COIMBATORE,SELF FINANCING COLLEGES TIER 3,IT,INFORMATION TECHNOLOGY,165.0,154.0,149.5,150.0,108.0,,,0,0,0,0,0,0,0
2726,SNS College of Technology (Autonomous)  Kalappatti Post  Coimbatore District 641035,COIMBATORE,SELF FINANCING COLLEGES TIER 3,ME,MECHANICAL ENGINEERING,131.5,116.0,105.5,107.5,87.5,,,0,0,1,0,1,0,0
2726,SNS College of Technology (Autonomous)  Kalappatti Post  Coimbatore District 641035,COIMBATORE,SELF FINANCING COLLEGES TIER 3,MZ,Mechatronics Engineering,150.5,133.5,136.5,131.0,,,,0,0,0,0,0,0,0
2727,Sri Shakthi Institute of Engineering and Technology (Autonomous)  L&T Bye-Pass  Venkitapuram Post  Comibatore District 641062,COIMBATORE,SELF FINANCING COLLEGES TIER 3,AD,ARTIFICIAL INTELLIGENCE AND DATA SCIENCE,162.5,152.5,145.0,143.5,108.5,101.0,,0,0,0,0,1,0,0
2727,Sri Shakthi Institute of Engineering and Technology (Autonomous)  L&T Bye-Pass  Venkitapuram Post  Comibatore District 641062,COIMBATORE,SELF FINANCING COLLEGES TIER 3,AG,AGRICULTURAL ENGINEERING,142.0,128.0,125.0,107.5,95.5,,99.5,0,0,0,1,1,0,0
2727,Sri Shakthi Institute of Engineering and Technology (Autonomous)  L&T Bye-Pass  Venkitapuram Post  Comibatore District 641062,COIMBATORE,SELF FINANCING COLLEGES TIER 3,AL,Artificial Intelligence and Machine Learning,157.0,148.0,146.0,140.5,91.5,95.0,,0,0,0,0,1,1,0
2727,Sri Shakthi Institute of Engineering and Technology (Autonomous)  L&T Bye-Pass  Venkitapuram Post  Comibatore District 641062,COIMBATORE,SELF FINANCING COLLEGES TIER 3,BM,BIO MEDICAL ENGINEERING,139.0,126.0,,111.0,82.5,,,0,0,0,0,1,0,0
2727,Sri Shakthi Institute of Engineering and Technology (Autonomous)  L&T Bye-Pass  Venkitapuram Post  Comibatore District 641062,COIMBATORE,SELF FINANCING COLLEGES TIER 3,BT,BIO TECHNOLOGY,157.5,146.0,132.0,134.5,103.5,,,0,0,0,0,1,0,0
2727,Sri Shakthi Institute of Engineering and Technology (Autonomous)  L&T Bye-Pass  Venkitapuram Post  Comibatore District 641062,COIMBATORE,SELF FINANCING COLLEGES TIER 3,CE,CIVIL  ENGINEERING,129.5,96.0,115.0,102.5,102.5,,,0,1,0,0,1,0,0
2727,Sri Shakthi Institute of Engineering and Technology (Autonomous)  L&T Bye-Pass  Venkitapuram Post  Comibatore District 641062,COIMBATORE,SELF FINANCING COLLEGES TIER 3,CS,COMPUTER SCIENCE AND ENGINEERING,166.5,157.0,156.0,147.0,97.5,112.0,,0,0,0,0,1,1,0
2727,Sri Shakthi Institute of Engineering and Technology (Autonomous)  L&T Bye-Pass  Venkitapuram Post  Comibatore District 641062,COIMBATORE,SELF FINANCING COLLEGES TIER 3,EC,ELECTRONICS AND COMMUNICATION ENGINEERING,160.5,151.0,135.0,142.0,89.0,,,0,0,0,0,1,0,0
2727,Sri Shakthi Institute of Engineering and Technology (Autonomous)  L&T Bye-Pass  Venkitapuram Post  Comibatore District 641062,COIMBATORE,SELF FINANCING COLLEGES TIER 3,EE,ELECTRICAL AND ELECTRONICS ENGINEERING,147.5,143.5,140.5,138.0,,,,0,0,0,0,0,0,0
2727,Sri Shakthi Institute of Engineering and Technology (Autonomous)  L&T Bye-Pass  Venkitapuram Post  Comibatore District 641062,COIMBATORE,SELF FINANCING COLLEGES TIER 3,FD,FOOD TECHNOLOGY,139.045,123.0,,125.0,103.5,,103.5,0,0,0,1,1,0,0
2727,Sri Shakthi Institute of Engineering and Technology (Autonomous)  L&T Bye-Pass  Venkitapuram Post  Comibatore District 641062,COIMBATORE,SELF FINANCING COLLEGES TIER 3,IT,INFORMATION TECHNOLOGY,160.0,150.0,135.0,145.5,104.0,104.0,,0,0,0,0,1,1,0
2727,Sri Shakthi Institute of Engineering and Technology (Autonomous)  L&T Bye-Pass  Venkitapuram Post  Comibatore District 641062,COIMBATORE,SELF FINANCING COLLEGES TIER 3,ME,MECHANICAL ENGINEERING,139.0,129.5,133.0,117.0,,,,0,0,1,0,0,0,0
2727,Sri Shakthi Institute of Engineering and Technology (Autonomous)  L&T Bye-Pass  Venkitapuram Post  Comibatore District 641062,COIMBATORE,SELF FINANCING COLLEGES TIER 3,SC,Computer Science and Engineering (Cyber Security),158.0,147.5,147.0,140.5,97.0,107.5,,0,0,0,0,1,1,0
2729,Nehru Institute of Engineering and Technology  Thirumalayampalayam Post  Coimbatore District 641105,COIMBATORE,SELF FINANCING COLLEGES TIER 3,AD,ARTIFICIAL INTELLIGENCE AND DATA SCIENCE,165.5,149.0,151.5,144.0,137.0,,109.5,0,0,0,0,0,0,0
2729,Nehru Institute of Engineering and Technology  Thirumalayampalayam Post  Coimbatore District 641105,COIMBATORE,SELF FINANCING COLLEGES TIER 3,AE,AERONAUTICAL ENGINEERING,152.5,125.0,149.0,130.5,121.0,137.0,,0,0,0,0,0,0,0
2729,Nehru Institute of Engineering and Technology  Thirumalayampalayam Post  Coimbatore District 641105,COIMBATORE,SELF FINANCING COLLEGES TIER 3,CB,COMPUTER SCIENCE AND BUSSINESS SYSTEM,146.0,137.0,144.5,140.5,106.5,97.5,,0,0,0,0,0,0,0
2729,Nehru Institute of Engineering and Technology  Thirumalayampalayam Post  Coimbatore District 641105,COIMBATORE,SELF FINANCING COLLEGES TIER 3,CS,COMPUTER SCIENCE AND ENGINEERING,161.0,147.5,150.0,142.0,139.5,115.0,123.5,0,0,0,0,0,0,0
2729,Nehru Institute of Engineering and Technology  Thirumalayampalayam Post  Coimbatore District 641105,COIMBATORE,SELF FINANCING COLLEGES TIER 3,EC,ELECTRONICS AND COMMUNICATION ENGINEERING,151.5,138.5,134.0,138.0,93.0,94.5,,0,0,0,0,0,0,0
2729,Nehru Institute of Engineering and Technology  Thirumalayampalayam Post  Coimbatore District 641105,COIMBATORE,SELF FINANCING COLLEGES TIER 3,EE,ELECTRICAL AND ELECTRONICS ENGINEERING,138.5,130.0,103.0,130.0,85.0,98.5,95.5,0,0,0,0,1,0,0
2729,Nehru Institute of Engineering and Technology  Thirumalayampalayam Post  Coimbatore District 641105,COIMBATORE,SELF FINANCING COLLEGES TIER 3,IT,INFORMATION TECHNOLOGY,158.0,144.5,151.0,143.5,134.0,142.5,,0,0,0,0,0,0,0
2729,Nehru Institute of Engineering and Technology  Thirumalayampalayam Post  Coimbatore District 641105,COIMBATORE,SELF FINANCING COLLEGES TIER 3,ME,MECHANICAL ENGINEERING,117.5,107.0,91.5,100.5,94.0,,,0,0,0,0,1,0,0
2729,Nehru Institute of Engineering and Technology  Thirumalayampalayam Post  Coimbatore District 641105,COIMBATORE,SELF FINANCING COLLEGES TIER 3,MZ,Mechatronics Engineering,131.0,120.5,120.0,113.0,90.5,,,0,0,0,0,1,0,0
2731,R V S College of Engineering and Technology  Kannampalayam  Sulur  Coimbatore District 641402,COIMBATORE,SELF FINANCING COLLEGES TIER 3,AD,ARTIFICIAL INTELLIGENCE AND DATA SCIENCE,174.5,139.5,155.0,143.5,115.5,122.0,,0,0,0,0,0,0,0
2731,R V S College of Engineering and Technology  Kannampalayam  Sulur  Coimbatore District 641402,COIMBATORE,SELF FINANCING COLLEGES TIER 3,CS,COMPUTER SCIENCE AND ENGINEERING,176.5,146.0,128.5,145.5,122.5,107.0,,0,0,0,0,0,0,0
2731,R V S College of Engineering and Technology  Kannampalayam  Sulur  Coimbatore District 641402,COIMBATORE,SELF FINANCING COLLEGES TIER 3,EC,ELECTRONICS AND COMMUNICATION ENGINEERING,180.5,148.5,126.5,136.5,94.0,115.0,144.5,0,0,0,0,0,0,0
2731,R V S College of Engineering and Technology  Kannampalayam  Sulur  Coimbatore District 641402,COIMBATORE,SELF FINANCING COLLEGES TIER 3,EE,ELECTRICAL AND ELECTRONICS ENGINEERING,128.5,111.5,123.0,100.5,89.0,,,0,0,0,0,0,0,0
2731,R V S College of Engineering and Technology  Kannampalayam  Sulur  Coimbatore District 641402,COIMBATORE,SELF FINANCING COLLEGES TIER 3,IT,INFORMATION TECHNOLOGY,178.5,167.5,136.5,137.5,126.5,,,0,0,0,0,0,0,0
2731,R V S College of Engineering and Technology  Kannampalayam  Sulur  Coimbatore District 641402,COIMBATORE,SELF FINANCING COLLEGES TIER 3,ME,MECHANICAL ENGINEERING,121.5,92.0,,104.0,103.5,,,0,1,0,1,0,0,0
2731,R V S College of Engineering and Technology  Kannampalayam  Sulur  Coimbatore District 641402,COIMBATORE,SELF FINANCING COLLEGES TIER 3,PC,PETRO CHEMICAL TECHNOLOGY,120.0,111.0,,107.5,99.0,,,0,1,0,1,1,0,0
2732,Info Institute of Engineering  Sarkar Samakulam  Coimbatore District 641107,COIMBATORE,SELF FINANCING COLLEGES TIER 3,AD,ARTIFICIAL INTELLIGENCE AND DATA SCIENCE,124.5,93.0,117.0,96.5,91.5,,,0,0,1,1,1,0,0
2732,Info Institute of Engineering  Sarkar Samakulam  Coimbatore District 641107,COIMBATORE,SELF FINANCING COLLEGES TIER 3,CS,COMPUTER SCIENCE AND ENGINEERING,130.0,96.5,,99.5,93.0,,,0,0,0,0,1,0,0
2732,Info Institute of Engineering  Sarkar Samakulam  Coimbatore District 641107,COIMBATORE,SELF FINANCING COLLEGES TIER 3,EC,ELECTRONICS AND COMMUNICATION ENGINEERING,107.5,88.0,,96.0,,,,0,1,0,1,0,0,0
2732,Info Institute of Engineering  Sarkar Samakulam  Coimbatore District 641107,COIMBATORE,SELF FINANCING COLLEGES TIER 3,EE,ELECTRICAL AND ELECTRONICS ENGINEERING,106.0,99.5,,,,,,0,1,0,0,0,0,0
2732,Info Institute of Engineering  Sarkar Samakulam  Coimbatore District 641107,COIMBATORE,SELF FINANCING COLLEGES TIER 3,IT,INFORMATION TECHNOLOGY,125.0,107.0,111.0,108.0,93.0,91.0,,0,0,1,0,1,0,0
2732,Info Institute of Engineering  Sarkar Samakulam  Coimbatore District 641107,COIMBATORE,SELF FINANCING COLLEGES TIER 3,ME,MECHANICAL ENGINEERING,86.0,,,,,,,1,0,0,0,0,0,0
2733,Angel College of Engineering and Technology  P.K.Palayam  Ugayanur Village  Tirupur District 641 665,TIRUPPUR,SELF FINANCING COLLEGES TIER 3,CE,CIVIL  ENGINEERING,,,,,,,,0,0,0,0,0,0,0
2733,Angel College of Engineering and Technology  P.K.Palayam  Ugayanur Village  Tirupur District 641 665,TIRUPPUR,SELF FINANCING COLLEGES TIER 3,CS,COMPUTER SCIENCE AND ENGINEERING,116.0,,,,,,,1,0,0,0,0,0,0
2733,Angel College of Engineering and Technology  P.K.Palayam  Ugayanur Village  Tirupur District 641 665,TIRUPPUR,SELF FINANCING COLLEGES TIER 3,EC,ELECTRONICS AND COMMUNICATION ENGINEERING,,,,,,,,0,0,0,0,0,0,0
2733,Angel College of Engineering and Technology  P.K.Palayam  Ugayanur Village  Tirupur District 641 665,TIRUPPUR,SELF FINANCING COLLEGES TIER 3,EE,ELECTRICAL AND ELECTRONICS ENGINEERING,,,,,,,,0,0,0,0,0,0,0
2733,Angel College of Engineering and Technology  P.K.Palayam  Ugayanur Village  Tirupur District 641 665,TIRUPPUR,SELF FINANCING COLLEGES TIER 3,FT,FASHION TECHNOLOGY,,,,,,,,0,0,0,0,0,0,0
2733,Angel College of Engineering and Technology  P.K.Palayam  Ugayanur Village  Tirupur District 641 665,TIRUPPUR,SELF FINANCING COLLEGES TIER 3,ME,MECHANICAL ENGINEERING,,,,,,,,0,0,0,0,0,0,0
2734,SNS College of Engineering (Autonomous)  Sathy Main Road  Kurumbapalayam Post  Coimbatore District 641107,COIMBATORE,SELF FINANCING COLLEGES TIER 3,AD,ARTIFICIAL INTELLIGENCE AND DATA SCIENCE,160.0,152.0,147.0,149.0,115.0,118.5,,0,0,0,0,0,0,0
2734,SNS College of Engineering (Autonomous)  Sathy Main Road  Kurumbapalayam Post  Coimbatore District 641107,COIMBATORE,SELF FINANCING COLLEGES TIER 3,CD,COMPUTER SCIENCE AND DESIGN,154.5,146.0,130.0,142.0,112.5,131.0,,0,0,0,0,0,0,0
2734,SNS College of Engineering (Autonomous)  Sathy Main Road  Kurumbapalayam Post  Coimbatore District 641107,COIMBATORE,SELF FINANCING COLLEGES TIER 3,CS,COMPUTER SCIENCE AND ENGINEERING,161.5,152.5,155.5,147.5,106.0,114.5,,0,0,0,0,0,1,0
2734,SNS College of Engineering (Autonomous)  Sathy Main Road  Kurumbapalayam Post  Coimbatore District 641107,COIMBATORE,SELF FINANCING COLLEGES TIER 3,EC,ELECTRONICS AND COMMUNICATION ENGINEERING,156.0,148.5,154.0,143.0,117.0,,,0,0,0,0,1,0,0
2734,SNS College of Engineering (Autonomous)  Sathy Main Road  Kurumbapalayam Post  Coimbatore District 641107,COIMBATORE,SELF FINANCING COLLEGES TIER 3,EE,ELECTRICAL AND ELECTRONICS ENGINEERING,143.0,142.0,133.0,132.5,96.5,,,0,0,0,0,0,0,0
2734,SNS College of Engineering (Autonomous)  Sathy Main Road  Kurumbapalayam Post  Coimbatore District 641107,COIMBATORE,SELF FINANCING COLLEGES TIER 3,IT,INFORMATION TECHNOLOGY,160.5,150.5,155.0,146.0,101.0,,,0,0,0,0,0,0,0
2734,SNS College of Engineering (Autonomous)  Sathy Main Road  Kurumbapalayam Post  Coimbatore District 641107,COIMBATORE,SELF FINANCING COLLEGES TIER 3,ME,MECHANICAL ENGINEERING,129.5,110.5,,104.0,,,,0,0,0,0,0,0,0
2734,SNS College of Engineering (Autonomous)  Sathy Main Road  Kurumbapalayam Post  Coimbatore District 641107,COIMBATORE,SELF FINANCING COLLEGES TIER 3,MO,Mechanical and Mechatronics Engineering (Additive Manufacturing),131.5,118.0,,117.5,,,,0,0,0,0,0,0,0
2734,SNS College of Engineering (Autonomous)  Sathy Main Road  Kurumbapalayam Post  Coimbatore District 641107,COIMBATORE,SELF FINANCING COLLEGES TIER 3,SB,Computer Science and Engineering (Internet of Things and Cyber Security including Block Chain Technology),159.5,148.5,151.5,143.0,110.0,,,0,0,0,0,0,0,0
2734,SNS College of Engineering (Autonomous)  Sathy Main Road  Kurumbapalayam Post  Coimbatore District 641107,COIMBATORE,SELF FINANCING COLLEGES TIER 3,TS,Computer Science and Technology,155.0,146.5,145.0,142.0,95.0,,,0,0,0,0,0,0,0
2735,Karpagam Institute of Technology  Seerapalayam Village  L&T By pass Road  Coimbatore District 641021,COIMBATORE,SELF FINANCING COLLEGES TIER 2,AD,ARTIFICIAL INTELLIGENCE AND DATA SCIENCE,176.0,169.5,166.5,172.5,145.0,155.0,,0,0,0,0,0,0,0
2735,Karpagam Institute of Technology  Seerapalayam Village  L&T By pass Road  Coimbatore District 641021,COIMBATORE,SELF FINANCING COLLEGES TIER 2,CS,COMPUTER SCIENCE AND ENGINEERING,172.0,166.0,170.5,157.0,130.0,130.0,154.0,0,0,0,0,0,0,0
2735,Karpagam Institute of Technology  Seerapalayam Village  L&T By pass Road  Coimbatore District 641021,COIMBATORE,SELF FINANCING COLLEGES TIER 2,EC,ELECTRONICS AND COMMUNICATION ENGINEERING,168.0,159.0,151.5,149.5,109.0,125.0,124.5,0,0,0,0,0,0,0
2735,Karpagam Institute of Technology  Seerapalayam Village  L&T By pass Road  Coimbatore District 641021,COIMBATORE,SELF FINANCING COLLEGES TIER 2,EE,ELECTRICAL AND ELECTRONICS ENGINEERING,159.0,154.5,,146.5,117.0,119.5,,0,0,0,0,0,0,0
2735,Karpagam Institute of Technology  Seerapalayam Village  L&T By pass Road  Coimbatore District 641021,COIMBATORE,SELF FINANCING COLLEGES TIER 2,IT,INFORMATION TECHNOLOGY,172.0,166.5,170.5,166.5,138.5,146.5,,0,0,0,0,0,0,0
2735,Karpagam Institute of Technology  Seerapalayam Village  L&T By pass Road  Coimbatore District 641021,COIMBATORE,SELF FINANCING COLLEGES TIER 2,ME,MECHANICAL ENGINEERING,139.0,121.5,120.5,128.0,100.0,115.5,,0,0,0,0,1,0,0
2736,Dr. N G P Institute of Technology  (Autonomous) Kalapatti Road  Coimbatore District 641035,COIMBATORE,SELF FINANCING COLLEGES TIER 3,AD,ARTIFICIAL INTELLIGENCE AND DATA SCIENCE,168.5,157.5,150.0,151.0,97.0,111.0,,0,0,0,0,1,1,0
2736,Dr. N G P Institute of Technology  (Autonomous) Kalapatti Road  Coimbatore District 641035,COIMBATORE,SELF FINANCING COLLEGES TIER 3,BM,BIO MEDICAL ENGINEERING,155.5,142.0,117.5,139.5,106.0,131.0,,0,0,1,0,0,0,0
2736,Dr. N G P Institute of Technology  (Autonomous) Kalapatti Road  Coimbatore District 641035,COIMBATORE,SELF FINANCING COLLEGES TIER 3,CB,COMPUTER SCIENCE AND BUSSINESS SYSTEM,161.5,154.0,141.5,145.0,107.0,,,0,0,0,0,1,0,0
2736,Dr. N G P Institute of Technology  (Autonomous) Kalapatti Road  Coimbatore District 641035,COIMBATORE,SELF FINANCING COLLEGES TIER 3,CE,CIVIL  ENGINEERING,130.5,123.5,,117.0,,,,0,0,0,0,0,0,0
2736,Dr. N G P Institute of Technology  (Autonomous) Kalapatti Road  Coimbatore District 641035,COIMBATORE,SELF FINANCING COLLEGES TIER 3,CS,COMPUTER SCIENCE AND ENGINEERING,172.0,165.5,145.5,154.5,103.5,106.0,117.5,0,0,0,0,0,1,0
2736,Dr. N G P Institute of Technology  (Autonomous) Kalapatti Road  Coimbatore District 641035,COIMBATORE,SELF FINANCING COLLEGES TIER 3,EC,ELECTRONICS AND COMMUNICATION ENGINEERING,161.5,154.0,148.0,143.0,109.5,99.5,,0,0,0,0,1,0,0
2736,Dr. N G P Institute of Technology  (Autonomous) Kalapatti Road  Coimbatore District 641035,COIMBATORE,SELF FINANCING COLLEGES TIER 3,EE,ELECTRICAL AND ELECTRONICS ENGINEERING,152.0,143.5,130.0,131.0,95.5,,,0,0,0,0,1,0,0
2736,Dr. N G P Institute of Technology  (Autonomous) Kalapatti Road  Coimbatore District 641035,COIMBATORE,SELF FINANCING COLLEGES TIER 3,IT,INFORMATION TECHNOLOGY,165.0,160.0,142.5,147.5,101.0,132.0,,0,0,0,0,1,0,0
2736,Dr. N G P Institute of Technology  (Autonomous) Kalapatti Road  Coimbatore District 641035,COIMBATORE,SELF FINANCING COLLEGES TIER 3,ME,MECHANICAL ENGINEERING,142.5,131.5,123.0,109.5,89.0,108.0,,0,0,1,0,1,0,0
2736,Dr. N G P Institute of Technology  (Autonomous) Kalapatti Road  Coimbatore District 641035,COIMBATORE,SELF FINANCING COLLEGES TIER 3,SC,Computer Science and Engineering (Cyber Security),163.0,153.5,135.5,142.0,102.0,,,0,0,0,0,1,0,0
2737,Sri Sai Ranganathan Engineering College  Zahirnaickenpalayam Village  Viraliyur Post  Thondamuthur Via  Coimbatore District 641109,COIMBATORE,SELF FINANCING COLLEGES TIER 3,AM,COMPUTER SCIENCE AND ENGINEERING (ARTIFICIAL INTELLIGENCE AND MACHINE LEARNING),123.0,106.0,,96.0,109.0,,,0,1,0,1,1,0,0
2737,Sri Sai Ranganathan Engineering College  Zahirnaickenpalayam Village  Viraliyur Post  Thondamuthur Via  Coimbatore District 641109,COIMBATORE,SELF FINANCING COLLEGES TIER 3,CE,CIVIL  ENGINEERING,87.0,,,,,,,1,0,0,0,0,0,0
2737,Sri Sai Ranganathan Engineering College  Zahirnaickenpalayam Village  Viraliyur Post  Thondamuthur Via  Coimbatore District 641109,COIMBATORE,SELF FINANCING COLLEGES TIER 3,CS,COMPUTER SCIENCE AND ENGINEERING,125.5,109.5,,121.0,105.5,,102.5,0,1,0,1,1,0,0
2737,Sri Sai Ranganathan Engineering College  Zahirnaickenpalayam Village  Viraliyur Post  Thondamuthur Via  Coimbatore District 641109,COIMBATORE,SELF FINANCING COLLEGES TIER 3,EC,ELECTRONICS AND COMMUNICATION ENGINEERING,114.5,103.5,,98.0,93.0,,,0,1,0,1,1,0,0
2737,Sri Sai Ranganathan Engineering College  Zahirnaickenpalayam Village  Viraliyur Post  Thondamuthur Via  Coimbatore District 641109,COIMBATORE,SELF FINANCING COLLEGES TIER 3,EE,ELECTRICAL AND ELECTRONICS ENGINEERING,109.0,,,,,,,1,0,0,0,0,0,0
2737,Sri Sai Ranganathan Engineering College  Zahirnaickenpalayam Village  Viraliyur Post  Thondamuthur Via  Coimbatore District 641109,COIMBATORE,SELF FINANCING COLLEGES TIER 3,IT,INFORMATION TECHNOLOGY,144.0,121.0,,120.0,115.0,,,0,0,0,1,1,0,0
2737,Sri Sai Ranganathan Engineering College  Zahirnaickenpalayam Village  Viraliyur Post  Thondamuthur Via  Coimbatore District 641109,COIMBATORE,SELF FINANCING COLLEGES TIER 3,ME,MECHANICAL ENGINEERING,86.0,,,,,,,1,0,0,0,0,0,0
2737,Sri Sai Ranganathan Engineering College  Zahirnaickenpalayam Village  Viraliyur Post  Thondamuthur Via  Coimbatore District 641109,COIMBATORE,SELF FINANCING COLLEGES TIER 3,SC,Computer Science and Engineering (Cyber Security),120.0,,,109.5,110.5,113.0,,0,0,0,1,0,0,0
2739,Sri Eshwar College of Engineering (Autonomous)  Kondampatti Post  Vadasithur (Via)  Kinathukadavu  Coimbatore District 641202,COIMBATORE,SELF FINANCING COLLEGES TIER 3,AD,ARTIFICIAL INTELLIGENCE AND DATA SCIENCE,182.5,177.0,176.0,174.0,138.5,140.5,,0,0,0,0,0,0,0
2739,Sri Eshwar College of Engineering (Autonomous)  Kondampatti Post  Vadasithur (Via)  Kinathukadavu  Coimbatore District 641202,COIMBATORE,SELF FINANCING COLLEGES TIER 3,AM,COMPUTER SCIENCE AND ENGINEERING (ARTIFICIAL INTELLIGENCE AND MACHINE LEARNING),179.5,176.0,177.0,169.0,140.5,117.5,,0,0,0,0,0,0,0
2739,Sri Eshwar College of Engineering (Autonomous)  Kondampatti Post  Vadasithur (Via)  Kinathukadavu  Coimbatore District 641202,COIMBATORE,SELF FINANCING COLLEGES TIER 3,CB,COMPUTER SCIENCE AND BUSSINESS SYSTEM,180.0,176.0,171.0,168.5,136.0,121.5,130.5,0,0,0,0,0,0,0
2739,Sri Eshwar College of Engineering (Autonomous)  Kondampatti Post  Vadasithur (Via)  Kinathukadavu  Coimbatore District 641202,COIMBATORE,SELF FINANCING COLLEGES TIER 3,CO,COMPUTER AND  COMMUNICATION ENGINEERING,180.0,175.5,173.5,168.0,130.5,135.5,122.0,0,0,0,0,0,0,0
2739,Sri Eshwar College of Engineering (Autonomous)  Kondampatti Post  Vadasithur (Via)  Kinathukadavu  Coimbatore District 641202,COIMBATORE,SELF FINANCING COLLEGES TIER 3,CS,COMPUTER SCIENCE AND ENGINEERING,186.0,179.5,178.5,178.0,150.5,127.5,169.0,0,0,0,0,0,0,0
2739,Sri Eshwar College of Engineering (Autonomous)  Kondampatti Post  Vadasithur (Via)  Kinathukadavu  Coimbatore District 641202,COIMBATORE,SELF FINANCING COLLEGES TIER 3,EC,ELECTRONICS AND COMMUNICATION ENGINEERING,180.5,175.0,170.5,169.5,135.0,151.0,,0,0,0,0,0,0,0
2739,Sri Eshwar College of Engineering (Autonomous)  Kondampatti Post  Vadasithur (Via)  Kinathukadavu  Coimbatore District 641202,COIMBATORE,SELF FINANCING COLLEGES TIER 3,EE,ELECTRICAL AND ELECTRONICS ENGINEERING,175.0,174.5,174.5,163.0,127.5,143.5,140.0,0,0,0,0,0,0,0
2739,Sri Eshwar College of Engineering (Autonomous)  Kondampatti Post  Vadasithur (Via)  Kinathukadavu  Coimbatore District 641202,COIMBATORE,SELF FINANCING COLLEGES TIER 3,IT,INFORMATION TECHNOLOGY,182.5,177.5,181.0,175.0,150.0,137.5,,0,0,0,0,0,0,0
2739,Sri Eshwar College of Engineering (Autonomous)  Kondampatti Post  Vadasithur (Via)  Kinathukadavu  Coimbatore District 641202,COIMBATORE,SELF FINANCING COLLEGES TIER 3,ME,MECHANICAL ENGINEERING,169.5,162.5,165.0,155.5,114.0,111.0,,0,0,0,0,0,0,0
2740,Hindusthan Institute of Technology (Autonomous)  Othakkalmandapam  Coimbatore District 641032,COIMBATORE,SELF FINANCING COLLEGES TIER 3,AD,ARTIFICIAL INTELLIGENCE AND DATA SCIENCE,179.5,163.0,166.0,156.0,139.0,143.0,,0,0,0,0,0,0,0
2740,Hindusthan Institute of Technology (Autonomous)  Othakkalmandapam  Coimbatore District 641032,COIMBATORE,SELF FINANCING COLLEGES TIER 3,AE,AERONAUTICAL ENGINEERING,138.5,123.5,131.5,117.0,103.5,,,0,0,0,0,1,0,0
2740,Hindusthan Institute of Technology (Autonomous)  Othakkalmandapam  Coimbatore District 641032,COIMBATORE,SELF FINANCING COLLEGES TIER 3,CS,COMPUTER SCIENCE AND ENGINEERING,157.0,149.5,142.0,145.5,94.5,109.5,,0,0,0,0,0,1,0
2740,Hindusthan Institute of Technology (Autonomous)  Othakkalmandapam  Coimbatore District 641032,COIMBATORE,SELF FINANCING COLLEGES TIER 3,EC,ELECTRONICS AND COMMUNICATION ENGINEERING,150.5,145.5,143.5,138.0,103.5,131.5,,0,0,0,0,1,1,0
2740,Hindusthan Institute of Technology (Autonomous)  Othakkalmandapam  Coimbatore District 641032,COIMBATORE,SELF FINANCING COLLEGES TIER 3,IT,INFORMATION TECHNOLOGY,157.0,147.5,155.5,142.0,114.5,125.5,,0,0,0,0,0,1,0
2740,Hindusthan Institute of Technology (Autonomous)  Othakkalmandapam  Coimbatore District 641032,COIMBATORE,SELF FINANCING COLLEGES TIER 3,ME,MECHANICAL ENGINEERING,126.0,107.0,108.5,109.5,122.5,,,0,0,0,0,1,0,0
2741,P A College of Engineering and Technology (Autonomous)  Palladam Road  Pollachi  Coimbatore District 642002,COIMBATORE,SELF FINANCING COLLEGES TIER 3,AD,ARTIFICIAL INTELLIGENCE AND DATA SCIENCE,149.5,140.5,128.5,132.0,92.0,144.5,,0,0,0,0,1,0,0
2741,P A College of Engineering and Technology (Autonomous)  Palladam Road  Pollachi  Coimbatore District 642002,COIMBATORE,SELF FINANCING COLLEGES TIER 3,CS,COMPUTER SCIENCE AND ENGINEERING,151.5,136.0,111.5,123.5,95.5,130.5,,0,0,0,0,0,0,0
2741,P A College of Engineering and Technology (Autonomous)  Palladam Road  Pollachi  Coimbatore District 642002,COIMBATORE,SELF FINANCING COLLEGES TIER 3,EC,ELECTRONICS AND COMMUNICATION ENGINEERING,143.0,129.5,116.0,89.5,107.0,132.5,,0,0,0,1,0,0,0
2741,P A College of Engineering and Technology (Autonomous)  Palladam Road  Pollachi  Coimbatore District 642002,COIMBATORE,SELF FINANCING COLLEGES TIER 3,EE,ELECTRICAL AND ELECTRONICS ENGINEERING,130.0,122.5,111.5,98.5,88.5,93.5,,0,0,0,0,0,0,0
2741,P A College of Engineering and Technology (Autonomous)  Palladam Road  Pollachi  Coimbatore District 642002,COIMBATORE,SELF FINANCING COLLEGES TIER 3,IT,INFORMATION TECHNOLOGY,145.5,135.0,129.5,126.0,103.0,116.0,,0,0,0,0,0,0,0
2741,P A College of Engineering and Technology (Autonomous)  Palladam Road  Pollachi  Coimbatore District 642002,COIMBATORE,SELF FINANCING COLLEGES TIER 3,ME,MECHANICAL ENGINEERING,115.5,98.5,108.5,95.5,92.0,97.0,,0,1,0,1,0,0,0
2743,Dhanalakshmi Srinivasan College of Engineering (CBE)  NH47  Palakkad Main Road  Navakkarai Post  Near Nandhi Temple  Coimbatore District 641105,COIMBATORE,SELF FINANCING COLLEGES TIER 3,AD,ARTIFICIAL INTELLIGENCE AND DATA SCIENCE,148.0,139.0,140.5,131.5,96.0,100.5,101.5,0,0,0,0,0,0,0
2743,Dhanalakshmi Srinivasan College of Engineering (CBE)  NH47  Palakkad Main Road  Navakkarai Post  Near Nandhi Temple  Coimbatore District 641105,COIMBATORE,SELF FINANCING COLLEGES TIER 3,AG,AGRICULTURAL ENGINEERING,140.0,102.5,,101.5,91.0,,,0,0,0,0,0,0,0
2743,Dhanalakshmi Srinivasan College of Engineering (CBE)  NH47  Palakkad Main Road  Navakkarai Post  Near Nandhi Temple  Coimbatore District 641105,COIMBATORE,SELF FINANCING COLLEGES TIER 3,BM,BIO MEDICAL ENGINEERING,153.5,124.5,,133.5,101.0,124.0,,0,0,0,0,0,0,0
2743,Dhanalakshmi Srinivasan College of Engineering (CBE)  NH47  Palakkad Main Road  Navakkarai Post  Near Nandhi Temple  Coimbatore District 641105,COIMBATORE,SELF FINANCING COLLEGES TIER 3,CE,CIVIL  ENGINEERING,105.0,88.0,,90.0,,,,0,1,0,1,0,0,0
2743,Dhanalakshmi Srinivasan College of Engineering (CBE)  NH47  Palakkad Main Road  Navakkarai Post  Near Nandhi Temple  Coimbatore District 641105,COIMBATORE,SELF FINANCING COLLEGES TIER 3,CS,COMPUTER SCIENCE AND ENGINEERING,141.5,136.0,131.5,130.5,107.0,90.0,103.5,0,0,0,0,1,0,0
2743,Dhanalakshmi Srinivasan College of Engineering (CBE)  NH47  Palakkad Main Road  Navakkarai Post  Near Nandhi Temple  Coimbatore District 641105,COIMBATORE,SELF FINANCING COLLEGES TIER 3,EC,ELECTRONICS AND COMMUNICATION ENGINEERING,138.5,131.5,126.0,124.5,85.5,138.0,125.5,0,0,0,0,1,1,0
2743,Dhanalakshmi Srinivasan College of Engineering (CBE)  NH47  Palakkad Main Road  Navakkarai Post  Near Nandhi Temple  Coimbatore District 641105,COIMBATORE,SELF FINANCING COLLEGES TIER 3,EE,ELECTRICAL AND ELECTRONICS ENGINEERING,128.5,112.5,108.0,115.5,89.0,,,0,0,0,0,1,0,0
2743,Dhanalakshmi Srinivasan College of Engineering (CBE)  NH47  Palakkad Main Road  Navakkarai Post  Near Nandhi Temple  Coimbatore District 641105,COIMBATORE,SELF FINANCING COLLEGES TIER 3,FD,FOOD TECHNOLOGY,135.5,107.5,,88.0,112.5,,100.5,0,0,0,1,0,0,0
2743,Dhanalakshmi Srinivasan College of Engineering (CBE)  NH47  Palakkad Main Road  Navakkarai Post  Near Nandhi Temple  Coimbatore District 641105,COIMBATORE,SELF FINANCING COLLEGES TIER 3,ME,MECHANICAL ENGINEERING,127.0,108.0,,95.0,125.5,,,0,0,0,0,0,0,0
2743,Dhanalakshmi Srinivasan College of Engineering (CBE)  NH47  Palakkad Main Road  Navakkarai Post  Near Nandhi Temple  Coimbatore District 641105,COIMBATORE,SELF FINANCING COLLEGES TIER 3,SC,Computer Science and Engineering (Cyber Security),144.0,137.0,137.5,133.0,107.5,123.5,,0,0,0,0,1,0,0
2744,Adithya Institute of Technology  Kurumbapalayam Village  Coimbatore District 641107,COIMBATORE,SELF FINANCING COLLEGES TIER 3,AD,ARTIFICIAL INTELLIGENCE AND DATA SCIENCE,145.0,132.0,,135.5,119.5,139.5,,0,0,0,0,0,0,0
2744,Adithya Institute of Technology  Kurumbapalayam Village  Coimbatore District 641107,COIMBATORE,SELF FINANCING COLLEGES TIER 3,CE,CIVIL  ENGINEERING,100.0,,,,,,,1,0,0,0,0,0,0
2744,Adithya Institute of Technology  Kurumbapalayam Village  Coimbatore District 641107,COIMBATORE,SELF FINANCING COLLEGES TIER 3,CS,COMPUTER SCIENCE AND ENGINEERING,147.0,140.0,127.5,139.0,125.5,,,0,0,0,0,1,0,0
2744,Adithya Institute of Technology  Kurumbapalayam Village  Coimbatore District 641107,COIMBATORE,SELF FINANCING COLLEGES TIER 3,EC,ELECTRONICS AND COMMUNICATION ENGINEERING,136.5,125.5,,120.5,111.0,,,0,0,0,0,1,0,0
2744,Adithya Institute of Technology  Kurumbapalayam Village  Coimbatore District 641107,COIMBATORE,SELF FINANCING COLLEGES TIER 3,EE,ELECTRICAL AND ELECTRONICS ENGINEERING,128.5,119.5,126.0,96.0,93.0,100.0,,0,0,0,0,1,0,0
2744,Adithya Institute of Technology  Kurumbapalayam Village  Coimbatore District 641107,COIMBATORE,SELF FINANCING COLLEGES TIER 3,IT,INFORMATION TECHNOLOGY,138.5,135.0,,132.0,107.0,106.5,,0,0,0,0,0,0,0
2744,Adithya Institute of Technology  Kurumbapalayam Village  Coimbatore District 641107,COIMBATORE,SELF FINANCING COLLEGES TIER 3,ME,MECHANICAL ENGINEERING,103.0,88.0,,88.0,89.0,,,0,1,0,1,1,0,0
2745,Kathir College of Engineering  Neelambur  Avinashi Road  Coimbatore District 641062,COIMBATORE,SELF FINANCING COLLEGES TIER 3,AD,ARTIFICIAL INTELLIGENCE AND DATA SCIENCE,139.0,124.5,128.0,119.0,125.0,130.5,103.5,0,0,0,0,0,0,0
2745,Kathir College of Engineering  Neelambur  Avinashi Road  Coimbatore District 641062,COIMBATORE,SELF FINANCING COLLEGES TIER 3,CO,COMPUTER AND  COMMUNICATION ENGINEERING,129.0,117.0,121.0,114.0,114.5,,,0,0,0,0,0,0,0
2745,Kathir College of Engineering  Neelambur  Avinashi Road  Coimbatore District 641062,COIMBATORE,SELF FINANCING COLLEGES TIER 3,CS,COMPUTER SCIENCE AND ENGINEERING,140.5,123.0,112.0,122.5,104.0,119.5,,0,0,0,0,0,0,0
2745,Kathir College of Engineering  Neelambur  Avinashi Road  Coimbatore District 641062,COIMBATORE,SELF FINANCING COLLEGES TIER 3,EC,ELECTRONICS AND COMMUNICATION ENGINEERING,134.5,126.0,113.0,110.0,103.0,119.5,100.5,0,0,0,0,0,0,0
2745,Kathir College of Engineering  Neelambur  Avinashi Road  Coimbatore District 641062,COIMBATORE,SELF FINANCING COLLEGES TIER 3,EE,ELECTRICAL AND ELECTRONICS ENGINEERING,110.0,89.5,,87.0,86.5,97.0,,0,0,0,1,1,1,0
2745,Kathir College of Engineering  Neelambur  Avinashi Road  Coimbatore District 641062,COIMBATORE,SELF FINANCING COLLEGES TIER 3,ME,MECHANICAL ENGINEERING,116.0,91.0,100.5,92.5,91.0,,,0,0,0,0,1,0,0
2747,Shree Venkateshwara Hi-Tech Engineering College (Autonomous) Othakuthirai  K Mettupalayam Post  Gobichettipalayam  Erode District 638455,ERODE,SELF FINANCING COLLEGES TIER 3,AD,ARTIFICIAL INTELLIGENCE AND DATA SCIENCE,121.0,87.0,106.0,104.5,82.5,113.0,,0,1,1,0,1,0,0
2747,Shree Venkateshwara Hi-Tech Engineering College (Autonomous) Othakuthirai  K Mettupalayam Post  Gobichettipalayam  Erode District 638455,ERODE,SELF FINANCING COLLEGES TIER 3,BM,BIO MEDICAL ENGINEERING,121.0,96.0,104.5,99.0,95.0,120.0,,0,1,0,0,1,0,0
2747,Shree Venkateshwara Hi-Tech Engineering College (Autonomous) Othakuthirai  K Mettupalayam Post  Gobichettipalayam  Erode District 638455,ERODE,SELF FINANCING COLLEGES TIER 3,CE,CIVIL  ENGINEERING,82.0,,,,,,,1,0,0,0,0,0,0
2747,Shree Venkateshwara Hi-Tech Engineering College (Autonomous) Othakuthirai  K Mettupalayam Post  Gobichettipalayam  Erode District 638455,ERODE,SELF FINANCING COLLEGES TIER 3,CS,COMPUTER SCIENCE AND ENGINEERING,126.5,95.5,97.5,111.0,101.5,110.0,,0,0,1,0,1,1,0
2747,Shree Venkateshwara Hi-Tech Engineering College (Autonomous) Othakuthirai  K Mettupalayam Post  Gobichettipalayam  Erode District 638455,ERODE,SELF FINANCING COLLEGES TIER 3,EC,ELECTRONICS AND COMMUNICATION ENGINEERING,125.5,88.0,,108.0,87.0,112.0,,0,0,0,0,1,0,0
2747,Shree Venkateshwara Hi-Tech Engineering College (Autonomous) Othakuthirai  K Mettupalayam Post  Gobichettipalayam  Erode District 638455,ERODE,SELF FINANCING COLLEGES TIER 3,EE,ELECTRICAL AND ELECTRONICS ENGINEERING,117.5,98.0,,100.5,104.0,116.0,,0,1,0,0,1,0,0
2747,Shree Venkateshwara Hi-Tech Engineering College (Autonomous) Othakuthirai  K Mettupalayam Post  Gobichettipalayam  Erode District 638455,ERODE,SELF FINANCING COLLEGES TIER 3,IT,INFORMATION TECHNOLOGY,120.0,95.0,,106.0,,110.5,,0,0,0,0,0,0,0
2747,Shree Venkateshwara Hi-Tech Engineering College (Autonomous) Othakuthirai  K Mettupalayam Post  Gobichettipalayam  Erode District 638455,ERODE,SELF FINANCING COLLEGES TIER 3,ME,MECHANICAL ENGINEERING,89.0,,,,,,,1,0,0,0,0,0,0
2747,Shree Venkateshwara Hi-Tech Engineering College (Autonomous) Othakuthirai  K Mettupalayam Post  Gobichettipalayam  Erode District 638455,ERODE,SELF FINANCING COLLEGES TIER 3,PH,PHARMACEUTICAL TECHNOLOGY,84.0,,,,,,,1,0,0,0,0,0,0
2748,Surya Engineering College  Mettukadai  Kathirampatti Post  Erode District 638107,ERODE,SELF FINANCING COLLEGES TIER 3,AD,ARTIFICIAL INTELLIGENCE AND DATA SCIENCE,100.0,94.0,,99.0,,,,0,1,0,1,0,0,0
2748,Surya Engineering College  Mettukadai  Kathirampatti Post  Erode District 638107,ERODE,SELF FINANCING COLLEGES TIER 3,BM,BIO MEDICAL ENGINEERING,103.5,101.5,,103.0,93.0,97.0,,0,1,0,1,1,0,0
2748,Surya Engineering College  Mettukadai  Kathirampatti Post  Erode District 638107,ERODE,SELF FINANCING COLLEGES TIER 3,CE,CIVIL  ENGINEERING,100.0,,,,,,,1,0,0,0,0,0,0
2748,Surya Engineering College  Mettukadai  Kathirampatti Post  Erode District 638107,ERODE,SELF FINANCING COLLEGES TIER 3,CS,COMPUTER SCIENCE AND ENGINEERING,117.5,91.0,103.5,104.5,101.0,97.5,,0,1,0,1,1,1,0
2748,Surya Engineering College  Mettukadai  Kathirampatti Post  Erode District 638107,ERODE,SELF FINANCING COLLEGES TIER 3,EC,ELECTRONICS AND COMMUNICATION ENGINEERING,95.5,86.0,,81.0,,,,0,1,0,1,0,0,0
2748,Surya Engineering College  Mettukadai  Kathirampatti Post  Erode District 638107,ERODE,SELF FINANCING COLLEGES TIER 3,EE,ELECTRICAL AND ELECTRONICS ENGINEERING,91.5,,,,,,,0,0,0,0,0,0,0
2748,Surya Engineering College  Mettukadai  Kathirampatti Post  Erode District 638107,ERODE,SELF FINANCING COLLEGES TIER 3,IT,INFORMATION TECHNOLOGY,105.5,92.0,,89.5,,,,0,0,0,1,0,0,0
2748,Surya Engineering College  Mettukadai  Kathirampatti Post  Erode District 638107,ERODE,SELF FINANCING COLLEGES TIER 3,ME,MECHANICAL ENGINEERING,78.0,,,,,,,1,0,0,0,0,0,0
2748,Surya Engineering College  Mettukadai  Kathirampatti Post  Erode District 638107,ERODE,SELF FINANCING COLLEGES TIER 3,SC,Computer Science and Engineering (Cyber Security),88.5,,,,,,,1,0,0,0,0,0,0
2749,Easa College of Engineering and Technology  NH-47  Coimbatore-Palakkad Main Road  Navakarai Post  Coimbatore District 641105,COIMBATORE,SELF FINANCING COLLEGES TIER 3,AD,ARTIFICIAL INTELLIGENCE AND DATA SCIENCE,130.0,105.5,96.5,110.5,98.0,124.5,,0,0,0,0,0,0,0
2749,Easa College of Engineering and Technology  NH-47  Coimbatore-Palakkad Main Road  Navakarai Post  Coimbatore District 641105,COIMBATORE,SELF FINANCING COLLEGES TIER 3,AG,AGRICULTURAL ENGINEERING,110.5,96.0,,95.0,95.5,,,0,1,0,1,1,0,0
2749,Easa College of Engineering and Technology  NH-47  Coimbatore-Palakkad Main Road  Navakarai Post  Coimbatore District 641105,COIMBATORE,SELF FINANCING COLLEGES TIER 3,CS,COMPUTER SCIENCE AND ENGINEERING,128.0,108.0,102.5,92.5,105.5,96.0,,0,0,0,0,1,1,0
2749,Easa College of Engineering and Technology  NH-47  Coimbatore-Palakkad Main Road  Navakarai Post  Coimbatore District 641105,COIMBATORE,SELF FINANCING COLLEGES TIER 3,EC,ELECTRONICS AND COMMUNICATION ENGINEERING,115.5,105.5,114.5,101.5,94.5,,,0,1,1,1,1,0,0
2749,Easa College of Engineering and Technology  NH-47  Coimbatore-Palakkad Main Road  Navakarai Post  Coimbatore District 641105,COIMBATORE,SELF FINANCING COLLEGES TIER 3,IT,INFORMATION TECHNOLOGY,125.5,99.5,125.0,113.5,98.0,,,0,1,0,1,1,0,0
2749,Easa College of Engineering and Technology  NH-47  Coimbatore-Palakkad Main Road  Navakarai Post  Coimbatore District 641105,COIMBATORE,SELF FINANCING COLLEGES TIER 3,ME,MECHANICAL ENGINEERING,96.0,85.0,,88.0,82.0,90.0,,0,1,0,1,1,0,0
2749,Easa College of Engineering and Technology  NH-47  Coimbatore-Palakkad Main Road  Navakarai Post  Coimbatore District 641105,COIMBATORE,SELF FINANCING COLLEGES TIER 3,SC,Computer Science and Engineering (Cyber Security),130.0,106.0,,99.0,113.5,117.5,121.0,0,0,0,1,1,0,0
2750,KIT - Kalaignar Karunanidhi Institute of Technology (Autonomous)  Kannampalayam  Coimbatore District 641402,COIMBATORE,SELF FINANCING COLLEGES TIER 1,AD,ARTIFICIAL INTELLIGENCE AND DATA SCIENCE,165.5,159.5,149.5,157.0,139.0,153.0,124.0,0,0,0,0,0,0,0
2750,KIT - Kalaignar Karunanidhi Institute of Technology (Autonomous)  Kannampalayam  Coimbatore District 641402,COIMBATORE,SELF FINANCING COLLEGES TIER 1,AE,AERONAUTICAL ENGINEERING,145.0,124.0,,113.0,112.0,111.5,121.5,0,0,0,0,0,0,0
2750,KIT - Kalaignar Karunanidhi Institute of Technology (Autonomous)  Kannampalayam  Coimbatore District 641402,COIMBATORE,SELF FINANCING COLLEGES TIER 1,AG,AGRICULTURAL ENGINEERING,143.0,125.0,101.5,108.0,126.5,132.0,,0,0,0,0,0,0,0
2750,KIT - Kalaignar Karunanidhi Institute of Technology (Autonomous)  Kannampalayam  Coimbatore District 641402,COIMBATORE,SELF FINANCING COLLEGES TIER 1,AM,COMPUTER SCIENCE AND ENGINEERING (ARTIFICIAL INTELLIGENCE AND MACHINE LEARNING),156.0,150.5,147.5,143.5,124.0,162.5,,0,0,0,0,0,0,0
2750,KIT - Kalaignar Karunanidhi Institute of Technology (Autonomous)  Kannampalayam  Coimbatore District 641402,COIMBATORE,SELF FINANCING COLLEGES TIER 1,BM,BIO MEDICAL ENGINEERING,141.5,130.5,139.5,128.5,119.5,138.5,140.5,0,0,0,0,0,0,0
2750,KIT - Kalaignar Karunanidhi Institute of Technology (Autonomous)  Kannampalayam  Coimbatore District 641402,COIMBATORE,SELF FINANCING COLLEGES TIER 1,BT,BIO TECHNOLOGY,145.5,129.0,111.0,127.5,116.0,123.5,,0,0,0,0,0,0,0
2750,KIT - Kalaignar Karunanidhi Institute of Technology (Autonomous)  Kannampalayam  Coimbatore District 641402,COIMBATORE,SELF FINANCING COLLEGES TIER 1,CB,COMPUTER SCIENCE AND BUSSINESS SYSTEM,153.5,145.0,147.0,144.5,115.0,131.5,,0,0,0,0,0,0,0
2750,KIT - Kalaignar Karunanidhi Institute of Technology (Autonomous)  Kannampalayam  Coimbatore District 641402,COIMBATORE,SELF FINANCING COLLEGES TIER 1,CS,COMPUTER SCIENCE AND ENGINEERING,163.0,154.0,136.5,151.0,134.0,146.0,,0,0,0,0,0,0,0
2750,KIT - Kalaignar Karunanidhi Institute of Technology (Autonomous)  Kannampalayam  Coimbatore District 641402,COIMBATORE,SELF FINANCING COLLEGES TIER 1,EC,ELECTRONICS AND COMMUNICATION ENGINEERING,157.0,149.5,140.0,143.5,110.5,114.0,109.5,0,0,0,0,0,0,0
2750,KIT - Kalaignar Karunanidhi Institute of Technology (Autonomous)  Kannampalayam  Coimbatore District 641402,COIMBATORE,SELF FINANCING COLLEGES TIER 1,EE,ELECTRICAL AND ELECTRONICS ENGINEERING,146.0,142.0,115.5,130.5,104.0,,108.5,0,0,0,0,0,0,0
2750,KIT - Kalaignar Karunanidhi Institute of Technology (Autonomous)  Kannampalayam  Coimbatore District 641402,COIMBATORE,SELF FINANCING COLLEGES TIER 1,ME,MECHANICAL ENGINEERING,133.5,124.0,113.0,117.5,106.5,111.0,,0,0,0,0,0,0,0
2751,KGISL Institute of Technology  KGISL Campus  Thudiyalur Road  Saravanampatti  Coimbatore District 641035,COIMBATORE,SELF FINANCING COLLEGES TIER 3,AD,ARTIFICIAL INTELLIGENCE AND DATA SCIENCE,174.0,161.0,151.5,149.5,116.5,125.5,,0,0,0,0,0,0,0
2751,KGISL Institute of Technology  KGISL Campus  Thudiyalur Road  Saravanampatti  Coimbatore District 641035,COIMBATORE,SELF FINANCING COLLEGES TIER 3,CB,COMPUTER SCIENCE AND BUSSINESS SYSTEM,164.5,160.5,137.5,147.5,103.5,109.5,,0,0,0,0,1,0,0
2751,KGISL Institute of Technology  KGISL Campus  Thudiyalur Road  Saravanampatti  Coimbatore District 641035,COIMBATORE,SELF FINANCING COLLEGES TIER 3,CS,COMPUTER SCIENCE AND ENGINEERING,174.5,165.5,166.0,151.5,113.5,103.5,,0,0,0,0,0,0,0
2751,KGISL Institute of Technology  KGISL Campus  Thudiyalur Road  Saravanampatti  Coimbatore District 641035,COIMBATORE,SELF FINANCING COLLEGES TIER 3,EC,ELECTRONICS AND COMMUNICATION ENGINEERING,164.0,156.0,141.0,145.5,100.5,131.5,,0,0,0,0,0,1,0
2751,KGISL Institute of Technology  KGISL Campus  Thudiyalur Road  Saravanampatti  Coimbatore District 641035,COIMBATORE,SELF FINANCING COLLEGES TIER 3,IT,INFORMATION TECHNOLOGY,176.0,161.5,168.5,153.0,134.0,163.5,119.5,0,0,0,0,0,0,0
2751,KGISL Institute of Technology  KGISL Campus  Thudiyalur Road  Saravanampatti  Coimbatore District 641035,COIMBATORE,SELF FINANCING COLLEGES TIER 3,ME,MECHANICAL ENGINEERING,139.5,119.0,136.5,115.5,100.0,,,0,0,0,0,1,0,0
2752,Nandha College of Technology  Pitchandampalayam Post  Erode District 638052,ERODE,SELF FINANCING COLLEGES TIER 3,CS,COMPUTER SCIENCE AND ENGINEERING,142.0,127.5,122.0,125.5,89.5,108.5,,0,0,1,0,1,0,0
2752,Nandha College of Technology  Pitchandampalayam Post  Erode District 638052,ERODE,SELF FINANCING COLLEGES TIER 3,EC,ELECTRONICS AND COMMUNICATION ENGINEERING,140.0,130.0,,117.0,,,,0,0,0,0,0,0,0
2752,Nandha College of Technology  Pitchandampalayam Post  Erode District 638052,ERODE,SELF FINANCING COLLEGES TIER 3,EE,ELECTRICAL AND ELECTRONICS ENGINEERING,122.5,92.0,118.0,99.0,114.5,,,0,0,1,0,1,0,0
2752,Nandha College of Technology  Pitchandampalayam Post  Erode District 638052,ERODE,SELF FINANCING COLLEGES TIER 3,IT,INFORMATION TECHNOLOGY,137.5,128.5,117.5,112.5,88.5,133.5,,0,0,0,0,1,1,0
2753,PPG Institute of Technology  Vilankurichi Village  Coimbatore District 641035,COIMBATORE,SELF FINANCING COLLEGES TIER 3,AD,ARTIFICIAL INTELLIGENCE AND DATA SCIENCE,144.0,108.0,122.0,147.0,109.0,,,0,0,0,0,1,0,0
2753,PPG Institute of Technology  Vilankurichi Village  Coimbatore District 641035,COIMBATORE,SELF FINANCING COLLEGES TIER 3,AG,AGRICULTURAL ENGINEERING,116.0,86.0,,114.0,112.5,,,0,1,0,1,1,0,0
2753,PPG Institute of Technology  Vilankurichi Village  Coimbatore District 641035,COIMBATORE,SELF FINANCING COLLEGES TIER 3,AM,COMPUTER SCIENCE AND ENGINEERING (ARTIFICIAL INTELLIGENCE AND MACHINE LEARNING),122.0,114.0,,108.5,,,,0,1,0,1,0,0,0
2753,PPG Institute of Technology  Vilankurichi Village  Coimbatore District 641035,COIMBATORE,SELF FINANCING COLLEGES TIER 3,BM,BIO MEDICAL ENGINEERING,132.0,119.5,,127.5,89.0,,,0,1,0,1,0,0,0
2753,PPG Institute of Technology  Vilankurichi Village  Coimbatore District 641035,COIMBATORE,SELF FINANCING COLLEGES TIER 3,CS,COMPUTER SCIENCE AND ENGINEERING,134.5,95.5,119.5,97.5,110.5,100.5,,0,1,1,0,1,1,0
2753,PPG Institute of Technology  Vilankurichi Village  Coimbatore District 641035,COIMBATORE,SELF FINANCING COLLEGES TIER 3,EC,ELECTRONICS AND COMMUNICATION ENGINEERING,121.5,103.0,,111.5,87.0,99.0,,0,0,0,1,1,0,0
2753,PPG Institute of Technology  Vilankurichi Village  Coimbatore District 641035,COIMBATORE,SELF FINANCING COLLEGES TIER 3,IT,INFORMATION TECHNOLOGY,128.0,100.0,107.0,119.0,107.0,113.0,,0,1,1,1,1,1,0
2753,PPG Institute of Technology  Vilankurichi Village  Coimbatore District 641035,COIMBATORE,SELF FINANCING COLLEGES TIER 3,ME,MECHANICAL ENGINEERING,111.0,,,,,,,1,0,0,0,0,0,0
2755,Nehru Institute of Technology  (Autonomous) Thirumalayampalayam Post  Coimbatore District 641105,COIMBATORE,SELF FINANCING COLLEGES TIER 3,AE,AERONAUTICAL ENGINEERING,159.0,125.5,141.5,132.0,108.0,112.5,,0,0,0,0,0,1,0
2755,Nehru Institute of Technology  (Autonomous) Thirumalayampalayam Post  Coimbatore District 641105,COIMBATORE,SELF FINANCING COLLEGES TIER 3,AG,AGRICULTURAL ENGINEERING,113.5,93.0,86.0,95.0,97.0,,,0,1,0,1,1,0,0
2755,Nehru Institute of Technology  (Autonomous) Thirumalayampalayam Post  Coimbatore District 641105,COIMBATORE,SELF FINANCING COLLEGES TIER 3,CE,CIVIL  ENGINEERING,118.0,87.0,,93.0,,,,0,1,0,0,0,0,0
2755,Nehru Institute of Technology  (Autonomous) Thirumalayampalayam Post  Coimbatore District 641105,COIMBATORE,SELF FINANCING COLLEGES TIER 3,CS,COMPUTER SCIENCE AND ENGINEERING,153.5,143.0,151.0,142.0,108.0,89.0,,0,0,0,0,0,0,0
2755,Nehru Institute of Technology  (Autonomous) Thirumalayampalayam Post  Coimbatore District 641105,COIMBATORE,SELF FINANCING COLLEGES TIER 3,FD,FOOD TECHNOLOGY,133.0,104.0,105.5,87.0,90.0,,,0,0,0,1,1,0,0
2755,Nehru Institute of Technology  (Autonomous) Thirumalayampalayam Post  Coimbatore District 641105,COIMBATORE,SELF FINANCING COLLEGES TIER 3,IT,INFORMATION TECHNOLOGY,154.0,142.5,139.5,142.0,121.0,119.0,93.5,0,0,0,0,0,0,0
2758,J K K Munirajah College of Technology  T N Palayam  Gobi Taluk  Erode District 638506,ERODE,SELF FINANCING COLLEGES TIER 3,AD,ARTIFICIAL INTELLIGENCE AND DATA SCIENCE,104.0,,,93.0,,,,0,0,0,1,0,0,0
2758,J K K Munirajah College of Technology  T N Palayam  Gobi Taluk  Erode District 638506,ERODE,SELF FINANCING COLLEGES TIER 3,AU,AUTOMOBILE ENGINEERING,85.0,,,,,,,1,0,0,0,0,0,0
2758,J K K Munirajah College of Technology  T N Palayam  Gobi Taluk  Erode District 638506,ERODE,SELF FINANCING COLLEGES TIER 3,CE,CIVIL  ENGINEERING,118.0,,,,,,,1,0,0,0,0,0,0
2758,J K K Munirajah College of Technology  T N Palayam  Gobi Taluk  Erode District 638506,ERODE,SELF FINANCING COLLEGES TIER 3,CS,COMPUTER SCIENCE AND ENGINEERING,110.5,88.0,,91.0,,95.0,,0,1,0,0,0,0,0
2758,J K K Munirajah College of Technology  T N Palayam  Gobi Taluk  Erode District 638506,ERODE,SELF FINANCING COLLEGES TIER 3,EC,ELECTRONICS AND COMMUNICATION ENGINEERING,114.0,92.5,,93.0,104.5,,,0,1,0,0,1,0,0
2758,J K K Munirajah College of Technology  T N Palayam  Gobi Taluk  Erode District 638506,ERODE,SELF FINANCING COLLEGES TIER 3,EE,ELECTRICAL AND ELECTRONICS ENGINEERING,110.5,,,107.0,93.0,,,0,0,0,1,1,0,0
2758,J K K Munirajah College of Technology  T N Palayam  Gobi Taluk  Erode District 638506,ERODE,SELF FINANCING COLLEGES TIER 3,IT,INFORMATION TECHNOLOGY,106.5,85.5,,98.0,,,,0,1,0,1,0,0,0
2758,J K K Munirajah College of Technology  T N Palayam  Gobi Taluk  Erode District 638506,ERODE,SELF FINANCING COLLEGES TIER 3,ME,MECHANICAL ENGINEERING,89.0,,,,,,,1,0,0,0,0,0,0
2758,J K K Munirajah College of Technology  T N Palayam  Gobi Taluk  Erode District 638506,ERODE,SELF FINANCING COLLEGES TIER 3,SC,Computer Science and Engineering (Cyber Security),102.5,,,,,91.0,,0,0,0,0,0,0,0
2761,United Institute of Technology  Gadalore Village  Perianaickenpalayam  Coimbatore District 641020,COIMBATORE,SELF FINANCING COLLEGES TIER 3,AD,ARTIFICIAL INTELLIGENCE AND DATA SCIENCE,148.5,106.5,137.5,115.5,101.5,,,0,0,0,0,0,0,0
2761,United Institute of Technology  Gadalore Village  Perianaickenpalayam  Coimbatore District 641020,COIMBATORE,SELF FINANCING COLLEGES TIER 3,CS,COMPUTER SCIENCE AND ENGINEERING,134.0,110.5,122.5,106.0,121.5,98.0,130.5,0,0,0,0,1,0,0
2761,United Institute of Technology  Gadalore Village  Perianaickenpalayam  Coimbatore District 641020,COIMBATORE,SELF FINANCING COLLEGES TIER 3,EC,ELECTRONICS AND COMMUNICATION ENGINEERING,114.0,88.0,108.5,89.0,108.5,,,0,1,1,1,1,0,0
2761,United Institute of Technology  Gadalore Village  Perianaickenpalayam  Coimbatore District 641020,COIMBATORE,SELF FINANCING COLLEGES TIER 3,IT,INFORMATION TECHNOLOGY,135.0,130.5,,101.5,91.5,,,0,0,0,0,0,0,0
2761,United Institute of Technology  Gadalore Village  Perianaickenpalayam  Coimbatore District 641020,COIMBATORE,SELF FINANCING COLLEGES TIER 3,RM,ROBOTICS AND AUTOMATION,112.5,90.0,,,,,,0,1,0,0,0,0,0
2761,United Institute of Technology  Gadalore Village  Perianaickenpalayam  Coimbatore District 641020,COIMBATORE,SELF FINANCING COLLEGES TIER 3,SC,Computer Science and Engineering (Cyber Security),123.5,97.0,117.0,102.5,91.0,,,0,0,1,1,1,0,0
2762,Jansons Institute of Technology  Karumathampatty  Somaur  Coimbatore District 641659,COIMBATORE,SELF FINANCING COLLEGES TIER 3,AD,ARTIFICIAL INTELLIGENCE AND DATA SCIENCE,148.0,141.0,106.5,97.5,,119.5,,0,0,0,0,0,0,0
2762,Jansons Institute of Technology  Karumathampatty  Somaur  Coimbatore District 641659,COIMBATORE,SELF FINANCING COLLEGES TIER 3,CB,COMPUTER SCIENCE AND BUSSINESS SYSTEM,134.0,111.5,,111.0,,,,0,0,0,1,0,0,0
2762,Jansons Institute of Technology  Karumathampatty  Somaur  Coimbatore District 641659,COIMBATORE,SELF FINANCING COLLEGES TIER 3,CE,CIVIL  ENGINEERING,127.5,,,,,,,1,0,0,0,0,0,0
2762,Jansons Institute of Technology  Karumathampatty  Somaur  Coimbatore District 641659,COIMBATORE,SELF FINANCING COLLEGES TIER 3,CS,COMPUTER SCIENCE AND ENGINEERING,141.0,126.0,,108.5,96.0,,,0,0,0,0,1,0,0
2762,Jansons Institute of Technology  Karumathampatty  Somaur  Coimbatore District 641659,COIMBATORE,SELF FINANCING COLLEGES TIER 3,EC,ELECTRONICS AND COMMUNICATION ENGINEERING,125.5,97.0,107.0,114.0,,109.5,,0,1,0,1,0,1,0
2762,Jansons Institute of Technology  Karumathampatty  Somaur  Coimbatore District 641659,COIMBATORE,SELF FINANCING COLLEGES TIER 3,ME,MECHANICAL ENGINEERING,82.0,,,,,,,1,0,0,0,0,0,0
2763,Akshaya College of Engineering and Technology  Kinathukadavu  Coimbatore District 642109,COIMBATORE,SELF FINANCING COLLEGES TIER 3,AD,ARTIFICIAL INTELLIGENCE AND DATA SCIENCE,151.0,132.5,131.5,134.0,120.5,107.5,,0,0,0,0,1,0,0
2763,Akshaya College of Engineering and Technology  Kinathukadavu  Coimbatore District 642109,COIMBATORE,SELF FINANCING COLLEGES TIER 3,CB,COMPUTER SCIENCE AND BUSSINESS SYSTEM,134.5,119.0,,123.5,105.5,,,0,0,0,0,1,0,0
2763,Akshaya College of Engineering and Technology  Kinathukadavu  Coimbatore District 642109,COIMBATORE,SELF FINANCING COLLEGES TIER 3,CE,CIVIL  ENGINEERING,94.0,87.0,,85.0,82.0,,,0,1,0,1,1,0,0
2763,Akshaya College of Engineering and Technology  Kinathukadavu  Coimbatore District 642109,COIMBATORE,SELF FINANCING COLLEGES TIER 3,CS,COMPUTER SCIENCE AND ENGINEERING,142.0,125.5,89.5,123.0,108.5,,,0,0,1,0,1,0,0
2763,Akshaya College of Engineering and Technology  Kinathukadavu  Coimbatore District 642109,COIMBATORE,SELF FINANCING COLLEGES TIER 3,EC,ELECTRONICS AND COMMUNICATION ENGINEERING,134.0,122.0,117.0,121.0,97.5,131.0,,0,0,0,0,1,0,0
2763,Akshaya College of Engineering and Technology  Kinathukadavu  Coimbatore District 642109,COIMBATORE,SELF FINANCING COLLEGES TIER 3,EE,ELECTRICAL AND ELECTRONICS ENGINEERING,120.5,107.0,94.5,98.5,91.0,97.0,,0,0,0,0,1,0,0
2763,Akshaya College of Engineering and Technology  Kinathukadavu  Coimbatore District 642109,COIMBATORE,SELF FINANCING COLLEGES TIER 3,ME,MECHANICAL ENGINEERING,99.0,93.0,95.0,95.0,94.5,,,0,1,0,0,1,0,0
2763,Akshaya College of Engineering and Technology  Kinathukadavu  Coimbatore District 642109,COIMBATORE,SELF FINANCING COLLEGES TIER 3,MZ,Mechatronics Engineering,116.5,103.0,,104.0,,,,0,0,0,0,0,0,0
2764,K P R Institute of Engineering and Technology (Autonomous)  Kollupalayam Village  Arasur Panchayat  Coimbatore District 641407,COIMBATORE,SELF FINANCING COLLEGES TIER 3,AD,ARTIFICIAL INTELLIGENCE AND DATA SCIENCE,183.0,179.0,179.0,174.0,161.0,163.5,,0,0,0,0,0,0,0
2764,K P R Institute of Engineering and Technology (Autonomous)  Kollupalayam Village  Arasur Panchayat  Coimbatore District 641407,COIMBATORE,SELF FINANCING COLLEGES TIER 3,AM,COMPUTER SCIENCE AND ENGINEERING (ARTIFICIAL INTELLIGENCE AND MACHINE LEARNING),184.0,180.5,176.0,171.0,148.0,,123.0,0,0,0,0,0,0,0
2764,K P R Institute of Engineering and Technology (Autonomous)  Kollupalayam Village  Arasur Panchayat  Coimbatore District 641407,COIMBATORE,SELF FINANCING COLLEGES TIER 3,BM,BIO MEDICAL ENGINEERING,167.0,161.0,152.5,158.5,127.5,160.135,,0,0,0,0,0,0,0
2764,K P R Institute of Engineering and Technology (Autonomous)  Kollupalayam Village  Arasur Panchayat  Coimbatore District 641407,COIMBATORE,SELF FINANCING COLLEGES TIER 3,CB,COMPUTER SCIENCE AND BUSSINESS SYSTEM,179.5,177.5,169.5,170.5,141.5,150.5,153.0,0,0,0,0,0,0,0
2764,K P R Institute of Engineering and Technology (Autonomous)  Kollupalayam Village  Arasur Panchayat  Coimbatore District 641407,COIMBATORE,SELF FINANCING COLLEGES TIER 3,CE,CIVIL  ENGINEERING,160.5,153.5,137.0,140.0,121.0,122.0,,0,0,0,0,0,0,0
2764,K P R Institute of Engineering and Technology (Autonomous)  Kollupalayam Village  Arasur Panchayat  Coimbatore District 641407,COIMBATORE,SELF FINANCING COLLEGES TIER 3,CH,CHEMICAL  ENGINEERING,163.5,157.5,149.5,136.0,128.0,133.5,108.0,0,0,0,0,0,0,0
2764,K P R Institute of Engineering and Technology (Autonomous)  Kollupalayam Village  Arasur Panchayat  Coimbatore District 641407,COIMBATORE,SELF FINANCING COLLEGES TIER 3,CS,COMPUTER SCIENCE AND ENGINEERING,188.0,182.5,175.0,177.065,149.5,158.0,156.5,0,0,0,0,0,0,0
2764,K P R Institute of Engineering and Technology (Autonomous)  Kollupalayam Village  Arasur Panchayat  Coimbatore District 641407,COIMBATORE,SELF FINANCING COLLEGES TIER 3,EC,ELECTRONICS AND COMMUNICATION ENGINEERING,184.0,179.0,172.5,171.0,147.5,134.5,,0,0,0,0,0,0,0
2764,K P R Institute of Engineering and Technology (Autonomous)  Kollupalayam Village  Arasur Panchayat  Coimbatore District 641407,COIMBATORE,SELF FINANCING COLLEGES TIER 3,EE,ELECTRICAL AND ELECTRONICS ENGINEERING,175.5,173.0,165.0,169.0,136.0,133.5,123.0,0,0,0,0,0,0,0
2764,K P R Institute of Engineering and Technology (Autonomous)  Kollupalayam Village  Arasur Panchayat  Coimbatore District 641407,COIMBATORE,SELF FINANCING COLLEGES TIER 3,IT,INFORMATION TECHNOLOGY,186.0,181.0,171.5,176.5,146.0,136.5,,0,0,0,0,0,0,0
2764,K P R Institute of Engineering and Technology (Autonomous)  Kollupalayam Village  Arasur Panchayat  Coimbatore District 641407,COIMBATORE,SELF FINANCING COLLEGES TIER 3,ME,MECHANICAL ENGINEERING,165.5,159.0,142.0,152.5,134.0,128.0,,0,0,0,0,0,0,0
2764,K P R Institute of Engineering and Technology (Autonomous)  Kollupalayam Village  Arasur Panchayat  Coimbatore District 641407,COIMBATORE,SELF FINANCING COLLEGES TIER 3,MZ,Mechatronics Engineering,171.0,164.5,159.0,156.0,131.0,128.0,,0,0,0,0,0,0,0
2767,SRG Engineering College  Aniyapuram Post  Namakkal District 637017,NAMAKKAL,SELF FINANCING COLLEGES TIER 3,AD,ARTIFICIAL INTELLIGENCE AND DATA SCIENCE,,,,,,,,0,0,0,0,0,0,0
2767,SRG Engineering College  Aniyapuram Post  Namakkal District 637017,NAMAKKAL,SELF FINANCING COLLEGES TIER 3,BM,BIO MEDICAL ENGINEERING,120.0,,,,,,,1,0,0,0,0,0,0
2767,SRG Engineering College  Aniyapuram Post  Namakkal District 637017,NAMAKKAL,SELF FINANCING COLLEGES TIER 3,CE,CIVIL  ENGINEERING,,,,,,,,0,0,0,0,0,0,0
2767,SRG Engineering College  Aniyapuram Post  Namakkal District 637017,NAMAKKAL,SELF FINANCING COLLEGES TIER 3,CS,COMPUTER SCIENCE AND ENGINEERING,105.5,,,,,,,1,0,0,0,0,0,0
2767,SRG Engineering College  Aniyapuram Post  Namakkal District 637017,NAMAKKAL,SELF FINANCING COLLEGES TIER 3,EE,ELECTRICAL AND ELECTRONICS ENGINEERING,97.0,,,,,,,1,0,0,0,0,0,0
2767,SRG Engineering College  Aniyapuram Post  Namakkal District 637017,NAMAKKAL,SELF FINANCING COLLEGES TIER 3,IT,INFORMATION TECHNOLOGY,114.0,,,,,,,1,0,0,0,0,0,0
2767,SRG Engineering College  Aniyapuram Post  Namakkal District 637017,NAMAKKAL,SELF FINANCING COLLEGES TIER 3,ME,MECHANICAL ENGINEERING,,,,,,,,0,0,0,0,0,0,0
2767,SRG Engineering College  Aniyapuram Post  Namakkal District 637017,NAMAKKAL,SELF FINANCING COLLEGES TIER 3,SC,Computer Science and Engineering (Cyber Security),139.0,,,,,,,1,0,0,0,0,0,0
2768,Park College of Technology  Prema Ravi Nagar  Karumathampatti  Coimbatore - 641 659,COIMBATORE,SELF FINANCING COLLEGES TIER 3,AD,ARTIFICIAL INTELLIGENCE AND DATA SCIENCE,104.0,94.0,,96.5,,,,0,1,0,1,0,0,0
2768,Park College of Technology  Prema Ravi Nagar  Karumathampatti  Coimbatore - 641 659,COIMBATORE,SELF FINANCING COLLEGES TIER 3,AO,AEROSPACE ENGINEERING,109.5,,,,,,,0,0,0,0,0,0,0
2768,Park College of Technology  Prema Ravi Nagar  Karumathampatti  Coimbatore - 641 659,COIMBATORE,SELF FINANCING COLLEGES TIER 3,CE,CIVIL  ENGINEERING,,,,,,,,0,0,0,0,0,0,0
2768,Park College of Technology  Prema Ravi Nagar  Karumathampatti  Coimbatore - 641 659,COIMBATORE,SELF FINANCING COLLEGES TIER 3,CS,COMPUTER SCIENCE AND ENGINEERING,104.5,104.5,,103.0,,,,0,1,0,1,0,0,0
2768,Park College of Technology  Prema Ravi Nagar  Karumathampatti  Coimbatore - 641 659,COIMBATORE,SELF FINANCING COLLEGES TIER 3,EC,ELECTRONICS AND COMMUNICATION ENGINEERING,101.5,,,,,,,1,0,0,0,0,0,0
2768,Park College of Technology  Prema Ravi Nagar  Karumathampatti  Coimbatore - 641 659,COIMBATORE,SELF FINANCING COLLEGES TIER 3,EN,ENVIRONMENTAL ENGINEERING,109.5,,,,,,,1,0,0,0,0,0,0
2768,Park College of Technology  Prema Ravi Nagar  Karumathampatti  Coimbatore - 641 659,COIMBATORE,SELF FINANCING COLLEGES TIER 3,ME,MECHANICAL ENGINEERING,91.5,,,,,,,1,0,0,0,0,0,0
2769,J C T College of Engineering and Technology  Pichanur  Coimbatore District 641105,COIMBATORE,SELF FINANCING COLLEGES TIER 3,AD,ARTIFICIAL INTELLIGENCE AND DATA SCIENCE,137.0,106.5,125.5,97.5,94.0,116.0,,0,0,0,1,1,1,0
2769,J C T College of Engineering and Technology  Pichanur  Coimbatore District 641105,COIMBATORE,SELF FINANCING COLLEGES TIER 3,BC,Bio Technology and Bio Chemical Engineering,123.0,98.0,,80.0,112.5,,,0,1,0,1,1,0,0
2769,J C T College of Engineering and Technology  Pichanur  Coimbatore District 641105,COIMBATORE,SELF FINANCING COLLEGES TIER 3,CB,COMPUTER SCIENCE AND BUSSINESS SYSTEM,119.5,95.0,99.0,95.5,80.0,,,0,1,0,1,1,0,0
2769,J C T College of Engineering and Technology  Pichanur  Coimbatore District 641105,COIMBATORE,SELF FINANCING COLLEGES TIER 3,CE,CIVIL  ENGINEERING,119.0,,,,,,,1,0,0,0,0,0,0
2769,J C T College of Engineering and Technology  Pichanur  Coimbatore District 641105,COIMBATORE,SELF FINANCING COLLEGES TIER 3,CS,COMPUTER SCIENCE AND ENGINEERING,136.5,121.5,111.0,100.0,90.0,,,0,0,0,0,1,0,0
2769,J C T College of Engineering and Technology  Pichanur  Coimbatore District 641105,COIMBATORE,SELF FINANCING COLLEGES TIER 3,EC,ELECTRONICS AND COMMUNICATION ENGINEERING,128.0,100.5,92.0,107.5,114.0,101.0,,0,0,1,1,1,0,0
2769,J C T College of Engineering and Technology  Pichanur  Coimbatore District 641105,COIMBATORE,SELF FINANCING COLLEGES TIER 3,EE,ELECTRICAL AND ELECTRONICS ENGINEERING,105.5,,,96.0,99.5,,,0,0,0,1,1,0,0
2769,J C T College of Engineering and Technology  Pichanur  Coimbatore District 641105,COIMBATORE,SELF FINANCING COLLEGES TIER 3,FD,FOOD TECHNOLOGY,115.5,105.5,,98.0,101.0,109.0,,0,1,0,1,1,0,0
2769,J C T College of Engineering and Technology  Pichanur  Coimbatore District 641105,COIMBATORE,SELF FINANCING COLLEGES TIER 3,ME,MECHANICAL ENGINEERING,102.5,95.0,,,,,,0,1,0,0,0,0,0
2769,J C T College of Engineering and Technology  Pichanur  Coimbatore District 641105,COIMBATORE,SELF FINANCING COLLEGES TIER 3,PC,PETRO CHEMICAL TECHNOLOGY,128.5,119.0,,94.0,127.0,,,0,1,0,1,1,0,0
2769,J C T College of Engineering and Technology  Pichanur  Coimbatore District 641105,COIMBATORE,SELF FINANCING COLLEGES TIER 3,PE,PETROLEUM ENGINEERING,102.5,86.0,,,,,,0,1,0,0,0,0,0
2770,Studyworld College of Engineering  Madukarai Post  Coimbatore - 641 105.,COIMBATORE,SELF FINANCING COLLEGES TIER 3,AD,ARTIFICIAL INTELLIGENCE AND DATA SCIENCE,119.5,106.0,,87.0,101.5,,,0,1,0,1,1,0,0
2770,Studyworld College of Engineering  Madukarai Post  Coimbatore - 641 105.,COIMBATORE,SELF FINANCING COLLEGES TIER 3,CS,COMPUTER SCIENCE AND ENGINEERING,112.5,93.0,100.0,107.5,88.5,,,0,1,1,1,1,0,0
2770,Studyworld College of Engineering  Madukarai Post  Coimbatore - 641 105.,COIMBATORE,SELF FINANCING COLLEGES TIER 3,EC,ELECTRONICS AND COMMUNICATION ENGINEERING,97.5,,,,,,,1,0,0,0,0,0,0
2770,Studyworld College of Engineering  Madukarai Post  Coimbatore - 641 105.,COIMBATORE,SELF FINANCING COLLEGES TIER 3,EE,ELECTRICAL AND ELECTRONICS ENGINEERING,99.0,,,,,,,1,0,0,0,0,0,0
2770,Studyworld College of Engineering  Madukarai Post  Coimbatore - 641 105.,COIMBATORE,SELF FINANCING COLLEGES TIER 3,IT,INFORMATION TECHNOLOGY,136.5,113.0,115.5,123.0,111.5,,,0,1,0,0,0,0,0
2770,Studyworld College of Engineering  Madukarai Post  Coimbatore - 641 105.,COIMBATORE,SELF FINANCING COLLEGES TIER 3,ME,MECHANICAL ENGINEERING,88.0,,,,,,,1,0,0,0,0,0,0
2772,C M S College of Engineering and Technology  Appachigoundenpathy  Kumittipathi Post  Coimbatore District 641032,COIMBATORE,SELF FINANCING COLLEGES TIER 3,AD,ARTIFICIAL INTELLIGENCE AND DATA SCIENCE,118.0,101.5,,104.0,90.5,108.0,,0,1,0,1,1,0,0
2772,C M S College of Engineering and Technology  Appachigoundenpathy  Kumittipathi Post  Coimbatore District 641032,COIMBATORE,SELF FINANCING COLLEGES TIER 3,CB,COMPUTER SCIENCE AND BUSSINESS SYSTEM,108.5,,,,,,,1,0,0,0,0,0,0
2772,C M S College of Engineering and Technology  Appachigoundenpathy  Kumittipathi Post  Coimbatore District 641032,COIMBATORE,SELF FINANCING COLLEGES TIER 3,CS,COMPUTER SCIENCE AND ENGINEERING,115.5,98.0,,,96.0,108.0,,0,1,0,0,1,0,0
2772,C M S College of Engineering and Technology  Appachigoundenpathy  Kumittipathi Post  Coimbatore District 641032,COIMBATORE,SELF FINANCING COLLEGES TIER 3,EC,ELECTRONICS AND COMMUNICATION ENGINEERING,121.5,87.0,96.0,106.0,95.5,111.0,,0,1,0,0,1,1,0
2772,C M S College of Engineering and Technology  Appachigoundenpathy  Kumittipathi Post  Coimbatore District 641032,COIMBATORE,SELF FINANCING COLLEGES TIER 3,IT,INFORMATION TECHNOLOGY,123.5,100.5,,,101.0,,,0,1,0,0,0,0,0
2772,C M S College of Engineering and Technology  Appachigoundenpathy  Kumittipathi Post  Coimbatore District 641032,COIMBATORE,SELF FINANCING COLLEGES TIER 3,ME,MECHANICAL ENGINEERING,120.5,,,,,,,1,0,0,0,0,0,0
2772,C M S College of Engineering and Technology  Appachigoundenpathy  Kumittipathi Post  Coimbatore District 641032,COIMBATORE,SELF FINANCING COLLEGES TIER 3,SC,Computer Science and Engineering (Cyber Security),110.0,,,,,,,0,0,0,0,0,0,0
2776,R V S Technical Campus-Coimbatore  Kumaran Kottam Campus   Kannampalayam  Sulur  Coimbatore District 641 402,COIMBATORE,SELF FINANCING COLLEGES TIER 3,AD,ARTIFICIAL INTELLIGENCE AND DATA SCIENCE,146.5,136.5,134.5,137.5,118.0,108.0,,0,0,0,0,0,0,0
2776,R V S Technical Campus-Coimbatore  Kumaran Kottam Campus   Kannampalayam  Sulur  Coimbatore District 641 402,COIMBATORE,SELF FINANCING COLLEGES TIER 3,AG,AGRICULTURAL ENGINEERING,115.0,87.5,113.5,94.5,87.0,112.5,,0,1,1,1,1,0,0
2776,R V S Technical Campus-Coimbatore  Kumaran Kottam Campus   Kannampalayam  Sulur  Coimbatore District 641 402,COIMBATORE,SELF FINANCING COLLEGES TIER 3,AM,COMPUTER SCIENCE AND ENGINEERING (ARTIFICIAL INTELLIGENCE AND MACHINE LEARNING),164.44,153.5,133.0,128.0,120.5,,,0,0,0,0,0,0,0
2776,R V S Technical Campus-Coimbatore  Kumaran Kottam Campus   Kannampalayam  Sulur  Coimbatore District 641 402,COIMBATORE,SELF FINANCING COLLEGES TIER 3,AU,AUTOMOBILE ENGINEERING,90.0,,,,,,,1,0,0,0,0,0,0
2776,R V S Technical Campus-Coimbatore  Kumaran Kottam Campus   Kannampalayam  Sulur  Coimbatore District 641 402,COIMBATORE,SELF FINANCING COLLEGES TIER 3,CE,CIVIL  ENGINEERING,111.0,93.0,,,88.0,98.5,,0,1,0,0,0,0,0
2776,R V S Technical Campus-Coimbatore  Kumaran Kottam Campus   Kannampalayam  Sulur  Coimbatore District 641 402,COIMBATORE,SELF FINANCING COLLEGES TIER 3,CS,COMPUTER SCIENCE AND ENGINEERING,148.0,139.0,125.0,134.0,115.0,98.0,,0,0,0,0,0,0,0
2776,R V S Technical Campus-Coimbatore  Kumaran Kottam Campus   Kannampalayam  Sulur  Coimbatore District 641 402,COIMBATORE,SELF FINANCING COLLEGES TIER 3,ME,MECHANICAL ENGINEERING,114.0,90.0,,,97.0,,,0,0,0,0,0,0,0
2776,R V S Technical Campus-Coimbatore  Kumaran Kottam Campus   Kannampalayam  Sulur  Coimbatore District 641 402,COIMBATORE,SELF FINANCING COLLEGES TIER 3,MZ,Mechatronics Engineering,128.0,109.0,,107.5,91.0,,,0,0,0,0,0,0,0
3403,Mahalakshmi Engineering College  Trichy-Salem Highways  (Near No.1 Tollgate)  Melpathu  Siruganbur Post  Tiruchirappalli District 621213,TRICHIRAPPALLI,SELF FINANCING COLLEGES TIER 3,AD,ARTIFICIAL INTELLIGENCE AND DATA SCIENCE,,,,,,,,0,0,0,0,0,0,0
3403,Mahalakshmi Engineering College  Trichy-Salem Highways  (Near No.1 Tollgate)  Melpathu  Siruganbur Post  Tiruchirappalli District 621213,TRICHIRAPPALLI,SELF FINANCING COLLEGES TIER 3,AG,AGRICULTURAL ENGINEERING,,,,,,,,0,0,0,0,0,0,0
3403,Mahalakshmi Engineering College  Trichy-Salem Highways  (Near No.1 Tollgate)  Melpathu  Siruganbur Post  Tiruchirappalli District 621213,TRICHIRAPPALLI,SELF FINANCING COLLEGES TIER 3,BC,Bio Technology and Bio Chemical Engineering,,,,,,,,0,0,0,0,0,0,0
3403,Mahalakshmi Engineering College  Trichy-Salem Highways  (Near No.1 Tollgate)  Melpathu  Siruganbur Post  Tiruchirappalli District 621213,TRICHIRAPPALLI,SELF FINANCING COLLEGES TIER 3,CE,CIVIL  ENGINEERING,,,,,,,,0,0,0,0,0,0,0
3403,Mahalakshmi Engineering College  Trichy-Salem Highways  (Near No.1 Tollgate)  Melpathu  Siruganbur Post  Tiruchirappalli District 621213,TRICHIRAPPALLI,SELF FINANCING COLLEGES TIER 3,CS,COMPUTER SCIENCE AND ENGINEERING,,,,,,,,0,0,0,0,0,0,0
3403,Mahalakshmi Engineering College  Trichy-Salem Highways  (Near No.1 Tollgate)  Melpathu  Siruganbur Post  Tiruchirappalli District 621213,TRICHIRAPPALLI,SELF FINANCING COLLEGES TIER 3,EC,ELECTRONICS AND COMMUNICATION ENGINEERING,,,,,,,,0,0,0,0,0,0,0
3403,Mahalakshmi Engineering College  Trichy-Salem Highways  (Near No.1 Tollgate)  Melpathu  Siruganbur Post  Tiruchirappalli District 621213,TRICHIRAPPALLI,SELF FINANCING COLLEGES TIER 3,EE,ELECTRICAL AND ELECTRONICS ENGINEERING,,,,,,,,0,0,0,0,0,0,0
3403,Mahalakshmi Engineering College  Trichy-Salem Highways  (Near No.1 Tollgate)  Melpathu  Siruganbur Post  Tiruchirappalli District 621213,TRICHIRAPPALLI,SELF FINANCING COLLEGES TIER 3,ME,MECHANICAL ENGINEERING,,,,,,,,0,0,0,0,0,0,0
3403,Mahalakshmi Engineering College  Trichy-Salem Highways  (Near No.1 Tollgate)  Melpathu  Siruganbur Post  Tiruchirappalli District 621213,TRICHIRAPPALLI,SELF FINANCING COLLEGES TIER 3,PH,PHARMACEUTICAL TECHNOLOGY,,,,,,,,0,0,0,0,0,0,0
3410,Krishnasamy College of Engineering and Technology  S Kumarapuram  Cuddalore District 607109,CUDDALORE,SELF FINANCING COLLEGES TIER 3,CE,CIVIL  ENGINEERING,101.0,,,84.0,98.0,,,0,0,0,1,1,0,0
3410,Krishnasamy College of Engineering and Technology  S Kumarapuram  Cuddalore District 607109,CUDDALORE,SELF FINANCING COLLEGES TIER 3,CS,COMPUTER SCIENCE AND ENGINEERING,147.0,121.5,128.5,134.0,118.5,100.5,,0,0,0,0,0,0,0
3410,Krishnasamy College of Engineering and Technology  S Kumarapuram  Cuddalore District 607109,CUDDALORE,SELF FINANCING COLLEGES TIER 3,EC,ELECTRONICS AND COMMUNICATION ENGINEERING,131.0,109.0,125.5,124.5,104.5,,,0,1,0,0,0,0,0
3410,Krishnasamy College of Engineering and Technology  S Kumarapuram  Cuddalore District 607109,CUDDALORE,SELF FINANCING COLLEGES TIER 3,EE,ELECTRICAL AND ELECTRONICS ENGINEERING,109.0,89.0,90.5,92.0,82.0,,,0,1,0,0,0,0,0
3410,Krishnasamy College of Engineering and Technology  S Kumarapuram  Cuddalore District 607109,CUDDALORE,SELF FINANCING COLLEGES TIER 3,IT,INFORMATION TECHNOLOGY,140.0,115.0,129.0,132.0,124.0,,,0,0,0,0,0,0,0
3410,Krishnasamy College of Engineering and Technology  S Kumarapuram  Cuddalore District 607109,CUDDALORE,SELF FINANCING COLLEGES TIER 3,ME,MECHANICAL ENGINEERING,100.5,90.5,94.0,84.0,85.5,,,0,1,0,1,1,0,0
3425,C K College of Engineering and Technology  Chellangkuppam  Cuddalore District 607003,CUDDALORE,SELF FINANCING COLLEGES TIER 3,AD,ARTIFICIAL INTELLIGENCE AND DATA SCIENCE,157.5,121.5,150.0,143.5,136.5,,,0,0,0,0,0,0,0
3425,C K College of Engineering and Technology  Chellangkuppam  Cuddalore District 607003,CUDDALORE,SELF FINANCING COLLEGES TIER 3,CE,CIVIL  ENGINEERING,103.0,,,81.5,93.5,,,0,0,0,1,1,0,0
3425,C K College of Engineering and Technology  Chellangkuppam  Cuddalore District 607003,CUDDALORE,SELF FINANCING COLLEGES TIER 3,CS,COMPUTER SCIENCE AND ENGINEERING,152.5,125.0,147.35,140.0,131.0,85.0,,0,0,0,0,0,0,0
3425,C K College of Engineering and Technology  Chellangkuppam  Cuddalore District 607003,CUDDALORE,SELF FINANCING COLLEGES TIER 3,EC,ELECTRONICS AND COMMUNICATION ENGINEERING,143.5,104.5,130.5,131.5,107.0,,,0,0,0,0,0,0,0
3425,C K College of Engineering and Technology  Chellangkuppam  Cuddalore District 607003,CUDDALORE,SELF FINANCING COLLEGES TIER 3,EE,ELECTRICAL AND ELECTRONICS ENGINEERING,127.0,90.5,100.5,116.0,102.0,,,0,1,0,0,0,0,0
3425,C K College of Engineering and Technology  Chellangkuppam  Cuddalore District 607003,CUDDALORE,SELF FINANCING COLLEGES TIER 3,ME,MECHANICAL ENGINEERING,115.0,89.0,89.0,89.0,85.0,,,0,1,0,0,1,0,0
3454,Sri Ramakrishna College of Engineering  Sri Saradha Nagar  NH-45  Perambalur District  621113,PERAMBALUR,SELF FINANCING COLLEGES TIER 3,AD,ARTIFICIAL INTELLIGENCE AND DATA SCIENCE,134.0,118.0,,103.5,,,,0,1,0,0,0,0,0
3454,Sri Ramakrishna College of Engineering  Sri Saradha Nagar  NH-45  Perambalur District  621113,PERAMBALUR,SELF FINANCING COLLEGES TIER 3,AG,AGRICULTURAL ENGINEERING,85.0,,,,,,,1,0,0,0,0,0,0
3454,Sri Ramakrishna College of Engineering  Sri Saradha Nagar  NH-45  Perambalur District  621113,PERAMBALUR,SELF FINANCING COLLEGES TIER 3,BM,BIO MEDICAL ENGINEERING,123.499999999999,91.5,99.0,107.5,105.5,112.5,,0,1,0,1,1,0,0
3454,Sri Ramakrishna College of Engineering  Sri Saradha Nagar  NH-45  Perambalur District  621113,PERAMBALUR,SELF FINANCING COLLEGES TIER 3,CE,CIVIL  ENGINEERING,154.5,,,,,,,1,0,0,0,0,0,0
3454,Sri Ramakrishna College of Engineering  Sri Saradha Nagar  NH-45  Perambalur District  621113,PERAMBALUR,SELF FINANCING COLLEGES TIER 3,CS,COMPUTER SCIENCE AND ENGINEERING,131.5,93.5,110.0,103.0,110.0,,,0,1,0,1,1,0,0
3454,Sri Ramakrishna College of Engineering  Sri Saradha Nagar  NH-45  Perambalur District  621113,PERAMBALUR,SELF FINANCING COLLEGES TIER 3,ME,MECHANICAL ENGINEERING,96.5,,,,,,,0,0,0,0,0,0,0
3454,Sri Ramakrishna College of Engineering  Sri Saradha Nagar  NH-45  Perambalur District  621113,PERAMBALUR,SELF FINANCING COLLEGES TIER 3,SC,Computer Science and Engineering (Cyber Security),130.5,118.5,,,99.0,,,0,1,0,0,1,0,0
3456,K S K College of Engineering and Technology  Thanjavur Main Road  Darasuram  Kumbakonam  Thanjavur District 612702,THANJAVUR,SELF FINANCING COLLEGES TIER 3,AD,ARTIFICIAL INTELLIGENCE AND DATA SCIENCE,105.5,,,,,,,1,0,0,0,0,0,0
3456,K S K College of Engineering and Technology  Thanjavur Main Road  Darasuram  Kumbakonam  Thanjavur District 612702,THANJAVUR,SELF FINANCING COLLEGES TIER 3,AG,AGRICULTURAL ENGINEERING,146.065,,,,,,,1,0,0,0,0,0,0
3456,K S K College of Engineering and Technology  Thanjavur Main Road  Darasuram  Kumbakonam  Thanjavur District 612702,THANJAVUR,SELF FINANCING COLLEGES TIER 3,AM,COMPUTER SCIENCE AND ENGINEERING (ARTIFICIAL INTELLIGENCE AND MACHINE LEARNING),,,,,,,,0,0,0,0,0,0,0
3456,K S K College of Engineering and Technology  Thanjavur Main Road  Darasuram  Kumbakonam  Thanjavur District 612702,THANJAVUR,SELF FINANCING COLLEGES TIER 3,BM,BIO MEDICAL ENGINEERING,80.0,,,,,,,1,0,0,0,0,0,0
3456,K S K College of Engineering and Technology  Thanjavur Main Road  Darasuram  Kumbakonam  Thanjavur District 612702,THANJAVUR,SELF FINANCING COLLEGES TIER 3,CS,COMPUTER SCIENCE AND ENGINEERING,110.5,82.0,98.0,83.0,89.5,,,0,1,1,1,1,0,0
3456,K S K College of Engineering and Technology  Thanjavur Main Road  Darasuram  Kumbakonam  Thanjavur District 612702,THANJAVUR,SELF FINANCING COLLEGES TIER 3,EC,ELECTRONICS AND COMMUNICATION ENGINEERING,100.5,,,,,,,1,0,0,0,0,0,0
3456,K S K College of Engineering and Technology  Thanjavur Main Road  Darasuram  Kumbakonam  Thanjavur District 612702,THANJAVUR,SELF FINANCING COLLEGES TIER 3,EE,ELECTRICAL AND ELECTRONICS ENGINEERING,107.0,,,,,,,1,0,0,0,0,0,0
3456,K S K College of Engineering and Technology  Thanjavur Main Road  Darasuram  Kumbakonam  Thanjavur District 612702,THANJAVUR,SELF FINANCING COLLEGES TIER 3,ME,MECHANICAL ENGINEERING,88.0,,,,,,,1,0,0,0,0,0,0
3460,Surya College of Engineering  Konalai  Tiruchirappalli District 621132,TRICHIRAPPALLI,SELF FINANCING COLLEGES TIER 3,CE,CIVIL  ENGINEERING,,,,,,,,0,0,0,0,0,0,0
3460,Surya College of Engineering  Konalai  Tiruchirappalli District 621132,TRICHIRAPPALLI,SELF FINANCING COLLEGES TIER 3,CS,COMPUTER SCIENCE AND ENGINEERING,88.5,,,,,,,1,0,0,0,0,0,0
3460,Surya College of Engineering  Konalai  Tiruchirappalli District 621132,TRICHIRAPPALLI,SELF FINANCING COLLEGES TIER 3,EE,ELECTRICAL AND ELECTRONICS ENGINEERING,,,,,,,,0,0,0,0,0,0,0
3460,Surya College of Engineering  Konalai  Tiruchirappalli District 621132,TRICHIRAPPALLI,SELF FINANCING COLLEGES TIER 3,ME,MECHANICAL ENGINEERING,,,,,,,,0,0,0,0,0,0,0
3461,Arifa Institute of Technology(Formly Haji sheik Ismail Engineering College)  Esanoor  Keelaiyur Post  Thirukkuvalai Taluk  Nagapattinam District 611103,NAGAPATTINAM,SELF FINANCING COLLEGES TIER 3,AD,ARTIFICIAL INTELLIGENCE AND DATA SCIENCE,111.0,90.0,88.0,88.0,100.5,,,0,1,1,1,1,0,0
3461,Arifa Institute of Technology(Formly Haji sheik Ismail Engineering College)  Esanoor  Keelaiyur Post  Thirukkuvalai Taluk  Nagapattinam District 611103,NAGAPATTINAM,SELF FINANCING COLLEGES TIER 3,CS,COMPUTER SCIENCE AND ENGINEERING,116.0,110.0,109.0,95.5,104.5,,,0,1,0,1,0,0,0
3461,Arifa Institute of Technology(Formly Haji sheik Ismail Engineering College)  Esanoor  Keelaiyur Post  Thirukkuvalai Taluk  Nagapattinam District 611103,NAGAPATTINAM,SELF FINANCING COLLEGES TIER 3,EC,ELECTRONICS AND COMMUNICATION ENGINEERING,109.0,84.5,99.5,,97.0,,,0,1,0,0,0,0,0
3461,Arifa Institute of Technology(Formly Haji sheik Ismail Engineering College)  Esanoor  Keelaiyur Post  Thirukkuvalai Taluk  Nagapattinam District 611103,NAGAPATTINAM,SELF FINANCING COLLEGES TIER 3,EE,ELECTRICAL AND ELECTRONICS ENGINEERING,86.5,,,,,,,1,0,0,0,0,0,0
3461,Arifa Institute of Technology(Formly Haji sheik Ismail Engineering College)  Esanoor  Keelaiyur Post  Thirukkuvalai Taluk  Nagapattinam District 611103,NAGAPATTINAM,SELF FINANCING COLLEGES TIER 3,ME,MECHANICAL ENGINEERING,91.0,,,,,,,1,0,0,0,0,0,0
3462,Ariyalur Engineering College  NH-227  Trichy-Chithambaram NH  Karuppur-Senapathy Post  Ariyalur District 621707,ARIYALUR,SELF FINANCING COLLEGES TIER 3,CE,CIVIL  ENGINEERING,,,,,,,,0,0,0,0,0,0,0
3462,Ariyalur Engineering College  NH-227  Trichy-Chithambaram NH  Karuppur-Senapathy Post  Ariyalur District 621707,ARIYALUR,SELF FINANCING COLLEGES TIER 3,CS,COMPUTER SCIENCE AND ENGINEERING,86.0,,,,,,,1,0,0,0,0,0,0
3462,Ariyalur Engineering College  NH-227  Trichy-Chithambaram NH  Karuppur-Senapathy Post  Ariyalur District 621707,ARIYALUR,SELF FINANCING COLLEGES TIER 3,EC,ELECTRONICS AND COMMUNICATION ENGINEERING,136.5,,,,,,,1,0,0,0,0,0,0
3462,Ariyalur Engineering College  NH-227  Trichy-Chithambaram NH  Karuppur-Senapathy Post  Ariyalur District 621707,ARIYALUR,SELF FINANCING COLLEGES TIER 3,EE,ELECTRICAL AND ELECTRONICS ENGINEERING,114.0,,,,,,,1,0,0,0,0,0,0
3462,Ariyalur Engineering College  NH-227  Trichy-Chithambaram NH  Karuppur-Senapathy Post  Ariyalur District 621707,ARIYALUR,SELF FINANCING COLLEGES TIER 3,ME,MECHANICAL ENGINEERING,104.5,,,,,,,1,0,0,0,0,0,0
3466,Nelliandavar Institute of Technology  Nerunjikorai Village  Pudhupalayam  Ariyalur Taluk  Ariyalur District 621704,ARIYALUR,SELF FINANCING COLLEGES TIER 3,AD,ARTIFICIAL INTELLIGENCE AND DATA SCIENCE,106.5,,,,,,,1,0,0,0,0,0,0
3466,Nelliandavar Institute of Technology  Nerunjikorai Village  Pudhupalayam  Ariyalur Taluk  Ariyalur District 621704,ARIYALUR,SELF FINANCING COLLEGES TIER 3,CS,COMPUTER SCIENCE AND ENGINEERING,99.5,,,,,,,1,0,0,0,0,0,0
3466,Nelliandavar Institute of Technology  Nerunjikorai Village  Pudhupalayam  Ariyalur Taluk  Ariyalur District 621704,ARIYALUR,SELF FINANCING COLLEGES TIER 3,EC,ELECTRONICS AND COMMUNICATION ENGINEERING,102.5,,,,,,,1,0,0,0,0,0,0
3466,Nelliandavar Institute of Technology  Nerunjikorai Village  Pudhupalayam  Ariyalur Taluk  Ariyalur District 621704,ARIYALUR,SELF FINANCING COLLEGES TIER 3,EE,ELECTRICAL AND ELECTRONICS ENGINEERING,104.0,,,,,,,1,0,0,0,0,0,0
3466,Nelliandavar Institute of Technology  Nerunjikorai Village  Pudhupalayam  Ariyalur Taluk  Ariyalur District 621704,ARIYALUR,SELF FINANCING COLLEGES TIER 3,ME,MECHANICAL ENGINEERING,,,,,,,,0,0,0,0,0,0,0
3701,K Ramakrishnan College of Technology (Autonomous)  Kariyamanickam Road  Samayapuram  Manachanallur Taluk  Tiruchirappalli District 621112,TIRUCHIRAPALLI,SELF FINANCING COLLEGES TIER 3,AD,ARTIFICIAL INTELLIGENCE AND DATA SCIENCE,156.0,148.0,153.5,138.5,120.0,119.5,,0,0,0,0,0,1,0
3701,K Ramakrishnan College of Technology (Autonomous)  Kariyamanickam Road  Samayapuram  Manachanallur Taluk  Tiruchirappalli District 621112,TIRUCHIRAPALLI,SELF FINANCING COLLEGES TIER 3,AM,COMPUTER SCIENCE AND ENGINEERING (ARTIFICIAL INTELLIGENCE AND MACHINE LEARNING),154.0,147.0,148.5,135.5,115.5,,,0,0,0,0,0,0,0
3701,K Ramakrishnan College of Technology (Autonomous)  Kariyamanickam Road  Samayapuram  Manachanallur Taluk  Tiruchirappalli District 621112,TIRUCHIRAPALLI,SELF FINANCING COLLEGES TIER 3,CE,CIVIL  ENGINEERING,122.5,96.5,119.5,106.5,108.5,,,0,1,0,1,1,0,0
3701,K Ramakrishnan College of Technology (Autonomous)  Kariyamanickam Road  Samayapuram  Manachanallur Taluk  Tiruchirappalli District 621112,TIRUCHIRAPALLI,SELF FINANCING COLLEGES TIER 3,CS,COMPUTER SCIENCE AND ENGINEERING,160.5,150.5,149.0,142.5,119.5,,,0,0,0,0,0,0,0
3701,K Ramakrishnan College of Technology (Autonomous)  Kariyamanickam Road  Samayapuram  Manachanallur Taluk  Tiruchirappalli District 621112,TIRUCHIRAPALLI,SELF FINANCING COLLEGES TIER 3,EC,ELECTRONICS AND COMMUNICATION ENGINEERING,149.0,142.0,142.5,129.5,92.0,,,0,0,0,0,0,0,0
3701,K Ramakrishnan College of Technology (Autonomous)  Kariyamanickam Road  Samayapuram  Manachanallur Taluk  Tiruchirappalli District 621112,TIRUCHIRAPALLI,SELF FINANCING COLLEGES TIER 3,EE,ELECTRICAL AND ELECTRONICS ENGINEERING,139.5,135.5,129.5,117.0,130.5,,,0,0,0,0,1,0,0
3701,K Ramakrishnan College of Technology (Autonomous)  Kariyamanickam Road  Samayapuram  Manachanallur Taluk  Tiruchirappalli District 621112,TIRUCHIRAPALLI,SELF FINANCING COLLEGES TIER 3,IT,INFORMATION TECHNOLOGY,155.5,145.5,148.5,138.0,111.5,,,0,0,0,0,0,0,0
3701,K Ramakrishnan College of Technology (Autonomous)  Kariyamanickam Road  Samayapuram  Manachanallur Taluk  Tiruchirappalli District 621112,TIRUCHIRAPALLI,SELF FINANCING COLLEGES TIER 3,ME,MECHANICAL ENGINEERING,128.0,118.999999999999,127.5,116.5,94.5,,,0,0,0,1,1,0,0
3760,Sir Issac Newton College of Engineering and Technology  Anthanapeetai Post  Papakoil  Nagappattinam District 611102,NAGAPATTINAM,SELF FINANCING COLLEGES TIER 3,AD,ARTIFICIAL INTELLIGENCE AND DATA SCIENCE,121.0,102.0,116.0,106.5,105.5,,,0,1,0,0,0,0,0
3760,Sir Issac Newton College of Engineering and Technology  Anthanapeetai Post  Papakoil  Nagappattinam District 611102,NAGAPATTINAM,SELF FINANCING COLLEGES TIER 3,AG,AGRICULTURAL ENGINEERING,99.0,93.5,,,89.5,,,0,1,0,0,1,0,0
3760,Sir Issac Newton College of Engineering and Technology  Anthanapeetai Post  Papakoil  Nagappattinam District 611102,NAGAPATTINAM,SELF FINANCING COLLEGES TIER 3,CS,COMPUTER SCIENCE AND ENGINEERING,117.0,88.5,,82.0,89.0,,,0,1,0,0,1,0,0
3760,Sir Issac Newton College of Engineering and Technology  Anthanapeetai Post  Papakoil  Nagappattinam District 611102,NAGAPATTINAM,SELF FINANCING COLLEGES TIER 3,EC,ELECTRONICS AND COMMUNICATION ENGINEERING,97.0,90.0,,89.5,88.5,,,0,1,0,1,1,0,0
3760,Sir Issac Newton College of Engineering and Technology  Anthanapeetai Post  Papakoil  Nagappattinam District 611102,NAGAPATTINAM,SELF FINANCING COLLEGES TIER 3,IT,INFORMATION TECHNOLOGY,120.5,90.5,92.0,92.0,89.0,,,0,1,1,1,0,0,0
3760,Sir Issac Newton College of Engineering and Technology  Anthanapeetai Post  Papakoil  Nagappattinam District 611102,NAGAPATTINAM,SELF FINANCING COLLEGES TIER 3,ME,MECHANICAL ENGINEERING,84.0,,,,,,,1,0,0,0,0,0,0
3766,Star Lion College of Engineering and Technology  Manankorai Main Road  Manankorai Village  Thanjavur District 614206,THANJAVUR,SELF FINANCING COLLEGES TIER 3,AD,ARTIFICIAL INTELLIGENCE AND DATA SCIENCE,109.0,,,,,,,1,0,0,0,0,0,0
3766,Star Lion College of Engineering and Technology  Manankorai Main Road  Manankorai Village  Thanjavur District 614206,THANJAVUR,SELF FINANCING COLLEGES TIER 3,AM,COMPUTER SCIENCE AND ENGINEERING (ARTIFICIAL INTELLIGENCE AND MACHINE LEARNING),,,,,,,,0,0,0,0,0,0,0
3766,Star Lion College of Engineering and Technology  Manankorai Main Road  Manankorai Village  Thanjavur District 614206,THANJAVUR,SELF FINANCING COLLEGES TIER 3,CE,CIVIL  ENGINEERING,,,,,,,,0,0,0,0,0,0,0
3766,Star Lion College of Engineering and Technology  Manankorai Main Road  Manankorai Village  Thanjavur District 614206,THANJAVUR,SELF FINANCING COLLEGES TIER 3,CS,COMPUTER SCIENCE AND ENGINEERING,121.5,,,,,,,1,0,0,0,0,0,0
3766,Star Lion College of Engineering and Technology  Manankorai Main Road  Manankorai Village  Thanjavur District 614206,THANJAVUR,SELF FINANCING COLLEGES TIER 3,EC,ELECTRONICS AND COMMUNICATION ENGINEERING,148.5,,,,,,,1,0,0,0,0,0,0
3766,Star Lion College of Engineering and Technology  Manankorai Main Road  Manankorai Village  Thanjavur District 614206,THANJAVUR,SELF FINANCING COLLEGES TIER 3,EE,ELECTRICAL AND ELECTRONICS ENGINEERING,,,,,,,,0,0,0,0,0,0,0
3766,Star Lion College of Engineering and Technology  Manankorai Main Road  Manankorai Village  Thanjavur District 614206,THANJAVUR,SELF FINANCING COLLEGES TIER 3,ME,MECHANICAL ENGINEERING,,,,,,,,0,0,0,0,0,0,0
3782,OASYS Institute of Technology   Pulivalam Village  Musiri Taluk  Tiruchirappalli District 621006,TIRUCHIRAPALLI,SELF FINANCING COLLEGES TIER 3,AD,ARTIFICIAL INTELLIGENCE AND DATA SCIENCE,135.5,95.0,134.5,110.5,92.0,,134.0,0,1,0,0,1,0,0
3782,OASYS Institute of Technology   Pulivalam Village  Musiri Taluk  Tiruchirappalli District 621006,TIRUCHIRAPALLI,SELF FINANCING COLLEGES TIER 3,CB,COMPUTER SCIENCE AND BUSSINESS SYSTEM,85.0,,,81.0,,,,0,0,0,1,0,0,0
3782,OASYS Institute of Technology   Pulivalam Village  Musiri Taluk  Tiruchirappalli District 621006,TIRUCHIRAPALLI,SELF FINANCING COLLEGES TIER 3,CS,COMPUTER SCIENCE AND ENGINEERING,120.5,88.0,,98.0,87.5,104.0,,0,1,0,1,1,1,0
3782,OASYS Institute of Technology   Pulivalam Village  Musiri Taluk  Tiruchirappalli District 621006,TIRUCHIRAPALLI,SELF FINANCING COLLEGES TIER 3,EC,ELECTRONICS AND COMMUNICATION ENGINEERING,104.0,,,,,,,1,0,0,0,0,0,0
3782,OASYS Institute of Technology   Pulivalam Village  Musiri Taluk  Tiruchirappalli District 621006,TIRUCHIRAPALLI,SELF FINANCING COLLEGES TIER 3,EE,ELECTRICAL AND ELECTRONICS ENGINEERING,96.5,90.5,,,,,,0,1,0,0,0,0,0
3782,OASYS Institute of Technology   Pulivalam Village  Musiri Taluk  Tiruchirappalli District 621006,TIRUCHIRAPALLI,SELF FINANCING COLLEGES TIER 3,IT,INFORMATION TECHNOLOGY,119.0,87.5,,88.5,119.0,104.0,,0,1,0,0,1,1,0
3782,OASYS Institute of Technology   Pulivalam Village  Musiri Taluk  Tiruchirappalli District 621006,TIRUCHIRAPALLI,SELF FINANCING COLLEGES TIER 3,ME,MECHANICAL ENGINEERING,91.5,,,86.0,,,,0,0,0,1,0,0,0
3786,M.A.M. School of Engineering  Siruganur  Tiruchirappalli District 621105,TIRUCHIRAPALLI,SELF FINANCING COLLEGES TIER 3,AD,ARTIFICIAL INTELLIGENCE AND DATA SCIENCE,135.0,127.5,115.5,131.5,115.5,,,0,0,0,1,0,0,0
3786,M.A.M. School of Engineering  Siruganur  Tiruchirappalli District 621105,TIRUCHIRAPALLI,SELF FINANCING COLLEGES TIER 3,AE,AERONAUTICAL ENGINEERING,89.0,,,,,,,0,0,0,0,0,0,0
3786,M.A.M. School of Engineering  Siruganur  Tiruchirappalli District 621105,TIRUCHIRAPALLI,SELF FINANCING COLLEGES TIER 3,BM,BIO MEDICAL ENGINEERING,128.0,95.5,,102.0,116.0,,,0,1,0,1,1,0,0
3786,M.A.M. School of Engineering  Siruganur  Tiruchirappalli District 621105,TIRUCHIRAPALLI,SELF FINANCING COLLEGES TIER 3,CS,COMPUTER SCIENCE AND ENGINEERING,142.5,102.5,107.0,117.5,95.5,,,0,0,0,1,1,0,0
3786,M.A.M. School of Engineering  Siruganur  Tiruchirappalli District 621105,TIRUCHIRAPALLI,SELF FINANCING COLLEGES TIER 3,EC,ELECTRONICS AND COMMUNICATION ENGINEERING,108.5,90.0,,,97.0,,,0,1,0,0,1,0,0
3786,M.A.M. School of Engineering  Siruganur  Tiruchirappalli District 621105,TIRUCHIRAPALLI,SELF FINANCING COLLEGES TIER 3,EE,ELECTRICAL AND ELECTRONICS ENGINEERING,88.0,,,,,,,1,0,0,0,0,0,0
3786,M.A.M. School of Engineering  Siruganur  Tiruchirappalli District 621105,TIRUCHIRAPALLI,SELF FINANCING COLLEGES TIER 3,ME,MECHANICAL ENGINEERING,87.0,,,,,,,1,0,0,0,0,0,0
3786,M.A.M. School of Engineering  Siruganur  Tiruchirappalli District 621105,TIRUCHIRAPALLI,SELF FINANCING COLLEGES TIER 3,MZ,Mechatronics Engineering,92.5,,,,,,,1,0,0,0,0,0,0
3795,SRM TRP Engineering College  Irungalur  Manachanallur Taluk  Tiruchirappalli District 621105,TIRUCHIRAPALLI,SELF FINANCING COLLEGES TIER 2,AD,ARTIFICIAL INTELLIGENCE AND DATA SCIENCE,168.0,160.0,161.0,142.5,121.0,,,0,0,0,0,0,0,0
3795,SRM TRP Engineering College  Irungalur  Manachanallur Taluk  Tiruchirappalli District 621105,TIRUCHIRAPALLI,SELF FINANCING COLLEGES TIER 2,CE,CIVIL  ENGINEERING,114.5,,,,,,,0,0,0,0,0,0,0
3795,SRM TRP Engineering College  Irungalur  Manachanallur Taluk  Tiruchirappalli District 621105,TIRUCHIRAPALLI,SELF FINANCING COLLEGES TIER 2,CS,COMPUTER SCIENCE AND ENGINEERING,161.5,149.0,147.5,141.666666666666,119.0,108.0,,0,0,0,0,0,0,0
3795,SRM TRP Engineering College  Irungalur  Manachanallur Taluk  Tiruchirappalli District 621105,TIRUCHIRAPALLI,SELF FINANCING COLLEGES TIER 2,EC,ELECTRONICS AND COMMUNICATION ENGINEERING,152.5,143.5,144.5,134.5,100.0,115.5,,0,0,0,0,0,1,0
3795,SRM TRP Engineering College  Irungalur  Manachanallur Taluk  Tiruchirappalli District 621105,TIRUCHIRAPALLI,SELF FINANCING COLLEGES TIER 2,EE,ELECTRICAL AND ELECTRONICS ENGINEERING,135.0,129.5,122.5,126.0,91.0,,,0,0,0,0,1,0,0
3795,SRM TRP Engineering College  Irungalur  Manachanallur Taluk  Tiruchirappalli District 621105,TIRUCHIRAPALLI,SELF FINANCING COLLEGES TIER 2,ME,MECHANICAL ENGINEERING,119.5,84.5,95.5,97.0,119.0,,,0,1,1,1,1,0,0
3801,A V C College of Engineering  Mannampandal Post  MayiladuthuraiDistrict 609305,MAYILADUTHURAI,SELF FINANCING COLLEGES TIER 3,CE,CIVIL  ENGINEERING,100.0,,,,,,,1,0,0,0,0,0,0
3801,A V C College of Engineering  Mannampandal Post  MayiladuthuraiDistrict 609305,MAYILADUTHURAI,SELF FINANCING COLLEGES TIER 3,CS,COMPUTER SCIENCE AND ENGINEERING,156.0,143.5,140.0,140.0,86.0,,,0,0,0,0,0,0,0
3801,A V C College of Engineering  Mannampandal Post  MayiladuthuraiDistrict 609305,MAYILADUTHURAI,SELF FINANCING COLLEGES TIER 3,EC,ELECTRONICS AND COMMUNICATION ENGINEERING,142.0,133.5,127.5,131.5,101.0,,,0,0,0,0,1,0,0
3801,A V C College of Engineering  Mannampandal Post  MayiladuthuraiDistrict 609305,MAYILADUTHURAI,SELF FINANCING COLLEGES TIER 3,EE,ELECTRICAL AND ELECTRONICS ENGINEERING,126.0,112.0,117.5,100.5,94.5,,,0,1,0,1,1,0,0
3801,A V C College of Engineering  Mannampandal Post  MayiladuthuraiDistrict 609305,MAYILADUTHURAI,SELF FINANCING COLLEGES TIER 3,IC,INSTRUMENTATION AND CONTROL ENGINEERING,120.5,89.0,,87.0,,,,0,1,0,1,0,0,0
3801,A V C College of Engineering  Mannampandal Post  MayiladuthuraiDistrict 609305,MAYILADUTHURAI,SELF FINANCING COLLEGES TIER 3,IT,INFORMATION TECHNOLOGY,152.0,139.0,128.0,134.0,104.0,,152.0,0,0,0,0,0,0,0
3801,A V C College of Engineering  Mannampandal Post  MayiladuthuraiDistrict 609305,MAYILADUTHURAI,SELF FINANCING COLLEGES TIER 3,ME,MECHANICAL ENGINEERING,114.5,113.0,,97.0,93.5,,,0,1,0,1,1,0,0
3802,Shri Angalamman College of Engineering and Technology Siruganoor Tiruchirapalli-621 105,TRICHIRAPPALLI,SELF FINANCING COLLEGES TIER 3,CE,CIVIL  ENGINEERING,,,,,,,,0,0,0,0,0,0,0
3802,Shri Angalamman College of Engineering and Technology Siruganoor Tiruchirapalli-621 105,TRICHIRAPPALLI,SELF FINANCING COLLEGES TIER 3,CS,COMPUTER SCIENCE AND ENGINEERING,,,,,,,,0,0,0,0,0,0,0
3802,Shri Angalamman College of Engineering and Technology Siruganoor Tiruchirapalli-621 105,TRICHIRAPPALLI,SELF FINANCING COLLEGES TIER 3,EE,ELECTRICAL AND ELECTRONICS ENGINEERING,,,,,,,,0,0,0,0,0,0,0
3802,Shri Angalamman College of Engineering and Technology Siruganoor Tiruchirapalli-621 105,TRICHIRAPPALLI,SELF FINANCING COLLEGES TIER 3,ME,MECHANICAL ENGINEERING,,,,,,,,0,0,0,0,0,0,0
3803,Anjalai Ammal Mahalingam Engineering College  Kovilvenni  Thiruvarur District 614403,THIRUVARUR,SELF FINANCING COLLEGES TIER 3,CE,CIVIL  ENGINEERING,115.5,,102.0,,115.0,,,0,0,0,0,1,0,0
3803,Anjalai Ammal Mahalingam Engineering College  Kovilvenni  Thiruvarur District 614403,THIRUVARUR,SELF FINANCING COLLEGES TIER 3,CH,CHEMICAL  ENGINEERING,97.5,,,91.5,,,,0,0,0,1,0,0,0
3803,Anjalai Ammal Mahalingam Engineering College  Kovilvenni  Thiruvarur District 614403,THIRUVARUR,SELF FINANCING COLLEGES TIER 3,CS,COMPUTER SCIENCE AND ENGINEERING,169.0,158.5,161.0,142.0,137.5,,,0,0,0,0,0,0,0
3803,Anjalai Ammal Mahalingam Engineering College  Kovilvenni  Thiruvarur District 614403,THIRUVARUR,SELF FINANCING COLLEGES TIER 3,EC,ELECTRONICS AND COMMUNICATION ENGINEERING,149.0,142.0,130.0,118.0,95.5,,,0,0,0,0,1,0,0
3803,Anjalai Ammal Mahalingam Engineering College  Kovilvenni  Thiruvarur District 614403,THIRUVARUR,SELF FINANCING COLLEGES TIER 3,EE,ELECTRICAL AND ELECTRONICS ENGINEERING,133.0,113.0,108.5,95.0,92.0,,,0,0,0,1,1,0,0
3803,Anjalai Ammal Mahalingam Engineering College  Kovilvenni  Thiruvarur District 614403,THIRUVARUR,SELF FINANCING COLLEGES TIER 3,IT,INFORMATION TECHNOLOGY,155.5,150.5,142.5,129.5,93.5,,,0,0,0,0,0,0,0
3803,Anjalai Ammal Mahalingam Engineering College  Kovilvenni  Thiruvarur District 614403,THIRUVARUR,SELF FINANCING COLLEGES TIER 3,ME,MECHANICAL ENGINEERING,112.0,94.0,87.5,106.0,92.5,,,0,1,0,1,1,0,0
3804,Arasu Engineering  College  Chennai Main Road  Kumbakonam  Thanjavur District 612501,THANJAVUR,SELF FINANCING COLLEGES TIER 3,AD,ARTIFICIAL INTELLIGENCE AND DATA SCIENCE,140.5,105.0,130.0,122.5,103.0,121.5,,0,1,1,0,1,1,0
3804,Arasu Engineering  College  Chennai Main Road  Kumbakonam  Thanjavur District 612501,THANJAVUR,SELF FINANCING COLLEGES TIER 3,AG,AGRICULTURAL ENGINEERING,116.0,,,,,,,1,0,0,0,0,0,0
3804,Arasu Engineering  College  Chennai Main Road  Kumbakonam  Thanjavur District 612501,THANJAVUR,SELF FINANCING COLLEGES TIER 3,BM,BIO MEDICAL ENGINEERING,108.5,94.0,,106.5,,,,0,1,0,1,0,0,0
3804,Arasu Engineering  College  Chennai Main Road  Kumbakonam  Thanjavur District 612501,THANJAVUR,SELF FINANCING COLLEGES TIER 3,CE,CIVIL  ENGINEERING,87.5,,,,,,,1,0,0,0,0,0,0
3804,Arasu Engineering  College  Chennai Main Road  Kumbakonam  Thanjavur District 612501,THANJAVUR,SELF FINANCING COLLEGES TIER 3,CS,COMPUTER SCIENCE AND ENGINEERING,142.5,118.5,106.5,125.0,99.5,,,0,0,0,0,1,0,0
3804,Arasu Engineering  College  Chennai Main Road  Kumbakonam  Thanjavur District 612501,THANJAVUR,SELF FINANCING COLLEGES TIER 3,EC,ELECTRONICS AND COMMUNICATION ENGINEERING,121.5,114.5,108.0,91.5,89.0,,,0,1,0,1,1,0,0
3804,Arasu Engineering  College  Chennai Main Road  Kumbakonam  Thanjavur District 612501,THANJAVUR,SELF FINANCING COLLEGES TIER 3,EE,ELECTRICAL AND ELECTRONICS ENGINEERING,103.0,82.0,95.5,93.5,80.0,,,0,1,0,1,1,0,0
3804,Arasu Engineering  College  Chennai Main Road  Kumbakonam  Thanjavur District 612501,THANJAVUR,SELF FINANCING COLLEGES TIER 3,ME,MECHANICAL ENGINEERING,88.5,,,,,,,1,0,0,0,0,0,0
3805,Dhanalakshmi Srinivasan  Engineering College (Autonomous)  Thuraiyur Road  Perambalur District 621212,PERAMBALUR,SELF FINANCING COLLEGES TIER 1,AD,ARTIFICIAL INTELLIGENCE AND DATA SCIENCE,153.0,139.0,145.0,131.5,113.5,,,0,0,0,0,0,0,0
3805,Dhanalakshmi Srinivasan  Engineering College (Autonomous)  Thuraiyur Road  Perambalur District 621212,PERAMBALUR,SELF FINANCING COLLEGES TIER 1,AE,AERONAUTICAL ENGINEERING,122.0,111.0,115.0,93.0,107.5,,,0,1,0,1,1,0,0
3805,Dhanalakshmi Srinivasan  Engineering College (Autonomous)  Thuraiyur Road  Perambalur District 621212,PERAMBALUR,SELF FINANCING COLLEGES TIER 1,AG,AGRICULTURAL ENGINEERING,105.0,93.0,,,,,,0,1,0,0,0,0,0
3805,Dhanalakshmi Srinivasan  Engineering College (Autonomous)  Thuraiyur Road  Perambalur District 621212,PERAMBALUR,SELF FINANCING COLLEGES TIER 1,BM,BIO MEDICAL ENGINEERING,129.0,98.0,85.5,95.5,99.0,104.5,123.5,0,1,0,1,1,0,0
3805,Dhanalakshmi Srinivasan  Engineering College (Autonomous)  Thuraiyur Road  Perambalur District 621212,PERAMBALUR,SELF FINANCING COLLEGES TIER 1,BT,BIO TECHNOLOGY,136.0,113.0,,92.5,105.5,,,0,1,0,0,1,0,0
3805,Dhanalakshmi Srinivasan  Engineering College (Autonomous)  Thuraiyur Road  Perambalur District 621212,PERAMBALUR,SELF FINANCING COLLEGES TIER 1,CE,CIVIL  ENGINEERING,99.5,,,90.0,93.0,,,0,0,0,1,1,0,0
3805,Dhanalakshmi Srinivasan  Engineering College (Autonomous)  Thuraiyur Road  Perambalur District 621212,PERAMBALUR,SELF FINANCING COLLEGES TIER 1,CH,CHEMICAL  ENGINEERING,140.5,96.0,118.0,116.0,102.5,123.5,,0,1,0,0,1,0,0
3805,Dhanalakshmi Srinivasan  Engineering College (Autonomous)  Thuraiyur Road  Perambalur District 621212,PERAMBALUR,SELF FINANCING COLLEGES TIER 1,CS,COMPUTER SCIENCE AND ENGINEERING,167.0,151.5,166.0,144.5,92.0,115.0,90.5,0,0,0,0,1,0,0
3805,Dhanalakshmi Srinivasan  Engineering College (Autonomous)  Thuraiyur Road  Perambalur District 621212,PERAMBALUR,SELF FINANCING COLLEGES TIER 1,EC,ELECTRONICS AND COMMUNICATION ENGINEERING,142.0,129.0,152.5,124.5,93.0,131.0,,0,0,0,0,1,1,0
3805,Dhanalakshmi Srinivasan  Engineering College (Autonomous)  Thuraiyur Road  Perambalur District 621212,PERAMBALUR,SELF FINANCING COLLEGES TIER 1,EE,ELECTRICAL AND ELECTRONICS ENGINEERING,129.0,98.0,94.0,115.0,97.5,,,0,0,0,0,1,0,0
3805,Dhanalakshmi Srinivasan  Engineering College (Autonomous)  Thuraiyur Road  Perambalur District 621212,PERAMBALUR,SELF FINANCING COLLEGES TIER 1,FD,FOOD TECHNOLOGY,132.0,107.5,116.0,87.0,92.0,109.5,,0,1,1,1,0,0,0
3805,Dhanalakshmi Srinivasan  Engineering College (Autonomous)  Thuraiyur Road  Perambalur District 621212,PERAMBALUR,SELF FINANCING COLLEGES TIER 1,IT,INFORMATION TECHNOLOGY,151.0,140.5,150.5,139.5,114.5,116.0,,0,0,0,0,1,1,0
3805,Dhanalakshmi Srinivasan  Engineering College (Autonomous)  Thuraiyur Road  Perambalur District 621212,PERAMBALUR,SELF FINANCING COLLEGES TIER 1,ME,MECHANICAL ENGINEERING,126.0,94.0,101.0,101.5,108.5,,,0,1,1,0,1,0,0
3805,Dhanalakshmi Srinivasan  Engineering College (Autonomous)  Thuraiyur Road  Perambalur District 621212,PERAMBALUR,SELF FINANCING COLLEGES TIER 1,PH,PHARMACEUTICAL TECHNOLOGY,101.0,95.0,,96.5,97.0,,,0,1,0,1,1,0,0
3805,Dhanalakshmi Srinivasan  Engineering College (Autonomous)  Thuraiyur Road  Perambalur District 621212,PERAMBALUR,SELF FINANCING COLLEGES TIER 1,RM,ROBOTICS AND AUTOMATION,131.0,102.5,112.5,108.5,,,,0,1,0,1,0,0,0
3805,Dhanalakshmi Srinivasan  Engineering College (Autonomous)  Thuraiyur Road  Perambalur District 621212,PERAMBALUR,SELF FINANCING COLLEGES TIER 1,SC,Computer Science and Engineering (Cyber Security),156.0,145.5,152.5,136.0,125.0,,,0,0,0,0,0,0,0
3806,E G S Pillay  Engineering College (Autonomous)  Nagapattinam District 611002,NAGAPATTINAM,SELF FINANCING COLLEGES TIER 3,AD,ARTIFICIAL INTELLIGENCE AND DATA SCIENCE,153.0,141.0,152.5,126.5,92.5,,,0,0,0,0,0,0,0
3806,E G S Pillay  Engineering College (Autonomous)  Nagapattinam District 611002,NAGAPATTINAM,SELF FINANCING COLLEGES TIER 3,BM,BIO MEDICAL ENGINEERING,130.5,82.0,125.0,109.0,107.5,,,0,1,0,0,0,0,0
3806,E G S Pillay  Engineering College (Autonomous)  Nagapattinam District 611002,NAGAPATTINAM,SELF FINANCING COLLEGES TIER 3,CB,COMPUTER SCIENCE AND BUSSINESS SYSTEM,129.5,109.0,126.0,122.0,91.0,,,0,0,0,0,0,0,0
3806,E G S Pillay  Engineering College (Autonomous)  Nagapattinam District 611002,NAGAPATTINAM,SELF FINANCING COLLEGES TIER 3,CE,CIVIL  ENGINEERING,98.0,87.0,92.5,91.5,82.0,,,0,1,1,1,1,0,0
3806,E G S Pillay  Engineering College (Autonomous)  Nagapattinam District 611002,NAGAPATTINAM,SELF FINANCING COLLEGES TIER 3,CS,COMPUTER SCIENCE AND ENGINEERING,142.0,120.5,136.5,125.5,105.0,,,0,0,0,0,0,0,0
3806,E G S Pillay  Engineering College (Autonomous)  Nagapattinam District 611002,NAGAPATTINAM,SELF FINANCING COLLEGES TIER 3,EC,ELECTRONICS AND COMMUNICATION ENGINEERING,127.0,108.5,125.0,110.0,92.5,,,0,0,0,0,0,0,0
3806,E G S Pillay  Engineering College (Autonomous)  Nagapattinam District 611002,NAGAPATTINAM,SELF FINANCING COLLEGES TIER 3,EE,ELECTRICAL AND ELECTRONICS ENGINEERING,117.5,97.5,114.5,102.5,88.5,,,0,0,0,0,0,0,0
3806,E G S Pillay  Engineering College (Autonomous)  Nagapattinam District 611002,NAGAPATTINAM,SELF FINANCING COLLEGES TIER 3,IT,INFORMATION TECHNOLOGY,153.0,135.0,140.5,128.5,101.5,,,0,0,0,0,0,0,0
3806,E G S Pillay  Engineering College (Autonomous)  Nagapattinam District 611002,NAGAPATTINAM,SELF FINANCING COLLEGES TIER 3,ME,MECHANICAL ENGINEERING,104.5,85.0,87.0,82.0,88.5,,,0,1,0,1,1,0,0
3807,J J College of Engineering and Technology  Poolankulathupatti Post  Thiruchirappalli District 620009,TIRUCHIRAPALLI,SELF FINANCING COLLEGES TIER 3,AD,ARTIFICIAL INTELLIGENCE AND DATA SCIENCE,154.5,139.0,142.0,141.5,98.0,,,0,0,0,0,0,0,0
3807,J J College of Engineering and Technology  Poolankulathupatti Post  Thiruchirappalli District 620009,TIRUCHIRAPALLI,SELF FINANCING COLLEGES TIER 3,AE,AERONAUTICAL ENGINEERING,118.5,96.0,108.5,112.0,98.5,,,0,0,0,1,0,0,0
3807,J J College of Engineering and Technology  Poolankulathupatti Post  Thiruchirappalli District 620009,TIRUCHIRAPALLI,SELF FINANCING COLLEGES TIER 3,CE,CIVIL  ENGINEERING,105.0,95.0,,103.0,88.0,,,0,1,0,1,0,0,0
3807,J J College of Engineering and Technology  Poolankulathupatti Post  Thiruchirappalli District 620009,TIRUCHIRAPALLI,SELF FINANCING COLLEGES TIER 3,CS,COMPUTER SCIENCE AND ENGINEERING,144.0,133.0,142.0,123.5,95.5,,,0,0,0,0,0,0,0
3807,J J College of Engineering and Technology  Poolankulathupatti Post  Thiruchirappalli District 620009,TIRUCHIRAPALLI,SELF FINANCING COLLEGES TIER 3,EC,ELECTRONICS AND COMMUNICATION ENGINEERING,143.0,128.5,136.5,116.0,107.0,,,0,0,0,0,0,0,0
3807,J J College of Engineering and Technology  Poolankulathupatti Post  Thiruchirappalli District 620009,TIRUCHIRAPALLI,SELF FINANCING COLLEGES TIER 3,EE,ELECTRICAL AND ELECTRONICS ENGINEERING,128.0,110.0,125.0,100.5,95.5,,,0,0,0,1,0,0,0
3807,J J College of Engineering and Technology  Poolankulathupatti Post  Thiruchirappalli District 620009,TIRUCHIRAPALLI,SELF FINANCING COLLEGES TIER 3,IT,INFORMATION TECHNOLOGY,146.5,134.0,145.0,137.5,99.5,,,0,0,0,0,0,0,0
3807,J J College of Engineering and Technology  Poolankulathupatti Post  Thiruchirappalli District 620009,TIRUCHIRAPALLI,SELF FINANCING COLLEGES TIER 3,ME,MECHANICAL ENGINEERING,122.5,104.5,112.5,89.5,95.0,,,0,0,0,1,0,0,0
3807,J J College of Engineering and Technology  Poolankulathupatti Post  Thiruchirappalli District 620009,TIRUCHIRAPALLI,SELF FINANCING COLLEGES TIER 3,SC,Computer Science and Engineering (Cyber Security),145.5,131.5,143.5,122.5,104.5,,,0,0,0,0,1,0,0
3808,Jayaram College of Engineering and Technology  Karattampatti  Pagalavadi Po Thuraivur  Trichy-621014,TIRUCHIRAPALLI,SELF FINANCING COLLEGES TIER 3,CE,CIVIL  ENGINEERING,,,,,,,,0,0,0,0,0,0,0
3808,Jayaram College of Engineering and Technology  Karattampatti  Pagalavadi Po Thuraivur  Trichy-621014,TIRUCHIRAPALLI,SELF FINANCING COLLEGES TIER 3,CS,COMPUTER SCIENCE AND ENGINEERING,,,,,,,,0,0,0,0,0,0,0
3808,Jayaram College of Engineering and Technology  Karattampatti  Pagalavadi Po Thuraivur  Trichy-621014,TIRUCHIRAPALLI,SELF FINANCING COLLEGES TIER 3,EC,ELECTRONICS AND COMMUNICATION ENGINEERING,,,,,,,,0,0,0,0,0,0,0
3808,Jayaram College of Engineering and Technology  Karattampatti  Pagalavadi Po Thuraivur  Trichy-621014,TIRUCHIRAPALLI,SELF FINANCING COLLEGES TIER 3,EE,ELECTRICAL AND ELECTRONICS ENGINEERING,,,,,,,,0,0,0,0,0,0,0
3808,Jayaram College of Engineering and Technology  Karattampatti  Pagalavadi Po Thuraivur  Trichy-621014,TIRUCHIRAPALLI,SELF FINANCING COLLEGES TIER 3,IT,INFORMATION TECHNOLOGY,,,,,,,,0,0,0,0,0,0,0
3808,Jayaram College of Engineering and Technology  Karattampatti  Pagalavadi Po Thuraivur  Trichy-621014,TIRUCHIRAPALLI,SELF FINANCING COLLEGES TIER 3,ME,MECHANICAL ENGINEERING,92.0,,,,,,,1,0,0,0,0,0,0
3809,Kurinji College of Engineering and Technology  Manapparai  Tiruchirappalli District 621307,TRICHIRAPPALLI,SELF FINANCING COLLEGES TIER 3,CS,COMPUTER SCIENCE AND ENGINEERING,161.5,,,,,,,1,0,0,0,0,0,0
3809,Kurinji College of Engineering and Technology  Manapparai  Tiruchirappalli District 621307,TRICHIRAPPALLI,SELF FINANCING COLLEGES TIER 3,EC,ELECTRONICS AND COMMUNICATION ENGINEERING,,,,,,,,0,0,0,0,0,0,0
3809,Kurinji College of Engineering and Technology  Manapparai  Tiruchirappalli District 621307,TRICHIRAPPALLI,SELF FINANCING COLLEGES TIER 3,EE,ELECTRICAL AND ELECTRONICS ENGINEERING,,,,,,,,0,0,0,0,0,0,0
3809,Kurinji College of Engineering and Technology  Manapparai  Tiruchirappalli District 621307,TRICHIRAPPALLI,SELF FINANCING COLLEGES TIER 3,ME,MECHANICAL ENGINEERING,,,,,,,,0,0,0,0,0,0,0
3810,M.A.M. College of Engineering  Siruganur  Tiruchirappalli District 621105,TIRUCHIRAPALLI,SELF FINANCING COLLEGES TIER 3,AD,ARTIFICIAL INTELLIGENCE AND DATA SCIENCE,141.5,120.5,140.5,110.0,122.5,134.5,,0,0,0,0,1,0,0
3810,M.A.M. College of Engineering  Siruganur  Tiruchirappalli District 621105,TIRUCHIRAPALLI,SELF FINANCING COLLEGES TIER 3,AG,AGRICULTURAL ENGINEERING,110.0,,,106.5,103.0,,,0,0,0,1,1,0,0
3810,M.A.M. College of Engineering  Siruganur  Tiruchirappalli District 621105,TIRUCHIRAPALLI,SELF FINANCING COLLEGES TIER 3,BM,BIO MEDICAL ENGINEERING,121.5,99.0,108.0,111.0,110.0,,,0,1,0,1,1,0,0
3810,M.A.M. College of Engineering  Siruganur  Tiruchirappalli District 621105,TIRUCHIRAPALLI,SELF FINANCING COLLEGES TIER 3,CE,CIVIL  ENGINEERING,95.0,,,,,,,1,0,0,0,0,0,0
3810,M.A.M. College of Engineering  Siruganur  Tiruchirappalli District 621105,TIRUCHIRAPALLI,SELF FINANCING COLLEGES TIER 3,CS,COMPUTER SCIENCE AND ENGINEERING,130.0,104.5,109.5,94.0,103.5,,97.0,0,1,1,1,0,0,0
3810,M.A.M. College of Engineering  Siruganur  Tiruchirappalli District 621105,TIRUCHIRAPALLI,SELF FINANCING COLLEGES TIER 3,EC,ELECTRONICS AND COMMUNICATION ENGINEERING,121.5,,,93.0,102.5,,,0,0,0,1,1,0,0
3810,M.A.M. College of Engineering  Siruganur  Tiruchirappalli District 621105,TIRUCHIRAPALLI,SELF FINANCING COLLEGES TIER 3,EE,ELECTRICAL AND ELECTRONICS ENGINEERING,107.5,,,,,,,1,0,0,0,0,0,0
3810,M.A.M. College of Engineering  Siruganur  Tiruchirappalli District 621105,TIRUCHIRAPALLI,SELF FINANCING COLLEGES TIER 3,EI,ELECTRONICS AND INSTRUMENTATION ENGINEERING,101.5,,,95.0,,,,0,0,0,1,0,0,0
3810,M.A.M. College of Engineering  Siruganur  Tiruchirappalli District 621105,TIRUCHIRAPALLI,SELF FINANCING COLLEGES TIER 3,FD,FOOD TECHNOLOGY,110.5,,,88.0,,,,0,0,0,1,0,0,0
3810,M.A.M. College of Engineering  Siruganur  Tiruchirappalli District 621105,TIRUCHIRAPALLI,SELF FINANCING COLLEGES TIER 3,IT,INFORMATION TECHNOLOGY,148.0,113.5,134.5,111.0,101.0,,,0,0,0,1,0,0,0
3810,M.A.M. College of Engineering  Siruganur  Tiruchirappalli District 621105,TIRUCHIRAPALLI,SELF FINANCING COLLEGES TIER 3,ME,MECHANICAL ENGINEERING,98.0,,,89.5,92.5,,,0,0,0,1,1,0,0
3811,M I E T Engineering College  Trichy-Pudukkottai Road  Tiruchirappalli District 620007,TIRUCHIRAPALLI,SELF FINANCING COLLEGES TIER 3,AD,ARTIFICIAL INTELLIGENCE AND DATA SCIENCE,137.0,101.5,132.5,108.0,93.5,,,0,1,0,1,1,0,0
3811,M I E T Engineering College  Trichy-Pudukkottai Road  Tiruchirappalli District 620007,TIRUCHIRAPALLI,SELF FINANCING COLLEGES TIER 3,BM,BIO MEDICAL ENGINEERING,116.5,100.0,93.0,,,,,0,1,0,0,0,0,0
3811,M I E T Engineering College  Trichy-Pudukkottai Road  Tiruchirappalli District 620007,TIRUCHIRAPALLI,SELF FINANCING COLLEGES TIER 3,CE,CIVIL  ENGINEERING,104.5,87.5,,,,,,0,1,0,0,0,0,0
3811,M I E T Engineering College  Trichy-Pudukkottai Road  Tiruchirappalli District 620007,TIRUCHIRAPALLI,SELF FINANCING COLLEGES TIER 3,CS,COMPUTER SCIENCE AND ENGINEERING,122.0,93.0,89.5,106.5,85.0,89.0,,0,1,1,1,1,1,0
3811,M I E T Engineering College  Trichy-Pudukkottai Road  Tiruchirappalli District 620007,TIRUCHIRAPALLI,SELF FINANCING COLLEGES TIER 3,EC,ELECTRONICS AND COMMUNICATION ENGINEERING,129.0,118.0,127.0,117.5,,,,0,1,0,1,0,0,0
3811,M I E T Engineering College  Trichy-Pudukkottai Road  Tiruchirappalli District 620007,TIRUCHIRAPALLI,SELF FINANCING COLLEGES TIER 3,EE,ELECTRICAL AND ELECTRONICS ENGINEERING,99.5,85.5,,,89.5,,,0,1,0,0,1,0,0
3811,M I E T Engineering College  Trichy-Pudukkottai Road  Tiruchirappalli District 620007,TIRUCHIRAPALLI,SELF FINANCING COLLEGES TIER 3,IT,INFORMATION TECHNOLOGY,128.0,97.5,110.0,103.0,95.0,99.5,115.0,0,1,0,1,1,1,0
3811,M I E T Engineering College  Trichy-Pudukkottai Road  Tiruchirappalli District 620007,TIRUCHIRAPALLI,SELF FINANCING COLLEGES TIER 3,ME,MECHANICAL ENGINEERING,100.0,87.0,,,,,,0,1,0,0,0,0,0
3812,Mookambigai College of Engineering  Keeranur  Pudukkottai District 622502,PUDUKKOTTAI,SELF FINANCING COLLEGES TIER 3,AD,ARTIFICIAL INTELLIGENCE AND DATA SCIENCE,122.5,86.5,,102.0,89.5,,,0,1,0,1,1,0,0
3812,Mookambigai College of Engineering  Keeranur  Pudukkottai District 622502,PUDUKKOTTAI,SELF FINANCING COLLEGES TIER 3,CE,CIVIL  ENGINEERING,95.5,,,,,,,1,0,0,0,0,0,0
3812,Mookambigai College of Engineering  Keeranur  Pudukkottai District 622502,PUDUKKOTTAI,SELF FINANCING COLLEGES TIER 3,CS,COMPUTER SCIENCE AND ENGINEERING,112.5,79.0,,80.0,89.0,,,0,1,0,1,1,0,0
3812,Mookambigai College of Engineering  Keeranur  Pudukkottai District 622502,PUDUKKOTTAI,SELF FINANCING COLLEGES TIER 3,EC,ELECTRONICS AND COMMUNICATION ENGINEERING,97.0,,,,,,,0,0,0,0,0,0,0
3812,Mookambigai College of Engineering  Keeranur  Pudukkottai District 622502,PUDUKKOTTAI,SELF FINANCING COLLEGES TIER 3,EE,ELECTRICAL AND ELECTRONICS ENGINEERING,81.0,,,,,,,1,0,0,0,0,0,0
3812,Mookambigai College of Engineering  Keeranur  Pudukkottai District 622502,PUDUKKOTTAI,SELF FINANCING COLLEGES TIER 3,EI,ELECTRONICS AND INSTRUMENTATION ENGINEERING,106.5,,,,,,,1,0,0,0,0,0,0
3812,Mookambigai College of Engineering  Keeranur  Pudukkottai District 622502,PUDUKKOTTAI,SELF FINANCING COLLEGES TIER 3,IT,INFORMATION TECHNOLOGY,117.5,83.0,112.5,95.0,92.5,,,0,1,0,1,1,0,0
3812,Mookambigai College of Engineering  Keeranur  Pudukkottai District 622502,PUDUKKOTTAI,SELF FINANCING COLLEGES TIER 3,ME,MECHANICAL ENGINEERING,85.0,,,,,,,1,0,0,0,0,0,0
3813,"Oxford Engineering College,Karumandapam,Pirattiyur,Trichy-620 009",TIRUCHIRAPALLI,SELF FINANCING COLLEGES TIER 3,CE,CIVIL  ENGINEERING,80.0,,,,,,,1,0,0,0,0,0,0
3813,"Oxford Engineering College,Karumandapam,Pirattiyur,Trichy-620 009",TIRUCHIRAPALLI,SELF FINANCING COLLEGES TIER 3,CS,COMPUTER SCIENCE AND ENGINEERING,106.5,,,,,,,0,0,0,0,0,0,0
3813,"Oxford Engineering College,Karumandapam,Pirattiyur,Trichy-620 009",TIRUCHIRAPALLI,SELF FINANCING COLLEGES TIER 3,EC,ELECTRONICS AND COMMUNICATION ENGINEERING,91.5,,,,,,,1,0,0,0,0,0,0
3813,"Oxford Engineering College,Karumandapam,Pirattiyur,Trichy-620 009",TIRUCHIRAPALLI,SELF FINANCING COLLEGES TIER 3,EE,ELECTRICAL AND ELECTRONICS ENGINEERING,,,,,,,,0,0,0,0,0,0,0
3813,"Oxford Engineering College,Karumandapam,Pirattiyur,Trichy-620 009",TIRUCHIRAPALLI,SELF FINANCING COLLEGES TIER 3,IT,INFORMATION TECHNOLOGY,105.0,93.0,,,,,,0,1,0,0,0,0,0
3813,"Oxford Engineering College,Karumandapam,Pirattiyur,Trichy-620 009",TIRUCHIRAPALLI,SELF FINANCING COLLEGES TIER 3,ME,MECHANICAL ENGINEERING,88.5,,,,,,,1,0,0,0,0,0,0
3814,P R Engineering College  Vallam  Thanjavur District 613403,THANJAVUR,SELF FINANCING COLLEGES TIER 3,AD,ARTIFICIAL INTELLIGENCE AND DATA SCIENCE,125.0,118.5,,123.0,,,,0,1,0,1,0,0,0
3814,P R Engineering College  Vallam  Thanjavur District 613403,THANJAVUR,SELF FINANCING COLLEGES TIER 3,CE,CIVIL  ENGINEERING,,,,,,,,0,0,0,0,0,0,0
3814,P R Engineering College  Vallam  Thanjavur District 613403,THANJAVUR,SELF FINANCING COLLEGES TIER 3,CS,COMPUTER SCIENCE AND ENGINEERING,128.5,93.5,,97.5,90.5,,,0,1,0,1,1,0,0
3814,P R Engineering College  Vallam  Thanjavur District 613403,THANJAVUR,SELF FINANCING COLLEGES TIER 3,EC,ELECTRONICS AND COMMUNICATION ENGINEERING,101.5,,,,,,,1,0,0,0,0,0,0
3814,P R Engineering College  Vallam  Thanjavur District 613403,THANJAVUR,SELF FINANCING COLLEGES TIER 3,EE,ELECTRICAL AND ELECTRONICS ENGINEERING,,,,,,,,0,0,0,0,0,0,0
3814,P R Engineering College  Vallam  Thanjavur District 613403,THANJAVUR,SELF FINANCING COLLEGES TIER 3,ME,MECHANICAL ENGINEERING,98.5,,,,,,,1,0,0,0,0,0,0
3815,Pavendar Bharathidasan College of Engineering and Technology  Pudukkottai Main Road  Tiruchirappalli District 622515,TIRUCHIRAPALLI,SELF FINANCING COLLEGES TIER 3,AD,ARTIFICIAL INTELLIGENCE AND DATA SCIENCE,130.0,98.0,93.0,100.0,114.0,,,0,1,0,1,0,0,0
3815,Pavendar Bharathidasan College of Engineering and Technology  Pudukkottai Main Road  Tiruchirappalli District 622515,TIRUCHIRAPALLI,SELF FINANCING COLLEGES TIER 3,BM,BIO MEDICAL ENGINEERING,131.0,,,123.5,126.5,,,0,0,0,1,1,0,0
3815,Pavendar Bharathidasan College of Engineering and Technology  Pudukkottai Main Road  Tiruchirappalli District 622515,TIRUCHIRAPALLI,SELF FINANCING COLLEGES TIER 3,BT,BIO TECHNOLOGY,122.5,104.5,,112.0,121.0,,,0,1,0,1,1,0,0
3815,Pavendar Bharathidasan College of Engineering and Technology  Pudukkottai Main Road  Tiruchirappalli District 622515,TIRUCHIRAPALLI,SELF FINANCING COLLEGES TIER 3,CS,COMPUTER SCIENCE AND ENGINEERING,128.0,93.0,,112.0,99.5,86.5,,0,1,0,1,0,0,0
3815,Pavendar Bharathidasan College of Engineering and Technology  Pudukkottai Main Road  Tiruchirappalli District 622515,TIRUCHIRAPALLI,SELF FINANCING COLLEGES TIER 3,EC,ELECTRONICS AND COMMUNICATION ENGINEERING,97.5,,,,,,,1,0,0,0,0,0,0
3815,Pavendar Bharathidasan College of Engineering and Technology  Pudukkottai Main Road  Tiruchirappalli District 622515,TIRUCHIRAPALLI,SELF FINANCING COLLEGES TIER 3,EE,ELECTRICAL AND ELECTRONICS ENGINEERING,84.5,,,,,,,1,0,0,0,0,0,0
3815,Pavendar Bharathidasan College of Engineering and Technology  Pudukkottai Main Road  Tiruchirappalli District 622515,TIRUCHIRAPALLI,SELF FINANCING COLLEGES TIER 3,IT,INFORMATION TECHNOLOGY,131.0,103.0,,118.0,121.5,,,0,1,0,1,0,0,0
3815,Pavendar Bharathidasan College of Engineering and Technology  Pudukkottai Main Road  Tiruchirappalli District 622515,TIRUCHIRAPALLI,SELF FINANCING COLLEGES TIER 3,ME,MECHANICAL ENGINEERING,83.0,,,,,,,1,0,0,0,0,0,0
3815,Pavendar Bharathidasan College of Engineering and Technology  Pudukkottai Main Road  Tiruchirappalli District 622515,TIRUCHIRAPALLI,SELF FINANCING COLLEGES TIER 3,TX,TEXTILE TECHNOLOGY,89.0,,,,,,,1,0,0,0,0,0,0
3817,Roever Engineering College  Elambalur  Perambalur District 621212,PERAMBALUR,SELF FINANCING COLLEGES TIER 3,BT,BIO TECHNOLOGY,119.0,86.0,97.5,107.0,113.0,,,0,1,0,1,1,0,0
3817,Roever Engineering College  Elambalur  Perambalur District 621212,PERAMBALUR,SELF FINANCING COLLEGES TIER 3,CE,CIVIL  ENGINEERING,118.5,,,,,,,1,0,0,0,0,0,0
3817,Roever Engineering College  Elambalur  Perambalur District 621212,PERAMBALUR,SELF FINANCING COLLEGES TIER 3,CS,COMPUTER SCIENCE AND ENGINEERING,142.0,98.0,87.5,124.0,102.0,,,0,1,1,0,1,0,0
3817,Roever Engineering College  Elambalur  Perambalur District 621212,PERAMBALUR,SELF FINANCING COLLEGES TIER 3,EC,ELECTRONICS AND COMMUNICATION ENGINEERING,126.5,85.0,,107.0,,,,0,1,0,1,0,0,0
3817,Roever Engineering College  Elambalur  Perambalur District 621212,PERAMBALUR,SELF FINANCING COLLEGES TIER 3,EE,ELECTRICAL AND ELECTRONICS ENGINEERING,113.0,91.5,111.5,85.5,,,,0,1,0,1,0,0,0
3817,Roever Engineering College  Elambalur  Perambalur District 621212,PERAMBALUR,SELF FINANCING COLLEGES TIER 3,ME,MECHANICAL ENGINEERING,115.0,87.0,97.5,106.5,,,,0,1,1,1,0,0,0
3819,Saranathan College of  Engineering  Panjappur  Tiruchirappalli District  620012,TIRUCHIRAPALLI,SELF FINANCING COLLEGES TIER 3,AD,ARTIFICIAL INTELLIGENCE AND DATA SCIENCE,171.5,162.0,166.5,158.5,134.5,122.0,,0,0,0,0,0,1,0
3819,Saranathan College of  Engineering  Panjappur  Tiruchirappalli District  620012,TIRUCHIRAPALLI,SELF FINANCING COLLEGES TIER 3,AM,COMPUTER SCIENCE AND ENGINEERING (ARTIFICIAL INTELLIGENCE AND MACHINE LEARNING),165.0,159.0,165.0,149.5,136.0,,133.0,0,0,0,0,0,0,0
3819,Saranathan College of  Engineering  Panjappur  Tiruchirappalli District  620012,TIRUCHIRAPALLI,SELF FINANCING COLLEGES TIER 3,CB,COMPUTER SCIENCE AND BUSSINESS SYSTEM,161.5,150.5,159.5,143.0,119.0,,,0,0,0,0,0,0,0
3819,Saranathan College of  Engineering  Panjappur  Tiruchirappalli District  620012,TIRUCHIRAPALLI,SELF FINANCING COLLEGES TIER 3,CE,CIVIL  ENGINEERING,143.0,106.0,141.5,131.0,103.0,,,0,1,0,0,1,0,0
3819,Saranathan College of  Engineering  Panjappur  Tiruchirappalli District  620012,TIRUCHIRAPALLI,SELF FINANCING COLLEGES TIER 3,CS,COMPUTER SCIENCE AND ENGINEERING,177.0,167.5,174.0,156.0,144.5,134.5,,0,0,0,0,0,0,0
3819,Saranathan College of  Engineering  Panjappur  Tiruchirappalli District  620012,TIRUCHIRAPALLI,SELF FINANCING COLLEGES TIER 3,EC,ELECTRONICS AND COMMUNICATION ENGINEERING,167.0,157.0,158.5,148.0,120.0,,,0,0,0,0,0,0,0
3819,Saranathan College of  Engineering  Panjappur  Tiruchirappalli District  620012,TIRUCHIRAPALLI,SELF FINANCING COLLEGES TIER 3,EE,ELECTRICAL AND ELECTRONICS ENGINEERING,154.0,142.0,149.5,121.5,100.0,142.0,,0,0,0,0,1,0,0
3819,Saranathan College of  Engineering  Panjappur  Tiruchirappalli District  620012,TIRUCHIRAPALLI,SELF FINANCING COLLEGES TIER 3,IC,INSTRUMENTATION AND CONTROL ENGINEERING,145.0,138.5,158.5,132.5,102.0,,,0,0,0,0,0,0,0
3819,Saranathan College of  Engineering  Panjappur  Tiruchirappalli District  620012,TIRUCHIRAPALLI,SELF FINANCING COLLEGES TIER 3,IT,INFORMATION TECHNOLOGY,170.0,164.5,168.5,154.5,140.0,,150.0,0,0,0,0,0,0,0
3819,Saranathan College of  Engineering  Panjappur  Tiruchirappalli District  620012,TIRUCHIRAPALLI,SELF FINANCING COLLEGES TIER 3,ME,MECHANICAL ENGINEERING,144.5,127.5,136.0,115.5,95.0,,,0,0,0,1,1,0,0
3820,Trichy Engineering College  Konalai  Tiruchirappalli District 621132,TIRUCHIRAPALLI,SELF FINANCING COLLEGES TIER 3,AD,ARTIFICIAL INTELLIGENCE AND DATA SCIENCE,99.5,,,,,,,0,0,0,0,0,0,0
3820,Trichy Engineering College  Konalai  Tiruchirappalli District 621132,TIRUCHIRAPALLI,SELF FINANCING COLLEGES TIER 3,AM,COMPUTER SCIENCE AND ENGINEERING (ARTIFICIAL INTELLIGENCE AND MACHINE LEARNING),107.0,,,,,,,1,0,0,0,0,0,0
3820,Trichy Engineering College  Konalai  Tiruchirappalli District 621132,TIRUCHIRAPALLI,SELF FINANCING COLLEGES TIER 3,CE,CIVIL  ENGINEERING,94.5,,,,,,,1,0,0,0,0,0,0
3820,Trichy Engineering College  Konalai  Tiruchirappalli District 621132,TIRUCHIRAPALLI,SELF FINANCING COLLEGES TIER 3,CS,COMPUTER SCIENCE AND ENGINEERING,102.5,,,,,,,1,0,0,0,0,0,0
3820,Trichy Engineering College  Konalai  Tiruchirappalli District 621132,TIRUCHIRAPALLI,SELF FINANCING COLLEGES TIER 3,EC,ELECTRONICS AND COMMUNICATION ENGINEERING,126.0,99.0,,121.5,,,,0,1,0,1,0,0,0
3820,Trichy Engineering College  Konalai  Tiruchirappalli District 621132,TIRUCHIRAPALLI,SELF FINANCING COLLEGES TIER 3,EE,ELECTRICAL AND ELECTRONICS ENGINEERING,97.0,,,,,,,1,0,0,0,0,0,0
3820,Trichy Engineering College  Konalai  Tiruchirappalli District 621132,TIRUCHIRAPALLI,SELF FINANCING COLLEGES TIER 3,MC,MECHATRONICS,110.0,,,,,,,1,0,0,0,0,0,0
3820,Trichy Engineering College  Konalai  Tiruchirappalli District 621132,TIRUCHIRAPALLI,SELF FINANCING COLLEGES TIER 3,ME,MECHANICAL ENGINEERING,106.0,,,,,,,1,0,0,0,0,0,0
3821,A R J College of Engineering and Technology  Mannargudi Taluk  Thiruvarur District 614001,THIRUVARUR,SELF FINANCING COLLEGES TIER 3,AD,ARTIFICIAL INTELLIGENCE AND DATA SCIENCE,105.0,,,,,,,1,0,0,0,0,0,0
3821,A R J College of Engineering and Technology  Mannargudi Taluk  Thiruvarur District 614001,THIRUVARUR,SELF FINANCING COLLEGES TIER 3,AG,AGRICULTURAL ENGINEERING,91.0,,,,,,,1,0,0,0,0,0,0
3821,A R J College of Engineering and Technology  Mannargudi Taluk  Thiruvarur District 614001,THIRUVARUR,SELF FINANCING COLLEGES TIER 3,BM,BIO MEDICAL ENGINEERING,104.0,,,,,,,1,0,0,0,0,0,0
3821,A R J College of Engineering and Technology  Mannargudi Taluk  Thiruvarur District 614001,THIRUVARUR,SELF FINANCING COLLEGES TIER 3,CE,CIVIL  ENGINEERING,107.0,,,,,,,1,0,0,0,0,0,0
3821,A R J College of Engineering and Technology  Mannargudi Taluk  Thiruvarur District 614001,THIRUVARUR,SELF FINANCING COLLEGES TIER 3,CS,COMPUTER SCIENCE AND ENGINEERING,80.0,,,,,,,1,0,0,0,0,0,0
3821,A R J College of Engineering and Technology  Mannargudi Taluk  Thiruvarur District 614001,THIRUVARUR,SELF FINANCING COLLEGES TIER 3,EC,ELECTRONICS AND COMMUNICATION ENGINEERING,95.0,92.0,88.0,,,,,0,1,1,0,0,0,0
3821,A R J College of Engineering and Technology  Mannargudi Taluk  Thiruvarur District 614001,THIRUVARUR,SELF FINANCING COLLEGES TIER 3,EE,ELECTRICAL AND ELECTRONICS ENGINEERING,87.0,,,,,,,1,0,0,0,0,0,0
3821,A R J College of Engineering and Technology  Mannargudi Taluk  Thiruvarur District 614001,THIRUVARUR,SELF FINANCING COLLEGES TIER 3,ME,MECHANICAL ENGINEERING,92.0,,,,,,,1,0,0,0,0,0,0
3822,Dr.Navalar Nedunchezhiyan College of Engineering Raja Nagar Vaithiyanathapuram tholudur  Cuddalore-606303,CUDDALORE,SELF FINANCING COLLEGES TIER 3,AD,ARTIFICIAL INTELLIGENCE AND DATA SCIENCE,94.5,,,,,,,1,0,0,0,0,0,0
3822,Dr.Navalar Nedunchezhiyan College of Engineering Raja Nagar Vaithiyanathapuram tholudur  Cuddalore-606303,CUDDALORE,SELF FINANCING COLLEGES TIER 3,BM,BIO MEDICAL ENGINEERING,106.0,,,,,,,1,0,0,0,0,0,0
3822,Dr.Navalar Nedunchezhiyan College of Engineering Raja Nagar Vaithiyanathapuram tholudur  Cuddalore-606303,CUDDALORE,SELF FINANCING COLLEGES TIER 3,CE,CIVIL  ENGINEERING,,,,,,,,0,0,0,0,0,0,0
3822,Dr.Navalar Nedunchezhiyan College of Engineering Raja Nagar Vaithiyanathapuram tholudur  Cuddalore-606303,CUDDALORE,SELF FINANCING COLLEGES TIER 3,CS,COMPUTER SCIENCE AND ENGINEERING,86.0,,,,,,,0,0,0,0,0,0,0
3822,Dr.Navalar Nedunchezhiyan College of Engineering Raja Nagar Vaithiyanathapuram tholudur  Cuddalore-606303,CUDDALORE,SELF FINANCING COLLEGES TIER 3,EC,ELECTRONICS AND COMMUNICATION ENGINEERING,118.5,,,,,,,1,0,0,0,0,0,0
3822,Dr.Navalar Nedunchezhiyan College of Engineering Raja Nagar Vaithiyanathapuram tholudur  Cuddalore-606303,CUDDALORE,SELF FINANCING COLLEGES TIER 3,EE,ELECTRICAL AND ELECTRONICS ENGINEERING,89.0,,,,,,,1,0,0,0,0,0,0
3822,Dr.Navalar Nedunchezhiyan College of Engineering Raja Nagar Vaithiyanathapuram tholudur  Cuddalore-606303,CUDDALORE,SELF FINANCING COLLEGES TIER 3,IT,INFORMATION TECHNOLOGY,90.0,,,,,,,0,0,0,0,0,0,0
3822,Dr.Navalar Nedunchezhiyan College of Engineering Raja Nagar Vaithiyanathapuram tholudur  Cuddalore-606303,CUDDALORE,SELF FINANCING COLLEGES TIER 3,ME,MECHANICAL ENGINEERING,,,,,,,,0,0,0,0,0,0,0
3825,St. Joseph's College of Engineering and Technology  Elupatti Village  Rawaspatti Post  Thanjavur District 613403,THANJAVUR,SELF FINANCING COLLEGES TIER 3,AD,ARTIFICIAL INTELLIGENCE AND DATA SCIENCE,143.5,111.0,85.5,99.0,99.5,91.5,,0,0,0,0,0,0,0
3825,St. Joseph's College of Engineering and Technology  Elupatti Village  Rawaspatti Post  Thanjavur District 613403,THANJAVUR,SELF FINANCING COLLEGES TIER 3,CS,COMPUTER SCIENCE AND ENGINEERING,131.5,102.0,114.0,98.5,80.0,,,0,0,0,1,1,0,0
3825,St. Joseph's College of Engineering and Technology  Elupatti Village  Rawaspatti Post  Thanjavur District 613403,THANJAVUR,SELF FINANCING COLLEGES TIER 3,EC,ELECTRONICS AND COMMUNICATION ENGINEERING,111.5,91.5,,99.5,,,,0,1,0,1,0,0,0
3825,St. Joseph's College of Engineering and Technology  Elupatti Village  Rawaspatti Post  Thanjavur District 613403,THANJAVUR,SELF FINANCING COLLEGES TIER 3,EE,ELECTRICAL AND ELECTRONICS ENGINEERING,91.0,,,,,,,0,0,0,0,0,0,0
3825,St. Joseph's College of Engineering and Technology  Elupatti Village  Rawaspatti Post  Thanjavur District 613403,THANJAVUR,SELF FINANCING COLLEGES TIER 3,ME,MECHANICAL ENGINEERING,112.0,98.0,,92.0,84.0,,,0,1,0,1,1,0,0
3826,Kongunadu College of Engineering and Technology (Autonomous)  Tholurpatti  Thottiyam  Tiruchirappalli District 621215,TIRUCHIRAPALLI,SELF FINANCING COLLEGES TIER 3,AD,ARTIFICIAL INTELLIGENCE AND DATA SCIENCE,169.5,155.0,150.5,159.0,135.5,139.0,123.0,0,0,0,0,0,0,0
3826,Kongunadu College of Engineering and Technology (Autonomous)  Tholurpatti  Thottiyam  Tiruchirappalli District 621215,TIRUCHIRAPALLI,SELF FINANCING COLLEGES TIER 3,AG,AGRICULTURAL ENGINEERING,134.5,119.5,114.0,117.5,116.0,115.5,115.0,0,0,0,0,0,0,0
3826,Kongunadu College of Engineering and Technology (Autonomous)  Tholurpatti  Thottiyam  Tiruchirappalli District 621215,TIRUCHIRAPALLI,SELF FINANCING COLLEGES TIER 3,BM,BIO MEDICAL ENGINEERING,146.0,121.5,130.0,139.5,130.0,126.0,104.0,0,0,0,0,0,0,0
3826,Kongunadu College of Engineering and Technology (Autonomous)  Tholurpatti  Thottiyam  Tiruchirappalli District 621215,TIRUCHIRAPALLI,SELF FINANCING COLLEGES TIER 3,CE,CIVIL  ENGINEERING,139.0,116.0,114.0,121.5,117.0,108.5,,0,0,0,0,0,0,0
3826,Kongunadu College of Engineering and Technology (Autonomous)  Tholurpatti  Thottiyam  Tiruchirappalli District 621215,TIRUCHIRAPALLI,SELF FINANCING COLLEGES TIER 3,CS,COMPUTER SCIENCE AND ENGINEERING,169.0,150.5,150.5,142.5,119.0,119.0,,0,0,0,0,0,0,0
3826,Kongunadu College of Engineering and Technology (Autonomous)  Tholurpatti  Thottiyam  Tiruchirappalli District 621215,TIRUCHIRAPALLI,SELF FINANCING COLLEGES TIER 3,EC,ELECTRONICS AND COMMUNICATION ENGINEERING,157.0,148.0,144.5,143.5,120.0,116.5,,0,0,0,0,0,0,0
3826,Kongunadu College of Engineering and Technology (Autonomous)  Tholurpatti  Thottiyam  Tiruchirappalli District 621215,TIRUCHIRAPALLI,SELF FINANCING COLLEGES TIER 3,EE,ELECTRICAL AND ELECTRONICS ENGINEERING,150.5,145.0,133.5,141.5,113.0,,104.5,0,0,0,0,0,0,0
3826,Kongunadu College of Engineering and Technology (Autonomous)  Tholurpatti  Thottiyam  Tiruchirappalli District 621215,TIRUCHIRAPALLI,SELF FINANCING COLLEGES TIER 3,IT,INFORMATION TECHNOLOGY,163.0,151.5,146.0,145.0,135.0,127.5,,0,0,0,0,0,0,0
3826,Kongunadu College of Engineering and Technology (Autonomous)  Tholurpatti  Thottiyam  Tiruchirappalli District 621215,TIRUCHIRAPALLI,SELF FINANCING COLLEGES TIER 3,ME,MECHANICAL ENGINEERING,134.0,117.0,112.0,118.5,112.0,114.5,114.0,0,0,0,0,0,0,0
3829,M.A.M. College of Engineering and Technology  Trichy-Chennai Trunk Road  Siruganur  Tiruchirappalli District 621105,TIRUCHIRAPALLI,SELF FINANCING COLLEGES TIER 3,AD,ARTIFICIAL INTELLIGENCE AND DATA SCIENCE,143.5,114.0,138.5,119.0,115.5,111.0,,0,0,0,0,0,0,0
3829,M.A.M. College of Engineering and Technology  Trichy-Chennai Trunk Road  Siruganur  Tiruchirappalli District 621105,TIRUCHIRAPALLI,SELF FINANCING COLLEGES TIER 3,CE,CIVIL  ENGINEERING,120.5,,108.5,100.5,117.5,,,0,0,0,1,0,0,0
3829,M.A.M. College of Engineering and Technology  Trichy-Chennai Trunk Road  Siruganur  Tiruchirappalli District 621105,TIRUCHIRAPALLI,SELF FINANCING COLLEGES TIER 3,CS,COMPUTER SCIENCE AND ENGINEERING,146.0,115.0,136.0,121.0,108.0,132.0,,0,0,0,0,0,0,0
3829,M.A.M. College of Engineering and Technology  Trichy-Chennai Trunk Road  Siruganur  Tiruchirappalli District 621105,TIRUCHIRAPALLI,SELF FINANCING COLLEGES TIER 3,EC,ELECTRONICS AND COMMUNICATION ENGINEERING,146.0,104.5,121.0,122.5,118.5,94.5,,0,1,0,0,0,0,0
3829,M.A.M. College of Engineering and Technology  Trichy-Chennai Trunk Road  Siruganur  Tiruchirappalli District 621105,TIRUCHIRAPALLI,SELF FINANCING COLLEGES TIER 3,EE,ELECTRICAL AND ELECTRONICS ENGINEERING,141.0,106.5,,103.0,96.5,107.0,,0,1,0,0,1,0,0
3829,M.A.M. College of Engineering and Technology  Trichy-Chennai Trunk Road  Siruganur  Tiruchirappalli District 621105,TIRUCHIRAPALLI,SELF FINANCING COLLEGES TIER 3,IT,INFORMATION TECHNOLOGY,150.0,120.0,146.0,119.0,128.5,111.0,,0,0,0,0,0,0,0
3829,M.A.M. College of Engineering and Technology  Trichy-Chennai Trunk Road  Siruganur  Tiruchirappalli District 621105,TIRUCHIRAPALLI,SELF FINANCING COLLEGES TIER 3,ME,MECHANICAL ENGINEERING,118.5,85.0,113.5,87.0,89.0,,,0,0,0,1,1,0,0
3830,K Ramakrishnan College of Engineering (Autonomous)  Kariyamanickam Road  Samayapuram  Manachanallur Taluk  Tiruchirappalli District 621112,TIRUCHIRAPALLI,SELF FINANCING COLLEGES TIER 3,AD,ARTIFICIAL INTELLIGENCE AND DATA SCIENCE,170.5,160.5,164.0,142.0,133.5,152.5,,0,0,0,0,0,0,0
3830,K Ramakrishnan College of Engineering (Autonomous)  Kariyamanickam Road  Samayapuram  Manachanallur Taluk  Tiruchirappalli District 621112,TIRUCHIRAPALLI,SELF FINANCING COLLEGES TIER 3,AM,COMPUTER SCIENCE AND ENGINEERING (ARTIFICIAL INTELLIGENCE AND MACHINE LEARNING),159.0,153.5,157.5,140.0,117.0,,,0,0,0,0,0,0,0
3830,K Ramakrishnan College of Engineering (Autonomous)  Kariyamanickam Road  Samayapuram  Manachanallur Taluk  Tiruchirappalli District 621112,TIRUCHIRAPALLI,SELF FINANCING COLLEGES TIER 3,CB,COMPUTER SCIENCE AND BUSSINESS SYSTEM,156.0,145.5,148.5,139.5,116.5,,,0,0,0,0,0,0,0
3830,K Ramakrishnan College of Engineering (Autonomous)  Kariyamanickam Road  Samayapuram  Manachanallur Taluk  Tiruchirappalli District 621112,TIRUCHIRAPALLI,SELF FINANCING COLLEGES TIER 3,CS,COMPUTER SCIENCE AND ENGINEERING,175.0,165.0,164.0,158.0,144.5,,163.5,0,0,0,0,0,0,0
3830,K Ramakrishnan College of Engineering (Autonomous)  Kariyamanickam Road  Samayapuram  Manachanallur Taluk  Tiruchirappalli District 621112,TIRUCHIRAPALLI,SELF FINANCING COLLEGES TIER 3,EC,ELECTRONICS AND COMMUNICATION ENGINEERING,165.0,152.5,149.0,143.0,111.5,,109.5,0,0,0,0,0,0,0
3830,K Ramakrishnan College of Engineering (Autonomous)  Kariyamanickam Road  Samayapuram  Manachanallur Taluk  Tiruchirappalli District 621112,TIRUCHIRAPALLI,SELF FINANCING COLLEGES TIER 3,EE,ELECTRICAL AND ELECTRONICS ENGINEERING,143.5,139.0,138.5,127.5,109.5,,,0,0,0,0,1,0,0
3830,K Ramakrishnan College of Engineering (Autonomous)  Kariyamanickam Road  Samayapuram  Manachanallur Taluk  Tiruchirappalli District 621112,TIRUCHIRAPALLI,SELF FINANCING COLLEGES TIER 3,IT,INFORMATION TECHNOLOGY,162.0,152.0,160.0,143.0,122.5,,,0,0,0,0,0,0,0
3830,K Ramakrishnan College of Engineering (Autonomous)  Kariyamanickam Road  Samayapuram  Manachanallur Taluk  Tiruchirappalli District 621112,TIRUCHIRAPALLI,SELF FINANCING COLLEGES TIER 3,ME,MECHANICAL ENGINEERING,137.5,125.0,137.0,91.5,106.5,114.0,,0,0,0,0,1,0,0
3831,Indra Ganesan College of Engineering  Madurai Main Road  Manikandam  Tiruchirappalli District 620012,TIRUCHIRAPALLI,SELF FINANCING COLLEGES TIER 3,AD,ARTIFICIAL INTELLIGENCE AND DATA SCIENCE,113.0,89.0,,97.5,92.5,,,0,1,0,1,1,0,0
3831,Indra Ganesan College of Engineering  Madurai Main Road  Manikandam  Tiruchirappalli District 620012,TIRUCHIRAPALLI,SELF FINANCING COLLEGES TIER 3,AG,AGRICULTURAL ENGINEERING,101.5,,,,,,,1,0,0,0,0,0,0
3831,Indra Ganesan College of Engineering  Madurai Main Road  Manikandam  Tiruchirappalli District 620012,TIRUCHIRAPALLI,SELF FINANCING COLLEGES TIER 3,BM,BIO MEDICAL ENGINEERING,105.5,,,,,,,1,0,0,0,0,0,0
3831,Indra Ganesan College of Engineering  Madurai Main Road  Manikandam  Tiruchirappalli District 620012,TIRUCHIRAPALLI,SELF FINANCING COLLEGES TIER 3,CS,COMPUTER SCIENCE AND ENGINEERING,118.0,94.5,,101.5,104.0,,,0,1,0,1,1,0,0
3831,Indra Ganesan College of Engineering  Madurai Main Road  Manikandam  Tiruchirappalli District 620012,TIRUCHIRAPALLI,SELF FINANCING COLLEGES TIER 3,EC,ELECTRONICS AND COMMUNICATION ENGINEERING,90.5,,,,,,,1,0,0,0,0,0,0
3831,Indra Ganesan College of Engineering  Madurai Main Road  Manikandam  Tiruchirappalli District 620012,TIRUCHIRAPALLI,SELF FINANCING COLLEGES TIER 3,EE,ELECTRICAL AND ELECTRONICS ENGINEERING,85.0,,,,,,,1,0,0,0,0,0,0
3831,Indra Ganesan College of Engineering  Madurai Main Road  Manikandam  Tiruchirappalli District 620012,TIRUCHIRAPALLI,SELF FINANCING COLLEGES TIER 3,IT,INFORMATION TECHNOLOGY,131.0,101.5,121.5,93.0,117.5,114.0,,0,1,0,1,1,1,0
3831,Indra Ganesan College of Engineering  Madurai Main Road  Manikandam  Tiruchirappalli District 620012,TIRUCHIRAPALLI,SELF FINANCING COLLEGES TIER 3,ME,MECHANICAL ENGINEERING,99.5,,,,,,,1,0,0,0,0,0,0
3833,Parisutham Institute of Technology and Science  Ring Road  Nanjikottai  Thanjavur District 613006,THANJAVUR,SELF FINANCING COLLEGES TIER 3,AE,AERONAUTICAL ENGINEERING,123.0,,,,,,,1,0,0,0,0,0,0
3833,Parisutham Institute of Technology and Science  Ring Road  Nanjikottai  Thanjavur District 613006,THANJAVUR,SELF FINANCING COLLEGES TIER 3,CE,CIVIL  ENGINEERING,120.0,,,,,,,1,0,0,0,0,0,0
3833,Parisutham Institute of Technology and Science  Ring Road  Nanjikottai  Thanjavur District 613006,THANJAVUR,SELF FINANCING COLLEGES TIER 3,CS,COMPUTER SCIENCE AND ENGINEERING,132.5,110.5,126.5,91.5,93.0,,,0,0,0,1,1,0,0
3833,Parisutham Institute of Technology and Science  Ring Road  Nanjikottai  Thanjavur District 613006,THANJAVUR,SELF FINANCING COLLEGES TIER 3,EC,ELECTRONICS AND COMMUNICATION ENGINEERING,114.5,95.0,,,,,,0,1,0,0,0,0,0
3833,Parisutham Institute of Technology and Science  Ring Road  Nanjikottai  Thanjavur District 613006,THANJAVUR,SELF FINANCING COLLEGES TIER 3,EE,ELECTRICAL AND ELECTRONICS ENGINEERING,101.0,,,,,,,1,0,0,0,0,0,0
3833,Parisutham Institute of Technology and Science  Ring Road  Nanjikottai  Thanjavur District 613006,THANJAVUR,SELF FINANCING COLLEGES TIER 3,IT,INFORMATION TECHNOLOGY,119.0,100.5,109.5,97.5,,,,0,1,0,1,0,0,0
3833,Parisutham Institute of Technology and Science  Ring Road  Nanjikottai  Thanjavur District 613006,THANJAVUR,SELF FINANCING COLLEGES TIER 3,ME,MECHANICAL ENGINEERING,95.0,,,,,,,1,0,0,0,0,0,0
3841,CARE College of Engineering   Thayanoor Village  Kuttappatti  Srirangam Taluk  Tiruchirappalli District 620009,TIRUCHIRAPALLI,SELF FINANCING COLLEGES TIER 3,AD,ARTIFICIAL INTELLIGENCE AND DATA SCIENCE,150.0,138.0,143.0,132.0,118.999999999999,,,0,0,0,0,0,0,0
3841,CARE College of Engineering   Thayanoor Village  Kuttappatti  Srirangam Taluk  Tiruchirappalli District 620009,TIRUCHIRAPALLI,SELF FINANCING COLLEGES TIER 3,CE,CIVIL  ENGINEERING,107.0,96.5,,97.5,87.0,,,0,1,0,1,1,0,0
3841,CARE College of Engineering   Thayanoor Village  Kuttappatti  Srirangam Taluk  Tiruchirappalli District 620009,TIRUCHIRAPALLI,SELF FINANCING COLLEGES TIER 3,CS,COMPUTER SCIENCE AND ENGINEERING,146.0,135.5,140.0,130.5,104.5,112.0,,0,0,0,0,1,0,0
3841,CARE College of Engineering   Thayanoor Village  Kuttappatti  Srirangam Taluk  Tiruchirappalli District 620009,TIRUCHIRAPALLI,SELF FINANCING COLLEGES TIER 3,EC,ELECTRONICS AND COMMUNICATION ENGINEERING,134.0,127.0,128.5,120.5,98.0,,,0,0,0,0,1,0,0
3841,CARE College of Engineering   Thayanoor Village  Kuttappatti  Srirangam Taluk  Tiruchirappalli District 620009,TIRUCHIRAPALLI,SELF FINANCING COLLEGES TIER 3,ME,MECHANICAL ENGINEERING,119.0,95.5,,110.5,,,,0,0,0,0,0,0,0
3843,M R K Institute of Technology  Nattarmangalam Village  Kattumannarkoil  Cuddalore District 608306,CUDDALORE,SELF FINANCING COLLEGES TIER 3,CE,CIVIL  ENGINEERING,87.5,,,,,,,1,0,0,0,0,0,0
3843,M R K Institute of Technology  Nattarmangalam Village  Kattumannarkoil  Cuddalore District 608306,CUDDALORE,SELF FINANCING COLLEGES TIER 3,CS,COMPUTER SCIENCE AND ENGINEERING,141.0,96.5,108.5,131.5,110.0,,,0,1,1,0,1,0,0
3843,M R K Institute of Technology  Nattarmangalam Village  Kattumannarkoil  Cuddalore District 608306,CUDDALORE,SELF FINANCING COLLEGES TIER 3,EC,ELECTRONICS AND COMMUNICATION ENGINEERING,129.0,93.5,101.5,118.5,93.0,,,0,1,0,0,1,0,0
3843,M R K Institute of Technology  Nattarmangalam Village  Kattumannarkoil  Cuddalore District 608306,CUDDALORE,SELF FINANCING COLLEGES TIER 3,EE,ELECTRICAL AND ELECTRONICS ENGINEERING,114.0,94.0,,104.5,104.5,,,0,1,0,1,1,0,0
3843,M R K Institute of Technology  Nattarmangalam Village  Kattumannarkoil  Cuddalore District 608306,CUDDALORE,SELF FINANCING COLLEGES TIER 3,IT,INFORMATION TECHNOLOGY,148.5,113.0,120.0,138.0,125.0,,,0,1,0,0,0,0,0
3843,M R K Institute of Technology  Nattarmangalam Village  Kattumannarkoil  Cuddalore District 608306,CUDDALORE,SELF FINANCING COLLEGES TIER 3,ME,MECHANICAL ENGINEERING,114.5,95.0,,90.0,,,,0,1,0,1,0,0,0
3844,Shivani Engineering College  Trichy-Dindigul NH Road  Poolangulathupatti  Tiruchirappalli - 620009,TIRUCHIRAPALLI,SELF FINANCING COLLEGES TIER 3,AD,ARTIFICIAL INTELLIGENCE AND DATA SCIENCE,124.5,105.0,,98.5,,,,0,0,0,0,0,0,0
3844,Shivani Engineering College  Trichy-Dindigul NH Road  Poolangulathupatti  Tiruchirappalli - 620009,TIRUCHIRAPALLI,SELF FINANCING COLLEGES TIER 3,BM,BIO MEDICAL ENGINEERING,96.5,,,,,,,0,0,0,0,0,0,0
3844,Shivani Engineering College  Trichy-Dindigul NH Road  Poolangulathupatti  Tiruchirappalli - 620009,TIRUCHIRAPALLI,SELF FINANCING COLLEGES TIER 3,CS,COMPUTER SCIENCE AND ENGINEERING,127.0,123.0,117.5,118.5,104.5,,,0,1,1,1,1,0,0
3844,Shivani Engineering College  Trichy-Dindigul NH Road  Poolangulathupatti  Tiruchirappalli - 620009,TIRUCHIRAPALLI,SELF FINANCING COLLEGES TIER 3,EC,ELECTRONICS AND COMMUNICATION ENGINEERING,105.0,99.5,,104.0,,,,0,1,0,1,0,0,0
3844,Shivani Engineering College  Trichy-Dindigul NH Road  Poolangulathupatti  Tiruchirappalli - 620009,TIRUCHIRAPALLI,SELF FINANCING COLLEGES TIER 3,EE,ELECTRICAL AND ELECTRONICS ENGINEERING,107.5,,,94.5,,,,0,0,0,1,0,0,0
3844,Shivani Engineering College  Trichy-Dindigul NH Road  Poolangulathupatti  Tiruchirappalli - 620009,TIRUCHIRAPALLI,SELF FINANCING COLLEGES TIER 3,ME,MECHANICAL ENGINEERING,83.5,,,,,,,1,0,0,0,0,0,0
3844,Shivani Engineering College  Trichy-Dindigul NH Road  Poolangulathupatti  Tiruchirappalli - 620009,TIRUCHIRAPALLI,SELF FINANCING COLLEGES TIER 3,SC,Computer Science and Engineering (Cyber Security),112.5,112.0,,108.0,,,,0,1,0,1,0,0,0
3845,Imayam College of Engineering  Kannanur  Thuraiyur  Tiruchirappalli District 621206,TIRUCHIRAPALLI,SELF FINANCING COLLEGES TIER 3,AD,ARTIFICIAL INTELLIGENCE AND DATA SCIENCE,89.0,,,,,,,1,0,0,0,0,0,0
3845,Imayam College of Engineering  Kannanur  Thuraiyur  Tiruchirappalli District 621206,TIRUCHIRAPALLI,SELF FINANCING COLLEGES TIER 3,AM,COMPUTER SCIENCE AND ENGINEERING (ARTIFICIAL INTELLIGENCE AND MACHINE LEARNING),,,,,,,,0,0,0,0,0,0,0
3845,Imayam College of Engineering  Kannanur  Thuraiyur  Tiruchirappalli District 621206,TIRUCHIRAPALLI,SELF FINANCING COLLEGES TIER 3,CS,COMPUTER SCIENCE AND ENGINEERING,87.0,,,,,,,1,0,0,0,0,0,0
3845,Imayam College of Engineering  Kannanur  Thuraiyur  Tiruchirappalli District 621206,TIRUCHIRAPALLI,SELF FINANCING COLLEGES TIER 3,EC,ELECTRONICS AND COMMUNICATION ENGINEERING,88.0,,,,,,,1,0,0,0,0,0,0
3845,Imayam College of Engineering  Kannanur  Thuraiyur  Tiruchirappalli District 621206,TIRUCHIRAPALLI,SELF FINANCING COLLEGES TIER 3,EE,ELECTRICAL AND ELECTRONICS ENGINEERING,100.5,,,,,,,1,0,0,0,0,0,0
3845,Imayam College of Engineering  Kannanur  Thuraiyur  Tiruchirappalli District 621206,TIRUCHIRAPALLI,SELF FINANCING COLLEGES TIER 3,ME,MECHANICAL ENGINEERING,91.0,,,,,,,1,0,0,0,0,0,0
3845,Imayam College of Engineering  Kannanur  Thuraiyur  Tiruchirappalli District 621206,TIRUCHIRAPALLI,SELF FINANCING COLLEGES TIER 3,SC,Computer Science and Engineering (Cyber Security),93.0,,,,,,,1,0,0,0,0,0,0
3846,Mother Terasa College of Engineering and Technology  Mettusalai Post and Taluk  Pudukkottai District 622102,PUDUKKOTTAI,SELF FINANCING COLLEGES TIER 3,AD,ARTIFICIAL INTELLIGENCE AND DATA SCIENCE,101.5,,,,,,,1,0,0,0,0,0,0
3846,Mother Terasa College of Engineering and Technology  Mettusalai Post and Taluk  Pudukkottai District 622102,PUDUKKOTTAI,SELF FINANCING COLLEGES TIER 3,CB,COMPUTER SCIENCE AND BUSSINESS SYSTEM,,,,,,,,0,0,0,0,0,0,0
3846,Mother Terasa College of Engineering and Technology  Mettusalai Post and Taluk  Pudukkottai District 622102,PUDUKKOTTAI,SELF FINANCING COLLEGES TIER 3,CE,CIVIL  ENGINEERING,,,,,,,,0,0,0,0,0,0,0
3846,Mother Terasa College of Engineering and Technology  Mettusalai Post and Taluk  Pudukkottai District 622102,PUDUKKOTTAI,SELF FINANCING COLLEGES TIER 3,CS,COMPUTER SCIENCE AND ENGINEERING,89.0,,,,,,,1,0,0,0,0,0,0
3846,Mother Terasa College of Engineering and Technology  Mettusalai Post and Taluk  Pudukkottai District 622102,PUDUKKOTTAI,SELF FINANCING COLLEGES TIER 3,EC,ELECTRONICS AND COMMUNICATION ENGINEERING,98.5,,,,,,,1,0,0,0,0,0,0
3846,Mother Terasa College of Engineering and Technology  Mettusalai Post and Taluk  Pudukkottai District 622102,PUDUKKOTTAI,SELF FINANCING COLLEGES TIER 3,EE,ELECTRICAL AND ELECTRONICS ENGINEERING,,,,,,,,0,0,0,0,0,0,0
3846,Mother Terasa College of Engineering and Technology  Mettusalai Post and Taluk  Pudukkottai District 622102,PUDUKKOTTAI,SELF FINANCING COLLEGES TIER 3,ME,MECHANICAL ENGINEERING,,,,,,,,0,0,0,0,0,0,0
3846,Mother Terasa College of Engineering and Technology  Mettusalai Post and Taluk  Pudukkottai District 622102,PUDUKKOTTAI,SELF FINANCING COLLEGES TIER 3,RM,ROBOTICS AND AUTOMATION,,,,,,,,0,0,0,0,0,0,0
3848,Vandayar Engineering College  Pulavarnatham Post  Mariamman Koil (Via)  Thanjavur District 613001,THANJAVUR,SELF FINANCING COLLEGES TIER 3,CE,CIVIL  ENGINEERING,96.5,,,,,,,1,0,0,0,0,0,0
3848,Vandayar Engineering College  Pulavarnatham Post  Mariamman Koil (Via)  Thanjavur District 613001,THANJAVUR,SELF FINANCING COLLEGES TIER 3,CS,COMPUTER SCIENCE AND ENGINEERING,91.0,,,,,,,1,0,0,0,0,0,0
3848,Vandayar Engineering College  Pulavarnatham Post  Mariamman Koil (Via)  Thanjavur District 613001,THANJAVUR,SELF FINANCING COLLEGES TIER 3,EC,ELECTRONICS AND COMMUNICATION ENGINEERING,103.5,,,,,,,1,0,0,0,0,0,0
3848,Vandayar Engineering College  Pulavarnatham Post  Mariamman Koil (Via)  Thanjavur District 613001,THANJAVUR,SELF FINANCING COLLEGES TIER 3,EE,ELECTRICAL AND ELECTRONICS ENGINEERING,89.5,,,,,,,1,0,0,0,0,0,0
3848,Vandayar Engineering College  Pulavarnatham Post  Mariamman Koil (Via)  Thanjavur District 613001,THANJAVUR,SELF FINANCING COLLEGES TIER 3,ME,MECHANICAL ENGINEERING,94.0,,,,,,,1,0,0,0,0,0,0
3849,Annai College of Engineering and Technology  Anakudi Road  Kovilacheri  Kumbakonam  Thanjavur District 612503,THANJAVUR,SELF FINANCING COLLEGES TIER 3,CE,CIVIL  ENGINEERING,90.5,,,,,,,1,0,0,0,0,0,0
3849,Annai College of Engineering and Technology  Anakudi Road  Kovilacheri  Kumbakonam  Thanjavur District 612503,THANJAVUR,SELF FINANCING COLLEGES TIER 3,CS,COMPUTER SCIENCE AND ENGINEERING,90.0,,,,,,,1,0,0,0,0,0,0
3849,Annai College of Engineering and Technology  Anakudi Road  Kovilacheri  Kumbakonam  Thanjavur District 612503,THANJAVUR,SELF FINANCING COLLEGES TIER 3,EC,ELECTRONICS AND COMMUNICATION ENGINEERING,116.5,,,,,,,1,0,0,0,0,0,0
3849,Annai College of Engineering and Technology  Anakudi Road  Kovilacheri  Kumbakonam  Thanjavur District 612503,THANJAVUR,SELF FINANCING COLLEGES TIER 3,EE,ELECTRICAL AND ELECTRONICS ENGINEERING,94.5,,,,,,,1,0,0,0,0,0,0
3849,Annai College of Engineering and Technology  Anakudi Road  Kovilacheri  Kumbakonam  Thanjavur District 612503,THANJAVUR,SELF FINANCING COLLEGES TIER 3,IT,INFORMATION TECHNOLOGY,99.0,,,,,,,1,0,0,0,0,0,0
3849,Annai College of Engineering and Technology  Anakudi Road  Kovilacheri  Kumbakonam  Thanjavur District 612503,THANJAVUR,SELF FINANCING COLLEGES TIER 3,ME,MECHANICAL ENGINEERING,107.0,,,,,,,1,0,0,0,0,0,0
3850,Vetri Vinayaha College of Engineering and Technology  Namakkal-Trichy Main Road  Tholurpatti Village  Thottiam  Tiruchirappalli District 621215,TRICHIRAPPALLI,SELF FINANCING COLLEGES TIER 3,AD,ARTIFICIAL INTELLIGENCE AND DATA SCIENCE,89.5,,,,,,,1,0,0,0,0,0,0
3850,Vetri Vinayaha College of Engineering and Technology  Namakkal-Trichy Main Road  Tholurpatti Village  Thottiam  Tiruchirappalli District 621215,TRICHIRAPPALLI,SELF FINANCING COLLEGES TIER 3,CS,COMPUTER SCIENCE AND ENGINEERING,121.5,,,,,,,1,0,0,0,0,0,0
3850,Vetri Vinayaha College of Engineering and Technology  Namakkal-Trichy Main Road  Tholurpatti Village  Thottiam  Tiruchirappalli District 621215,TRICHIRAPPALLI,SELF FINANCING COLLEGES TIER 3,EC,ELECTRONICS AND COMMUNICATION ENGINEERING,96.0,,,,,,,1,0,0,0,0,0,0
3850,Vetri Vinayaha College of Engineering and Technology  Namakkal-Trichy Main Road  Tholurpatti Village  Thottiam  Tiruchirappalli District 621215,TRICHIRAPPALLI,SELF FINANCING COLLEGES TIER 3,EE,ELECTRICAL AND ELECTRONICS ENGINEERING,,,,,,,,0,0,0,0,0,0,0
3850,Vetri Vinayaha College of Engineering and Technology  Namakkal-Trichy Main Road  Tholurpatti Village  Thottiam  Tiruchirappalli District 621215,TRICHIRAPPALLI,SELF FINANCING COLLEGES TIER 3,IT,INFORMATION TECHNOLOGY,92.0,,,,,,,1,0,0,0,0,0,0
3850,Vetri Vinayaha College of Engineering and Technology  Namakkal-Trichy Main Road  Tholurpatti Village  Thottiam  Tiruchirappalli District 621215,TRICHIRAPPALLI,SELF FINANCING COLLEGES TIER 3,ME,MECHANICAL ENGINEERING,,,,,,,,0,0,0,0,0,0,0
3852,Sri Bharathi Engineering College for Women  Kaikkuruchi Village  Alangudi Taluk  Pudukkottai District 622303,PUDUKKOTTAI,SELF FINANCING COLLEGES TIER 3,CE,CIVIL  ENGINEERING,99.5,,,,,,,1,0,0,0,0,0,0
3852,Sri Bharathi Engineering College for Women  Kaikkuruchi Village  Alangudi Taluk  Pudukkottai District 622303,PUDUKKOTTAI,SELF FINANCING COLLEGES TIER 3,CS,COMPUTER SCIENCE AND ENGINEERING,125.5,94.5,121.5,94.5,111.0,,,0,1,0,1,1,0,0
3852,Sri Bharathi Engineering College for Women  Kaikkuruchi Village  Alangudi Taluk  Pudukkottai District 622303,PUDUKKOTTAI,SELF FINANCING COLLEGES TIER 3,EC,ELECTRONICS AND COMMUNICATION ENGINEERING,84.5,,,,,,,1,0,0,0,0,0,0
3852,Sri Bharathi Engineering College for Women  Kaikkuruchi Village  Alangudi Taluk  Pudukkottai District 622303,PUDUKKOTTAI,SELF FINANCING COLLEGES TIER 3,EE,ELECTRICAL AND ELECTRONICS ENGINEERING,87.5,,,,,,,1,0,0,0,0,0,0
3852,Sri Bharathi Engineering College for Women  Kaikkuruchi Village  Alangudi Taluk  Pudukkottai District 622303,PUDUKKOTTAI,SELF FINANCING COLLEGES TIER 3,IT,INFORMATION TECHNOLOGY,94.0,,,,85.0,,,0,0,0,0,1,0,0
3854,Mahath Amma Institute of Engineering and Technology (MIET)  Ariyur  Annavasal Road  Illupur Taluk  Pudukkottai District 622101,PUDUKKOTTAI,SELF FINANCING COLLEGES TIER 3,AD,ARTIFICIAL INTELLIGENCE AND DATA SCIENCE,125.0,,,,,,,1,0,0,0,0,0,0
3854,Mahath Amma Institute of Engineering and Technology (MIET)  Ariyur  Annavasal Road  Illupur Taluk  Pudukkottai District 622101,PUDUKKOTTAI,SELF FINANCING COLLEGES TIER 3,AG,AGRICULTURAL ENGINEERING,94.5,,,,,,,1,0,0,0,0,0,0
3854,Mahath Amma Institute of Engineering and Technology (MIET)  Ariyur  Annavasal Road  Illupur Taluk  Pudukkottai District 622101,PUDUKKOTTAI,SELF FINANCING COLLEGES TIER 3,CE,CIVIL  ENGINEERING,132.5,,,,,,,1,0,0,0,0,0,0
3854,Mahath Amma Institute of Engineering and Technology (MIET)  Ariyur  Annavasal Road  Illupur Taluk  Pudukkottai District 622101,PUDUKKOTTAI,SELF FINANCING COLLEGES TIER 3,CS,COMPUTER SCIENCE AND ENGINEERING,117.5,,,,,,,1,0,0,0,0,0,0
3854,Mahath Amma Institute of Engineering and Technology (MIET)  Ariyur  Annavasal Road  Illupur Taluk  Pudukkottai District 622101,PUDUKKOTTAI,SELF FINANCING COLLEGES TIER 3,EE,ELECTRICAL AND ELECTRONICS ENGINEERING,93.5,,,,,,,1,0,0,0,0,0,0
3854,Mahath Amma Institute of Engineering and Technology (MIET)  Ariyur  Annavasal Road  Illupur Taluk  Pudukkottai District 622101,PUDUKKOTTAI,SELF FINANCING COLLEGES TIER 3,IT,INFORMATION TECHNOLOGY,,,,,,,,0,0,0,0,0,0,0
3854,Mahath Amma Institute of Engineering and Technology (MIET)  Ariyur  Annavasal Road  Illupur Taluk  Pudukkottai District 622101,PUDUKKOTTAI,SELF FINANCING COLLEGES TIER 3,ME,MECHANICAL ENGINEERING,,,,,,,,0,0,0,0,0,0,0
3854,Mahath Amma Institute of Engineering and Technology (MIET)  Ariyur  Annavasal Road  Illupur Taluk  Pudukkottai District 622101,PUDUKKOTTAI,SELF FINANCING COLLEGES TIER 3,SC,Computer Science and Engineering (Cyber Security),,,,,,,,0,0,0,0,0,0,0
3855,As-Salam College of Engineering and Technology  Thirumangalakudi  Aduthurai  Thiruvidaimaruthur  Thanjavur District 612102,THANJAVUR,SELF FINANCING COLLEGES TIER 3,AD,ARTIFICIAL INTELLIGENCE AND DATA SCIENCE,99.0,,,,,,,0,0,0,0,0,0,0
3855,As-Salam College of Engineering and Technology  Thirumangalakudi  Aduthurai  Thiruvidaimaruthur  Thanjavur District 612102,THANJAVUR,SELF FINANCING COLLEGES TIER 3,CE,CIVIL  ENGINEERING,,,,,,,,0,0,0,0,0,0,0
3855,As-Salam College of Engineering and Technology  Thirumangalakudi  Aduthurai  Thiruvidaimaruthur  Thanjavur District 612102,THANJAVUR,SELF FINANCING COLLEGES TIER 3,CS,COMPUTER SCIENCE AND ENGINEERING,87.0,,,,,,,1,0,0,0,0,0,0
3855,As-Salam College of Engineering and Technology  Thirumangalakudi  Aduthurai  Thiruvidaimaruthur  Thanjavur District 612102,THANJAVUR,SELF FINANCING COLLEGES TIER 3,EC,ELECTRONICS AND COMMUNICATION ENGINEERING,103.5,,,,,,,1,0,0,0,0,0,0
3855,As-Salam College of Engineering and Technology  Thirumangalakudi  Aduthurai  Thiruvidaimaruthur  Thanjavur District 612102,THANJAVUR,SELF FINANCING COLLEGES TIER 3,EE,ELECTRICAL AND ELECTRONICS ENGINEERING,85.5,,,,,,,1,0,0,0,0,0,0
3855,As-Salam College of Engineering and Technology  Thirumangalakudi  Aduthurai  Thiruvidaimaruthur  Thanjavur District 612102,THANJAVUR,SELF FINANCING COLLEGES TIER 3,IT,INFORMATION TECHNOLOGY,105.5,101.5,,,105.0,,,0,1,0,0,1,0,0
3855,As-Salam College of Engineering and Technology  Thirumangalakudi  Aduthurai  Thiruvidaimaruthur  Thanjavur District 612102,THANJAVUR,SELF FINANCING COLLEGES TIER 3,ME,MECHANICAL ENGINEERING,129.0,,,,,,,1,0,0,0,0,0,0
3855,As-Salam College of Engineering and Technology  Thirumangalakudi  Aduthurai  Thiruvidaimaruthur  Thanjavur District 612102,THANJAVUR,SELF FINANCING COLLEGES TIER 3,SC,Computer Science and Engineering (Cyber Security),102.0,,,,,,,1,0,0,0,0,0,0
3857,Meenakshi Ramaswamy Engineering College  Trichy Main Road   Thathanur  Udayarpalayam  Ariyalur District 621804,ARIYALUR,SELF FINANCING COLLEGES TIER 3,AG,AGRICULTURAL ENGINEERING,116.5,,,,,,,1,0,0,0,0,0,0
3857,Meenakshi Ramaswamy Engineering College  Trichy Main Road   Thathanur  Udayarpalayam  Ariyalur District 621804,ARIYALUR,SELF FINANCING COLLEGES TIER 3,AM,COMPUTER SCIENCE AND ENGINEERING (ARTIFICIAL INTELLIGENCE AND MACHINE LEARNING),93.0,,,88.0,,,,0,0,0,1,0,0,0
3857,Meenakshi Ramaswamy Engineering College  Trichy Main Road   Thathanur  Udayarpalayam  Ariyalur District 621804,ARIYALUR,SELF FINANCING COLLEGES TIER 3,BM,BIO MEDICAL ENGINEERING,95.0,,,,,,,1,0,0,0,0,0,0
3857,Meenakshi Ramaswamy Engineering College  Trichy Main Road   Thathanur  Udayarpalayam  Ariyalur District 621804,ARIYALUR,SELF FINANCING COLLEGES TIER 3,CE,CIVIL  ENGINEERING,90.5,,,,,,,1,0,0,0,0,0,0
3857,Meenakshi Ramaswamy Engineering College  Trichy Main Road   Thathanur  Udayarpalayam  Ariyalur District 621804,ARIYALUR,SELF FINANCING COLLEGES TIER 3,CS,COMPUTER SCIENCE AND ENGINEERING,115.5,100.5,,96.5,,,,0,1,0,1,0,0,0
3857,Meenakshi Ramaswamy Engineering College  Trichy Main Road   Thathanur  Udayarpalayam  Ariyalur District 621804,ARIYALUR,SELF FINANCING COLLEGES TIER 3,EC,ELECTRONICS AND COMMUNICATION ENGINEERING,116.0,,,,,,,1,0,0,0,0,0,0
3857,Meenakshi Ramaswamy Engineering College  Trichy Main Road   Thathanur  Udayarpalayam  Ariyalur District 621804,ARIYALUR,SELF FINANCING COLLEGES TIER 3,EE,ELECTRICAL AND ELECTRONICS ENGINEERING,88.5,,,,,,,1,0,0,0,0,0,0
3857,Meenakshi Ramaswamy Engineering College  Trichy Main Road   Thathanur  Udayarpalayam  Ariyalur District 621804,ARIYALUR,SELF FINANCING COLLEGES TIER 3,ME,MECHANICAL ENGINEERING,96.0,,,,,,,1,0,0,0,0,0,0
3859,Sembodai Rukmani Varatharajan Engineering College  Sembodai Village  Vedaraniam  Nagappattinam District 614820,NAGAPATTINAM,SELF FINANCING COLLEGES TIER 3,CE,CIVIL  ENGINEERING,,,,,,,,0,0,0,0,0,0,0
3859,Sembodai Rukmani Varatharajan Engineering College  Sembodai Village  Vedaraniam  Nagappattinam District 614820,NAGAPATTINAM,SELF FINANCING COLLEGES TIER 3,CS,COMPUTER SCIENCE AND ENGINEERING,94.5,,,,,,,1,0,0,0,0,0,0
3859,Sembodai Rukmani Varatharajan Engineering College  Sembodai Village  Vedaraniam  Nagappattinam District 614820,NAGAPATTINAM,SELF FINANCING COLLEGES TIER 3,EC,ELECTRONICS AND COMMUNICATION ENGINEERING,126.5,,,,,,,1,0,0,0,0,0,0
3859,Sembodai Rukmani Varatharajan Engineering College  Sembodai Village  Vedaraniam  Nagappattinam District 614820,NAGAPATTINAM,SELF FINANCING COLLEGES TIER 3,EE,ELECTRICAL AND ELECTRONICS ENGINEERING,129.0,,,,,,,1,0,0,0,0,0,0
3859,Sembodai Rukmani Varatharajan Engineering College  Sembodai Village  Vedaraniam  Nagappattinam District 614820,NAGAPATTINAM,SELF FINANCING COLLEGES TIER 3,ME,MECHANICAL ENGINEERING,,,,,,,,0,0,0,0,0,0,0
3860,St. Anne's College of Engineering and Technology  Anguchettypalayam  Siruvathur Post  Panruti  Cuddalore District 607110,CUDDALORE,SELF FINANCING COLLEGES TIER 3,AM,COMPUTER SCIENCE AND ENGINEERING (ARTIFICIAL INTELLIGENCE AND MACHINE LEARNING),103.5,,86.0,94.0,,,,0,0,1,1,0,0,0
3860,St. Anne's College of Engineering and Technology  Anguchettypalayam  Siruvathur Post  Panruti  Cuddalore District 607110,CUDDALORE,SELF FINANCING COLLEGES TIER 3,CS,COMPUTER SCIENCE AND ENGINEERING,112.0,94.0,100.0,100.0,105.0,,,0,1,1,1,1,0,0
3860,St. Anne's College of Engineering and Technology  Anguchettypalayam  Siruvathur Post  Panruti  Cuddalore District 607110,CUDDALORE,SELF FINANCING COLLEGES TIER 3,EC,ELECTRONICS AND COMMUNICATION ENGINEERING,93.5,,,,,,,1,0,0,0,0,0,0
3860,St. Anne's College of Engineering and Technology  Anguchettypalayam  Siruvathur Post  Panruti  Cuddalore District 607110,CUDDALORE,SELF FINANCING COLLEGES TIER 3,EE,ELECTRICAL AND ELECTRONICS ENGINEERING,82.0,,,,,,,1,0,0,0,0,0,0
3860,St. Anne's College of Engineering and Technology  Anguchettypalayam  Siruvathur Post  Panruti  Cuddalore District 607110,CUDDALORE,SELF FINANCING COLLEGES TIER 3,ME,MECHANICAL ENGINEERING,91.0,,,,,,,1,0,0,0,0,0,0
3905,Kings College of Engineering  Punalkulam  Pudukkottai District 613303,PUDUKKOTTAI,SELF FINANCING COLLEGES TIER 3,AD,ARTIFICIAL INTELLIGENCE AND DATA SCIENCE,140.5,110.5,,80.0,135.0,122.5,,0,0,0,0,0,0,0
3905,Kings College of Engineering  Punalkulam  Pudukkottai District 613303,PUDUKKOTTAI,SELF FINANCING COLLEGES TIER 3,CE,CIVIL  ENGINEERING,98.0,,,,,,,1,0,0,0,0,0,0
3905,Kings College of Engineering  Punalkulam  Pudukkottai District 613303,PUDUKKOTTAI,SELF FINANCING COLLEGES TIER 3,CS,COMPUTER SCIENCE AND ENGINEERING,143.0,110.5,128.0,99.5,124.5,,,0,0,0,1,0,0,0
3905,Kings College of Engineering  Punalkulam  Pudukkottai District 613303,PUDUKKOTTAI,SELF FINANCING COLLEGES TIER 3,EC,ELECTRONICS AND COMMUNICATION ENGINEERING,123.0,91.0,107.0,100.5,92.5,97.0,,0,1,0,1,0,1,0
3905,Kings College of Engineering  Punalkulam  Pudukkottai District 613303,PUDUKKOTTAI,SELF FINANCING COLLEGES TIER 3,EE,ELECTRICAL AND ELECTRONICS ENGINEERING,100.5,93.5,99.5,92.5,98.0,,,0,1,1,1,1,0,0
3905,Kings College of Engineering  Punalkulam  Pudukkottai District 613303,PUDUKKOTTAI,SELF FINANCING COLLEGES TIER 3,ME,MECHANICAL ENGINEERING,91.5,91.0,,,85.0,,,0,1,0,0,1,0,0
3908,Mount Zion College of Engineering and Technology  Pilivalam Post  Pudukkottai District 622507,PUDUKKOTTAI,SELF FINANCING COLLEGES TIER 3,AD,ARTIFICIAL INTELLIGENCE AND DATA SCIENCE,143.0,137.0,140.0,114.0,102.5,,,0,0,0,0,0,0,0
3908,Mount Zion College of Engineering and Technology  Pilivalam Post  Pudukkottai District 622507,PUDUKKOTTAI,SELF FINANCING COLLEGES TIER 3,CE,CIVIL  ENGINEERING,118.5,94.5,,92.5,113.0,,,0,1,0,1,1,0,0
3908,Mount Zion College of Engineering and Technology  Pilivalam Post  Pudukkottai District 622507,PUDUKKOTTAI,SELF FINANCING COLLEGES TIER 3,CS,COMPUTER SCIENCE AND ENGINEERING,153.5,133.0,141.5,105.5,84.5,,,0,0,0,0,1,0,0
3908,Mount Zion College of Engineering and Technology  Pilivalam Post  Pudukkottai District 622507,PUDUKKOTTAI,SELF FINANCING COLLEGES TIER 3,EC,ELECTRONICS AND COMMUNICATION ENGINEERING,132.5,116.5,114.5,114.5,100.0,,,0,0,0,1,1,0,0
3908,Mount Zion College of Engineering and Technology  Pilivalam Post  Pudukkottai District 622507,PUDUKKOTTAI,SELF FINANCING COLLEGES TIER 3,EE,ELECTRICAL AND ELECTRONICS ENGINEERING,91.0,,,,,,,1,0,0,0,0,0,0
3908,Mount Zion College of Engineering and Technology  Pilivalam Post  Pudukkottai District 622507,PUDUKKOTTAI,SELF FINANCING COLLEGES TIER 3,IT,INFORMATION TECHNOLOGY,156.0,144.0,,122.0,113.0,,,0,0,0,0,0,0,0
3908,Mount Zion College of Engineering and Technology  Pilivalam Post  Pudukkottai District 622507,PUDUKKOTTAI,SELF FINANCING COLLEGES TIER 3,ME,MECHANICAL ENGINEERING,105.5,93.0,,,,,,0,1,0,0,0,0,0
3918,Shanmuganathan Engineering College  Pillivalam Post  Pudukkottai District 622507,PUDUKKOTTAI,SELF FINANCING COLLEGES TIER 3,AM,COMPUTER SCIENCE AND ENGINEERING (ARTIFICIAL INTELLIGENCE AND MACHINE LEARNING),122.0,,,,,,,0,0,0,0,0,0,0
3918,Shanmuganathan Engineering College  Pillivalam Post  Pudukkottai District 622507,PUDUKKOTTAI,SELF FINANCING COLLEGES TIER 3,CE,CIVIL  ENGINEERING,113.0,,,,,,,1,0,0,0,0,0,0
3918,Shanmuganathan Engineering College  Pillivalam Post  Pudukkottai District 622507,PUDUKKOTTAI,SELF FINANCING COLLEGES TIER 3,CS,COMPUTER SCIENCE AND ENGINEERING,105.5,,,,,,,1,0,0,0,0,0,0
3918,Shanmuganathan Engineering College  Pillivalam Post  Pudukkottai District 622507,PUDUKKOTTAI,SELF FINANCING COLLEGES TIER 3,EC,ELECTRONICS AND COMMUNICATION ENGINEERING,101.0,,,,,,,1,0,0,0,0,0,0
3918,Shanmuganathan Engineering College  Pillivalam Post  Pudukkottai District 622507,PUDUKKOTTAI,SELF FINANCING COLLEGES TIER 3,EE,ELECTRICAL AND ELECTRONICS ENGINEERING,97.0,,,,,,,1,0,0,0,0,0,0
3918,Shanmuganathan Engineering College  Pillivalam Post  Pudukkottai District 622507,PUDUKKOTTAI,SELF FINANCING COLLEGES TIER 3,ME,MECHANICAL ENGINEERING,104.0,,,,,,,1,0,0,0,0,0,0
3918,Shanmuganathan Engineering College  Pillivalam Post  Pudukkottai District 622507,PUDUKKOTTAI,SELF FINANCING COLLEGES TIER 3,SC,Computer Science and Engineering (Cyber Security),101.5,,,,,,,1,0,0,0,0,0,0
3920,Sudharsan Engineering College  Sathiyamangalam Post  Pudukkottai District 622501,PUDUKKOTTAI,SELF FINANCING COLLEGES TIER 3,AD,ARTIFICIAL INTELLIGENCE AND DATA SCIENCE,133.5,91.5,97.0,82.5,90.5,,,0,0,0,0,1,0,0
3920,Sudharsan Engineering College  Sathiyamangalam Post  Pudukkottai District 622501,PUDUKKOTTAI,SELF FINANCING COLLEGES TIER 3,AM,COMPUTER SCIENCE AND ENGINEERING (ARTIFICIAL INTELLIGENCE AND MACHINE LEARNING),94.0,,,,,,,1,0,0,0,0,0,0
3920,Sudharsan Engineering College  Sathiyamangalam Post  Pudukkottai District 622501,PUDUKKOTTAI,SELF FINANCING COLLEGES TIER 3,CE,CIVIL  ENGINEERING,89.0,,,,,,,1,0,0,0,0,0,0
3920,Sudharsan Engineering College  Sathiyamangalam Post  Pudukkottai District 622501,PUDUKKOTTAI,SELF FINANCING COLLEGES TIER 3,CS,COMPUTER SCIENCE AND ENGINEERING,126.5,104.0,,99.5,92.5,,,0,1,0,1,1,0,0
3920,Sudharsan Engineering College  Sathiyamangalam Post  Pudukkottai District 622501,PUDUKKOTTAI,SELF FINANCING COLLEGES TIER 3,EC,ELECTRONICS AND COMMUNICATION ENGINEERING,101.0,78.5,,91.5,,,,0,1,0,1,0,0,0
3920,Sudharsan Engineering College  Sathiyamangalam Post  Pudukkottai District 622501,PUDUKKOTTAI,SELF FINANCING COLLEGES TIER 3,EE,ELECTRICAL AND ELECTRONICS ENGINEERING,106.5,87.5,,99.5,,,,0,1,0,1,0,0,0
3920,Sudharsan Engineering College  Sathiyamangalam Post  Pudukkottai District 622501,PUDUKKOTTAI,SELF FINANCING COLLEGES TIER 3,ME,MECHANICAL ENGINEERING,90.0,,,,,,,1,0,0,0,0,0,0
3923,M N S K College of Engineering  Vallathirakkottai Post  Pudukkottai District 622305,PUDUKKOTTAI,SELF FINANCING COLLEGES TIER 3,AD,ARTIFICIAL INTELLIGENCE AND DATA SCIENCE,,,,,,,,0,0,0,0,0,0,0
3923,M N S K College of Engineering  Vallathirakkottai Post  Pudukkottai District 622305,PUDUKKOTTAI,SELF FINANCING COLLEGES TIER 3,AG,AGRICULTURAL ENGINEERING,,,,,,,,0,0,0,0,0,0,0
3923,M N S K College of Engineering  Vallathirakkottai Post  Pudukkottai District 622305,PUDUKKOTTAI,SELF FINANCING COLLEGES TIER 3,CE,CIVIL  ENGINEERING,,,,,,,,0,0,0,0,0,0,0
3923,M N S K College of Engineering  Vallathirakkottai Post  Pudukkottai District 622305,PUDUKKOTTAI,SELF FINANCING COLLEGES TIER 3,CS,COMPUTER SCIENCE AND ENGINEERING,88.5,,,,,,,1,0,0,0,0,0,0
3923,M N S K College of Engineering  Vallathirakkottai Post  Pudukkottai District 622305,PUDUKKOTTAI,SELF FINANCING COLLEGES TIER 3,EC,ELECTRONICS AND COMMUNICATION ENGINEERING,,,,,,,,0,0,0,0,0,0,0
3923,M N S K College of Engineering  Vallathirakkottai Post  Pudukkottai District 622305,PUDUKKOTTAI,SELF FINANCING COLLEGES TIER 3,EE,ELECTRICAL AND ELECTRONICS ENGINEERING,,,,,,,,0,0,0,0,0,0,0
3923,M N S K College of Engineering  Vallathirakkottai Post  Pudukkottai District 622305,PUDUKKOTTAI,SELF FINANCING COLLEGES TIER 3,ME,MECHANICAL ENGINEERING,,,,,,,,0,0,0,0,0,0,0
3926,Chendhuran College of Engineering and Technology  Madurai Road  Lenavilakku  Pilivalam Post  Pudukkottai - 622 507,PUDUKKOTTAI,SELF FINANCING COLLEGES TIER 3,AD,ARTIFICIAL INTELLIGENCE AND DATA SCIENCE,115.0,107.0,91.5,101.0,90.0,,,0,1,0,1,1,0,0
3926,Chendhuran College of Engineering and Technology  Madurai Road  Lenavilakku  Pilivalam Post  Pudukkottai - 622 507,PUDUKKOTTAI,SELF FINANCING COLLEGES TIER 3,CE,CIVIL  ENGINEERING,95.0,,,,87.5,,,0,0,0,0,1,0,0
3926,Chendhuran College of Engineering and Technology  Madurai Road  Lenavilakku  Pilivalam Post  Pudukkottai - 622 507,PUDUKKOTTAI,SELF FINANCING COLLEGES TIER 3,CS,COMPUTER SCIENCE AND ENGINEERING,113.0,80.0,,93.0,,,,0,1,0,1,0,0,0
3926,Chendhuran College of Engineering and Technology  Madurai Road  Lenavilakku  Pilivalam Post  Pudukkottai - 622 507,PUDUKKOTTAI,SELF FINANCING COLLEGES TIER 3,EC,ELECTRONICS AND COMMUNICATION ENGINEERING,102.0,97.0,,82.0,,,,0,1,0,1,0,0,0
3926,Chendhuran College of Engineering and Technology  Madurai Road  Lenavilakku  Pilivalam Post  Pudukkottai - 622 507,PUDUKKOTTAI,SELF FINANCING COLLEGES TIER 3,EE,ELECTRICAL AND ELECTRONICS ENGINEERING,80.5,,,,,,,1,0,0,0,0,0,0
3926,Chendhuran College of Engineering and Technology  Madurai Road  Lenavilakku  Pilivalam Post  Pudukkottai - 622 507,PUDUKKOTTAI,SELF FINANCING COLLEGES TIER 3,ME,MECHANICAL ENGINEERING,92.0,,,,,,,1,0,0,0,0,0,0
4669,Thamirabharani Engineering College  Chathirampudukulam Village  Thatchanallur  Tirunelveli District 627358,TIRUNELVELI,SELF FINANCING COLLEGES TIER 3,CE,CIVIL  ENGINEERING,99.5,,,,,,,1,0,0,0,0,0,0
4669,Thamirabharani Engineering College  Chathirampudukulam Village  Thatchanallur  Tirunelveli District 627358,TIRUNELVELI,SELF FINANCING COLLEGES TIER 3,CS,COMPUTER SCIENCE AND ENGINEERING,93.5,,,,,,,1,0,0,0,0,0,0
4669,Thamirabharani Engineering College  Chathirampudukulam Village  Thatchanallur  Tirunelveli District 627358,TIRUNELVELI,SELF FINANCING COLLEGES TIER 3,EC,ELECTRONICS AND COMMUNICATION ENGINEERING,103.5,83.0,,97.0,,,,0,1,0,1,0,0,0
4669,Thamirabharani Engineering College  Chathirampudukulam Village  Thatchanallur  Tirunelveli District 627358,TIRUNELVELI,SELF FINANCING COLLEGES TIER 3,EE,ELECTRICAL AND ELECTRONICS ENGINEERING,112.0,,,112.0,,,,0,0,0,1,0,0,0
4669,Thamirabharani Engineering College  Chathirampudukulam Village  Thatchanallur  Tirunelveli District 627358,TIRUNELVELI,SELF FINANCING COLLEGES TIER 3,ME,MECHANICAL ENGINEERING,110.0,,,,,,,1,0,0,0,0,0,0
4670,Rohini College of Engineering & Technology  Anjugramam-Kanyakumari Main Road  Palkulam  Variyoor Post  Kanyakumari District 629401,KANYAKUMARI,SELF FINANCING COLLEGES TIER 3,AD,ARTIFICIAL INTELLIGENCE AND DATA SCIENCE,164.5,145.5,144.0,90.5,139.0,,,0,0,0,0,1,0,0
4670,Rohini College of Engineering & Technology  Anjugramam-Kanyakumari Main Road  Palkulam  Variyoor Post  Kanyakumari District 629401,KANYAKUMARI,SELF FINANCING COLLEGES TIER 3,AG,AGRICULTURAL ENGINEERING,132.0,109.0,,93.5,126.5,,,0,0,0,1,1,0,0
4670,Rohini College of Engineering & Technology  Anjugramam-Kanyakumari Main Road  Palkulam  Variyoor Post  Kanyakumari District 629401,KANYAKUMARI,SELF FINANCING COLLEGES TIER 3,BM,BIO MEDICAL ENGINEERING,136.5,121.5,136.5,120.5,102.0,,,0,0,0,1,1,0,0
4670,Rohini College of Engineering & Technology  Anjugramam-Kanyakumari Main Road  Palkulam  Variyoor Post  Kanyakumari District 629401,KANYAKUMARI,SELF FINANCING COLLEGES TIER 3,CE,CIVIL  ENGINEERING,121.0,100.0,,108.0,103.0,,,0,0,0,1,1,0,0
4670,Rohini College of Engineering & Technology  Anjugramam-Kanyakumari Main Road  Palkulam  Variyoor Post  Kanyakumari District 629401,KANYAKUMARI,SELF FINANCING COLLEGES TIER 3,CS,COMPUTER SCIENCE AND ENGINEERING,151.5,142.5,143.5,112.5,116.0,,,0,0,0,1,1,0,0
4670,Rohini College of Engineering & Technology  Anjugramam-Kanyakumari Main Road  Palkulam  Variyoor Post  Kanyakumari District 629401,KANYAKUMARI,SELF FINANCING COLLEGES TIER 3,EC,ELECTRONICS AND COMMUNICATION ENGINEERING,163.5,141.5,150.5,107.0,127.0,,,0,0,0,1,1,0,0
4670,Rohini College of Engineering & Technology  Anjugramam-Kanyakumari Main Road  Palkulam  Variyoor Post  Kanyakumari District 629401,KANYAKUMARI,SELF FINANCING COLLEGES TIER 3,EE,ELECTRICAL AND ELECTRONICS ENGINEERING,127.0,111.0,,104.0,,104.0,,0,0,0,1,0,1,0
4670,Rohini College of Engineering & Technology  Anjugramam-Kanyakumari Main Road  Palkulam  Variyoor Post  Kanyakumari District 629401,KANYAKUMARI,SELF FINANCING COLLEGES TIER 3,ME,MECHANICAL ENGINEERING,133.0,123.0,102.0,92.5,94.5,,,0,0,0,1,1,0,0
4672,Stella Mary's College of Engineering  Arunthengan Vilai  Azhikal Post  Kanyakumari District 629202,KANYAKUMARI,SELF FINANCING COLLEGES TIER 3,AD,ARTIFICIAL INTELLIGENCE AND DATA SCIENCE,142.0,131.5,128.0,127.5,87.0,,,0,0,0,0,1,0,0
4672,Stella Mary's College of Engineering  Arunthengan Vilai  Azhikal Post  Kanyakumari District 629202,KANYAKUMARI,SELF FINANCING COLLEGES TIER 3,CE,CIVIL  ENGINEERING,114.0,104.0,,84.5,,,,0,0,0,1,0,0,0
4672,Stella Mary's College of Engineering  Arunthengan Vilai  Azhikal Post  Kanyakumari District 629202,KANYAKUMARI,SELF FINANCING COLLEGES TIER 3,CS,COMPUTER SCIENCE AND ENGINEERING,146.0,128.5,106.5,116.5,90.5,,,0,0,1,0,1,0,0
4672,Stella Mary's College of Engineering  Arunthengan Vilai  Azhikal Post  Kanyakumari District 629202,KANYAKUMARI,SELF FINANCING COLLEGES TIER 3,EC,ELECTRONICS AND COMMUNICATION ENGINEERING,133.0,126.0,116.5,100.5,111.5,,,0,0,0,0,1,0,0
4672,Stella Mary's College of Engineering  Arunthengan Vilai  Azhikal Post  Kanyakumari District 629202,KANYAKUMARI,SELF FINANCING COLLEGES TIER 3,EE,ELECTRICAL AND ELECTRONICS ENGINEERING,125.0,114.5,,103.5,105.0,118.0,,0,0,0,0,1,0,0
4672,Stella Mary's College of Engineering  Arunthengan Vilai  Azhikal Post  Kanyakumari District 629202,KANYAKUMARI,SELF FINANCING COLLEGES TIER 3,ME,MECHANICAL ENGINEERING,119.0,109.0,118.0,96.5,,,,0,0,0,1,0,0,0
4675,Universal College of Engineering and Technology  Anbagam Campus  Radhapuram Road  Vallioor  Tirunelveli District 627117,TIRUNELVELI,SELF FINANCING COLLEGES TIER 3,CB,COMPUTER SCIENCE AND BUSSINESS SYSTEM,100.0,,,,,,,1,0,0,0,0,0,0
4675,Universal College of Engineering and Technology  Anbagam Campus  Radhapuram Road  Vallioor  Tirunelveli District 627117,TIRUNELVELI,SELF FINANCING COLLEGES TIER 3,CE,CIVIL  ENGINEERING,,,,,,,,0,0,0,0,0,0,0
4675,Universal College of Engineering and Technology  Anbagam Campus  Radhapuram Road  Vallioor  Tirunelveli District 627117,TIRUNELVELI,SELF FINANCING COLLEGES TIER 3,CS,COMPUTER SCIENCE AND ENGINEERING,125.5,88.5,,118.5,93.5,,,0,0,0,1,1,0,0
4675,Universal College of Engineering and Technology  Anbagam Campus  Radhapuram Road  Vallioor  Tirunelveli District 627117,TIRUNELVELI,SELF FINANCING COLLEGES TIER 3,EC,ELECTRONICS AND COMMUNICATION ENGINEERING,111.0,87.0,,,94.0,,,0,1,0,0,1,0,0
4675,Universal College of Engineering and Technology  Anbagam Campus  Radhapuram Road  Vallioor  Tirunelveli District 627117,TIRUNELVELI,SELF FINANCING COLLEGES TIER 3,EE,ELECTRICAL AND ELECTRONICS ENGINEERING,105.0,,,,,,,1,0,0,0,0,0,0
4675,Universal College of Engineering and Technology  Anbagam Campus  Radhapuram Road  Vallioor  Tirunelveli District 627117,TIRUNELVELI,SELF FINANCING COLLEGES TIER 3,ME,MECHANICAL ENGINEERING,99.5,,,,,,,1,0,0,0,0,0,0
4676,Renganayagi Varatharaj College of Engineering  Salvarpatti  Sivakasi  Virudhunagar District 626128,VIRUDHUNAGAR,SELF FINANCING COLLEGES TIER 3,AD,ARTIFICIAL INTELLIGENCE AND DATA SCIENCE,149.0,114.5,,102.0,130.5,,,0,1,0,1,1,0,0
4676,Renganayagi Varatharaj College of Engineering  Salvarpatti  Sivakasi  Virudhunagar District 626128,VIRUDHUNAGAR,SELF FINANCING COLLEGES TIER 3,CS,COMPUTER SCIENCE AND ENGINEERING,132.0,101.0,,103.0,107.5,,,0,0,0,1,1,0,0
4676,Renganayagi Varatharaj College of Engineering  Salvarpatti  Sivakasi  Virudhunagar District 626128,VIRUDHUNAGAR,SELF FINANCING COLLEGES TIER 3,EC,ELECTRONICS AND COMMUNICATION ENGINEERING,110.0,94.5,,97.0,85.0,,,0,1,0,1,1,0,0
4676,Renganayagi Varatharaj College of Engineering  Salvarpatti  Sivakasi  Virudhunagar District 626128,VIRUDHUNAGAR,SELF FINANCING COLLEGES TIER 3,EE,ELECTRICAL AND ELECTRONICS ENGINEERING,109.0,,,,94.0,,,0,0,0,0,0,0,0
4676,Renganayagi Varatharaj College of Engineering  Salvarpatti  Sivakasi  Virudhunagar District 626128,VIRUDHUNAGAR,SELF FINANCING COLLEGES TIER 3,ME,MECHANICAL ENGINEERING,105.5,,,,,,,1,0,0,0,0,0,0
4677,Lourdes Mount College of Engineering and Technology  Marthandam-Karungal Road  Chundavilai  Mullanganavilai  Nattalam Post  Kanyakumari District 629195,KANYAKUMARI,SELF FINANCING COLLEGES TIER 3,CE,CIVIL  ENGINEERING,,,,,,,,0,0,0,0,0,0,0
4677,Lourdes Mount College of Engineering and Technology  Marthandam-Karungal Road  Chundavilai  Mullanganavilai  Nattalam Post  Kanyakumari District 629195,KANYAKUMARI,SELF FINANCING COLLEGES TIER 3,CS,COMPUTER SCIENCE AND ENGINEERING,93.5,88.5,,,,,,0,1,0,0,0,0,0
4677,Lourdes Mount College of Engineering and Technology  Marthandam-Karungal Road  Chundavilai  Mullanganavilai  Nattalam Post  Kanyakumari District 629195,KANYAKUMARI,SELF FINANCING COLLEGES TIER 3,EC,ELECTRONICS AND COMMUNICATION ENGINEERING,124.5,,,,,,,1,0,0,0,0,0,0
4677,Lourdes Mount College of Engineering and Technology  Marthandam-Karungal Road  Chundavilai  Mullanganavilai  Nattalam Post  Kanyakumari District 629195,KANYAKUMARI,SELF FINANCING COLLEGES TIER 3,EE,ELECTRICAL AND ELECTRONICS ENGINEERING,,,,,,,,0,0,0,0,0,0,0
4677,Lourdes Mount College of Engineering and Technology  Marthandam-Karungal Road  Chundavilai  Mullanganavilai  Nattalam Post  Kanyakumari District 629195,KANYAKUMARI,SELF FINANCING COLLEGES TIER 3,ME,MECHANICAL ENGINEERING,91.0,,,,,,,1,0,0,0,0,0,0
4678,Ramco Institute of Technology  North venganallur Village  Krishnapuram Panchayat  Rajapalayam  Virudhunagar District 626117,VIRUDHUNAGAR,SELF FINANCING COLLEGES TIER 3,AD,ARTIFICIAL INTELLIGENCE AND DATA SCIENCE,162.5,152.0,142.5,144.5,113.5,112.0,,0,0,0,0,1,1,0
4678,Ramco Institute of Technology  North venganallur Village  Krishnapuram Panchayat  Rajapalayam  Virudhunagar District 626117,VIRUDHUNAGAR,SELF FINANCING COLLEGES TIER 3,CB,COMPUTER SCIENCE AND BUSSINESS SYSTEM,149.0,144.0,138.0,138.0,125.5,,,0,0,0,0,1,0,0
4678,Ramco Institute of Technology  North venganallur Village  Krishnapuram Panchayat  Rajapalayam  Virudhunagar District 626117,VIRUDHUNAGAR,SELF FINANCING COLLEGES TIER 3,CE,CIVIL  ENGINEERING,134.5,107.5,,107.5,123.5,123.0,,0,0,0,0,1,0,0
4678,Ramco Institute of Technology  North venganallur Village  Krishnapuram Panchayat  Rajapalayam  Virudhunagar District 626117,VIRUDHUNAGAR,SELF FINANCING COLLEGES TIER 3,CS,COMPUTER SCIENCE AND ENGINEERING,172.0,161.0,161.5,142.0,136.0,141.5,,0,0,0,0,1,1,0
4678,Ramco Institute of Technology  North venganallur Village  Krishnapuram Panchayat  Rajapalayam  Virudhunagar District 626117,VIRUDHUNAGAR,SELF FINANCING COLLEGES TIER 3,EC,ELECTRONICS AND COMMUNICATION ENGINEERING,155.5,148.5,153.0,135.0,111.0,,,0,0,0,0,1,0,0
4678,Ramco Institute of Technology  North venganallur Village  Krishnapuram Panchayat  Rajapalayam  Virudhunagar District 626117,VIRUDHUNAGAR,SELF FINANCING COLLEGES TIER 3,EE,ELECTRICAL AND ELECTRONICS ENGINEERING,146.5,138.5,139.5,128.5,107.0,,,0,0,0,0,1,0,0
4678,Ramco Institute of Technology  North venganallur Village  Krishnapuram Panchayat  Rajapalayam  Virudhunagar District 626117,VIRUDHUNAGAR,SELF FINANCING COLLEGES TIER 3,IT,INFORMATION TECHNOLOGY,160.0,154.5,140.5,152.0,130.5,,,0,0,0,0,1,0,0
4678,Ramco Institute of Technology  North venganallur Village  Krishnapuram Panchayat  Rajapalayam  Virudhunagar District 626117,VIRUDHUNAGAR,SELF FINANCING COLLEGES TIER 3,ME,MECHANICAL ENGINEERING,137.0,94.0,113.0,102.0,109.0,,,0,0,0,1,1,0,0
4680,AAA College of Engineering and Technology  Kamarajar Educational Road  Amathur Village  Sivakasi  Virudhunagar District 626005,VIRUDHUNAGAR,SELF FINANCING COLLEGES TIER 3,AD,ARTIFICIAL INTELLIGENCE AND DATA SCIENCE,148.5,139.0,136.5,129.5,110.5,,,0,0,0,1,0,0,0
4680,AAA College of Engineering and Technology  Kamarajar Educational Road  Amathur Village  Sivakasi  Virudhunagar District 626005,VIRUDHUNAGAR,SELF FINANCING COLLEGES TIER 3,CE,CIVIL  ENGINEERING,110.5,103.0,,92.0,102.0,,,0,1,0,1,1,0,0
4680,AAA College of Engineering and Technology  Kamarajar Educational Road  Amathur Village  Sivakasi  Virudhunagar District 626005,VIRUDHUNAGAR,SELF FINANCING COLLEGES TIER 3,CS,COMPUTER SCIENCE AND ENGINEERING,155.5,138.5,113.0,110.0,132.5,101.5,,0,0,0,1,0,1,0
4680,AAA College of Engineering and Technology  Kamarajar Educational Road  Amathur Village  Sivakasi  Virudhunagar District 626005,VIRUDHUNAGAR,SELF FINANCING COLLEGES TIER 3,EC,ELECTRONICS AND COMMUNICATION ENGINEERING,159.5,143.0,127.0,128.0,92.5,124.0,,0,0,1,1,1,0,0
4680,AAA College of Engineering and Technology  Kamarajar Educational Road  Amathur Village  Sivakasi  Virudhunagar District 626005,VIRUDHUNAGAR,SELF FINANCING COLLEGES TIER 3,EE,ELECTRICAL AND ELECTRONICS ENGINEERING,137.0,126.0,,118.999999999999,87.5,,,0,0,0,1,1,0,0
4680,AAA College of Engineering and Technology  Kamarajar Educational Road  Amathur Village  Sivakasi  Virudhunagar District 626005,VIRUDHUNAGAR,SELF FINANCING COLLEGES TIER 3,IT,INFORMATION TECHNOLOGY,144.0,137.5,129.0,104.0,108.5,,,0,0,0,0,1,0,0
4680,AAA College of Engineering and Technology  Kamarajar Educational Road  Amathur Village  Sivakasi  Virudhunagar District 626005,VIRUDHUNAGAR,SELF FINANCING COLLEGES TIER 3,ME,MECHANICAL ENGINEERING,122.5,85.0,92.0,93.0,100.0,,,0,0,0,1,1,0,0
4680,AAA College of Engineering and Technology  Kamarajar Educational Road  Amathur Village  Sivakasi  Virudhunagar District 626005,VIRUDHUNAGAR,SELF FINANCING COLLEGES TIER 3,SC,Computer Science and Engineering (Cyber Security),143.5,135.0,136.0,106.0,103.0,,,0,0,0,1,1,0,0
4686,Good Shepherd College of Engineering and Technology  Maruthamparai  Kanyakumari District 629101,KANYAKUMARI,SELF FINANCING COLLEGES TIER 3,AD,ARTIFICIAL INTELLIGENCE AND DATA SCIENCE,96.5,,,,,,,1,0,0,0,0,0,0
4686,Good Shepherd College of Engineering and Technology  Maruthamparai  Kanyakumari District 629101,KANYAKUMARI,SELF FINANCING COLLEGES TIER 3,CE,CIVIL  ENGINEERING,,,,,,,,0,0,0,0,0,0,0
4686,Good Shepherd College of Engineering and Technology  Maruthamparai  Kanyakumari District 629101,KANYAKUMARI,SELF FINANCING COLLEGES TIER 3,CS,COMPUTER SCIENCE AND ENGINEERING,110.0,,,,,,,1,0,0,0,0,0,0
4686,Good Shepherd College of Engineering and Technology  Maruthamparai  Kanyakumari District 629101,KANYAKUMARI,SELF FINANCING COLLEGES TIER 3,EC,ELECTRONICS AND COMMUNICATION ENGINEERING,114.0,,,,,,,1,0,0,0,0,0,0
4686,Good Shepherd College of Engineering and Technology  Maruthamparai  Kanyakumari District 629101,KANYAKUMARI,SELF FINANCING COLLEGES TIER 3,ME,MECHANICAL ENGINEERING,91.5,,,,,,,1,0,0,0,0,0,0
4864,V V College of Engineering  Arasoor Village  Idaichivilai Post  Santhakulam Taluk  Thoothukudi District 628656,TUTICORIN,SELF FINANCING COLLEGES TIER 3,CE,CIVIL  ENGINEERING,94.0,,,,,,,1,0,0,0,0,0,0
4864,V V College of Engineering  Arasoor Village  Idaichivilai Post  Santhakulam Taluk  Thoothukudi District 628656,TUTICORIN,SELF FINANCING COLLEGES TIER 3,CS,COMPUTER SCIENCE AND ENGINEERING,146.0,124.0,116.0,103.5,109.5,,,0,0,1,1,1,0,0
4864,V V College of Engineering  Arasoor Village  Idaichivilai Post  Santhakulam Taluk  Thoothukudi District 628656,TUTICORIN,SELF FINANCING COLLEGES TIER 3,EC,ELECTRONICS AND COMMUNICATION ENGINEERING,141.0,114.5,116.5,100.0,,,,0,0,0,1,0,0,0
4864,V V College of Engineering  Arasoor Village  Idaichivilai Post  Santhakulam Taluk  Thoothukudi District 628656,TUTICORIN,SELF FINANCING COLLEGES TIER 3,EE,ELECTRICAL AND ELECTRONICS ENGINEERING,107.0,94.5,,,,,,0,1,0,0,0,0,0
4864,V V College of Engineering  Arasoor Village  Idaichivilai Post  Santhakulam Taluk  Thoothukudi District 628656,TUTICORIN,SELF FINANCING COLLEGES TIER 3,ME,MECHANICAL ENGINEERING,93.0,90.0,,,89.0,,,0,1,0,0,1,0,0
4917,Sethu Institute of Technology (Autonomous)  Kariapatti Post  Virudhunagar District 626115,VIRUDHUNAGAR,SELF FINANCING COLLEGES TIER 2,AD,ARTIFICIAL INTELLIGENCE AND DATA SCIENCE,158.5,148.0,146.5,135.0,105.5,118.0,,0,0,0,0,1,0,0
4917,Sethu Institute of Technology (Autonomous)  Kariapatti Post  Virudhunagar District 626115,VIRUDHUNAGAR,SELF FINANCING COLLEGES TIER 2,AG,AGRICULTURAL ENGINEERING,111.5,,105.5,89.0,,,,0,0,1,1,0,0,0
4917,Sethu Institute of Technology (Autonomous)  Kariapatti Post  Virudhunagar District 626115,VIRUDHUNAGAR,SELF FINANCING COLLEGES TIER 2,AM,COMPUTER SCIENCE AND ENGINEERING (ARTIFICIAL INTELLIGENCE AND MACHINE LEARNING),147.5,136.5,144.0,122.5,122.5,,,0,0,0,0,1,0,0
4917,Sethu Institute of Technology (Autonomous)  Kariapatti Post  Virudhunagar District 626115,VIRUDHUNAGAR,SELF FINANCING COLLEGES TIER 2,BM,BIO MEDICAL ENGINEERING,118.0,99.0,117.0,105.5,,,,0,0,0,1,0,0,0
4917,Sethu Institute of Technology (Autonomous)  Kariapatti Post  Virudhunagar District 626115,VIRUDHUNAGAR,SELF FINANCING COLLEGES TIER 2,BT,BIO TECHNOLOGY,133.0,107.5,116.5,98.0,111.5,,,0,1,0,1,1,0,0
4917,Sethu Institute of Technology (Autonomous)  Kariapatti Post  Virudhunagar District 626115,VIRUDHUNAGAR,SELF FINANCING COLLEGES TIER 2,CB,COMPUTER SCIENCE AND BUSSINESS SYSTEM,139.5,132.5,139.0,95.0,,,,0,0,0,1,0,0,0
4917,Sethu Institute of Technology (Autonomous)  Kariapatti Post  Virudhunagar District 626115,VIRUDHUNAGAR,SELF FINANCING COLLEGES TIER 2,CD,COMPUTER SCIENCE AND DESIGN,135.5,132.0,128.0,89.5,,,,0,0,0,1,0,0,0
4917,Sethu Institute of Technology (Autonomous)  Kariapatti Post  Virudhunagar District 626115,VIRUDHUNAGAR,SELF FINANCING COLLEGES TIER 2,CE,CIVIL  ENGINEERING,132.0,111.0,124.0,92.5,90.5,,,0,0,0,1,0,0,0
4917,Sethu Institute of Technology (Autonomous)  Kariapatti Post  Virudhunagar District 626115,VIRUDHUNAGAR,SELF FINANCING COLLEGES TIER 2,CH,CHEMICAL  ENGINEERING,94.0,,,,,,,0,0,0,0,0,0,0
4917,Sethu Institute of Technology (Autonomous)  Kariapatti Post  Virudhunagar District 626115,VIRUDHUNAGAR,SELF FINANCING COLLEGES TIER 2,CI,Computer Science and Engineering (Internet of Things),138.5,131.0,135.5,102.0,109.5,,,0,0,0,0,1,0,0
4917,Sethu Institute of Technology (Autonomous)  Kariapatti Post  Virudhunagar District 626115,VIRUDHUNAGAR,SELF FINANCING COLLEGES TIER 2,CS,COMPUTER SCIENCE AND ENGINEERING,156.5,147.0,151.0,135.0,92.0,126.0,,0,0,0,0,1,0,0
4917,Sethu Institute of Technology (Autonomous)  Kariapatti Post  Virudhunagar District 626115,VIRUDHUNAGAR,SELF FINANCING COLLEGES TIER 2,EC,ELECTRONICS AND COMMUNICATION ENGINEERING,146.5,138.0,136.0,112.5,95.5,93.0,,0,0,0,0,1,1,0
4917,Sethu Institute of Technology (Autonomous)  Kariapatti Post  Virudhunagar District 626115,VIRUDHUNAGAR,SELF FINANCING COLLEGES TIER 2,EE,ELECTRICAL AND ELECTRONICS ENGINEERING,132.5,129.0,127.5,110.5,110.0,,,0,0,0,1,1,0,0
4917,Sethu Institute of Technology (Autonomous)  Kariapatti Post  Virudhunagar District 626115,VIRUDHUNAGAR,SELF FINANCING COLLEGES TIER 2,IT,INFORMATION TECHNOLOGY,148.5,142.0,147.0,125.0,137.0,122.5,,0,0,0,0,1,1,0
4917,Sethu Institute of Technology (Autonomous)  Kariapatti Post  Virudhunagar District 626115,VIRUDHUNAGAR,SELF FINANCING COLLEGES TIER 2,ME,MECHANICAL ENGINEERING,127.0,109.0,124.0,94.0,98.0,,,0,0,0,1,1,0,0
4917,Sethu Institute of Technology (Autonomous)  Kariapatti Post  Virudhunagar District 626115,VIRUDHUNAGAR,SELF FINANCING COLLEGES TIER 2,SC,Computer Science and Engineering (Cyber Security),143.0,136.0,141.0,113.5,91.5,,,0,0,0,0,1,0,0
4925,Sun College of Engineering and Technology  Ammandivilai & Post  Kanyakumari District - 629204,KANYAKUMARI,SELF FINANCING COLLEGES TIER 3,AD,ARTIFICIAL INTELLIGENCE AND DATA SCIENCE,98.5,,,,,,,1,0,0,0,0,0,0
4925,Sun College of Engineering and Technology  Ammandivilai & Post  Kanyakumari District - 629204,KANYAKUMARI,SELF FINANCING COLLEGES TIER 3,FD,FOOD TECHNOLOGY,,,,,,,,0,0,0,0,0,0,0
4925,Sun College of Engineering and Technology  Ammandivilai & Post  Kanyakumari District - 629204,KANYAKUMARI,SELF FINANCING COLLEGES TIER 3,MD,MEDICAL ELECTRONICS ENGINEERING,,,,,,,,0,0,0,0,0,0,0
4925,Sun College of Engineering and Technology  Ammandivilai & Post  Kanyakumari District - 629204,KANYAKUMARI,SELF FINANCING COLLEGES TIER 3,PC,PETRO CHEMICAL TECHNOLOGY,110.0,,,,,,,1,0,0,0,0,0,0
4925,Sun College of Engineering and Technology  Ammandivilai & Post  Kanyakumari District - 629204,KANYAKUMARI,SELF FINANCING COLLEGES TIER 3,PH,PHARMACEUTICAL TECHNOLOGY,108.5,,,,,,,1,0,0,0,0,0,0
4927,Maria College of Engineering and Technology  Attoor Puliyamoodu Junction  Thiruvattar Post  Kanyakumari District 629177,KANYAKUMARI,SELF FINANCING COLLEGES TIER 3,AU,AUTOMOBILE ENGINEERING,103.0,,,,,,,1,0,0,0,0,0,0
4927,Maria College of Engineering and Technology  Attoor Puliyamoodu Junction  Thiruvattar Post  Kanyakumari District 629177,KANYAKUMARI,SELF FINANCING COLLEGES TIER 3,BM,BIO MEDICAL ENGINEERING,,,,,,,,0,0,0,0,0,0,0
4927,Maria College of Engineering and Technology  Attoor Puliyamoodu Junction  Thiruvattar Post  Kanyakumari District 629177,KANYAKUMARI,SELF FINANCING COLLEGES TIER 3,CE,CIVIL  ENGINEERING,112.5,,,,,,,1,0,0,0,0,0,0
4927,Maria College of Engineering and Technology  Attoor Puliyamoodu Junction  Thiruvattar Post  Kanyakumari District 629177,KANYAKUMARI,SELF FINANCING COLLEGES TIER 3,CS,COMPUTER SCIENCE AND ENGINEERING,117.5,97.0,,109.5,110.0,,,0,1,0,1,1,0,0
4927,Maria College of Engineering and Technology  Attoor Puliyamoodu Junction  Thiruvattar Post  Kanyakumari District 629177,KANYAKUMARI,SELF FINANCING COLLEGES TIER 3,EC,ELECTRONICS AND COMMUNICATION ENGINEERING,109.0,,,,,,,1,0,0,0,0,0,0
4927,Maria College of Engineering and Technology  Attoor Puliyamoodu Junction  Thiruvattar Post  Kanyakumari District 629177,KANYAKUMARI,SELF FINANCING COLLEGES TIER 3,EE,ELECTRICAL AND ELECTRONICS ENGINEERING,109.0,,,,,,,1,0,0,0,0,0,0
4927,Maria College of Engineering and Technology  Attoor Puliyamoodu Junction  Thiruvattar Post  Kanyakumari District 629177,KANYAKUMARI,SELF FINANCING COLLEGES TIER 3,ME,MECHANICAL ENGINEERING,107.0,,,,,,,1,0,0,0,0,0,0
4928,MAR Ephraem College of Engineering & Technology  Malankara Hills  Elavuvillai  Marthandam  Kanyakumari District 629171,KANYAKUMARI,SELF FINANCING COLLEGES TIER 3,AD,ARTIFICIAL INTELLIGENCE AND DATA SCIENCE,153.5,143.0,128.0,128.0,,,,0,0,1,1,0,0,0
4928,MAR Ephraem College of Engineering & Technology  Malankara Hills  Elavuvillai  Marthandam  Kanyakumari District 629171,KANYAKUMARI,SELF FINANCING COLLEGES TIER 3,CE,CIVIL  ENGINEERING,94.0,,,,,,,1,0,0,0,0,0,0
4928,MAR Ephraem College of Engineering & Technology  Malankara Hills  Elavuvillai  Marthandam  Kanyakumari District 629171,KANYAKUMARI,SELF FINANCING COLLEGES TIER 3,CS,COMPUTER SCIENCE AND ENGINEERING,153.5,142.5,137.5,96.0,,,,0,0,0,1,0,0,0
4928,MAR Ephraem College of Engineering & Technology  Malankara Hills  Elavuvillai  Marthandam  Kanyakumari District 629171,KANYAKUMARI,SELF FINANCING COLLEGES TIER 3,EC,ELECTRONICS AND COMMUNICATION ENGINEERING,139.5,114.0,121.0,,101.5,,,0,0,0,0,1,0,0
4928,MAR Ephraem College of Engineering & Technology  Malankara Hills  Elavuvillai  Marthandam  Kanyakumari District 629171,KANYAKUMARI,SELF FINANCING COLLEGES TIER 3,EE,ELECTRICAL AND ELECTRONICS ENGINEERING,122.0,100.0,,,,,,0,1,0,0,0,0,0
4928,MAR Ephraem College of Engineering & Technology  Malankara Hills  Elavuvillai  Marthandam  Kanyakumari District 629171,KANYAKUMARI,SELF FINANCING COLLEGES TIER 3,ME,MECHANICAL ENGINEERING,105.5,89.5,,,,,,0,1,0,0,0,0,0
4929,M E T Engineering College  Mogals Garden  Thovalai Village  Aralvaimozhi Town Panchayat  Thovalai  Kanyakumari District 629304,KANYAKUMARI,SELF FINANCING COLLEGES TIER 3,AD,ARTIFICIAL INTELLIGENCE AND DATA SCIENCE,118.0,,,,,,,1,0,0,0,0,0,0
4929,M E T Engineering College  Mogals Garden  Thovalai Village  Aralvaimozhi Town Panchayat  Thovalai  Kanyakumari District 629304,KANYAKUMARI,SELF FINANCING COLLEGES TIER 3,CE,CIVIL  ENGINEERING,,,,,,,,0,0,0,0,0,0,0
4929,M E T Engineering College  Mogals Garden  Thovalai Village  Aralvaimozhi Town Panchayat  Thovalai  Kanyakumari District 629304,KANYAKUMARI,SELF FINANCING COLLEGES TIER 3,CS,COMPUTER SCIENCE AND ENGINEERING,99.0,,,,,,,1,0,0,0,0,0,0
4929,M E T Engineering College  Mogals Garden  Thovalai Village  Aralvaimozhi Town Panchayat  Thovalai  Kanyakumari District 629304,KANYAKUMARI,SELF FINANCING COLLEGES TIER 3,EC,ELECTRONICS AND COMMUNICATION ENGINEERING,112.0,,,,,,,1,0,0,0,0,0,0
4929,M E T Engineering College  Mogals Garden  Thovalai Village  Aralvaimozhi Town Panchayat  Thovalai  Kanyakumari District 629304,KANYAKUMARI,SELF FINANCING COLLEGES TIER 3,EE,ELECTRICAL AND ELECTRONICS ENGINEERING,98.5,,,,,,,1,0,0,0,0,0,0
4929,M E T Engineering College  Mogals Garden  Thovalai Village  Aralvaimozhi Town Panchayat  Thovalai  Kanyakumari District 629304,KANYAKUMARI,SELF FINANCING COLLEGES TIER 3,ME,MECHANICAL ENGINEERING,100.0,,,,,,,1,0,0,0,0,0,0
4931,Grace College of Engineering  Chandy Nagar  Mullakkadu  Thoothukudi District 628005,TUTICORIN,SELF FINANCING COLLEGES TIER 3,AD,ARTIFICIAL INTELLIGENCE AND DATA SCIENCE,150.5,129.0,144.5,123.5,132.5,,,0,1,0,1,1,0,0
4931,Grace College of Engineering  Chandy Nagar  Mullakkadu  Thoothukudi District 628005,TUTICORIN,SELF FINANCING COLLEGES TIER 3,CE,CIVIL  ENGINEERING,121.0,,,,,,,1,0,0,0,0,0,0
4931,Grace College of Engineering  Chandy Nagar  Mullakkadu  Thoothukudi District 628005,TUTICORIN,SELF FINANCING COLLEGES TIER 3,CS,COMPUTER SCIENCE AND ENGINEERING,118.0,91.0,,82.5,97.5,,,0,1,0,1,1,0,0
4931,Grace College of Engineering  Chandy Nagar  Mullakkadu  Thoothukudi District 628005,TUTICORIN,SELF FINANCING COLLEGES TIER 3,EC,ELECTRONICS AND COMMUNICATION ENGINEERING,111.0,93.0,,,89.0,,,0,1,0,0,1,0,0
4931,Grace College of Engineering  Chandy Nagar  Mullakkadu  Thoothukudi District 628005,TUTICORIN,SELF FINANCING COLLEGES TIER 3,EE,ELECTRICAL AND ELECTRONICS ENGINEERING,96.0,,,,,,,1,0,0,0,0,0,0
4931,Grace College of Engineering  Chandy Nagar  Mullakkadu  Thoothukudi District 628005,TUTICORIN,SELF FINANCING COLLEGES TIER 3,ME,MECHANICAL ENGINEERING,91.0,,,,,,,1,0,0,0,0,0,0
4933,St. Mother Theresa Engineering College  Vagaikulam  Thoothukudi District 628102,TUTICORIN,SELF FINANCING COLLEGES TIER 3,CS,COMPUTER SCIENCE AND ENGINEERING,126.0,104.5,124.999999999999,88.0,93.5,92.5,,0,1,1,1,1,1,0
4933,St. Mother Theresa Engineering College  Vagaikulam  Thoothukudi District 628102,TUTICORIN,SELF FINANCING COLLEGES TIER 3,EC,ELECTRONICS AND COMMUNICATION ENGINEERING,108.0,89.5,,107.5,95.0,87.0,,0,1,0,1,1,1,0
4933,St. Mother Theresa Engineering College  Vagaikulam  Thoothukudi District 628102,TUTICORIN,SELF FINANCING COLLEGES TIER 3,EE,ELECTRICAL AND ELECTRONICS ENGINEERING,92.5,,,,,,,1,0,0,0,0,0,0
4933,St. Mother Theresa Engineering College  Vagaikulam  Thoothukudi District 628102,TUTICORIN,SELF FINANCING COLLEGES TIER 3,ME,MECHANICAL ENGINEERING,81.0,,,,,,,1,0,0,0,0,0,0
4934,Holy Cross Engineering College  Vagaikulam  Sri Mulakarai  Srivaikuntam   Thoothukudi District 628851,TUTICORIN,SELF FINANCING COLLEGES TIER 3,BM,BIO MEDICAL ENGINEERING,127.0,93.5,,94.5,98.5,124.0,,0,1,0,1,0,0,0
4934,Holy Cross Engineering College  Vagaikulam  Sri Mulakarai  Srivaikuntam   Thoothukudi District 628851,TUTICORIN,SELF FINANCING COLLEGES TIER 3,CS,COMPUTER SCIENCE AND ENGINEERING,140.0,97.5,132.0,98.5,115.0,109.5,,0,0,0,1,1,0,0
4934,Holy Cross Engineering College  Vagaikulam  Sri Mulakarai  Srivaikuntam   Thoothukudi District 628851,TUTICORIN,SELF FINANCING COLLEGES TIER 3,EC,ELECTRONICS AND COMMUNICATION ENGINEERING,116.5,92.5,101.5,108.5,91.5,,,0,1,1,1,1,0,0
4934,Holy Cross Engineering College  Vagaikulam  Sri Mulakarai  Srivaikuntam   Thoothukudi District 628851,TUTICORIN,SELF FINANCING COLLEGES TIER 3,EE,ELECTRICAL AND ELECTRONICS ENGINEERING,88.0,84.0,80.0,,,,,0,1,1,0,0,0,0
4934,Holy Cross Engineering College  Vagaikulam  Sri Mulakarai  Srivaikuntam   Thoothukudi District 628851,TUTICORIN,SELF FINANCING COLLEGES TIER 3,ME,MECHANICAL ENGINEERING,91.0,,,,,,,1,0,0,0,0,0,0
4937,A.R College of Engineering and Technology  A.R Nagar  Kadayam-Alangulam Road  Therkkumadathoor P.o Ambasamudram Taluk Tirunelveli-627423,TIRUNELVELI,SELF FINANCING COLLEGES TIER 3,CE,CIVIL  ENGINEERING,,,,,,,,0,0,0,0,0,0,0
4937,A.R College of Engineering and Technology  A.R Nagar  Kadayam-Alangulam Road  Therkkumadathoor P.o Ambasamudram Taluk Tirunelveli-627423,TIRUNELVELI,SELF FINANCING COLLEGES TIER 3,CS,COMPUTER SCIENCE AND ENGINEERING,,,,,,,,0,0,0,0,0,0,0
4937,A.R College of Engineering and Technology  A.R Nagar  Kadayam-Alangulam Road  Therkkumadathoor P.o Ambasamudram Taluk Tirunelveli-627423,TIRUNELVELI,SELF FINANCING COLLEGES TIER 3,EC,ELECTRONICS AND COMMUNICATION ENGINEERING,,,,,,,,0,0,0,0,0,0,0
4937,A.R College of Engineering and Technology  A.R Nagar  Kadayam-Alangulam Road  Therkkumadathoor P.o Ambasamudram Taluk Tirunelveli-627423,TIRUNELVELI,SELF FINANCING COLLEGES TIER 3,EE,ELECTRICAL AND ELECTRONICS ENGINEERING,,,,,,,,0,0,0,0,0,0,0
4937,A.R College of Engineering and Technology  A.R Nagar  Kadayam-Alangulam Road  Therkkumadathoor P.o Ambasamudram Taluk Tirunelveli-627423,TIRUNELVELI,SELF FINANCING COLLEGES TIER 3,ME,MECHANICAL ENGINEERING,,,,,,,,0,0,0,0,0,0,0
4937,A.R College of Engineering and Technology  A.R Nagar  Kadayam-Alangulam Road  Therkkumadathoor P.o Ambasamudram Taluk Tirunelveli-627423,TIRUNELVELI,SELF FINANCING COLLEGES TIER 3,MZ,Mechatronics Engineering,,,,,,,,0,0,0,0,0,0,0
4938,Sivaji College of Engineering and Technology  Manivilla Palulai Panchayat  Vilavancode  Kanyakumari District 629171,KANYAKUMARI,SELF FINANCING COLLEGES TIER 3,AD,ARTIFICIAL INTELLIGENCE AND DATA SCIENCE,108.0,,,,,,,1,0,0,0,0,0,0
4938,Sivaji College of Engineering and Technology  Manivilla Palulai Panchayat  Vilavancode  Kanyakumari District 629171,KANYAKUMARI,SELF FINANCING COLLEGES TIER 3,AG,AGRICULTURAL ENGINEERING,98.5,,,,,,,1,0,0,0,0,0,0
4938,Sivaji College of Engineering and Technology  Manivilla Palulai Panchayat  Vilavancode  Kanyakumari District 629171,KANYAKUMARI,SELF FINANCING COLLEGES TIER 3,CE,CIVIL  ENGINEERING,,,,,,,,0,0,0,0,0,0,0
4938,Sivaji College of Engineering and Technology  Manivilla Palulai Panchayat  Vilavancode  Kanyakumari District 629171,KANYAKUMARI,SELF FINANCING COLLEGES TIER 3,CS,COMPUTER SCIENCE AND ENGINEERING,88.5,,,,,,,1,0,0,0,0,0,0
4938,Sivaji College of Engineering and Technology  Manivilla Palulai Panchayat  Vilavancode  Kanyakumari District 629171,KANYAKUMARI,SELF FINANCING COLLEGES TIER 3,EE,ELECTRICAL AND ELECTRONICS ENGINEERING,,,,,,,,0,0,0,0,0,0,0
4938,Sivaji College of Engineering and Technology  Manivilla Palulai Panchayat  Vilavancode  Kanyakumari District 629171,KANYAKUMARI,SELF FINANCING COLLEGES TIER 3,ME,MECHANICAL ENGINEERING,,,,,,,,0,0,0,0,0,0,0
4941,Unnamalai Institute of Technology  Ayyaneri  Kovilpatti  Thoothukudi District 628502,TUTICORIN,SELF FINANCING COLLEGES TIER 3,CS,COMPUTER SCIENCE AND ENGINEERING,148.5,120.0,,112.0,107.0,136.5,,0,0,0,0,0,0,0
4941,Unnamalai Institute of Technology  Ayyaneri  Kovilpatti  Thoothukudi District 628502,TUTICORIN,SELF FINANCING COLLEGES TIER 3,EC,ELECTRONICS AND COMMUNICATION ENGINEERING,102.5,87.0,,100.0,88.5,,,0,1,0,1,1,0,0
4941,Unnamalai Institute of Technology  Ayyaneri  Kovilpatti  Thoothukudi District 628502,TUTICORIN,SELF FINANCING COLLEGES TIER 3,EE,ELECTRICAL AND ELECTRONICS ENGINEERING,93.5,,,,,,,1,0,0,0,0,0,0
4941,Unnamalai Institute of Technology  Ayyaneri  Kovilpatti  Thoothukudi District 628502,TUTICORIN,SELF FINANCING COLLEGES TIER 3,ME,MECHANICAL ENGINEERING,93.0,,,,,,,1,0,0,0,0,0,0
4943,Satyam College of Engineering and Technology Satyam Nagar Aralvoimozhi Kanyakumari-629301,KANYAKUMARI,SELF FINANCING COLLEGES TIER 3,AE,AERONAUTICAL ENGINEERING,145.0,,,,,,,1,0,0,0,0,0,0
4943,Satyam College of Engineering and Technology Satyam Nagar Aralvoimozhi Kanyakumari-629301,KANYAKUMARI,SELF FINANCING COLLEGES TIER 3,CE,CIVIL  ENGINEERING,,,,,,,,0,0,0,0,0,0,0
4943,Satyam College of Engineering and Technology Satyam Nagar Aralvoimozhi Kanyakumari-629301,KANYAKUMARI,SELF FINANCING COLLEGES TIER 3,CS,COMPUTER SCIENCE AND ENGINEERING,116.5,,,,,,,1,0,0,0,0,0,0
4943,Satyam College of Engineering and Technology Satyam Nagar Aralvoimozhi Kanyakumari-629301,KANYAKUMARI,SELF FINANCING COLLEGES TIER 3,EC,ELECTRONICS AND COMMUNICATION ENGINEERING,85.0,,,,,,,1,0,0,0,0,0,0
4943,Satyam College of Engineering and Technology Satyam Nagar Aralvoimozhi Kanyakumari-629301,KANYAKUMARI,SELF FINANCING COLLEGES TIER 3,EE,ELECTRICAL AND ELECTRONICS ENGINEERING,93.0,,,,,,,1,0,0,0,0,0,0
4943,Satyam College of Engineering and Technology Satyam Nagar Aralvoimozhi Kanyakumari-629301,KANYAKUMARI,SELF FINANCING COLLEGES TIER 3,ME,MECHANICAL ENGINEERING,83.75,,,,,,,1,0,0,0,0,0,0
4944,Arunachala College of Engineering for Women  Thanka Gardens  Manavilai  Vellichanthai  Nagercoil  Kanyakumari District 629203,KANYAKUMARI,SELF FINANCING COLLEGES TIER 3,AD,ARTIFICIAL INTELLIGENCE AND DATA SCIENCE,155.0,133.5,137.0,100.0,,,,0,0,0,1,0,0,0
4944,Arunachala College of Engineering for Women  Thanka Gardens  Manavilai  Vellichanthai  Nagercoil  Kanyakumari District 629203,KANYAKUMARI,SELF FINANCING COLLEGES TIER 3,CE,CIVIL  ENGINEERING,116.5,106.5,,,,,,0,1,0,0,0,0,0
4944,Arunachala College of Engineering for Women  Thanka Gardens  Manavilai  Vellichanthai  Nagercoil  Kanyakumari District 629203,KANYAKUMARI,SELF FINANCING COLLEGES TIER 3,CS,COMPUTER SCIENCE AND ENGINEERING,156.0,134.5,137.5,93.0,92.0,,,0,0,0,1,1,0,0
4944,Arunachala College of Engineering for Women  Thanka Gardens  Manavilai  Vellichanthai  Nagercoil  Kanyakumari District 629203,KANYAKUMARI,SELF FINANCING COLLEGES TIER 3,EC,ELECTRONICS AND COMMUNICATION ENGINEERING,145.0,124.0,105.0,101.0,128.0,,,0,0,0,1,1,0,0
4944,Arunachala College of Engineering for Women  Thanka Gardens  Manavilai  Vellichanthai  Nagercoil  Kanyakumari District 629203,KANYAKUMARI,SELF FINANCING COLLEGES TIER 3,EE,ELECTRICAL AND ELECTRONICS ENGINEERING,110.0,100.0,,,,,,0,1,0,0,0,0,0
4944,Arunachala College of Engineering for Women  Thanka Gardens  Manavilai  Vellichanthai  Nagercoil  Kanyakumari District 629203,KANYAKUMARI,SELF FINANCING COLLEGES TIER 3,IT,INFORMATION TECHNOLOGY,149.5,137.0,146.0,92.0,103.0,,,0,0,0,1,1,0,0
4946,D M I Engineering College  Aralvaimozhi Village  Thovalai  Kanyakumari District 629301,KANYAKUMARI,SELF FINANCING COLLEGES TIER 3,AD,ARTIFICIAL INTELLIGENCE AND DATA SCIENCE,130.5,93.5,,110.0,,,,0,0,0,1,0,0,0
4946,D M I Engineering College  Aralvaimozhi Village  Thovalai  Kanyakumari District 629301,KANYAKUMARI,SELF FINANCING COLLEGES TIER 3,CE,CIVIL  ENGINEERING,,,,,,,,0,0,0,0,0,0,0
4946,D M I Engineering College  Aralvaimozhi Village  Thovalai  Kanyakumari District 629301,KANYAKUMARI,SELF FINANCING COLLEGES TIER 3,CS,COMPUTER SCIENCE AND ENGINEERING,126.5,99.5,92.5,93.0,123.0,,,0,1,1,1,1,0,0
4946,D M I Engineering College  Aralvaimozhi Village  Thovalai  Kanyakumari District 629301,KANYAKUMARI,SELF FINANCING COLLEGES TIER 3,EC,ELECTRONICS AND COMMUNICATION ENGINEERING,91.0,,,,,,,1,0,0,0,0,0,0
4946,D M I Engineering College  Aralvaimozhi Village  Thovalai  Kanyakumari District 629301,KANYAKUMARI,SELF FINANCING COLLEGES TIER 3,EE,ELECTRICAL AND ELECTRONICS ENGINEERING,103.5,,,,,,,1,0,0,0,0,0,0
4946,D M I Engineering College  Aralvaimozhi Village  Thovalai  Kanyakumari District 629301,KANYAKUMARI,SELF FINANCING COLLEGES TIER 3,IT,INFORMATION TECHNOLOGY,113.0,104.5,,111.5,97.5,,,0,1,0,1,1,0,0
4946,D M I Engineering College  Aralvaimozhi Village  Thovalai  Kanyakumari District 629301,KANYAKUMARI,SELF FINANCING COLLEGES TIER 3,ME,MECHANICAL ENGINEERING,111.5,104.5,,,,,,0,1,0,0,0,0,0
4949,PSN Institute of Technology and Science Melathediyoor  Tirunelveli-627 152,TIRUNELVELI,SELF FINANCING COLLEGES TIER 3,CE,CIVIL  ENGINEERING,82.0,,,,,,,1,0,0,0,0,0,0
4949,PSN Institute of Technology and Science Melathediyoor  Tirunelveli-627 152,TIRUNELVELI,SELF FINANCING COLLEGES TIER 3,CS,COMPUTER SCIENCE AND ENGINEERING,131.0,94.5,114.0,100.0,101.5,,,0,1,1,1,1,0,0
4949,PSN Institute of Technology and Science Melathediyoor  Tirunelveli-627 152,TIRUNELVELI,SELF FINANCING COLLEGES TIER 3,EC,ELECTRONICS AND COMMUNICATION ENGINEERING,111.0,88.0,82.0,82.0,89.0,,,0,1,0,1,1,0,0
4949,PSN Institute of Technology and Science Melathediyoor  Tirunelveli-627 152,TIRUNELVELI,SELF FINANCING COLLEGES TIER 3,EE,ELECTRICAL AND ELECTRONICS ENGINEERING,97.0,,,,,,,1,0,0,0,0,0,0
4949,PSN Institute of Technology and Science Melathediyoor  Tirunelveli-627 152,TIRUNELVELI,SELF FINANCING COLLEGES TIER 3,IN,INDUSTRIAL ENGINEERING AND MANAGEMENT,91.0,,,,,,,1,0,0,0,0,0,0
4949,PSN Institute of Technology and Science Melathediyoor  Tirunelveli-627 152,TIRUNELVELI,SELF FINANCING COLLEGES TIER 3,ME,MECHANICAL ENGINEERING,98.5,83.0,,,,,,0,1,0,0,0,0,0
4949,PSN Institute of Technology and Science Melathediyoor  Tirunelveli-627 152,TIRUNELVELI,SELF FINANCING COLLEGES TIER 3,MU,MECHANICAL AND AUTOMATION ENGINEERING,95.5,,,,,,,1,0,0,0,0,0,0
4949,PSN Institute of Technology and Science Melathediyoor  Tirunelveli-627 152,TIRUNELVELI,SELF FINANCING COLLEGES TIER 3,MZ,Mechatronics Engineering,85.0,,,,,,,1,0,0,0,0,0,0
4952,C S I Institute of Technology  Thovalai  Kanyakumari District 629302,KANYAKUMARI,SELF FINANCING COLLEGES TIER 3,AD,ARTIFICIAL INTELLIGENCE AND DATA SCIENCE,101.5,,,,,,,1,0,0,0,0,0,0
4952,C S I Institute of Technology  Thovalai  Kanyakumari District 629302,KANYAKUMARI,SELF FINANCING COLLEGES TIER 3,CE,CIVIL  ENGINEERING,91.5,,,,,,,1,0,0,0,0,0,0
4952,C S I Institute of Technology  Thovalai  Kanyakumari District 629302,KANYAKUMARI,SELF FINANCING COLLEGES TIER 3,CS,COMPUTER SCIENCE AND ENGINEERING,114.0,85.0,96.0,,90.5,,,0,1,1,0,1,0,0
4952,C S I Institute of Technology  Thovalai  Kanyakumari District 629302,KANYAKUMARI,SELF FINANCING COLLEGES TIER 3,EC,ELECTRONICS AND COMMUNICATION ENGINEERING,123.0,,,,,,,1,0,0,0,0,0,0
4952,C S I Institute of Technology  Thovalai  Kanyakumari District 629302,KANYAKUMARI,SELF FINANCING COLLEGES TIER 3,EE,ELECTRICAL AND ELECTRONICS ENGINEERING,96.0,,,,,,,1,0,0,0,0,0,0
4952,C S I Institute of Technology  Thovalai  Kanyakumari District 629302,KANYAKUMARI,SELF FINANCING COLLEGES TIER 3,IT,INFORMATION TECHNOLOGY,89.0,,,,,,,0,0,0,0,0,0,0
4952,C S I Institute of Technology  Thovalai  Kanyakumari District 629302,KANYAKUMARI,SELF FINANCING COLLEGES TIER 3,ME,MECHANICAL ENGINEERING,86.5,,,,,,,1,0,0,0,0,0,0
4953,CAPE Institute of Technology  Levingipuram  Tirunelveli District 627114,TIRUNELVELI,SELF FINANCING COLLEGES TIER 3,AM,COMPUTER SCIENCE AND ENGINEERING (ARTIFICIAL INTELLIGENCE AND MACHINE LEARNING),127.0,94.0,,107.0,,96.5,,0,0,0,1,0,0,0
4953,CAPE Institute of Technology  Levingipuram  Tirunelveli District 627114,TIRUNELVELI,SELF FINANCING COLLEGES TIER 3,CE,CIVIL  ENGINEERING,103.5,,,,,,,0,0,0,0,0,0,0
4953,CAPE Institute of Technology  Levingipuram  Tirunelveli District 627114,TIRUNELVELI,SELF FINANCING COLLEGES TIER 3,CS,COMPUTER SCIENCE AND ENGINEERING,128.5,104.5,,100.0,113.0,,,0,0,0,1,1,0,0
4953,CAPE Institute of Technology  Levingipuram  Tirunelveli District 627114,TIRUNELVELI,SELF FINANCING COLLEGES TIER 3,EC,ELECTRONICS AND COMMUNICATION ENGINEERING,115.0,93.0,,,,,,0,1,0,0,0,0,0
4953,CAPE Institute of Technology  Levingipuram  Tirunelveli District 627114,TIRUNELVELI,SELF FINANCING COLLEGES TIER 3,EE,ELECTRICAL AND ELECTRONICS ENGINEERING,91.0,,,,,,,1,0,0,0,0,0,0
4953,CAPE Institute of Technology  Levingipuram  Tirunelveli District 627114,TIRUNELVELI,SELF FINANCING COLLEGES TIER 3,IT,INFORMATION TECHNOLOGY,112.0,96.0,,108.5,,,,0,0,0,1,0,0,0
4953,CAPE Institute of Technology  Levingipuram  Tirunelveli District 627114,TIRUNELVELI,SELF FINANCING COLLEGES TIER 3,ME,MECHANICAL ENGINEERING,81.5,,,,,,,1,0,0,0,0,0,0
4954,Dr. Sivanthi Aditanar College of Engineering  Tiruchendur  Thoothukudi District 628215,TUTICORIN,SELF FINANCING COLLEGES TIER 3,AD,ARTIFICIAL INTELLIGENCE AND DATA SCIENCE,153.0,142.5,142.0,145.0,112.5,,,0,0,0,0,0,0,0
4954,Dr. Sivanthi Aditanar College of Engineering  Tiruchendur  Thoothukudi District 628215,TUTICORIN,SELF FINANCING COLLEGES TIER 3,CE,CIVIL  ENGINEERING,100.5,,,,,,,1,0,0,0,0,0,0
4954,Dr. Sivanthi Aditanar College of Engineering  Tiruchendur  Thoothukudi District 628215,TUTICORIN,SELF FINANCING COLLEGES TIER 3,CS,COMPUTER SCIENCE AND ENGINEERING,166.5,158.5,153.5,120.0,94.5,,,0,0,0,0,1,0,0
4954,Dr. Sivanthi Aditanar College of Engineering  Tiruchendur  Thoothukudi District 628215,TUTICORIN,SELF FINANCING COLLEGES TIER 3,EC,ELECTRONICS AND COMMUNICATION ENGINEERING,166.5,147.0,,94.5,136.5,,,0,0,0,1,1,0,0
4954,Dr. Sivanthi Aditanar College of Engineering  Tiruchendur  Thoothukudi District 628215,TUTICORIN,SELF FINANCING COLLEGES TIER 3,EE,ELECTRICAL AND ELECTRONICS ENGINEERING,150.0,107.5,,108.5,117.5,,,0,1,0,1,1,0,0
4954,Dr. Sivanthi Aditanar College of Engineering  Tiruchendur  Thoothukudi District 628215,TUTICORIN,SELF FINANCING COLLEGES TIER 3,IT,INFORMATION TECHNOLOGY,157.0,150.5,,104.0,,,,0,0,0,0,0,0,0
4954,Dr. Sivanthi Aditanar College of Engineering  Tiruchendur  Thoothukudi District 628215,TUTICORIN,SELF FINANCING COLLEGES TIER 3,ME,MECHANICAL ENGINEERING,111.5,105.0,107.0,,,,,0,1,0,0,0,0,0
4955,Francis Xavier Engineering College (Autonomous)  Vannarpettai  Tirunelveli District 627003,TIRUNELVELI,SELF FINANCING COLLEGES TIER 3,AD,ARTIFICIAL INTELLIGENCE AND DATA SCIENCE,166.0,154.0,163.5,142.5,130.5,108.5,,0,0,0,0,0,1,0
4955,Francis Xavier Engineering College (Autonomous)  Vannarpettai  Tirunelveli District 627003,TIRUNELVELI,SELF FINANCING COLLEGES TIER 3,CB,COMPUTER SCIENCE AND BUSSINESS SYSTEM,154.0,142.5,149.0,134.0,113.5,,,0,0,0,0,0,0,0
4955,Francis Xavier Engineering College (Autonomous)  Vannarpettai  Tirunelveli District 627003,TIRUNELVELI,SELF FINANCING COLLEGES TIER 3,CE,CIVIL  ENGINEERING,119.0,91.0,,101.0,105.0,,,0,1,0,1,1,0,0
4955,Francis Xavier Engineering College (Autonomous)  Vannarpettai  Tirunelveli District 627003,TIRUNELVELI,SELF FINANCING COLLEGES TIER 3,CS,COMPUTER SCIENCE AND ENGINEERING,168.5,156.5,158.5,138.0,127.5,132.0,,0,0,0,0,0,1,0
4955,Francis Xavier Engineering College (Autonomous)  Vannarpettai  Tirunelveli District 627003,TIRUNELVELI,SELF FINANCING COLLEGES TIER 3,EC,ELECTRONICS AND COMMUNICATION ENGINEERING,160.5,147.5,153.5,132.0,118.5,94.5,,0,0,0,0,0,0,0
4955,Francis Xavier Engineering College (Autonomous)  Vannarpettai  Tirunelveli District 627003,TIRUNELVELI,SELF FINANCING COLLEGES TIER 3,EE,ELECTRICAL AND ELECTRONICS ENGINEERING,142.0,135.0,138.5,130.0,97.0,,,0,0,0,0,1,0,0
4955,Francis Xavier Engineering College (Autonomous)  Vannarpettai  Tirunelveli District 627003,TIRUNELVELI,SELF FINANCING COLLEGES TIER 3,IT,INFORMATION TECHNOLOGY,163.0,152.0,153.5,140.0,115.5,,,0,0,0,0,0,0,0
4955,Francis Xavier Engineering College (Autonomous)  Vannarpettai  Tirunelveli District 627003,TIRUNELVELI,SELF FINANCING COLLEGES TIER 3,ME,MECHANICAL ENGINEERING,124.0,108.5,120.5,105.5,96.5,,,0,0,0,1,1,0,0
4956,Jayamatha Engineering College  Aralvaimozhi  Kanyakumari District,KANYAKUMARI,SELF FINANCING COLLEGES TIER 3,CE,CIVIL  ENGINEERING,169.0,,,,,,,1,0,0,0,0,0,0
4956,Jayamatha Engineering College  Aralvaimozhi  Kanyakumari District,KANYAKUMARI,SELF FINANCING COLLEGES TIER 3,CS,COMPUTER SCIENCE AND ENGINEERING,137.0,95.5,,118.0,,,,0,1,0,1,0,0,0
4956,Jayamatha Engineering College  Aralvaimozhi  Kanyakumari District,KANYAKUMARI,SELF FINANCING COLLEGES TIER 3,EC,ELECTRONICS AND COMMUNICATION ENGINEERING,103.0,,,,,,,1,0,0,0,0,0,0
4956,Jayamatha Engineering College  Aralvaimozhi  Kanyakumari District,KANYAKUMARI,SELF FINANCING COLLEGES TIER 3,EE,ELECTRICAL AND ELECTRONICS ENGINEERING,94.5,,,,,,,1,0,0,0,0,0,0
4956,Jayamatha Engineering College  Aralvaimozhi  Kanyakumari District,KANYAKUMARI,SELF FINANCING COLLEGES TIER 3,IC,INSTRUMENTATION AND CONTROL ENGINEERING,118.0,,,,,,,1,0,0,0,0,0,0
4956,Jayamatha Engineering College  Aralvaimozhi  Kanyakumari District,KANYAKUMARI,SELF FINANCING COLLEGES TIER 3,ME,MECHANICAL ENGINEERING,,,,,,,,0,0,0,0,0,0,0
4957,Jayaraj Annapackiam CSI College of Engineering  Nazareth  Thoothukudi District 628617,TUTICORIN,SELF FINANCING COLLEGES TIER 3,AD,ARTIFICIAL INTELLIGENCE AND DATA SCIENCE,143.5,132.5,,101.0,89.0,,,0,0,0,1,1,0,0
4957,Jayaraj Annapackiam CSI College of Engineering  Nazareth  Thoothukudi District 628617,TUTICORIN,SELF FINANCING COLLEGES TIER 3,CS,COMPUTER SCIENCE AND ENGINEERING,158.0,141.5,115.5,105.5,126.5,,,0,0,1,0,1,0,0
4957,Jayaraj Annapackiam CSI College of Engineering  Nazareth  Thoothukudi District 628617,TUTICORIN,SELF FINANCING COLLEGES TIER 3,EC,ELECTRONICS AND COMMUNICATION ENGINEERING,131.0,119.0,94.5,115.0,85.0,,,0,0,1,1,0,0,0
4957,Jayaraj Annapackiam CSI College of Engineering  Nazareth  Thoothukudi District 628617,TUTICORIN,SELF FINANCING COLLEGES TIER 3,IT,INFORMATION TECHNOLOGY,143.5,130.5,102.0,93.0,90.5,136.0,,0,0,0,1,0,1,0
4957,Jayaraj Annapackiam CSI College of Engineering  Nazareth  Thoothukudi District 628617,TUTICORIN,SELF FINANCING COLLEGES TIER 3,ME,MECHANICAL ENGINEERING,109.0,88.0,104.5,97.5,94.0,,,0,0,1,1,1,0,0
4959,Kamaraj College of Engineering and Technology (Autonomous)  Virudhunagar District 626001,VIRUDHUNAGAR,SELF FINANCING COLLEGES TIER 3,AD,ARTIFICIAL INTELLIGENCE AND DATA SCIENCE,164.0,151.0,153.0,142.5,99.5,,,0,0,0,0,1,0,0
4959,Kamaraj College of Engineering and Technology (Autonomous)  Virudhunagar District 626001,VIRUDHUNAGAR,SELF FINANCING COLLEGES TIER 3,BT,BIO TECHNOLOGY,150.5,143.0,,124.0,113.0,,,0,0,0,1,1,0,0
4959,Kamaraj College of Engineering and Technology (Autonomous)  Virudhunagar District 626001,VIRUDHUNAGAR,SELF FINANCING COLLEGES TIER 3,CE,CIVIL  ENGINEERING,117.0,,,,,,,0,0,0,0,0,0,0
4959,Kamaraj College of Engineering and Technology (Autonomous)  Virudhunagar District 626001,VIRUDHUNAGAR,SELF FINANCING COLLEGES TIER 3,CS,COMPUTER SCIENCE AND ENGINEERING,163.0,152.0,153.5,137.5,87.0,131.5,,0,0,0,0,1,1,0
4959,Kamaraj College of Engineering and Technology (Autonomous)  Virudhunagar District 626001,VIRUDHUNAGAR,SELF FINANCING COLLEGES TIER 3,EC,ELECTRONICS AND COMMUNICATION ENGINEERING,158.0,148.0,147.0,126.0,111.5,,,0,0,0,0,1,0,0
4959,Kamaraj College of Engineering and Technology (Autonomous)  Virudhunagar District 626001,VIRUDHUNAGAR,SELF FINANCING COLLEGES TIER 3,EE,ELECTRICAL AND ELECTRONICS ENGINEERING,145.5,143.0,,131.0,,,,0,0,0,1,0,0,0
4959,Kamaraj College of Engineering and Technology (Autonomous)  Virudhunagar District 626001,VIRUDHUNAGAR,SELF FINANCING COLLEGES TIER 3,IT,INFORMATION TECHNOLOGY,156.5,150.5,144.0,135.0,117.0,,,0,0,0,0,1,0,0
4959,Kamaraj College of Engineering and Technology (Autonomous)  Virudhunagar District 626001,VIRUDHUNAGAR,SELF FINANCING COLLEGES TIER 3,ME,MECHANICAL ENGINEERING,127.5,114.0,111.0,106.0,,,,0,0,0,0,0,0,0
4959,Kamaraj College of Engineering and Technology (Autonomous)  Virudhunagar District 626001,VIRUDHUNAGAR,SELF FINANCING COLLEGES TIER 3,MZ,Mechatronics Engineering,133.5,105.5,131.5,,,,,0,0,0,0,0,0,0
4960,Mepco Schlenk Engineering College (Autonomous)   Sivakasi  Virudhunagar District 626005,VIRUDHUNAGAR,SELF FINANCING COLLEGES TIER 1,AD,ARTIFICIAL INTELLIGENCE AND DATA SCIENCE,177.5,168.5,163.5,164.5,122.5,139.0,,0,0,0,0,0,1,0
4960,Mepco Schlenk Engineering College (Autonomous)   Sivakasi  Virudhunagar District 626005,VIRUDHUNAGAR,SELF FINANCING COLLEGES TIER 1,BM,BIO MEDICAL ENGINEERING,148.5,132.5,,111.5,124.5,,,0,0,0,0,1,0,0
4960,Mepco Schlenk Engineering College (Autonomous)   Sivakasi  Virudhunagar District 626005,VIRUDHUNAGAR,SELF FINANCING COLLEGES TIER 1,BT,BIO TECHNOLOGY,163.0,143.0,155.0,121.5,,,,0,0,0,0,0,0,0
4960,Mepco Schlenk Engineering College (Autonomous)   Sivakasi  Virudhunagar District 626005,VIRUDHUNAGAR,SELF FINANCING COLLEGES TIER 1,CE,CIVIL  ENGINEERING,142.5,124.0,91.5,98.5,108.0,,,0,0,0,1,1,0,0
4960,Mepco Schlenk Engineering College (Autonomous)   Sivakasi  Virudhunagar District 626005,VIRUDHUNAGAR,SELF FINANCING COLLEGES TIER 1,CS,COMPUTER SCIENCE AND ENGINEERING,185.0,178.0,178.0,163.5,143.0,123.5,,0,0,0,0,0,1,0
4960,Mepco Schlenk Engineering College (Autonomous)   Sivakasi  Virudhunagar District 626005,VIRUDHUNAGAR,SELF FINANCING COLLEGES TIER 1,EC,ELECTRONICS AND COMMUNICATION ENGINEERING,177.5,169.5,171.0,156.5,118.5,,,0,0,0,0,0,0,0
4960,Mepco Schlenk Engineering College (Autonomous)   Sivakasi  Virudhunagar District 626005,VIRUDHUNAGAR,SELF FINANCING COLLEGES TIER 1,EE,ELECTRICAL AND ELECTRONICS ENGINEERING,163.5,155.5,160.0,142.5,107.5,,,0,0,0,0,0,0,0
4960,Mepco Schlenk Engineering College (Autonomous)   Sivakasi  Virudhunagar District 626005,VIRUDHUNAGAR,SELF FINANCING COLLEGES TIER 1,IT,INFORMATION TECHNOLOGY,175.0,170.0,163.0,161.5,131.5,130.0,,0,0,0,0,0,1,0
4960,Mepco Schlenk Engineering College (Autonomous)   Sivakasi  Virudhunagar District 626005,VIRUDHUNAGAR,SELF FINANCING COLLEGES TIER 1,ME,MECHANICAL ENGINEERING,147.5,127.5,138.5,116.0,93.0,,,0,0,0,0,1,0,0
4961,"Nellai College of Engineering, Maruthakulam Post  Tirunelveli District 627151",TIRUNELVELI,SELF FINANCING COLLEGES TIER 3,CE,CIVIL  ENGINEERING,105.0,,,,,,,1,0,0,0,0,0,0
4961,"Nellai College of Engineering, Maruthakulam Post  Tirunelveli District 627151",TIRUNELVELI,SELF FINANCING COLLEGES TIER 3,CS,COMPUTER SCIENCE AND ENGINEERING,122.5,99.0,105.5,,96.0,,,0,1,1,0,1,0,0
4961,"Nellai College of Engineering, Maruthakulam Post  Tirunelveli District 627151",TIRUNELVELI,SELF FINANCING COLLEGES TIER 3,EC,ELECTRONICS AND COMMUNICATION ENGINEERING,87.5,,,,,,,1,0,0,0,0,0,0
4961,"Nellai College of Engineering, Maruthakulam Post  Tirunelveli District 627151",TIRUNELVELI,SELF FINANCING COLLEGES TIER 3,EE,ELECTRICAL AND ELECTRONICS ENGINEERING,86.0,,,,,,,1,0,0,0,0,0,0
4961,"Nellai College of Engineering, Maruthakulam Post  Tirunelveli District 627151",TIRUNELVELI,SELF FINANCING COLLEGES TIER 3,ME,MECHANICAL ENGINEERING,95.5,,,,,,,1,0,0,0,0,0,0
4962,National  Engineering College (Autonomous)  Kovilpatti  Thoothukudi District 628503,TUTICORIN,SELF FINANCING COLLEGES TIER 2,AD,ARTIFICIAL INTELLIGENCE AND DATA SCIENCE,174.5,169.0,171.5,158.5,132.5,,,0,0,0,0,0,0,0
4962,National  Engineering College (Autonomous)  Kovilpatti  Thoothukudi District 628503,TUTICORIN,SELF FINANCING COLLEGES TIER 2,CE,CIVIL  ENGINEERING,150.5,123.5,,117.0,112.5,,,0,0,0,0,1,0,0
4962,National  Engineering College (Autonomous)  Kovilpatti  Thoothukudi District 628503,TUTICORIN,SELF FINANCING COLLEGES TIER 2,CS,COMPUTER SCIENCE AND ENGINEERING,183.5,175.0,182.0,165.5,135.5,108.5,,0,0,0,0,0,1,0
4962,National  Engineering College (Autonomous)  Kovilpatti  Thoothukudi District 628503,TUTICORIN,SELF FINANCING COLLEGES TIER 2,EC,ELECTRONICS AND COMMUNICATION ENGINEERING,177.0,170.5,169.5,159.0,127.5,,,0,0,0,0,0,0,0
4962,National  Engineering College (Autonomous)  Kovilpatti  Thoothukudi District 628503,TUTICORIN,SELF FINANCING COLLEGES TIER 2,EE,ELECTRICAL AND ELECTRONICS ENGINEERING,169.0,160.5,163.5,153.0,117.0,,,0,0,0,0,0,0,0
4962,National  Engineering College (Autonomous)  Kovilpatti  Thoothukudi District 628503,TUTICORIN,SELF FINANCING COLLEGES TIER 2,IT,INFORMATION TECHNOLOGY,179.5,173.779999999999,178.0,163.0,135.5,,,0,0,0,0,0,0,0
4962,National  Engineering College (Autonomous)  Kovilpatti  Thoothukudi District 628503,TUTICORIN,SELF FINANCING COLLEGES TIER 2,ME,MECHANICAL ENGINEERING,146.0,134.0,118.0,129.5,114.0,,,0,0,0,0,1,0,0
4964,PSN College of Engineering and  Technology (Autonomous) Melathediyoor  Tirunelveli-627 152,TIRUNELVELI,SELF FINANCING COLLEGES TIER 3,AE,AERONAUTICAL ENGINEERING,104.5,101.5,94.5,98.5,87.0,,,0,1,1,1,1,0,0
4964,PSN College of Engineering and  Technology (Autonomous) Melathediyoor  Tirunelveli-627 152,TIRUNELVELI,SELF FINANCING COLLEGES TIER 3,CE,CIVIL  ENGINEERING,91.0,,,,,,,1,0,0,0,0,0,0
4964,PSN College of Engineering and  Technology (Autonomous) Melathediyoor  Tirunelveli-627 152,TIRUNELVELI,SELF FINANCING COLLEGES TIER 3,CS,COMPUTER SCIENCE AND ENGINEERING,143.5,127.5,91.0,104.0,119.5,,,0,0,0,0,0,0,0
4964,PSN College of Engineering and  Technology (Autonomous) Melathediyoor  Tirunelveli-627 152,TIRUNELVELI,SELF FINANCING COLLEGES TIER 3,EC,ELECTRONICS AND COMMUNICATION ENGINEERING,115.5,94.0,88.0,88.0,92.0,,,0,0,0,1,0,0,0
4964,PSN College of Engineering and  Technology (Autonomous) Melathediyoor  Tirunelveli-627 152,TIRUNELVELI,SELF FINANCING COLLEGES TIER 3,EE,ELECTRICAL AND ELECTRONICS ENGINEERING,102.5,87.0,,84.5,82.5,,,0,1,0,1,1,0,0
4964,PSN College of Engineering and  Technology (Autonomous) Melathediyoor  Tirunelveli-627 152,TIRUNELVELI,SELF FINANCING COLLEGES TIER 3,ME,MECHANICAL ENGINEERING,112.5,98.0,,,89.0,,,0,1,0,0,1,0,0
4964,PSN College of Engineering and  Technology (Autonomous) Melathediyoor  Tirunelveli-627 152,TIRUNELVELI,SELF FINANCING COLLEGES TIER 3,MR,MARINE ENGINEERING,129.5,,,,,,,1,0,0,0,0,0,0
4964,PSN College of Engineering and  Technology (Autonomous) Melathediyoor  Tirunelveli-627 152,TIRUNELVELI,SELF FINANCING COLLEGES TIER 3,MU,MECHANICAL AND AUTOMATION ENGINEERING,87.0,,,,,,,1,0,0,0,0,0,0
4965,P S R  Engineering College (Autonomous)  Appayanaickenpatti  Sevalpatty  Virudhunagar District 626140,VIRUDHUNAGAR,SELF FINANCING COLLEGES TIER 3,AD,ARTIFICIAL INTELLIGENCE AND DATA SCIENCE,155.0,147.0,144.0,136.0,130.0,,,0,0,0,0,0,0,0
4965,P S R  Engineering College (Autonomous)  Appayanaickenpatti  Sevalpatty  Virudhunagar District 626140,VIRUDHUNAGAR,SELF FINANCING COLLEGES TIER 3,BM,BIO MEDICAL ENGINEERING,131.0,109.0,120.0,106.5,96.0,,,0,0,0,0,1,0,0
4965,P S R  Engineering College (Autonomous)  Appayanaickenpatti  Sevalpatty  Virudhunagar District 626140,VIRUDHUNAGAR,SELF FINANCING COLLEGES TIER 3,BT,BIO TECHNOLOGY,131.0,106.5,,111.5,108.0,,,0,0,0,1,1,0,0
4965,P S R  Engineering College (Autonomous)  Appayanaickenpatti  Sevalpatty  Virudhunagar District 626140,VIRUDHUNAGAR,SELF FINANCING COLLEGES TIER 3,CE,CIVIL  ENGINEERING,107.5,102.5,,82.0,,,,0,1,0,1,0,0,0
4965,P S R  Engineering College (Autonomous)  Appayanaickenpatti  Sevalpatty  Virudhunagar District 626140,VIRUDHUNAGAR,SELF FINANCING COLLEGES TIER 3,CS,COMPUTER SCIENCE AND ENGINEERING,160.0,147.0,144.5,129.0,140.5,97.0,,0,0,0,0,1,0,0
4965,P S R  Engineering College (Autonomous)  Appayanaickenpatti  Sevalpatty  Virudhunagar District 626140,VIRUDHUNAGAR,SELF FINANCING COLLEGES TIER 3,EC,ELECTRONICS AND COMMUNICATION ENGINEERING,143.5,133.0,118.5,130.0,89.0,102.0,,0,0,0,0,1,0,0
4965,P S R  Engineering College (Autonomous)  Appayanaickenpatti  Sevalpatty  Virudhunagar District 626140,VIRUDHUNAGAR,SELF FINANCING COLLEGES TIER 3,EE,ELECTRICAL AND ELECTRONICS ENGINEERING,129.5,118.0,,117.0,107.0,,,0,0,0,0,1,0,0
4965,P S R  Engineering College (Autonomous)  Appayanaickenpatti  Sevalpatty  Virudhunagar District 626140,VIRUDHUNAGAR,SELF FINANCING COLLEGES TIER 3,IT,INFORMATION TECHNOLOGY,151.0,144.0,142.5,138.0,127.0,,,0,0,0,0,0,0,0
4965,P S R  Engineering College (Autonomous)  Appayanaickenpatti  Sevalpatty  Virudhunagar District 626140,VIRUDHUNAGAR,SELF FINANCING COLLEGES TIER 3,ME,MECHANICAL ENGINEERING,115.5,96.0,115.5,89.0,97.5,,,0,1,1,0,1,0,0
4966,PET Engineering College  Vallioor Post  Tirunelveli District 627117,TIRUNELVELI,SELF FINANCING COLLEGES TIER 3,AD,ARTIFICIAL INTELLIGENCE AND DATA SCIENCE,141.0,129.5,140.5,116.0,,,,0,0,0,1,0,0,0
4966,PET Engineering College  Vallioor Post  Tirunelveli District 627117,TIRUNELVELI,SELF FINANCING COLLEGES TIER 3,CE,CIVIL  ENGINEERING,87.5,,,,,,,1,0,0,0,0,0,0
4966,PET Engineering College  Vallioor Post  Tirunelveli District 627117,TIRUNELVELI,SELF FINANCING COLLEGES TIER 3,CS,COMPUTER SCIENCE AND ENGINEERING,139.0,121.5,125.5,97.5,94.0,,,0,0,0,1,1,0,0
4966,PET Engineering College  Vallioor Post  Tirunelveli District 627117,TIRUNELVELI,SELF FINANCING COLLEGES TIER 3,EC,ELECTRONICS AND COMMUNICATION ENGINEERING,127.0,116.0,127.0,95.5,103.5,,,0,0,0,1,1,0,0
4966,PET Engineering College  Vallioor Post  Tirunelveli District 627117,TIRUNELVELI,SELF FINANCING COLLEGES TIER 3,EE,ELECTRICAL AND ELECTRONICS ENGINEERING,116.5,91.0,98.0,,111.0,,,0,0,0,0,1,0,0
4966,PET Engineering College  Vallioor Post  Tirunelveli District 627117,TIRUNELVELI,SELF FINANCING COLLEGES TIER 3,ME,MECHANICAL ENGINEERING,104.5,96.5,,,,,,0,1,0,0,0,0,0
4967,S Veerasamy Chettiar College of  Engineering and Technology  Puliangudi Post  Tenkasi District 627855,TENKASI,SELF FINANCING COLLEGES TIER 3,AD,ARTIFICIAL INTELLIGENCE AND DATA SCIENCE,104.0,,,,,,,1,0,0,0,0,0,0
4967,S Veerasamy Chettiar College of  Engineering and Technology  Puliangudi Post  Tenkasi District 627855,TENKASI,SELF FINANCING COLLEGES TIER 3,CE,CIVIL  ENGINEERING,82.5,,,,,,,1,0,0,0,0,0,0
4967,S Veerasamy Chettiar College of  Engineering and Technology  Puliangudi Post  Tenkasi District 627855,TENKASI,SELF FINANCING COLLEGES TIER 3,CS,COMPUTER SCIENCE AND ENGINEERING,107.0,99.0,94.5,,,,,0,1,0,0,0,0,0
4967,S Veerasamy Chettiar College of  Engineering and Technology  Puliangudi Post  Tenkasi District 627855,TENKASI,SELF FINANCING COLLEGES TIER 3,EC,ELECTRONICS AND COMMUNICATION ENGINEERING,105.0,96.5,90.0,89.0,92.5,,,0,1,0,1,1,0,0
4967,S Veerasamy Chettiar College of  Engineering and Technology  Puliangudi Post  Tenkasi District 627855,TENKASI,SELF FINANCING COLLEGES TIER 3,EE,ELECTRICAL AND ELECTRONICS ENGINEERING,103.5,,,,,,,1,0,0,0,0,0,0
4967,S Veerasamy Chettiar College of  Engineering and Technology  Puliangudi Post  Tenkasi District 627855,TENKASI,SELF FINANCING COLLEGES TIER 3,IT,INFORMATION TECHNOLOGY,102.5,,,,82.5,,,0,0,0,0,1,0,0
4967,S Veerasamy Chettiar College of  Engineering and Technology  Puliangudi Post  Tenkasi District 627855,TENKASI,SELF FINANCING COLLEGES TIER 3,ME,MECHANICAL ENGINEERING,110.5,,,,,,,1,0,0,0,0,0,0
4967,S Veerasamy Chettiar College of  Engineering and Technology  Puliangudi Post  Tenkasi District 627855,TENKASI,SELF FINANCING COLLEGES TIER 3,SC,Computer Science and Engineering (Cyber Security),92.0,,,,,,,1,0,0,0,0,0,0
4968,Sardar Raja College of Engineering  Alangulam  Tenkasi District 627808,TENKASI,SELF FINANCING COLLEGES TIER 3,AD,ARTIFICIAL INTELLIGENCE AND DATA SCIENCE,104.0,89.5,,,,,,0,1,0,0,0,0,0
4968,Sardar Raja College of Engineering  Alangulam  Tenkasi District 627808,TENKASI,SELF FINANCING COLLEGES TIER 3,CE,CIVIL  ENGINEERING,,,,,,,,0,0,0,0,0,0,0
4968,Sardar Raja College of Engineering  Alangulam  Tenkasi District 627808,TENKASI,SELF FINANCING COLLEGES TIER 3,CS,COMPUTER SCIENCE AND ENGINEERING,99.5,87.0,96.0,86.5,85.5,,,0,1,1,1,1,0,0
4968,Sardar Raja College of Engineering  Alangulam  Tenkasi District 627808,TENKASI,SELF FINANCING COLLEGES TIER 3,EC,ELECTRONICS AND COMMUNICATION ENGINEERING,99.0,,,,,,,1,0,0,0,0,0,0
4968,Sardar Raja College of Engineering  Alangulam  Tenkasi District 627808,TENKASI,SELF FINANCING COLLEGES TIER 3,EE,ELECTRICAL AND ELECTRONICS ENGINEERING,108.0,,,,,,,1,0,0,0,0,0,0
4968,Sardar Raja College of Engineering  Alangulam  Tenkasi District 627808,TENKASI,SELF FINANCING COLLEGES TIER 3,ME,MECHANICAL ENGINEERING,92.5,,,,,,,1,0,0,0,0,0,0
4969,SCAD College of Engineering and Technology  Cheranmahadevi  Tirunelveli District 627414,TIRUNELVELI,SELF FINANCING COLLEGES TIER 3,CE,CIVIL  ENGINEERING,96.5,,,,,,,1,0,0,0,0,0,0
4969,SCAD College of Engineering and Technology  Cheranmahadevi  Tirunelveli District 627414,TIRUNELVELI,SELF FINANCING COLLEGES TIER 3,CS,COMPUTER SCIENCE AND ENGINEERING,142.0,119.0,139.5,111.5,101.5,,,0,0,0,1,0,0,0
4969,SCAD College of Engineering and Technology  Cheranmahadevi  Tirunelveli District 627414,TIRUNELVELI,SELF FINANCING COLLEGES TIER 3,EC,ELECTRONICS AND COMMUNICATION ENGINEERING,138.5,118.0,127.0,80.0,90.0,,,0,0,0,1,1,0,0
4969,SCAD College of Engineering and Technology  Cheranmahadevi  Tirunelveli District 627414,TIRUNELVELI,SELF FINANCING COLLEGES TIER 3,EE,ELECTRICAL AND ELECTRONICS ENGINEERING,122.5,80.5,115.5,100.0,82.0,,,0,1,0,1,1,0,0
4969,SCAD College of Engineering and Technology  Cheranmahadevi  Tirunelveli District 627414,TIRUNELVELI,SELF FINANCING COLLEGES TIER 3,ME,MECHANICAL ENGINEERING,80.0,,,,,,,1,0,0,0,0,0,0
4970,Sree Sowdambika  College of Engineering  Aruppukkottai Taluk  Virudhunagar District 626134,VIRUDHUNAGAR,SELF FINANCING COLLEGES TIER 3,CE,CIVIL  ENGINEERING,97.0,,,,,,,1,0,0,0,0,0,0
4970,Sree Sowdambika  College of Engineering  Aruppukkottai Taluk  Virudhunagar District 626134,VIRUDHUNAGAR,SELF FINANCING COLLEGES TIER 3,CS,COMPUTER SCIENCE AND ENGINEERING,114.0,89.0,101.5,99.0,98.0,109.0,,0,1,1,1,1,1,0
4970,Sree Sowdambika  College of Engineering  Aruppukkottai Taluk  Virudhunagar District 626134,VIRUDHUNAGAR,SELF FINANCING COLLEGES TIER 3,EC,ELECTRONICS AND COMMUNICATION ENGINEERING,88.5,,,,,,,1,0,0,0,0,0,0
4970,Sree Sowdambika  College of Engineering  Aruppukkottai Taluk  Virudhunagar District 626134,VIRUDHUNAGAR,SELF FINANCING COLLEGES TIER 3,EE,ELECTRICAL AND ELECTRONICS ENGINEERING,89.0,,,,,,,1,0,0,0,0,0,0
4970,Sree Sowdambika  College of Engineering  Aruppukkottai Taluk  Virudhunagar District 626134,VIRUDHUNAGAR,SELF FINANCING COLLEGES TIER 3,ME,MECHANICAL ENGINEERING,114.0,,,,,,,1,0,0,0,0,0,0
4971,St. Xavier's Catholic College of Engineering (Autonomous)  Chunkankadai  Nagercoil  Kanyakumari District 629807,KANYAKUMARI,SELF FINANCING COLLEGES TIER 3,AD,ARTIFICIAL INTELLIGENCE AND DATA SCIENCE,177.5,173.5,143.5,146.5,,90.0,,0,0,0,0,0,0,0
4971,St. Xavier's Catholic College of Engineering (Autonomous)  Chunkankadai  Nagercoil  Kanyakumari District 629807,KANYAKUMARI,SELF FINANCING COLLEGES TIER 3,CE,CIVIL  ENGINEERING,101.5,97.5,,,,,,0,1,0,0,0,0,0
4971,St. Xavier's Catholic College of Engineering (Autonomous)  Chunkankadai  Nagercoil  Kanyakumari District 629807,KANYAKUMARI,SELF FINANCING COLLEGES TIER 3,CS,COMPUTER SCIENCE AND ENGINEERING,181.0,170.0,175.5,140.0,120.5,,,0,0,0,0,1,0,0
4971,St. Xavier's Catholic College of Engineering (Autonomous)  Chunkankadai  Nagercoil  Kanyakumari District 629807,KANYAKUMARI,SELF FINANCING COLLEGES TIER 3,EC,ELECTRONICS AND COMMUNICATION ENGINEERING,163.5,148.0,154.0,132.0,,,,0,0,0,0,0,0,0
4971,St. Xavier's Catholic College of Engineering (Autonomous)  Chunkankadai  Nagercoil  Kanyakumari District 629807,KANYAKUMARI,SELF FINANCING COLLEGES TIER 3,EE,ELECTRICAL AND ELECTRONICS ENGINEERING,147.5,137.0,146.75,106.0,95.0,,,0,0,0,0,1,0,0
4971,St. Xavier's Catholic College of Engineering (Autonomous)  Chunkankadai  Nagercoil  Kanyakumari District 629807,KANYAKUMARI,SELF FINANCING COLLEGES TIER 3,IT,INFORMATION TECHNOLOGY,166.5,160.0,,127.5,111.0,,,0,0,0,0,1,0,0
4971,St. Xavier's Catholic College of Engineering (Autonomous)  Chunkankadai  Nagercoil  Kanyakumari District 629807,KANYAKUMARI,SELF FINANCING COLLEGES TIER 3,ME,MECHANICAL ENGINEERING,135.5,112.5,119.0,93.5,87.0,,,0,0,0,1,1,0,0
4972,AMRITA  College of Engineering and Technology  Erachakulam Post  Kanyakumari District 629902,KANYAKUMARI,SELF FINANCING COLLEGES TIER 3,AD,ARTIFICIAL INTELLIGENCE AND DATA SCIENCE,162.5,142.0,121.0,115.5,118.0,,,0,0,0,1,1,0,0
4972,AMRITA  College of Engineering and Technology  Erachakulam Post  Kanyakumari District 629902,KANYAKUMARI,SELF FINANCING COLLEGES TIER 3,CE,CIVIL  ENGINEERING,123.0,103.5,,115.5,,,,0,0,0,1,0,0,0
4972,AMRITA  College of Engineering and Technology  Erachakulam Post  Kanyakumari District 629902,KANYAKUMARI,SELF FINANCING COLLEGES TIER 3,CS,COMPUTER SCIENCE AND ENGINEERING,160.0,141.5,130.5,118.0,111.5,,,0,0,0,1,1,0,0
4972,AMRITA  College of Engineering and Technology  Erachakulam Post  Kanyakumari District 629902,KANYAKUMARI,SELF FINANCING COLLEGES TIER 3,EC,ELECTRONICS AND COMMUNICATION ENGINEERING,154.0,138.5,120.5,,151.5,,,0,0,1,0,1,0,0
4972,AMRITA  College of Engineering and Technology  Erachakulam Post  Kanyakumari District 629902,KANYAKUMARI,SELF FINANCING COLLEGES TIER 3,EE,ELECTRICAL AND ELECTRONICS ENGINEERING,131.5,118.5,,,,,,0,0,0,0,0,0,0
4972,AMRITA  College of Engineering and Technology  Erachakulam Post  Kanyakumari District 629902,KANYAKUMARI,SELF FINANCING COLLEGES TIER 3,ME,MECHANICAL ENGINEERING,123.0,116.0,,,,,,0,0,0,0,0,0,0
4975,Dr. G U Pope College of Engineering  Sawyerpuram  Thoothukudi District  628251,TUTICORIN,SELF FINANCING COLLEGES TIER 3,CE,CIVIL  ENGINEERING,97.0,,,,,,,1,0,0,0,0,0,0
4975,Dr. G U Pope College of Engineering  Sawyerpuram  Thoothukudi District  628251,TUTICORIN,SELF FINANCING COLLEGES TIER 3,CS,COMPUTER SCIENCE AND ENGINEERING,124.5,99.0,113.5,113.0,104.0,,,0,0,1,1,1,0,0
4975,Dr. G U Pope College of Engineering  Sawyerpuram  Thoothukudi District  628251,TUTICORIN,SELF FINANCING COLLEGES TIER 3,EC,ELECTRONICS AND COMMUNICATION ENGINEERING,135.5,102.0,103.0,115.5,116.0,,,0,0,0,1,1,0,0
4975,Dr. G U Pope College of Engineering  Sawyerpuram  Thoothukudi District  628251,TUTICORIN,SELF FINANCING COLLEGES TIER 3,EE,ELECTRICAL AND ELECTRONICS ENGINEERING,102.0,85.0,94.0,96.5,82.0,,,0,1,1,1,1,0,0
4975,Dr. G U Pope College of Engineering  Sawyerpuram  Thoothukudi District  628251,TUTICORIN,SELF FINANCING COLLEGES TIER 3,ME,MECHANICAL ENGINEERING,82.0,,,,,,,1,0,0,0,0,0,0
4976,Infant Jesus College of Engineering  Thoothukudi Highway (NH7/A)  Thoothukudi District 628851,TUTICORIN,SELF FINANCING COLLEGES TIER 3,AE,AERONAUTICAL ENGINEERING,102.5,,,,80.5,,,0,0,0,0,1,0,0
4976,Infant Jesus College of Engineering  Thoothukudi Highway (NH7/A)  Thoothukudi District 628851,TUTICORIN,SELF FINANCING COLLEGES TIER 3,AG,AGRICULTURAL ENGINEERING,88.0,,,,,,,0,0,0,0,0,0,0
4976,Infant Jesus College of Engineering  Thoothukudi Highway (NH7/A)  Thoothukudi District 628851,TUTICORIN,SELF FINANCING COLLEGES TIER 3,CS,COMPUTER SCIENCE AND ENGINEERING,124.5,90.0,,90.5,91.0,,,0,1,0,1,1,0,0
4976,Infant Jesus College of Engineering  Thoothukudi Highway (NH7/A)  Thoothukudi District 628851,TUTICORIN,SELF FINANCING COLLEGES TIER 3,EC,ELECTRONICS AND COMMUNICATION ENGINEERING,103.5,,,,,,,1,0,0,0,0,0,0
4976,Infant Jesus College of Engineering  Thoothukudi Highway (NH7/A)  Thoothukudi District 628851,TUTICORIN,SELF FINANCING COLLEGES TIER 3,ME,MECHANICAL ENGINEERING,87.0,,,,,,,0,0,0,0,0,0,0
4977,Narayanaguru College of Engineering  Manjalumoodu  Kanyakumari District 629151,KANYAKUMARI,SELF FINANCING COLLEGES TIER 3,AD,ARTIFICIAL INTELLIGENCE AND DATA SCIENCE,142.0,140.5,,97.5,,,,0,1,0,1,0,0,0
4977,Narayanaguru College of Engineering  Manjalumoodu  Kanyakumari District 629151,KANYAKUMARI,SELF FINANCING COLLEGES TIER 3,AU,AUTOMOBILE ENGINEERING,,,,,,,,0,0,0,0,0,0,0
4977,Narayanaguru College of Engineering  Manjalumoodu  Kanyakumari District 629151,KANYAKUMARI,SELF FINANCING COLLEGES TIER 3,CE,CIVIL  ENGINEERING,,,,,,,,0,0,0,0,0,0,0
4977,Narayanaguru College of Engineering  Manjalumoodu  Kanyakumari District 629151,KANYAKUMARI,SELF FINANCING COLLEGES TIER 3,CS,COMPUTER SCIENCE AND ENGINEERING,107.5,,,,,,,1,0,0,0,0,0,0
4977,Narayanaguru College of Engineering  Manjalumoodu  Kanyakumari District 629151,KANYAKUMARI,SELF FINANCING COLLEGES TIER 3,EC,ELECTRONICS AND COMMUNICATION ENGINEERING,86.0,,,,,,,1,0,0,0,0,0,0
4977,Narayanaguru College of Engineering  Manjalumoodu  Kanyakumari District 629151,KANYAKUMARI,SELF FINANCING COLLEGES TIER 3,EE,ELECTRICAL AND ELECTRONICS ENGINEERING,93.5,,,,,,,1,0,0,0,0,0,0
4977,Narayanaguru College of Engineering  Manjalumoodu  Kanyakumari District 629151,KANYAKUMARI,SELF FINANCING COLLEGES TIER 3,ME,MECHANICAL ENGINEERING,100.5,,,,,,,1,0,0,0,0,0,0
4978,Udaya School of Engineering  Ammandivilai Post  Kanyakumari District 629204,KANYAKUMARI,SELF FINANCING COLLEGES TIER 3,AE,AERONAUTICAL ENGINEERING,107.5,,,,,,,1,0,0,0,0,0,0
4978,Udaya School of Engineering  Ammandivilai Post  Kanyakumari District 629204,KANYAKUMARI,SELF FINANCING COLLEGES TIER 3,AG,AGRICULTURAL ENGINEERING,117.499999999999,,,,,,,1,0,0,0,0,0,0
4978,Udaya School of Engineering  Ammandivilai Post  Kanyakumari District 629204,KANYAKUMARI,SELF FINANCING COLLEGES TIER 3,AM,COMPUTER SCIENCE AND ENGINEERING (ARTIFICIAL INTELLIGENCE AND MACHINE LEARNING),83.0,,,,,,,1,0,0,0,0,0,0
4978,Udaya School of Engineering  Ammandivilai Post  Kanyakumari District 629204,KANYAKUMARI,SELF FINANCING COLLEGES TIER 3,BM,BIO MEDICAL ENGINEERING,84.0,,,,,,,1,0,0,0,0,0,0
4978,Udaya School of Engineering  Ammandivilai Post  Kanyakumari District 629204,KANYAKUMARI,SELF FINANCING COLLEGES TIER 3,BT,BIO TECHNOLOGY,93.5,,,,,,,1,0,0,0,0,0,0
4978,Udaya School of Engineering  Ammandivilai Post  Kanyakumari District 629204,KANYAKUMARI,SELF FINANCING COLLEGES TIER 3,CE,CIVIL  ENGINEERING,,,,,,,,0,0,0,0,0,0,0
4978,Udaya School of Engineering  Ammandivilai Post  Kanyakumari District 629204,KANYAKUMARI,SELF FINANCING COLLEGES TIER 3,CS,COMPUTER SCIENCE AND ENGINEERING,95.5,88.5,,85.0,,,,0,1,0,1,0,0,0
4978,Udaya School of Engineering  Ammandivilai Post  Kanyakumari District 629204,KANYAKUMARI,SELF FINANCING COLLEGES TIER 3,EC,ELECTRONICS AND COMMUNICATION ENGINEERING,92.0,,,,,,,1,0,0,0,0,0,0
4978,Udaya School of Engineering  Ammandivilai Post  Kanyakumari District 629204,KANYAKUMARI,SELF FINANCING COLLEGES TIER 3,EE,ELECTRICAL AND ELECTRONICS ENGINEERING,98.0,,,,,,,1,0,0,0,0,0,0
4978,Udaya School of Engineering  Ammandivilai Post  Kanyakumari District 629204,KANYAKUMARI,SELF FINANCING COLLEGES TIER 3,ME,MECHANICAL ENGINEERING,93.5,,,,,,,1,0,0,0,0,0,0
4978,Udaya School of Engineering  Ammandivilai Post  Kanyakumari District 629204,KANYAKUMARI,SELF FINANCING COLLEGES TIER 3,RM,ROBOTICS AND AUTOMATION,,,,,,,,0,0,0,0,0,0,0
4978,Udaya School of Engineering  Ammandivilai Post  Kanyakumari District 629204,KANYAKUMARI,SELF FINANCING COLLEGES TIER 3,SC,Computer Science and Engineering (Cyber Security),87.0,,,,,,,1,0,0,0,0,0,0
4979,Arul Tharum VPMM College of Engineering and Technology (Formerly V.P.Muthaiah Pillai Meenakshi Ammal Engineering College for Women)  Krishnakoil Virudhunagar-626 190,VIRUDHUNAGAR,SELF FINANCING COLLEGES TIER 3,CE,CIVIL  ENGINEERING,,,,,,,,0,0,0,0,0,0,0
4979,Arul Tharum VPMM College of Engineering and Technology (Formerly V.P.Muthaiah Pillai Meenakshi Ammal Engineering College for Women)  Krishnakoil Virudhunagar-626 190,VIRUDHUNAGAR,SELF FINANCING COLLEGES TIER 3,CS,COMPUTER SCIENCE AND ENGINEERING,119.0,105.0,106.5,110.0,102.5,103.5,,0,1,1,1,1,0,0
4979,Arul Tharum VPMM College of Engineering and Technology (Formerly V.P.Muthaiah Pillai Meenakshi Ammal Engineering College for Women)  Krishnakoil Virudhunagar-626 190,VIRUDHUNAGAR,SELF FINANCING COLLEGES TIER 3,EC,ELECTRONICS AND COMMUNICATION ENGINEERING,,,,,,,,0,0,0,0,0,0,0
4979,Arul Tharum VPMM College of Engineering and Technology (Formerly V.P.Muthaiah Pillai Meenakshi Ammal Engineering College for Women)  Krishnakoil Virudhunagar-626 190,VIRUDHUNAGAR,SELF FINANCING COLLEGES TIER 3,EE,ELECTRICAL AND ELECTRONICS ENGINEERING,,,,,,,,0,0,0,0,0,0,0
4979,Arul Tharum VPMM College of Engineering and Technology (Formerly V.P.Muthaiah Pillai Meenakshi Ammal Engineering College for Women)  Krishnakoil Virudhunagar-626 190,VIRUDHUNAGAR,SELF FINANCING COLLEGES TIER 3,IT,INFORMATION TECHNOLOGY,114.5,,,,,,,1,0,0,0,0,0,0
4980,Einstein College of Engineering  Seethaparpanallur  Tirunelveli District 627012,TIRUNELVELI,SELF FINANCING COLLEGES TIER 3,CE,CIVIL  ENGINEERING,111.5,,,,,,,0,0,0,0,0,0,0
4980,Einstein College of Engineering  Seethaparpanallur  Tirunelveli District 627012,TIRUNELVELI,SELF FINANCING COLLEGES TIER 3,CS,COMPUTER SCIENCE AND ENGINEERING,151.0,138.5,143.5,101.0,113.0,98.0,,0,0,0,1,1,1,0
4980,Einstein College of Engineering  Seethaparpanallur  Tirunelveli District 627012,TIRUNELVELI,SELF FINANCING COLLEGES TIER 3,EC,ELECTRONICS AND COMMUNICATION ENGINEERING,136.0,124.5,129.5,101.5,,,,0,0,0,1,0,0,0
4980,Einstein College of Engineering  Seethaparpanallur  Tirunelveli District 627012,TIRUNELVELI,SELF FINANCING COLLEGES TIER 3,EE,ELECTRICAL AND ELECTRONICS ENGINEERING,109.5,107.0,,,109.5,,,0,1,0,0,1,0,0
4980,Einstein College of Engineering  Seethaparpanallur  Tirunelveli District 627012,TIRUNELVELI,SELF FINANCING COLLEGES TIER 3,ME,MECHANICAL ENGINEERING,82.0,,,,,,,1,0,0,0,0,0,0
4981,Ponjesly College of  Engineering  Vettornimadam Post  Nagercoil  Kanyakumari District 629003,KANYAKUMARI,SELF FINANCING COLLEGES TIER 3,AD,ARTIFICIAL INTELLIGENCE AND DATA SCIENCE,154.0,140.0,153.0,113.0,,,,0,0,0,0,0,0,0
4981,Ponjesly College of  Engineering  Vettornimadam Post  Nagercoil  Kanyakumari District 629003,KANYAKUMARI,SELF FINANCING COLLEGES TIER 3,CE,CIVIL  ENGINEERING,113.5,95.5,,,,,,0,1,0,0,0,0,0
4981,Ponjesly College of  Engineering  Vettornimadam Post  Nagercoil  Kanyakumari District 629003,KANYAKUMARI,SELF FINANCING COLLEGES TIER 3,CS,COMPUTER SCIENCE AND ENGINEERING,158.5,149.0,140.0,107.5,96.0,,,0,0,0,0,1,0,0
4981,Ponjesly College of  Engineering  Vettornimadam Post  Nagercoil  Kanyakumari District 629003,KANYAKUMARI,SELF FINANCING COLLEGES TIER 3,EC,ELECTRONICS AND COMMUNICATION ENGINEERING,148.5,141.0,146.5,91.0,,108.5,,0,0,0,1,0,0,0
4981,Ponjesly College of  Engineering  Vettornimadam Post  Nagercoil  Kanyakumari District 629003,KANYAKUMARI,SELF FINANCING COLLEGES TIER 3,EE,ELECTRICAL AND ELECTRONICS ENGINEERING,130.0,102.0,124.0,,,,,0,0,0,0,0,0,0
4981,Ponjesly College of  Engineering  Vettornimadam Post  Nagercoil  Kanyakumari District 629003,KANYAKUMARI,SELF FINANCING COLLEGES TIER 3,IT,INFORMATION TECHNOLOGY,146.5,144.0,139.5,97.5,,,,0,0,0,0,0,0,0
4981,Ponjesly College of  Engineering  Vettornimadam Post  Nagercoil  Kanyakumari District 629003,KANYAKUMARI,SELF FINANCING COLLEGES TIER 3,ME,MECHANICAL ENGINEERING,114.0,97.5,103.0,89.0,,,,0,1,1,1,0,0,0
4982,Vins Christian College of Engineering  Chunkankadai Post  Nagercoil  Kanyakumari District  629807,KANYAKUMARI,SELF FINANCING COLLEGES TIER 3,AD,ARTIFICIAL INTELLIGENCE AND DATA SCIENCE,97.0,,,,,,,1,0,0,0,0,0,0
4982,Vins Christian College of Engineering  Chunkankadai Post  Nagercoil  Kanyakumari District  629807,KANYAKUMARI,SELF FINANCING COLLEGES TIER 3,AM,COMPUTER SCIENCE AND ENGINEERING (ARTIFICIAL INTELLIGENCE AND MACHINE LEARNING),103.0,,,,,,,1,0,0,0,0,0,0
4982,Vins Christian College of Engineering  Chunkankadai Post  Nagercoil  Kanyakumari District  629807,KANYAKUMARI,SELF FINANCING COLLEGES TIER 3,CE,CIVIL  ENGINEERING,,,,,,,,0,0,0,0,0,0,0
4982,Vins Christian College of Engineering  Chunkankadai Post  Nagercoil  Kanyakumari District  629807,KANYAKUMARI,SELF FINANCING COLLEGES TIER 3,CS,COMPUTER SCIENCE AND ENGINEERING,101.5,95.5,,,,,,0,1,0,0,0,0,0
4982,Vins Christian College of Engineering  Chunkankadai Post  Nagercoil  Kanyakumari District  629807,KANYAKUMARI,SELF FINANCING COLLEGES TIER 3,EC,ELECTRONICS AND COMMUNICATION ENGINEERING,156.0,,,,,,,1,0,0,0,0,0,0
4982,Vins Christian College of Engineering  Chunkankadai Post  Nagercoil  Kanyakumari District  629807,KANYAKUMARI,SELF FINANCING COLLEGES TIER 3,EE,ELECTRICAL AND ELECTRONICS ENGINEERING,,,,,,,,0,0,0,0,0,0,0
4982,Vins Christian College of Engineering  Chunkankadai Post  Nagercoil  Kanyakumari District  629807,KANYAKUMARI,SELF FINANCING COLLEGES TIER 3,ME,MECHANICAL ENGINEERING,97.5,,,,,,,1,0,0,0,0,0,0
4982,Vins Christian College of Engineering  Chunkankadai Post  Nagercoil  Kanyakumari District  629807,KANYAKUMARI,SELF FINANCING COLLEGES TIER 3,SC,Computer Science and Engineering (Cyber Security),,,,,,,,0,0,0,0,0,0,0
4983,Lord Jegannath College of Engineering and Technology  Kumarapuram  Thoppur Post  Kanyakumari District 629402,KANYAKUMARI,SELF FINANCING COLLEGES TIER 3,AE,AERONAUTICAL ENGINEERING,137.0,,,,,,,1,0,0,0,0,0,0
4983,Lord Jegannath College of Engineering and Technology  Kumarapuram  Thoppur Post  Kanyakumari District 629402,KANYAKUMARI,SELF FINANCING COLLEGES TIER 3,AG,AGRICULTURAL ENGINEERING,,,,,,,,0,0,0,0,0,0,0
4983,Lord Jegannath College of Engineering and Technology  Kumarapuram  Thoppur Post  Kanyakumari District 629402,KANYAKUMARI,SELF FINANCING COLLEGES TIER 3,CE,CIVIL  ENGINEERING,,,,,,,,0,0,0,0,0,0,0
4983,Lord Jegannath College of Engineering and Technology  Kumarapuram  Thoppur Post  Kanyakumari District 629402,KANYAKUMARI,SELF FINANCING COLLEGES TIER 3,CS,COMPUTER SCIENCE AND ENGINEERING,94.5,82.0,89.5,,,,,0,1,1,0,0,0,0
4983,Lord Jegannath College of Engineering and Technology  Kumarapuram  Thoppur Post  Kanyakumari District 629402,KANYAKUMARI,SELF FINANCING COLLEGES TIER 3,EC,ELECTRONICS AND COMMUNICATION ENGINEERING,,,,,,,,0,0,0,0,0,0,0
4983,Lord Jegannath College of Engineering and Technology  Kumarapuram  Thoppur Post  Kanyakumari District 629402,KANYAKUMARI,SELF FINANCING COLLEGES TIER 3,EE,ELECTRICAL AND ELECTRONICS ENGINEERING,,,,,,,,0,0,0,0,0,0,0
4983,Lord Jegannath College of Engineering and Technology  Kumarapuram  Thoppur Post  Kanyakumari District 629402,KANYAKUMARI,SELF FINANCING COLLEGES TIER 3,ME,MECHANICAL ENGINEERING,,,,,,,,0,0,0,0,0,0,0
4983,Lord Jegannath College of Engineering and Technology  Kumarapuram  Thoppur Post  Kanyakumari District 629402,KANYAKUMARI,SELF FINANCING COLLEGES TIER 3,RM,ROBOTICS AND AUTOMATION,,,,,,,,0,0,0,0,0,0,0
4984,Marthandam College of Engineering & Technology  Kuttakuzhi  Veeyanoor Post  Kanyakumari District 629177,KANYAKUMARI,SELF FINANCING COLLEGES TIER 3,AD,ARTIFICIAL INTELLIGENCE AND DATA SCIENCE,111.0,,,,,,,1,0,0,0,0,0,0
4984,Marthandam College of Engineering & Technology  Kuttakuzhi  Veeyanoor Post  Kanyakumari District 629177,KANYAKUMARI,SELF FINANCING COLLEGES TIER 3,CE,CIVIL  ENGINEERING,100.5,,,,,,,1,0,0,0,0,0,0
4984,Marthandam College of Engineering & Technology  Kuttakuzhi  Veeyanoor Post  Kanyakumari District 629177,KANYAKUMARI,SELF FINANCING COLLEGES TIER 3,CS,COMPUTER SCIENCE AND ENGINEERING,107.0,86.5,,,,,,0,1,0,0,0,0,0
4984,Marthandam College of Engineering & Technology  Kuttakuzhi  Veeyanoor Post  Kanyakumari District 629177,KANYAKUMARI,SELF FINANCING COLLEGES TIER 3,EC,ELECTRONICS AND COMMUNICATION ENGINEERING,106.5,,,,,,,1,0,0,0,0,0,0
4984,Marthandam College of Engineering & Technology  Kuttakuzhi  Veeyanoor Post  Kanyakumari District 629177,KANYAKUMARI,SELF FINANCING COLLEGES TIER 3,EE,ELECTRICAL AND ELECTRONICS ENGINEERING,89.0,,,,,,,1,0,0,0,0,0,0
4984,Marthandam College of Engineering & Technology  Kuttakuzhi  Veeyanoor Post  Kanyakumari District 629177,KANYAKUMARI,SELF FINANCING COLLEGES TIER 3,IT,INFORMATION TECHNOLOGY,85.5,,,,,,,1,0,0,0,0,0,0
4984,Marthandam College of Engineering & Technology  Kuttakuzhi  Veeyanoor Post  Kanyakumari District 629177,KANYAKUMARI,SELF FINANCING COLLEGES TIER 3,ME,MECHANICAL ENGINEERING,103.0,,,,,,,1,0,0,0,0,0,0
4986,"Noorul Islam College of Engineering and Technology, No.10/47, Haji Manzil Main Road, Thuckalay, Kanyakumari 629175",KANYAKUMARI,SELF FINANCING COLLEGES TIER 3,AD,ARTIFICIAL INTELLIGENCE AND DATA SCIENCE,118.5,,,,,,,1,0,0,0,0,0,0
4986,"Noorul Islam College of Engineering and Technology, No.10/47, Haji Manzil Main Road, Thuckalay, Kanyakumari 629175",KANYAKUMARI,SELF FINANCING COLLEGES TIER 3,CS,COMPUTER SCIENCE AND ENGINEERING,108.0,,,,,,,1,0,0,0,0,0,0
4986,"Noorul Islam College of Engineering and Technology, No.10/47, Haji Manzil Main Road, Thuckalay, Kanyakumari 629175",KANYAKUMARI,SELF FINANCING COLLEGES TIER 3,EC,ELECTRONICS AND COMMUNICATION ENGINEERING,,,,,,,,0,0,0,0,0,0,0
4986,"Noorul Islam College of Engineering and Technology, No.10/47, Haji Manzil Main Road, Thuckalay, Kanyakumari 629175",KANYAKUMARI,SELF FINANCING COLLEGES TIER 3,EE,ELECTRICAL AND ELECTRONICS ENGINEERING,,,,,,,,0,0,0,0,0,0,0
4986,"Noorul Islam College of Engineering and Technology, No.10/47, Haji Manzil Main Road, Thuckalay, Kanyakumari 629175",KANYAKUMARI,SELF FINANCING COLLEGES TIER 3,IT,INFORMATION TECHNOLOGY,108.0,,,,,,,1,0,0,0,0,0,0
4986,"Noorul Islam College of Engineering and Technology, No.10/47, Haji Manzil Main Road, Thuckalay, Kanyakumari 629175",KANYAKUMARI,SELF FINANCING COLLEGES TIER 3,ME,MECHANICAL ENGINEERING,104.0,,,,,,,1,0,0,0,0,0,0
4989,PSN Engineering College  Melathediyoor  Tirunelveli District 627152,TIRUNELVELI,SELF FINANCING COLLEGES TIER 3,AG,AGRICULTURAL ENGINEERING,94.0,,,,92.0,,,0,0,0,0,1,0,0
4989,PSN Engineering College  Melathediyoor  Tirunelveli District 627152,TIRUNELVELI,SELF FINANCING COLLEGES TIER 3,AU,AUTOMOBILE ENGINEERING,,,,,,,,0,0,0,0,0,0,0
4989,PSN Engineering College  Melathediyoor  Tirunelveli District 627152,TIRUNELVELI,SELF FINANCING COLLEGES TIER 3,CE,CIVIL  ENGINEERING,,,,,,,,0,0,0,0,0,0,0
4989,PSN Engineering College  Melathediyoor  Tirunelveli District 627152,TIRUNELVELI,SELF FINANCING COLLEGES TIER 3,CS,COMPUTER SCIENCE AND ENGINEERING,125.0,90.5,119.0,121.0,85.5,,,0,1,0,1,1,0,0
4989,PSN Engineering College  Melathediyoor  Tirunelveli District 627152,TIRUNELVELI,SELF FINANCING COLLEGES TIER 3,EC,ELECTRONICS AND COMMUNICATION ENGINEERING,107.0,97.5,,101.0,,,,0,1,0,1,0,0,0
4989,PSN Engineering College  Melathediyoor  Tirunelveli District 627152,TIRUNELVELI,SELF FINANCING COLLEGES TIER 3,IT,INFORMATION TECHNOLOGY,132.5,87.0,,113.0,104.0,,,0,0,0,1,1,0,0
4989,PSN Engineering College  Melathediyoor  Tirunelveli District 627152,TIRUNELVELI,SELF FINANCING COLLEGES TIER 3,ME,MECHANICAL ENGINEERING,94.5,,,,,,,1,0,0,0,0,0,0
4989,PSN Engineering College  Melathediyoor  Tirunelveli District 627152,TIRUNELVELI,SELF FINANCING COLLEGES TIER 3,MU,MECHANICAL AND AUTOMATION ENGINEERING,,,,,,,,0,0,0,0,0,0,0
4992,Bethlahem Institute of Engineering  Karungal  Kanyakumari District 629157,KANYAKUMARI,SELF FINANCING COLLEGES TIER 3,CE,CIVIL  ENGINEERING,114.0,,,,,,,1,0,0,0,0,0,0
4992,Bethlahem Institute of Engineering  Karungal  Kanyakumari District 629157,KANYAKUMARI,SELF FINANCING COLLEGES TIER 3,CS,COMPUTER SCIENCE AND ENGINEERING,118.5,91.0,101.5,92.5,109.5,,,0,1,0,1,1,0,0
4992,Bethlahem Institute of Engineering  Karungal  Kanyakumari District 629157,KANYAKUMARI,SELF FINANCING COLLEGES TIER 3,EC,ELECTRONICS AND COMMUNICATION ENGINEERING,98.5,86.5,,91.0,,,,0,1,0,1,0,0,0
4992,Bethlahem Institute of Engineering  Karungal  Kanyakumari District 629157,KANYAKUMARI,SELF FINANCING COLLEGES TIER 3,EE,ELECTRICAL AND ELECTRONICS ENGINEERING,85.5,,,,,,,1,0,0,0,0,0,0
4992,Bethlahem Institute of Engineering  Karungal  Kanyakumari District 629157,KANYAKUMARI,SELF FINANCING COLLEGES TIER 3,IT,INFORMATION TECHNOLOGY,106.0,90.0,,,92.0,,,0,1,0,0,1,0,0
4992,Bethlahem Institute of Engineering  Karungal  Kanyakumari District 629157,KANYAKUMARI,SELF FINANCING COLLEGES TIER 3,ME,MECHANICAL ENGINEERING,95.5,,,,,,,1,0,0,0,0,0,0
4993,Loyola Institute of Technology and Science  Loyola Nagar   P B No.2  Thovalai  Kanyakumari District 629302,KANYAKUMARI,SELF FINANCING COLLEGES TIER 3,AD,ARTIFICIAL INTELLIGENCE AND DATA SCIENCE,127.0,109.0,123.0,,,,,0,0,0,0,0,0,0
4993,Loyola Institute of Technology and Science  Loyola Nagar   P B No.2  Thovalai  Kanyakumari District 629302,KANYAKUMARI,SELF FINANCING COLLEGES TIER 3,AG,AGRICULTURAL ENGINEERING,98.5,,,91.0,,,,0,0,0,1,0,0,0
4993,Loyola Institute of Technology and Science  Loyola Nagar   P B No.2  Thovalai  Kanyakumari District 629302,KANYAKUMARI,SELF FINANCING COLLEGES TIER 3,AM,COMPUTER SCIENCE AND ENGINEERING (ARTIFICIAL INTELLIGENCE AND MACHINE LEARNING),114.0,87.0,,90.0,,,,0,1,0,1,0,0,0
4993,Loyola Institute of Technology and Science  Loyola Nagar   P B No.2  Thovalai  Kanyakumari District 629302,KANYAKUMARI,SELF FINANCING COLLEGES TIER 3,BM,BIO MEDICAL ENGINEERING,98.0,,,,,,,1,0,0,0,0,0,0
4993,Loyola Institute of Technology and Science  Loyola Nagar   P B No.2  Thovalai  Kanyakumari District 629302,KANYAKUMARI,SELF FINANCING COLLEGES TIER 3,CS,COMPUTER SCIENCE AND ENGINEERING,122.0,90.0,96.0,87.0,,,,0,1,1,1,0,0,0
4993,Loyola Institute of Technology and Science  Loyola Nagar   P B No.2  Thovalai  Kanyakumari District 629302,KANYAKUMARI,SELF FINANCING COLLEGES TIER 3,EC,ELECTRONICS AND COMMUNICATION ENGINEERING,106.5,90.0,,87.0,96.0,,,0,1,0,1,1,0,0
4993,Loyola Institute of Technology and Science  Loyola Nagar   P B No.2  Thovalai  Kanyakumari District 629302,KANYAKUMARI,SELF FINANCING COLLEGES TIER 3,EE,ELECTRICAL AND ELECTRONICS ENGINEERING,85.0,,,,,,,1,0,0,0,0,0,0
4993,Loyola Institute of Technology and Science  Loyola Nagar   P B No.2  Thovalai  Kanyakumari District 629302,KANYAKUMARI,SELF FINANCING COLLEGES TIER 3,IT,INFORMATION TECHNOLOGY,122.5,85.5,,114.0,,,,0,1,0,1,0,0,0
4993,Loyola Institute of Technology and Science  Loyola Nagar   P B No.2  Thovalai  Kanyakumari District 629302,KANYAKUMARI,SELF FINANCING COLLEGES TIER 3,ME,MECHANICAL ENGINEERING,95.0,,,,,,,1,0,0,0,0,0,0
4994,J P College of Engineering  College Road  Ayakudy  Tenkasi Taluk  Tenkasi District 627852,TENKASI,SELF FINANCING COLLEGES TIER 3,CE,CIVIL  ENGINEERING,117.0,102.5,,112.0,107.5,,,0,1,0,1,1,0,0
4994,J P College of Engineering  College Road  Ayakudy  Tenkasi Taluk  Tenkasi District 627852,TENKASI,SELF FINANCING COLLEGES TIER 3,CS,COMPUTER SCIENCE AND ENGINEERING,130.0,91.0,108.0,116.5,92.0,123.5,,0,0,1,1,1,1,0
4994,J P College of Engineering  College Road  Ayakudy  Tenkasi Taluk  Tenkasi District 627852,TENKASI,SELF FINANCING COLLEGES TIER 3,EC,ELECTRONICS AND COMMUNICATION ENGINEERING,129.5,92.0,,107.5,90.0,,,0,0,0,1,1,0,0
4994,J P College of Engineering  College Road  Ayakudy  Tenkasi Taluk  Tenkasi District 627852,TENKASI,SELF FINANCING COLLEGES TIER 3,EE,ELECTRICAL AND ELECTRONICS ENGINEERING,90.0,85.0,82.0,,,,,0,1,1,0,0,0,0
4994,J P College of Engineering  College Road  Ayakudy  Tenkasi Taluk  Tenkasi District 627852,TENKASI,SELF FINANCING COLLEGES TIER 3,IT,INFORMATION TECHNOLOGY,134.5,99.5,134.5,97.5,94.5,,,0,0,0,1,1,0,0
4994,J P College of Engineering  College Road  Ayakudy  Tenkasi Taluk  Tenkasi District 627852,TENKASI,SELF FINANCING COLLEGES TIER 3,ME,MECHANICAL ENGINEERING,103.5,94.0,,95.0,,,,0,1,0,1,0,0,0
4995,P.S.R.R College of Engineering  Appayanaickenpatti  Sevalpatti  Virudhunagar District 626140,VIRUDHUNAGAR,SELF FINANCING COLLEGES TIER 3,AD,ARTIFICIAL INTELLIGENCE AND DATA SCIENCE,136.5,133.0,104.5,110.5,104.0,,,0,0,0,0,1,0,0
4995,P.S.R.R College of Engineering  Appayanaickenpatti  Sevalpatti  Virudhunagar District 626140,VIRUDHUNAGAR,SELF FINANCING COLLEGES TIER 3,CS,COMPUTER SCIENCE AND ENGINEERING,142.5,141.5,,130.5,126.5,117.0,,0,0,0,0,1,0,0
4995,P.S.R.R College of Engineering  Appayanaickenpatti  Sevalpatti  Virudhunagar District 626140,VIRUDHUNAGAR,SELF FINANCING COLLEGES TIER 3,EC,ELECTRONICS AND COMMUNICATION ENGINEERING,125.0,116.0,87.5,95.0,122.5,,,0,0,1,1,1,0,0
4995,P.S.R.R College of Engineering  Appayanaickenpatti  Sevalpatti  Virudhunagar District 626140,VIRUDHUNAGAR,SELF FINANCING COLLEGES TIER 3,EE,ELECTRICAL AND ELECTRONICS ENGINEERING,110.5,96.0,,107.0,,,,0,1,0,1,0,0,0
4996,Sri Vidya College of Engineering and Technology  Sivakasi Main Road  P Kumaralinapuram  Virudhunagar District 626005,VIRUDHUNAGAR,SELF FINANCING COLLEGES TIER 3,AD,ARTIFICIAL INTELLIGENCE AND DATA SCIENCE,92.0,,,,,,,0,0,0,0,0,0,0
4996,Sri Vidya College of Engineering and Technology  Sivakasi Main Road  P Kumaralinapuram  Virudhunagar District 626005,VIRUDHUNAGAR,SELF FINANCING COLLEGES TIER 3,CB,COMPUTER SCIENCE AND BUSSINESS SYSTEM,96.0,,,,,,,1,0,0,0,0,0,0
4996,Sri Vidya College of Engineering and Technology  Sivakasi Main Road  P Kumaralinapuram  Virudhunagar District 626005,VIRUDHUNAGAR,SELF FINANCING COLLEGES TIER 3,CE,CIVIL  ENGINEERING,85.0,,,,,,,1,0,0,0,0,0,0
4996,Sri Vidya College of Engineering and Technology  Sivakasi Main Road  P Kumaralinapuram  Virudhunagar District 626005,VIRUDHUNAGAR,SELF FINANCING COLLEGES TIER 3,CS,COMPUTER SCIENCE AND ENGINEERING,143.5,123.5,126.5,98.5,88.5,,,0,1,0,1,0,0,0
4996,Sri Vidya College of Engineering and Technology  Sivakasi Main Road  P Kumaralinapuram  Virudhunagar District 626005,VIRUDHUNAGAR,SELF FINANCING COLLEGES TIER 3,EC,ELECTRONICS AND COMMUNICATION ENGINEERING,132.5,104.0,,107.5,104.5,,,0,1,0,1,1,0,0
4996,Sri Vidya College of Engineering and Technology  Sivakasi Main Road  P Kumaralinapuram  Virudhunagar District 626005,VIRUDHUNAGAR,SELF FINANCING COLLEGES TIER 3,EE,ELECTRICAL AND ELECTRONICS ENGINEERING,107.0,93.0,,94.5,86.0,,,0,1,0,1,1,0,0
4996,Sri Vidya College of Engineering and Technology  Sivakasi Main Road  P Kumaralinapuram  Virudhunagar District 626005,VIRUDHUNAGAR,SELF FINANCING COLLEGES TIER 3,ME,MECHANICAL ENGINEERING,92.0,82.0,,,,,,0,1,0,0,0,0,0
4998,Mahakavi Bharathiyar College of Engineering and Technology  Vasudevanallur  Tenkasi District 627758,TENKASI,SELF FINANCING COLLEGES TIER 3,CE,CIVIL  ENGINEERING,,,,,,,,0,0,0,0,0,0,0
4998,Mahakavi Bharathiyar College of Engineering and Technology  Vasudevanallur  Tenkasi District 627758,TENKASI,SELF FINANCING COLLEGES TIER 3,CS,COMPUTER SCIENCE AND ENGINEERING,157.5,,,,,,,1,0,0,0,0,0,0
4998,Mahakavi Bharathiyar College of Engineering and Technology  Vasudevanallur  Tenkasi District 627758,TENKASI,SELF FINANCING COLLEGES TIER 3,EC,ELECTRONICS AND COMMUNICATION ENGINEERING,,,,,,,,0,0,0,0,0,0,0
4998,Mahakavi Bharathiyar College of Engineering and Technology  Vasudevanallur  Tenkasi District 627758,TENKASI,SELF FINANCING COLLEGES TIER 3,EE,ELECTRICAL AND ELECTRONICS ENGINEERING,,,,,,,,0,0,0,0,0,0,0
4998,Mahakavi Bharathiyar College of Engineering and Technology  Vasudevanallur  Tenkasi District 627758,TENKASI,SELF FINANCING COLLEGES TIER 3,ME,MECHANICAL ENGINEERING,,,,,,,,0,0,0,0,0,0,0
4999,Annai Vailankanni College of Engineering  Pothaiyadi Salai  Pottalkulam  Azhagappapuram  Kanyakumari District 629401,KANYAKUMARI,SELF FINANCING COLLEGES TIER 3,AD,ARTIFICIAL INTELLIGENCE AND DATA SCIENCE,113.5,95.5,,,112.5,,,0,0,0,0,1,0,0
4999,Annai Vailankanni College of Engineering  Pothaiyadi Salai  Pottalkulam  Azhagappapuram  Kanyakumari District 629401,KANYAKUMARI,SELF FINANCING COLLEGES TIER 3,BM,BIO MEDICAL ENGINEERING,102.5,,,,,,,1,0,0,0,0,0,0
4999,Annai Vailankanni College of Engineering  Pothaiyadi Salai  Pottalkulam  Azhagappapuram  Kanyakumari District 629401,KANYAKUMARI,SELF FINANCING COLLEGES TIER 3,CS,COMPUTER SCIENCE AND ENGINEERING,121.5,101.5,,103.5,94.5,,,0,0,0,1,1,0,0
4999,Annai Vailankanni College of Engineering  Pothaiyadi Salai  Pottalkulam  Azhagappapuram  Kanyakumari District 629401,KANYAKUMARI,SELF FINANCING COLLEGES TIER 3,EC,ELECTRONICS AND COMMUNICATION ENGINEERING,101.0,94.0,,,,,,0,1,0,0,0,0,0
4999,Annai Vailankanni College of Engineering  Pothaiyadi Salai  Pottalkulam  Azhagappapuram  Kanyakumari District 629401,KANYAKUMARI,SELF FINANCING COLLEGES TIER 3,ME,MECHANICAL ENGINEERING,84.5,,,,,,,1,0,0,0,0,0,0
5502,Sri Raajaraajan College of Engineering & Technology  Amaravathi Village  Amaravathi Pudur Post  Karaikudi  Sivagangai District 630301,SIVAGANGAI,SELF FINANCING COLLEGES TIER 3,AD,ARTIFICIAL INTELLIGENCE AND DATA SCIENCE,122.5,99.0,,85.0,,,,0,1,0,1,0,0,0
5502,Sri Raajaraajan College of Engineering & Technology  Amaravathi Village  Amaravathi Pudur Post  Karaikudi  Sivagangai District 630301,SIVAGANGAI,SELF FINANCING COLLEGES TIER 3,AG,AGRICULTURAL ENGINEERING,110.0,,,,,,,0,0,0,0,0,0,0
5502,Sri Raajaraajan College of Engineering & Technology  Amaravathi Village  Amaravathi Pudur Post  Karaikudi  Sivagangai District 630301,SIVAGANGAI,SELF FINANCING COLLEGES TIER 3,CE,CIVIL  ENGINEERING,95.0,,,,,,,0,0,0,0,0,0,0
5502,Sri Raajaraajan College of Engineering & Technology  Amaravathi Village  Amaravathi Pudur Post  Karaikudi  Sivagangai District 630301,SIVAGANGAI,SELF FINANCING COLLEGES TIER 3,CS,COMPUTER SCIENCE AND ENGINEERING,128.0,99.0,123.0,113.5,,,,0,0,1,1,0,0,0
5502,Sri Raajaraajan College of Engineering & Technology  Amaravathi Village  Amaravathi Pudur Post  Karaikudi  Sivagangai District 630301,SIVAGANGAI,SELF FINANCING COLLEGES TIER 3,EC,ELECTRONICS AND COMMUNICATION ENGINEERING,90.5,,,,,,,1,0,0,0,0,0,0
5502,Sri Raajaraajan College of Engineering & Technology  Amaravathi Village  Amaravathi Pudur Post  Karaikudi  Sivagangai District 630301,SIVAGANGAI,SELF FINANCING COLLEGES TIER 3,EE,ELECTRICAL AND ELECTRONICS ENGINEERING,103.0,,,,,,,1,0,0,0,0,0,0
5502,Sri Raajaraajan College of Engineering & Technology  Amaravathi Village  Amaravathi Pudur Post  Karaikudi  Sivagangai District 630301,SIVAGANGAI,SELF FINANCING COLLEGES TIER 3,ME,MECHANICAL ENGINEERING,80.0,,,,,,,1,0,0,0,0,0,0
5530,SSM Institute of Engineering and Technology  Kuttathupatti Village  Sindalaigundu Post  Dindigul District 624002,DINDIGUL,SELF FINANCING COLLEGES TIER 3,AD,ARTIFICIAL INTELLIGENCE AND DATA SCIENCE,153.0,141.5,140.5,128.5,94.0,104.0,132.5,0,0,0,0,1,1,0
5530,SSM Institute of Engineering and Technology  Kuttathupatti Village  Sindalaigundu Post  Dindigul District 624002,DINDIGUL,SELF FINANCING COLLEGES TIER 3,AU,AUTOMOBILE ENGINEERING,109.0,,,,,,,1,0,0,0,0,0,0
5530,SSM Institute of Engineering and Technology  Kuttathupatti Village  Sindalaigundu Post  Dindigul District 624002,DINDIGUL,SELF FINANCING COLLEGES TIER 3,CB,COMPUTER SCIENCE AND BUSSINESS SYSTEM,133.0,122.0,109.0,90.0,129.5,,,0,0,0,1,1,0,0
5530,SSM Institute of Engineering and Technology  Kuttathupatti Village  Sindalaigundu Post  Dindigul District 624002,DINDIGUL,SELF FINANCING COLLEGES TIER 3,CE,CIVIL  ENGINEERING,114.0,107.0,,109.0,,,,0,0,0,1,0,0,0
5530,SSM Institute of Engineering and Technology  Kuttathupatti Village  Sindalaigundu Post  Dindigul District 624002,DINDIGUL,SELF FINANCING COLLEGES TIER 3,CS,COMPUTER SCIENCE AND ENGINEERING,163.0,145.0,158.5,127.5,99.5,146.0,,0,0,0,0,1,1,0
5530,SSM Institute of Engineering and Technology  Kuttathupatti Village  Sindalaigundu Post  Dindigul District 624002,DINDIGUL,SELF FINANCING COLLEGES TIER 3,EC,ELECTRONICS AND COMMUNICATION ENGINEERING,142.0,127.5,114.0,100.0,85.5,91.5,,0,0,0,1,1,1,0
5530,SSM Institute of Engineering and Technology  Kuttathupatti Village  Sindalaigundu Post  Dindigul District 624002,DINDIGUL,SELF FINANCING COLLEGES TIER 3,EE,ELECTRICAL AND ELECTRONICS ENGINEERING,133.0,120.5,107.5,96.0,100.0,97.5,,0,0,0,1,1,0,0
5530,SSM Institute of Engineering and Technology  Kuttathupatti Village  Sindalaigundu Post  Dindigul District 624002,DINDIGUL,SELF FINANCING COLLEGES TIER 3,IT,INFORMATION TECHNOLOGY,151.0,141.0,143.5,116.0,,,,0,0,0,0,0,0,0
5530,SSM Institute of Engineering and Technology  Kuttathupatti Village  Sindalaigundu Post  Dindigul District 624002,DINDIGUL,SELF FINANCING COLLEGES TIER 3,ME,MECHANICAL ENGINEERING,122.0,116.0,108.5,,96.5,,,0,0,0,0,1,0,0
5530,SSM Institute of Engineering and Technology  Kuttathupatti Village  Sindalaigundu Post  Dindigul District 624002,DINDIGUL,SELF FINANCING COLLEGES TIER 3,SC,Computer Science and Engineering (Cyber Security),140.5,129.0,126.5,110.0,,,,0,0,0,0,0,0,0
5532,Vaigai College of Engineering  Therkutheru  Melur Taluk  Madurai District 625122,MADURAI,SELF FINANCING COLLEGES TIER 3,CE,CIVIL  ENGINEERING,99.0,,,,,,,1,0,0,0,0,0,0
5532,Vaigai College of Engineering  Therkutheru  Melur Taluk  Madurai District 625122,MADURAI,SELF FINANCING COLLEGES TIER 3,CS,COMPUTER SCIENCE AND ENGINEERING,138.0,125.0,119.5,119.5,125.999999999999,,,0,1,0,1,0,0,0
5532,Vaigai College of Engineering  Therkutheru  Melur Taluk  Madurai District 625122,MADURAI,SELF FINANCING COLLEGES TIER 3,EC,ELECTRONICS AND COMMUNICATION ENGINEERING,118.5,114.0,,104.0,,,,0,1,0,1,0,0,0
5532,Vaigai College of Engineering  Therkutheru  Melur Taluk  Madurai District 625122,MADURAI,SELF FINANCING COLLEGES TIER 3,EE,ELECTRICAL AND ELECTRONICS ENGINEERING,94.0,,,,,,,1,0,0,0,0,0,0
5532,Vaigai College of Engineering  Therkutheru  Melur Taluk  Madurai District 625122,MADURAI,SELF FINANCING COLLEGES TIER 3,ME,MECHANICAL ENGINEERING,92.0,,,,,,,1,0,0,0,0,0,0
5533,Karaikudi Institute of Technology and Karaikudi Institute of Management  KIT & KIM Technical Campus  Keeranipatti  Thalakkuvur  Karaikudi  Sivagangai District 630307,SIVAGANGAI,SELF FINANCING COLLEGES TIER 3,CE,CIVIL  ENGINEERING,112.5,,,,,,,1,0,0,0,0,0,0
5533,Karaikudi Institute of Technology and Karaikudi Institute of Management  KIT & KIM Technical Campus  Keeranipatti  Thalakkuvur  Karaikudi  Sivagangai District 630307,SIVAGANGAI,SELF FINANCING COLLEGES TIER 3,CS,COMPUTER SCIENCE AND ENGINEERING,116.5,90.0,,98.5,104.5,,,0,1,0,1,1,0,0
5533,Karaikudi Institute of Technology and Karaikudi Institute of Management  KIT & KIM Technical Campus  Keeranipatti  Thalakkuvur  Karaikudi  Sivagangai District 630307,SIVAGANGAI,SELF FINANCING COLLEGES TIER 3,EC,ELECTRONICS AND COMMUNICATION ENGINEERING,149.0,,,,,,,1,0,0,0,0,0,0
5533,Karaikudi Institute of Technology and Karaikudi Institute of Management  KIT & KIM Technical Campus  Keeranipatti  Thalakkuvur  Karaikudi  Sivagangai District 630307,SIVAGANGAI,SELF FINANCING COLLEGES TIER 3,EE,ELECTRICAL AND ELECTRONICS ENGINEERING,87.0,,,,,,,1,0,0,0,0,0,0
5533,Karaikudi Institute of Technology and Karaikudi Institute of Management  KIT & KIM Technical Campus  Keeranipatti  Thalakkuvur  Karaikudi  Sivagangai District 630307,SIVAGANGAI,SELF FINANCING COLLEGES TIER 3,ME,MECHANICAL ENGINEERING,88.0,,,,,,,1,0,0,0,0,0,0
5536,Mangayarkarasi College of Engineering  First Street  Mangayarkarasi Nagar  Paravai  Madurai District 625402,MADURAI,SELF FINANCING COLLEGES TIER 3,AG,AGRICULTURAL ENGINEERING,130.5,103.0,111.0,115.5,95.0,118.5,,0,1,0,1,0,0,0
5536,Mangayarkarasi College of Engineering  First Street  Mangayarkarasi Nagar  Paravai  Madurai District 625402,MADURAI,SELF FINANCING COLLEGES TIER 3,AM,COMPUTER SCIENCE AND ENGINEERING (ARTIFICIAL INTELLIGENCE AND MACHINE LEARNING),137.5,126.5,124.5,109.0,88.5,96.0,,0,0,0,1,1,0,0
5536,Mangayarkarasi College of Engineering  First Street  Mangayarkarasi Nagar  Paravai  Madurai District 625402,MADURAI,SELF FINANCING COLLEGES TIER 3,CS,COMPUTER SCIENCE AND ENGINEERING,151.5,119.5,129.5,103.0,119.5,124.0,,0,0,0,1,0,0,0
5536,Mangayarkarasi College of Engineering  First Street  Mangayarkarasi Nagar  Paravai  Madurai District 625402,MADURAI,SELF FINANCING COLLEGES TIER 3,EC,ELECTRONICS AND COMMUNICATION ENGINEERING,126.0,108.5,125.0,,103.0,125.0,,0,0,1,0,1,1,0
5536,Mangayarkarasi College of Engineering  First Street  Mangayarkarasi Nagar  Paravai  Madurai District 625402,MADURAI,SELF FINANCING COLLEGES TIER 3,EE,ELECTRICAL AND ELECTRONICS ENGINEERING,115.5,89.5,101.5,94.0,84.0,99.5,,0,1,1,1,1,0,0
5536,Mangayarkarasi College of Engineering  First Street  Mangayarkarasi Nagar  Paravai  Madurai District 625402,MADURAI,SELF FINANCING COLLEGES TIER 3,ME,MECHANICAL ENGINEERING,96.0,85.5,,88.0,89.5,,,0,1,0,1,1,0,0
5537,"Jainee College of Engineering and Technology, Dindigul-Theni Main Road, (NHB Extn.), Aathupattiprivu, Veerakkal, B.P.O.N Panjampatti Post, Dindigul 624303",DINDIGUL,SELF FINANCING COLLEGES TIER 3,CE,CIVIL  ENGINEERING,,,,,,,,0,0,0,0,0,0,0
5537,"Jainee College of Engineering and Technology, Dindigul-Theni Main Road, (NHB Extn.), Aathupattiprivu, Veerakkal, B.P.O.N Panjampatti Post, Dindigul 624303",DINDIGUL,SELF FINANCING COLLEGES TIER 3,CS,COMPUTER SCIENCE AND ENGINEERING,,,,,,,,0,0,0,0,0,0,0
5537,"Jainee College of Engineering and Technology, Dindigul-Theni Main Road, (NHB Extn.), Aathupattiprivu, Veerakkal, B.P.O.N Panjampatti Post, Dindigul 624303",DINDIGUL,SELF FINANCING COLLEGES TIER 3,EC,ELECTRONICS AND COMMUNICATION ENGINEERING,,,,,,,,0,0,0,0,0,0,0
5537,"Jainee College of Engineering and Technology, Dindigul-Theni Main Road, (NHB Extn.), Aathupattiprivu, Veerakkal, B.P.O.N Panjampatti Post, Dindigul 624303",DINDIGUL,SELF FINANCING COLLEGES TIER 3,EE,ELECTRICAL AND ELECTRONICS ENGINEERING,,,,,,,,0,0,0,0,0,0,0
5537,"Jainee College of Engineering and Technology, Dindigul-Theni Main Road, (NHB Extn.), Aathupattiprivu, Veerakkal, B.P.O.N Panjampatti Post, Dindigul 624303",DINDIGUL,SELF FINANCING COLLEGES TIER 3,ME,MECHANICAL ENGINEERING,,,,,,,,0,0,0,0,0,0,0
5703,Christian College of Engineering and Technology  Oddanchatram  Dindigul District 624619,DINDIGUL,SELF FINANCING COLLEGES TIER 3,AD,ARTIFICIAL INTELLIGENCE AND DATA SCIENCE,124.0,107.5,109.0,117.5,119.5,114.5,,0,1,0,1,1,0,0
5703,Christian College of Engineering and Technology  Oddanchatram  Dindigul District 624619,DINDIGUL,SELF FINANCING COLLEGES TIER 3,AG,AGRICULTURAL ENGINEERING,106.5,,,,,,,1,0,0,0,0,0,0
5703,Christian College of Engineering and Technology  Oddanchatram  Dindigul District 624619,DINDIGUL,SELF FINANCING COLLEGES TIER 3,CE,CIVIL  ENGINEERING,80.0,,,,,,,1,0,0,0,0,0,0
5703,Christian College of Engineering and Technology  Oddanchatram  Dindigul District 624619,DINDIGUL,SELF FINANCING COLLEGES TIER 3,CS,COMPUTER SCIENCE AND ENGINEERING,124.5,108.0,110.0,101.5,104.0,112.0,,0,1,1,1,1,0,0
5703,Christian College of Engineering and Technology  Oddanchatram  Dindigul District 624619,DINDIGUL,SELF FINANCING COLLEGES TIER 3,EC,ELECTRONICS AND COMMUNICATION ENGINEERING,89.5,89.0,,,,,,0,1,0,0,0,0,0
5703,Christian College of Engineering and Technology  Oddanchatram  Dindigul District 624619,DINDIGUL,SELF FINANCING COLLEGES TIER 3,EE,ELECTRICAL AND ELECTRONICS ENGINEERING,96.0,,,,,,,1,0,0,0,0,0,0
5703,Christian College of Engineering and Technology  Oddanchatram  Dindigul District 624619,DINDIGUL,SELF FINANCING COLLEGES TIER 3,IT,INFORMATION TECHNOLOGY,118.5,98.5,108.0,108.0,82.0,91.0,,0,0,0,1,1,0,0
5703,Christian College of Engineering and Technology  Oddanchatram  Dindigul District 624619,DINDIGUL,SELF FINANCING COLLEGES TIER 3,ME,MECHANICAL ENGINEERING,101.0,,,,,,,1,0,0,0,0,0,0
5832,N P R College of Engineering and Technology  (Autonomous) Natham  Dindigul District 624401,DINDIGUL,SELF FINANCING COLLEGES TIER 3,AD,ARTIFICIAL INTELLIGENCE AND DATA SCIENCE,150.0,140.5,145.0,108.0,117.5,103.5,,0,0,0,0,0,0,0
5832,N P R College of Engineering and Technology  (Autonomous) Natham  Dindigul District 624401,DINDIGUL,SELF FINANCING COLLEGES TIER 3,CE,CIVIL  ENGINEERING,103.0,100.0,101.5,,88.0,,,0,1,0,0,1,0,0
5832,N P R College of Engineering and Technology  (Autonomous) Natham  Dindigul District 624401,DINDIGUL,SELF FINANCING COLLEGES TIER 3,CS,COMPUTER SCIENCE AND ENGINEERING,145.0,132.5,132.0,114.5,102.0,119.5,,0,0,0,0,1,0,0
5832,N P R College of Engineering and Technology  (Autonomous) Natham  Dindigul District 624401,DINDIGUL,SELF FINANCING COLLEGES TIER 3,EC,ELECTRONICS AND COMMUNICATION ENGINEERING,144.5,133.5,127.0,113.5,121.0,,,0,0,0,0,1,0,0
5832,N P R College of Engineering and Technology  (Autonomous) Natham  Dindigul District 624401,DINDIGUL,SELF FINANCING COLLEGES TIER 3,EE,ELECTRICAL AND ELECTRONICS ENGINEERING,129.0,117.5,120.0,,101.0,,,0,0,0,0,1,0,0
5832,N P R College of Engineering and Technology  (Autonomous) Natham  Dindigul District 624401,DINDIGUL,SELF FINANCING COLLEGES TIER 3,IT,INFORMATION TECHNOLOGY,149.0,139.5,137.0,122.5,122.0,,,0,0,0,0,1,0,0
5832,N P R College of Engineering and Technology  (Autonomous) Natham  Dindigul District 624401,DINDIGUL,SELF FINANCING COLLEGES TIER 3,ME,MECHANICAL ENGINEERING,116.499999999999,104.0,107.0,92.5,93.5,,,0,0,0,1,1,0,0
5842,"SRM Madurai College for Engineering and Technology (Formely Madurai Institute of Engineering and Technology),  Pottapalayam Village  Manamadurai Taluk  Sivagangai District 630611",SIVAGANGAI,SELF FINANCING COLLEGES TIER 3,AD,ARTIFICIAL INTELLIGENCE AND DATA SCIENCE,161.0,157.0,,132.0,,,,0,0,0,0,0,0,0
5842,"SRM Madurai College for Engineering and Technology (Formely Madurai Institute of Engineering and Technology),  Pottapalayam Village  Manamadurai Taluk  Sivagangai District 630611",SIVAGANGAI,SELF FINANCING COLLEGES TIER 3,AM,COMPUTER SCIENCE AND ENGINEERING (ARTIFICIAL INTELLIGENCE AND MACHINE LEARNING),155.5,148.0,144.0,133.0,,,,0,0,0,0,0,0,0
5842,"SRM Madurai College for Engineering and Technology (Formely Madurai Institute of Engineering and Technology),  Pottapalayam Village  Manamadurai Taluk  Sivagangai District 630611",SIVAGANGAI,SELF FINANCING COLLEGES TIER 3,CE,CIVIL  ENGINEERING,113.0,113.0,102.5,98.0,,,,0,1,1,1,0,0,0
5842,"SRM Madurai College for Engineering and Technology (Formely Madurai Institute of Engineering and Technology),  Pottapalayam Village  Manamadurai Taluk  Sivagangai District 630611",SIVAGANGAI,SELF FINANCING COLLEGES TIER 3,CS,COMPUTER SCIENCE AND ENGINEERING,170.5,163.0,167.5,143.0,117.5,,,0,0,0,0,1,0,0
5842,"SRM Madurai College for Engineering and Technology (Formely Madurai Institute of Engineering and Technology),  Pottapalayam Village  Manamadurai Taluk  Sivagangai District 630611",SIVAGANGAI,SELF FINANCING COLLEGES TIER 3,EC,ELECTRONICS AND COMMUNICATION ENGINEERING,160.5,148.5,153.5,144.5,,,,0,0,0,0,0,0,0
5842,"SRM Madurai College for Engineering and Technology (Formely Madurai Institute of Engineering and Technology),  Pottapalayam Village  Manamadurai Taluk  Sivagangai District 630611",SIVAGANGAI,SELF FINANCING COLLEGES TIER 3,EE,ELECTRICAL AND ELECTRONICS ENGINEERING,142.0,134.0,,122.5,,,,0,0,0,1,0,0,0
5842,"SRM Madurai College for Engineering and Technology (Formely Madurai Institute of Engineering and Technology),  Pottapalayam Village  Manamadurai Taluk  Sivagangai District 630611",SIVAGANGAI,SELF FINANCING COLLEGES TIER 3,IT,INFORMATION TECHNOLOGY,159.5,150.5,146.0,135.5,100.0,,,0,0,0,0,1,0,0
5842,"SRM Madurai College for Engineering and Technology (Formely Madurai Institute of Engineering and Technology),  Pottapalayam Village  Manamadurai Taluk  Sivagangai District 630611",SIVAGANGAI,SELF FINANCING COLLEGES TIER 3,ME,MECHANICAL ENGINEERING,128.5,107.0,,108.0,,,,0,0,0,1,0,0,0
5842,"SRM Madurai College for Engineering and Technology (Formely Madurai Institute of Engineering and Technology),  Pottapalayam Village  Manamadurai Taluk  Sivagangai District 630611",SIVAGANGAI,SELF FINANCING COLLEGES TIER 3,SC,Computer Science and Engineering (Cyber Security),150.5,142.0,148.5,121.5,111.5,,,0,0,0,0,1,0,0
5851,Veerammal Engineering College  PVP Nagar  K.Singrakottai  Dindigul-624708,DINDIGUL,SELF FINANCING COLLEGES TIER 3,CE,CIVIL  ENGINEERING,,,,,,,,0,0,0,0,0,0,0
5851,Veerammal Engineering College  PVP Nagar  K.Singrakottai  Dindigul-624708,DINDIGUL,SELF FINANCING COLLEGES TIER 3,CS,COMPUTER SCIENCE AND ENGINEERING,95.5,,,,,,,1,0,0,0,0,0,0
5851,Veerammal Engineering College  PVP Nagar  K.Singrakottai  Dindigul-624708,DINDIGUL,SELF FINANCING COLLEGES TIER 3,EC,ELECTRONICS AND COMMUNICATION ENGINEERING,83.0,,,,,,,1,0,0,0,0,0,0
5851,Veerammal Engineering College  PVP Nagar  K.Singrakottai  Dindigul-624708,DINDIGUL,SELF FINANCING COLLEGES TIER 3,EE,ELECTRICAL AND ELECTRONICS ENGINEERING,122.5,,,,,,,1,0,0,0,0,0,0
5862,"R V S Educational Trust's Groups of Institutions, (Integrated Campus)  N Paraipatti Post  Vedasandur Taluk  Dindigul District 624005",DINDIGUL,SELF FINANCING COLLEGES TIER 3,AE,AERONAUTICAL ENGINEERING,95.0,,,,,,,0,0,0,0,0,0,0
5862,"R V S Educational Trust's Groups of Institutions, (Integrated Campus)  N Paraipatti Post  Vedasandur Taluk  Dindigul District 624005",DINDIGUL,SELF FINANCING COLLEGES TIER 3,AG,AGRICULTURAL ENGINEERING,100.0,,,,,,,0,0,0,0,0,0,0
5862,"R V S Educational Trust's Groups of Institutions, (Integrated Campus)  N Paraipatti Post  Vedasandur Taluk  Dindigul District 624005",DINDIGUL,SELF FINANCING COLLEGES TIER 3,AU,AUTOMOBILE ENGINEERING,87.5,,,,,,,1,0,0,0,0,0,0
5862,"R V S Educational Trust's Groups of Institutions, (Integrated Campus)  N Paraipatti Post  Vedasandur Taluk  Dindigul District 624005",DINDIGUL,SELF FINANCING COLLEGES TIER 3,BM,BIO MEDICAL ENGINEERING,104.5,90.0,,94.5,82.0,90.5,,0,1,0,1,1,0,0
5862,"R V S Educational Trust's Groups of Institutions, (Integrated Campus)  N Paraipatti Post  Vedasandur Taluk  Dindigul District 624005",DINDIGUL,SELF FINANCING COLLEGES TIER 3,CB,COMPUTER SCIENCE AND BUSSINESS SYSTEM,90.0,,,,90.0,,,0,0,0,0,1,0,0
5862,"R V S Educational Trust's Groups of Institutions, (Integrated Campus)  N Paraipatti Post  Vedasandur Taluk  Dindigul District 624005",DINDIGUL,SELF FINANCING COLLEGES TIER 3,CE,CIVIL  ENGINEERING,125.0,,,,,,,1,0,0,0,0,0,0
5862,"R V S Educational Trust's Groups of Institutions, (Integrated Campus)  N Paraipatti Post  Vedasandur Taluk  Dindigul District 624005",DINDIGUL,SELF FINANCING COLLEGES TIER 3,CS,COMPUTER SCIENCE AND ENGINEERING,127.5,113.0,,87.5,104.0,120.0,,0,0,0,1,0,0,0
5862,"R V S Educational Trust's Groups of Institutions, (Integrated Campus)  N Paraipatti Post  Vedasandur Taluk  Dindigul District 624005",DINDIGUL,SELF FINANCING COLLEGES TIER 3,ME,MECHANICAL ENGINEERING,100.5,,,,,,,1,0,0,0,0,0,0
5862,"R V S Educational Trust's Groups of Institutions, (Integrated Campus)  N Paraipatti Post  Vedasandur Taluk  Dindigul District 624005",DINDIGUL,SELF FINANCING COLLEGES TIER 3,SC,Computer Science and Engineering (Cyber Security),108.5,98.5,,102.0,99.0,,,0,1,0,1,0,0,0
5865,Nadar Saraswathi College of Engineering and Technology  Vadupudupatti  Annanji Post  Theni District 625531,THENI,SELF FINANCING COLLEGES TIER 3,AD,ARTIFICIAL INTELLIGENCE AND DATA SCIENCE,150.0,134.5,,129.5,132.5,,,0,0,0,0,1,0,0
5865,Nadar Saraswathi College of Engineering and Technology  Vadupudupatti  Annanji Post  Theni District 625531,THENI,SELF FINANCING COLLEGES TIER 3,CE,CIVIL  ENGINEERING,101.5,,,,,,,1,0,0,0,0,0,0
5865,Nadar Saraswathi College of Engineering and Technology  Vadupudupatti  Annanji Post  Theni District 625531,THENI,SELF FINANCING COLLEGES TIER 3,CS,COMPUTER SCIENCE AND ENGINEERING,155.0,132.0,146.5,129.0,97.0,,,0,0,0,0,1,0,0
5865,Nadar Saraswathi College of Engineering and Technology  Vadupudupatti  Annanji Post  Theni District 625531,THENI,SELF FINANCING COLLEGES TIER 3,EC,ELECTRONICS AND COMMUNICATION ENGINEERING,137.5,116.0,130.0,111.5,,,,0,0,0,0,0,0,0
5865,Nadar Saraswathi College of Engineering and Technology  Vadupudupatti  Annanji Post  Theni District 625531,THENI,SELF FINANCING COLLEGES TIER 3,EE,ELECTRICAL AND ELECTRONICS ENGINEERING,109.5,94.5,,87.5,,,,0,1,0,1,0,0,0
5865,Nadar Saraswathi College of Engineering and Technology  Vadupudupatti  Annanji Post  Theni District 625531,THENI,SELF FINANCING COLLEGES TIER 3,IT,INFORMATION TECHNOLOGY,144.5,135.0,140.5,125.0,102.0,,,0,0,0,0,1,0,0
5865,Nadar Saraswathi College of Engineering and Technology  Vadupudupatti  Annanji Post  Theni District 625531,THENI,SELF FINANCING COLLEGES TIER 3,ME,MECHANICAL ENGINEERING,108.5,,,,,,,1,0,0,0,0,0,0
5902,Bharath Niketan Engineering College  Thimmarasanaickanoor  Aundipatti  Theni District 625536,THENI,SELF FINANCING COLLEGES TIER 3,AD,ARTIFICIAL INTELLIGENCE AND DATA SCIENCE,101.5,89.5,,87.0,91.0,,,0,1,0,1,1,0,0
5902,Bharath Niketan Engineering College  Thimmarasanaickanoor  Aundipatti  Theni District 625536,THENI,SELF FINANCING COLLEGES TIER 3,CE,CIVIL  ENGINEERING,89.0,,,,,,,1,0,0,0,0,0,0
5902,Bharath Niketan Engineering College  Thimmarasanaickanoor  Aundipatti  Theni District 625536,THENI,SELF FINANCING COLLEGES TIER 3,CS,COMPUTER SCIENCE AND ENGINEERING,112.0,94.0,,100.0,91.0,108.5,,0,1,0,1,1,1,0
5902,Bharath Niketan Engineering College  Thimmarasanaickanoor  Aundipatti  Theni District 625536,THENI,SELF FINANCING COLLEGES TIER 3,EC,ELECTRONICS AND COMMUNICATION ENGINEERING,114.0,92.0,,90.0,102.0,91.0,,0,1,0,1,1,0,0
5902,Bharath Niketan Engineering College  Thimmarasanaickanoor  Aundipatti  Theni District 625536,THENI,SELF FINANCING COLLEGES TIER 3,EE,ELECTRICAL AND ELECTRONICS ENGINEERING,89.5,,,,,,,1,0,0,0,0,0,0
5902,Bharath Niketan Engineering College  Thimmarasanaickanoor  Aundipatti  Theni District 625536,THENI,SELF FINANCING COLLEGES TIER 3,IT,INFORMATION TECHNOLOGY,129.5,100.0,,100.0,113.0,,,0,1,0,1,1,0,0
5902,Bharath Niketan Engineering College  Thimmarasanaickanoor  Aundipatti  Theni District 625536,THENI,SELF FINANCING COLLEGES TIER 3,ME,MECHANICAL ENGINEERING,102.5,,,87.0,80.0,92.0,,0,0,0,1,1,1,0
5904,K L N College of Engineering (Autonomous)  Pottapalayam  Sivagangai District 630611,SIVAGANGAI,SELF FINANCING COLLEGES TIER 3,AD,ARTIFICIAL INTELLIGENCE AND DATA SCIENCE,170.5,161.0,161.5,128.0,131.0,,,0,0,0,0,1,0,0
5904,K L N College of Engineering (Autonomous)  Pottapalayam  Sivagangai District 630611,SIVAGANGAI,SELF FINANCING COLLEGES TIER 3,CI,Computer Science and Engineering (Internet of Things),151.0,135.5,131.5,95.0,,,,0,0,0,0,0,0,0
5904,K L N College of Engineering (Autonomous)  Pottapalayam  Sivagangai District 630611,SIVAGANGAI,SELF FINANCING COLLEGES TIER 3,CS,COMPUTER SCIENCE AND ENGINEERING,168.0,161.0,146.0,141.5,105.0,,,0,0,0,0,1,0,0
5904,K L N College of Engineering (Autonomous)  Pottapalayam  Sivagangai District 630611,SIVAGANGAI,SELF FINANCING COLLEGES TIER 3,EC,ELECTRONICS AND COMMUNICATION ENGINEERING,156.5,149.5,124.0,110.5,105.5,129.5,,0,0,0,0,1,1,0
5904,K L N College of Engineering (Autonomous)  Pottapalayam  Sivagangai District 630611,SIVAGANGAI,SELF FINANCING COLLEGES TIER 3,EE,ELECTRICAL AND ELECTRONICS ENGINEERING,142.5,134.5,115.0,126.5,,127.5,,0,0,1,1,0,0,0
5904,K L N College of Engineering (Autonomous)  Pottapalayam  Sivagangai District 630611,SIVAGANGAI,SELF FINANCING COLLEGES TIER 3,IT,INFORMATION TECHNOLOGY,161.0,155.5,158.5,133.5,,,,0,0,0,0,0,0,0
5904,K L N College of Engineering (Autonomous)  Pottapalayam  Sivagangai District 630611,SIVAGANGAI,SELF FINANCING COLLEGES TIER 3,ME,MECHANICAL ENGINEERING,110.5,96.0,,106.0,,,,0,1,0,1,0,0,0
5904,K L N College of Engineering (Autonomous)  Pottapalayam  Sivagangai District 630611,SIVAGANGAI,SELF FINANCING COLLEGES TIER 3,SC,Computer Science and Engineering (Cyber Security),158.5,144.0,141.0,107.0,119.5,,,0,0,0,0,1,0,0
5907,Mohamed Sathak Engineering College  Kilakarai  Ramanathapuram District 623806,RAMANATHAPURAM,SELF FINANCING COLLEGES TIER 3,AD,ARTIFICIAL INTELLIGENCE AND DATA SCIENCE,146.5,135.5,143.0,113.0,98.0,95.0,,0,0,0,1,0,0,0
5907,Mohamed Sathak Engineering College  Kilakarai  Ramanathapuram District 623806,RAMANATHAPURAM,SELF FINANCING COLLEGES TIER 3,AE,AERONAUTICAL ENGINEERING,89.0,,,,,,,1,0,0,0,0,0,0
5907,Mohamed Sathak Engineering College  Kilakarai  Ramanathapuram District 623806,RAMANATHAPURAM,SELF FINANCING COLLEGES TIER 3,AG,AGRICULTURAL ENGINEERING,131.5,103.5,,117.5,120.5,,,0,1,0,1,0,0,0
5907,Mohamed Sathak Engineering College  Kilakarai  Ramanathapuram District 623806,RAMANATHAPURAM,SELF FINANCING COLLEGES TIER 3,CB,COMPUTER SCIENCE AND BUSSINESS SYSTEM,133.5,90.0,124.5,,83.5,,,0,1,0,0,1,0,0
5907,Mohamed Sathak Engineering College  Kilakarai  Ramanathapuram District 623806,RAMANATHAPURAM,SELF FINANCING COLLEGES TIER 3,CE,CIVIL  ENGINEERING,93.5,,88.5,,,,,0,0,0,0,0,0,0
5907,Mohamed Sathak Engineering College  Kilakarai  Ramanathapuram District 623806,RAMANATHAPURAM,SELF FINANCING COLLEGES TIER 3,CH,CHEMICAL  ENGINEERING,93.0,,,,,,,1,0,0,0,0,0,0
5907,Mohamed Sathak Engineering College  Kilakarai  Ramanathapuram District 623806,RAMANATHAPURAM,SELF FINANCING COLLEGES TIER 3,CS,COMPUTER SCIENCE AND ENGINEERING,163.5,123.5,161.5,113.5,126.5,132.0,,0,0,0,1,0,0,0
5907,Mohamed Sathak Engineering College  Kilakarai  Ramanathapuram District 623806,RAMANATHAPURAM,SELF FINANCING COLLEGES TIER 3,EC,ELECTRONICS AND COMMUNICATION ENGINEERING,129.75,93.0,,101.5,102.5,93.0,,0,0,0,1,1,0,0
5907,Mohamed Sathak Engineering College  Kilakarai  Ramanathapuram District 623806,RAMANATHAPURAM,SELF FINANCING COLLEGES TIER 3,EE,ELECTRICAL AND ELECTRONICS ENGINEERING,105.5,88.0,100.0,,,,,0,1,0,0,0,0,0
5907,Mohamed Sathak Engineering College  Kilakarai  Ramanathapuram District 623806,RAMANATHAPURAM,SELF FINANCING COLLEGES TIER 3,IT,INFORMATION TECHNOLOGY,149.5,118.5,146.5,97.0,93.5,,,0,0,0,1,0,0,0
5907,Mohamed Sathak Engineering College  Kilakarai  Ramanathapuram District 623806,RAMANATHAPURAM,SELF FINANCING COLLEGES TIER 3,ME,MECHANICAL ENGINEERING,122.5,113.0,112.5,93.0,,,,0,1,0,1,0,0,0
5907,Mohamed Sathak Engineering College  Kilakarai  Ramanathapuram District 623806,RAMANATHAPURAM,SELF FINANCING COLLEGES TIER 3,MR,MARINE ENGINEERING,139.0,,,,,,,1,0,0,0,0,0,0
5910,"P S N A Colllege of Engineering and Technology (Autonomous),  Dindigul District 624622",DINDIGUL,SELF FINANCING COLLEGES TIER 3,AD,ARTIFICIAL INTELLIGENCE AND DATA SCIENCE,181.5,170.0,175.0,159.5,141.0,117.5,,0,0,0,0,0,1,0
5910,"P S N A Colllege of Engineering and Technology (Autonomous),  Dindigul District 624622",DINDIGUL,SELF FINANCING COLLEGES TIER 3,BM,BIO MEDICAL ENGINEERING,160.5,144.0,149.0,121.0,108.0,,,0,0,0,0,1,0,0
5910,"P S N A Colllege of Engineering and Technology (Autonomous),  Dindigul District 624622",DINDIGUL,SELF FINANCING COLLEGES TIER 3,CB,COMPUTER SCIENCE AND BUSSINESS SYSTEM,167.5,165.0,157.5,146.5,115.0,109.5,,0,0,0,0,1,0,0
5910,"P S N A Colllege of Engineering and Technology (Autonomous),  Dindigul District 624622",DINDIGUL,SELF FINANCING COLLEGES TIER 3,CE,CIVIL  ENGINEERING,144.5,119.5,116.5,114.0,106.0,,,0,0,0,0,0,0,0
5910,"P S N A Colllege of Engineering and Technology (Autonomous),  Dindigul District 624622",DINDIGUL,SELF FINANCING COLLEGES TIER 3,CS,COMPUTER SCIENCE AND ENGINEERING,178.5,171.0,167.0,155.5,119.5,110.0,,0,0,0,0,0,1,0
5910,"P S N A Colllege of Engineering and Technology (Autonomous),  Dindigul District 624622",DINDIGUL,SELF FINANCING COLLEGES TIER 3,EC,ELECTRONICS AND COMMUNICATION ENGINEERING,168.5,163.0,155.5,152.5,108.0,95.5,,0,0,0,0,1,1,0
5910,"P S N A Colllege of Engineering and Technology (Autonomous),  Dindigul District 624622",DINDIGUL,SELF FINANCING COLLEGES TIER 3,EE,ELECTRICAL AND ELECTRONICS ENGINEERING,160.5,151.5,152.0,143.5,97.5,,,0,0,0,0,1,0,0
5910,"P S N A Colllege of Engineering and Technology (Autonomous),  Dindigul District 624622",DINDIGUL,SELF FINANCING COLLEGES TIER 3,IT,INFORMATION TECHNOLOGY,170.666666666666,167.0,165.0,154.0,117.0,91.0,,0,0,0,0,0,1,0
5910,"P S N A Colllege of Engineering and Technology (Autonomous),  Dindigul District 624622",DINDIGUL,SELF FINANCING COLLEGES TIER 3,ME,MECHANICAL ENGINEERING,146.0,131.0,143.0,113.0,87.0,95.0,,0,0,0,0,1,1,0
5910,"P S N A Colllege of Engineering and Technology (Autonomous),  Dindigul District 624622",DINDIGUL,SELF FINANCING COLLEGES TIER 3,SC,Computer Science and Engineering (Cyber Security),166.0,163.5,163.0,148.0,107.0,,,0,0,0,0,0,0,0
5911,P T R College of Engineering and Technology  Thanapandiyan Nagar  Austinpatty Post  Madurai District 625008,MADURAI,SELF FINANCING COLLEGES TIER 3,CE,CIVIL  ENGINEERING,79.25,,,,,,,1,0,0,0,0,0,0
5911,P T R College of Engineering and Technology  Thanapandiyan Nagar  Austinpatty Post  Madurai District 625008,MADURAI,SELF FINANCING COLLEGES TIER 3,CS,COMPUTER SCIENCE AND ENGINEERING,123.0,,,,,,,1,0,0,0,0,0,0
5911,P T R College of Engineering and Technology  Thanapandiyan Nagar  Austinpatty Post  Madurai District 625008,MADURAI,SELF FINANCING COLLEGES TIER 3,EC,ELECTRONICS AND COMMUNICATION ENGINEERING,100.5,,,,,,,1,0,0,0,0,0,0
5911,P T R College of Engineering and Technology  Thanapandiyan Nagar  Austinpatty Post  Madurai District 625008,MADURAI,SELF FINANCING COLLEGES TIER 3,EE,ELECTRICAL AND ELECTRONICS ENGINEERING,,,,,,,,0,0,0,0,0,0,0
5911,P T R College of Engineering and Technology  Thanapandiyan Nagar  Austinpatty Post  Madurai District 625008,MADURAI,SELF FINANCING COLLEGES TIER 3,ME,MECHANICAL ENGINEERING,94.0,,,,,,,1,0,0,0,0,0,0
5912,Pandian Saraswathi Yadav Engineering College  Thirumansolai Post  Sivagangai District 630 561,SIVAGANGAI,SELF FINANCING COLLEGES TIER 3,AD,ARTIFICIAL INTELLIGENCE AND DATA SCIENCE,109.5,88.5,,88.0,101.5,,,0,1,0,1,1,0,0
5912,Pandian Saraswathi Yadav Engineering College  Thirumansolai Post  Sivagangai District 630 561,SIVAGANGAI,SELF FINANCING COLLEGES TIER 3,AM,COMPUTER SCIENCE AND ENGINEERING (ARTIFICIAL INTELLIGENCE AND MACHINE LEARNING),104.5,,,,,,,1,0,0,0,0,0,0
5912,Pandian Saraswathi Yadav Engineering College  Thirumansolai Post  Sivagangai District 630 561,SIVAGANGAI,SELF FINANCING COLLEGES TIER 3,CE,CIVIL  ENGINEERING,106.5,86.5,,,,,,0,1,0,0,0,0,0
5912,Pandian Saraswathi Yadav Engineering College  Thirumansolai Post  Sivagangai District 630 561,SIVAGANGAI,SELF FINANCING COLLEGES TIER 3,CS,COMPUTER SCIENCE AND ENGINEERING,112.0,90.5,102.0,105.0,102.0,101.5,,0,1,1,1,1,1,0
5912,Pandian Saraswathi Yadav Engineering College  Thirumansolai Post  Sivagangai District 630 561,SIVAGANGAI,SELF FINANCING COLLEGES TIER 3,EC,ELECTRONICS AND COMMUNICATION ENGINEERING,115.0,92.0,,109.5,,,,0,1,0,1,0,0,0
5912,Pandian Saraswathi Yadav Engineering College  Thirumansolai Post  Sivagangai District 630 561,SIVAGANGAI,SELF FINANCING COLLEGES TIER 3,EE,ELECTRICAL AND ELECTRONICS ENGINEERING,89.0,,,,,,,1,0,0,0,0,0,0
5912,Pandian Saraswathi Yadav Engineering College  Thirumansolai Post  Sivagangai District 630 561,SIVAGANGAI,SELF FINANCING COLLEGES TIER 3,IT,INFORMATION TECHNOLOGY,127.0,113.5,,110.5,,,,0,0,0,1,0,0,0
5912,Pandian Saraswathi Yadav Engineering College  Thirumansolai Post  Sivagangai District 630 561,SIVAGANGAI,SELF FINANCING COLLEGES TIER 3,ME,MECHANICAL ENGINEERING,99.5,82.0,,98.0,,,,0,1,0,1,0,0,0
5912,Pandian Saraswathi Yadav Engineering College  Thirumansolai Post  Sivagangai District 630 561,SIVAGANGAI,SELF FINANCING COLLEGES TIER 3,RM,ROBOTICS AND AUTOMATION,,,,,,,,0,0,0,0,0,0,0
5912,Pandian Saraswathi Yadav Engineering College  Thirumansolai Post  Sivagangai District 630 561,SIVAGANGAI,SELF FINANCING COLLEGES TIER 3,SC,Computer Science and Engineering (Cyber Security),89.5,,,,,,,1,0,0,0,0,0,0
5913,R V S College of Engineering  N Paraipatti Post  Dindigul District 624005,DINDIGUL,SELF FINANCING COLLEGES TIER 3,AD,ARTIFICIAL INTELLIGENCE AND DATA SCIENCE,129.5,87.0,,113.5,103.0,,,0,0,0,0,0,0,0
5913,R V S College of Engineering  N Paraipatti Post  Dindigul District 624005,DINDIGUL,SELF FINANCING COLLEGES TIER 3,CE,CIVIL  ENGINEERING,91.0,,,,,,,1,0,0,0,0,0,0
5913,R V S College of Engineering  N Paraipatti Post  Dindigul District 624005,DINDIGUL,SELF FINANCING COLLEGES TIER 3,CS,COMPUTER SCIENCE AND ENGINEERING,131.0,119.0,119.0,109.0,100.0,118.5,,0,0,0,1,1,0,0
5913,R V S College of Engineering  N Paraipatti Post  Dindigul District 624005,DINDIGUL,SELF FINANCING COLLEGES TIER 3,EC,ELECTRONICS AND COMMUNICATION ENGINEERING,108.5,99.0,,100.5,,102.0,,0,1,0,1,0,1,0
5913,R V S College of Engineering  N Paraipatti Post  Dindigul District 624005,DINDIGUL,SELF FINANCING COLLEGES TIER 3,EE,ELECTRICAL AND ELECTRONICS ENGINEERING,116.0,107.0,,,110.5,,,0,1,0,0,1,0,0
5913,R V S College of Engineering  N Paraipatti Post  Dindigul District 624005,DINDIGUL,SELF FINANCING COLLEGES TIER 3,IT,INFORMATION TECHNOLOGY,118.5,99.5,,98.0,104.0,,,0,1,0,1,1,0,0
5913,R V S College of Engineering  N Paraipatti Post  Dindigul District 624005,DINDIGUL,SELF FINANCING COLLEGES TIER 3,ME,MECHANICAL ENGINEERING,96.0,,,,,,,1,0,0,0,0,0,0
5913,R V S College of Engineering  N Paraipatti Post  Dindigul District 624005,DINDIGUL,SELF FINANCING COLLEGES TIER 3,PC,PETRO CHEMICAL TECHNOLOGY,86.5,,,,,,,1,0,0,0,0,0,0
5913,R V S College of Engineering  N Paraipatti Post  Dindigul District 624005,DINDIGUL,SELF FINANCING COLLEGES TIER 3,TX,TEXTILE TECHNOLOGY,100.5,,,,,,,1,0,0,0,0,0,0
5914,Solamalai College of Engineering  Veerapanjan  Madurai District 625020,MADURAI,SELF FINANCING COLLEGES TIER 3,AD,ARTIFICIAL INTELLIGENCE AND DATA SCIENCE,119.0,103.5,,,111.0,,,0,1,0,0,1,0,0
5914,Solamalai College of Engineering  Veerapanjan  Madurai District 625020,MADURAI,SELF FINANCING COLLEGES TIER 3,CB,COMPUTER SCIENCE AND BUSSINESS SYSTEM,94.5,,,,,,,1,0,0,0,0,0,0
5914,Solamalai College of Engineering  Veerapanjan  Madurai District 625020,MADURAI,SELF FINANCING COLLEGES TIER 3,CE,CIVIL  ENGINEERING,102.0,,,,,,,1,0,0,0,0,0,0
5914,Solamalai College of Engineering  Veerapanjan  Madurai District 625020,MADURAI,SELF FINANCING COLLEGES TIER 3,CS,COMPUTER SCIENCE AND ENGINEERING,128.0,119.5,121.0,94.0,98.5,,,0,1,1,1,1,0,0
5914,Solamalai College of Engineering  Veerapanjan  Madurai District 625020,MADURAI,SELF FINANCING COLLEGES TIER 3,EC,ELECTRONICS AND COMMUNICATION ENGINEERING,88.0,,,,,,,1,0,0,0,0,0,0
5914,Solamalai College of Engineering  Veerapanjan  Madurai District 625020,MADURAI,SELF FINANCING COLLEGES TIER 3,EE,ELECTRICAL AND ELECTRONICS ENGINEERING,94.0,,,,,,,1,0,0,0,0,0,0
5914,Solamalai College of Engineering  Veerapanjan  Madurai District 625020,MADURAI,SELF FINANCING COLLEGES TIER 3,ME,MECHANICAL ENGINEERING,98.5,,,,,,,1,0,0,0,0,0,0
5915,SACS-M A V M M Engineering College  Kidaripatty Post  Madurai District 625301,MADURAI,SELF FINANCING COLLEGES TIER 3,CE,CIVIL  ENGINEERING,98.0,,,,,,,1,0,0,0,0,0,0
5915,SACS-M A V M M Engineering College  Kidaripatty Post  Madurai District 625301,MADURAI,SELF FINANCING COLLEGES TIER 3,CS,COMPUTER SCIENCE AND ENGINEERING,148.0,129.0,130.0,111.0,140.0,,,0,0,0,0,0,0,0
5915,SACS-M A V M M Engineering College  Kidaripatty Post  Madurai District 625301,MADURAI,SELF FINANCING COLLEGES TIER 3,EC,ELECTRONICS AND COMMUNICATION ENGINEERING,118.5,104.5,117.0,90.5,94.5,95.0,,0,1,1,1,0,0,0
5915,SACS-M A V M M Engineering College  Kidaripatty Post  Madurai District 625301,MADURAI,SELF FINANCING COLLEGES TIER 3,EE,ELECTRICAL AND ELECTRONICS ENGINEERING,88.5,86.0,,,87.5,,,0,1,0,0,1,0,0
5915,SACS-M A V M M Engineering College  Kidaripatty Post  Madurai District 625301,MADURAI,SELF FINANCING COLLEGES TIER 3,ME,MECHANICAL ENGINEERING,89.0,,,,,,,1,0,0,0,0,0,0
5919,St. Michael College of Engineering and Technology  Kalayarkoil  Sivagangai District 630551,SIVAGANGAI,SELF FINANCING COLLEGES TIER 3,AM,COMPUTER SCIENCE AND ENGINEERING (ARTIFICIAL INTELLIGENCE AND MACHINE LEARNING),99.5,,,,,,,1,0,0,0,0,0,0
5919,St. Michael College of Engineering and Technology  Kalayarkoil  Sivagangai District 630551,SIVAGANGAI,SELF FINANCING COLLEGES TIER 3,BM,BIO MEDICAL ENGINEERING,122.5,,,,,,,1,0,0,0,0,0,0
5919,St. Michael College of Engineering and Technology  Kalayarkoil  Sivagangai District 630551,SIVAGANGAI,SELF FINANCING COLLEGES TIER 3,BT,BIO TECHNOLOGY,99.0,,,,,,,1,0,0,0,0,0,0
5919,St. Michael College of Engineering and Technology  Kalayarkoil  Sivagangai District 630551,SIVAGANGAI,SELF FINANCING COLLEGES TIER 3,CH,CHEMICAL  ENGINEERING,89.0,,,,,,,1,0,0,0,0,0,0
5919,St. Michael College of Engineering and Technology  Kalayarkoil  Sivagangai District 630551,SIVAGANGAI,SELF FINANCING COLLEGES TIER 3,CS,COMPUTER SCIENCE AND ENGINEERING,119.0,89.0,,107.0,102.0,,,0,1,0,1,1,0,0
5919,St. Michael College of Engineering and Technology  Kalayarkoil  Sivagangai District 630551,SIVAGANGAI,SELF FINANCING COLLEGES TIER 3,EC,ELECTRONICS AND COMMUNICATION ENGINEERING,89.5,,,,,,,1,0,0,0,0,0,0
5919,St. Michael College of Engineering and Technology  Kalayarkoil  Sivagangai District 630551,SIVAGANGAI,SELF FINANCING COLLEGES TIER 3,EE,ELECTRICAL AND ELECTRONICS ENGINEERING,89.5,,,,,,,0,0,0,0,0,0,0
5919,St. Michael College of Engineering and Technology  Kalayarkoil  Sivagangai District 630551,SIVAGANGAI,SELF FINANCING COLLEGES TIER 3,ME,MECHANICAL ENGINEERING,87.0,,,,,,,0,0,0,0,0,0,0
5921,Syed Ammal Engineering College  Achuthan Vayal Post  Ramanathapuram District 623502,RAMANATHAPURAM,SELF FINANCING COLLEGES TIER 3,AD,ARTIFICIAL INTELLIGENCE AND DATA SCIENCE,151.5,119.0,135.5,112.0,110.5,,,0,0,0,1,1,0,0
5921,Syed Ammal Engineering College  Achuthan Vayal Post  Ramanathapuram District 623502,RAMANATHAPURAM,SELF FINANCING COLLEGES TIER 3,BM,BIO MEDICAL ENGINEERING,138.0,,,,,,,1,0,0,0,0,0,0
5921,Syed Ammal Engineering College  Achuthan Vayal Post  Ramanathapuram District 623502,RAMANATHAPURAM,SELF FINANCING COLLEGES TIER 3,CB,COMPUTER SCIENCE AND BUSSINESS SYSTEM,120.0,100.0,,103.0,,,,0,1,0,1,0,0,0
5921,Syed Ammal Engineering College  Achuthan Vayal Post  Ramanathapuram District 623502,RAMANATHAPURAM,SELF FINANCING COLLEGES TIER 3,CE,CIVIL  ENGINEERING,123.0,,,,,,,1,0,0,0,0,0,0
5921,Syed Ammal Engineering College  Achuthan Vayal Post  Ramanathapuram District 623502,RAMANATHAPURAM,SELF FINANCING COLLEGES TIER 3,CS,COMPUTER SCIENCE AND ENGINEERING,139.0,108.0,135.5,90.5,124.5,112.5,,0,0,0,1,1,1,0
5921,Syed Ammal Engineering College  Achuthan Vayal Post  Ramanathapuram District 623502,RAMANATHAPURAM,SELF FINANCING COLLEGES TIER 3,EC,ELECTRONICS AND COMMUNICATION ENGINEERING,132.5,110.0,,111.0,118.0,,,0,1,0,0,0,0,0
5921,Syed Ammal Engineering College  Achuthan Vayal Post  Ramanathapuram District 623502,RAMANATHAPURAM,SELF FINANCING COLLEGES TIER 3,EE,ELECTRICAL AND ELECTRONICS ENGINEERING,99.5,,,,,,,1,0,0,0,0,0,0
5921,Syed Ammal Engineering College  Achuthan Vayal Post  Ramanathapuram District 623502,RAMANATHAPURAM,SELF FINANCING COLLEGES TIER 3,ME,MECHANICAL ENGINEERING,105.0,101.5,100.0,,87.0,,,0,1,0,0,1,0,0
5924,Ganapathy Chettiar College of Engineering and Technology  Melakavanur Post  Paramakudi  Ramanathapuram District 623706,RAMANATHAPURAM,SELF FINANCING COLLEGES TIER 3,CE,CIVIL  ENGINEERING,,,,,,,,0,0,0,0,0,0,0
5924,Ganapathy Chettiar College of Engineering and Technology  Melakavanur Post  Paramakudi  Ramanathapuram District 623706,RAMANATHAPURAM,SELF FINANCING COLLEGES TIER 3,CS,COMPUTER SCIENCE AND ENGINEERING,,,,,,,,0,0,0,0,0,0,0
5924,Ganapathy Chettiar College of Engineering and Technology  Melakavanur Post  Paramakudi  Ramanathapuram District 623706,RAMANATHAPURAM,SELF FINANCING COLLEGES TIER 3,EC,ELECTRONICS AND COMMUNICATION ENGINEERING,,,,,,,,0,0,0,0,0,0,0
5924,Ganapathy Chettiar College of Engineering and Technology  Melakavanur Post  Paramakudi  Ramanathapuram District 623706,RAMANATHAPURAM,SELF FINANCING COLLEGES TIER 3,EE,ELECTRICAL AND ELECTRONICS ENGINEERING,143.0,,,,,,,1,0,0,0,0,0,0
5924,Ganapathy Chettiar College of Engineering and Technology  Melakavanur Post  Paramakudi  Ramanathapuram District 623706,RAMANATHAPURAM,SELF FINANCING COLLEGES TIER 3,IT,INFORMATION TECHNOLOGY,155.0,,,,,,,1,0,0,0,0,0,0
5924,Ganapathy Chettiar College of Engineering and Technology  Melakavanur Post  Paramakudi  Ramanathapuram District 623706,RAMANATHAPURAM,SELF FINANCING COLLEGES TIER 3,ME,MECHANICAL ENGINEERING,,,,,,,,0,0,0,0,0,0,0
5930,SBM College of Engineering and Technology  Thamaraipady  T N Paraipatti Pirivu  Dindigul District 624005,DINDIGUL,SELF FINANCING COLLEGES TIER 3,CE,CIVIL  ENGINEERING,106.0,,,,,,,1,0,0,0,0,0,0
5930,SBM College of Engineering and Technology  Thamaraipady  T N Paraipatti Pirivu  Dindigul District 624005,DINDIGUL,SELF FINANCING COLLEGES TIER 3,CS,COMPUTER SCIENCE AND ENGINEERING,117.5,80.0,116.5,85.0,93.0,95.0,,0,1,1,1,1,0,0
5930,SBM College of Engineering and Technology  Thamaraipady  T N Paraipatti Pirivu  Dindigul District 624005,DINDIGUL,SELF FINANCING COLLEGES TIER 3,EC,ELECTRONICS AND COMMUNICATION ENGINEERING,93.5,81.0,,84.5,87.0,93.5,,0,1,0,1,1,1,0
5930,SBM College of Engineering and Technology  Thamaraipady  T N Paraipatti Pirivu  Dindigul District 624005,DINDIGUL,SELF FINANCING COLLEGES TIER 3,EE,ELECTRICAL AND ELECTRONICS ENGINEERING,90.0,,,,,,,1,0,0,0,0,0,0
5930,SBM College of Engineering and Technology  Thamaraipady  T N Paraipatti Pirivu  Dindigul District 624005,DINDIGUL,SELF FINANCING COLLEGES TIER 3,ME,MECHANICAL ENGINEERING,85.5,,,,,,,1,0,0,0,0,0,0
5935,Fatima Michael College of Engineering and Technology  Sengottai Village  Sivagangai Main Road  Madurai District 625020,MADURAI,SELF FINANCING COLLEGES TIER 3,AM,COMPUTER SCIENCE AND ENGINEERING (ARTIFICIAL INTELLIGENCE AND MACHINE LEARNING),118.5,114.5,,97.5,109.0,,,0,1,0,1,1,0,0
5935,Fatima Michael College of Engineering and Technology  Sengottai Village  Sivagangai Main Road  Madurai District 625020,MADURAI,SELF FINANCING COLLEGES TIER 3,AU,AUTOMOBILE ENGINEERING,80.0,79.0,,,,,,0,1,0,0,0,0,0
5935,Fatima Michael College of Engineering and Technology  Sengottai Village  Sivagangai Main Road  Madurai District 625020,MADURAI,SELF FINANCING COLLEGES TIER 3,CE,CIVIL  ENGINEERING,89.5,,,,,,,1,0,0,0,0,0,0
5935,Fatima Michael College of Engineering and Technology  Sengottai Village  Sivagangai Main Road  Madurai District 625020,MADURAI,SELF FINANCING COLLEGES TIER 3,CS,COMPUTER SCIENCE AND ENGINEERING,138.0,103.0,137.0,94.5,92.0,98.0,,0,1,1,1,0,0,0
5935,Fatima Michael College of Engineering and Technology  Sengottai Village  Sivagangai Main Road  Madurai District 625020,MADURAI,SELF FINANCING COLLEGES TIER 3,EC,ELECTRONICS AND COMMUNICATION ENGINEERING,118.0,99.0,116.0,97.5,104.0,,,0,1,0,1,1,0,0
5935,Fatima Michael College of Engineering and Technology  Sengottai Village  Sivagangai Main Road  Madurai District 625020,MADURAI,SELF FINANCING COLLEGES TIER 3,EE,ELECTRICAL AND ELECTRONICS ENGINEERING,106.5,,,93.0,86.5,,,0,0,0,1,0,0,0
5935,Fatima Michael College of Engineering and Technology  Sengottai Village  Sivagangai Main Road  Madurai District 625020,MADURAI,SELF FINANCING COLLEGES TIER 3,ME,MECHANICAL ENGINEERING,97.0,,,,,,,1,0,0,0,0,0,0
5935,Fatima Michael College of Engineering and Technology  Sengottai Village  Sivagangai Main Road  Madurai District 625020,MADURAI,SELF FINANCING COLLEGES TIER 3,SC,Computer Science and Engineering (Cyber Security),131.5,103.0,115.5,,120.5,,,0,0,0,0,0,0,0
5942,Ultra College of Engineering and  Technology  Kodikulam  1 Bit Village  Madurai-Chennai Highway  Madurai District 625104,MADURAI,SELF FINANCING COLLEGES TIER 3,CE,CIVIL  ENGINEERING,91.5,,,,,,,1,0,0,0,0,0,0
5942,Ultra College of Engineering and  Technology  Kodikulam  1 Bit Village  Madurai-Chennai Highway  Madurai District 625104,MADURAI,SELF FINANCING COLLEGES TIER 3,CS,COMPUTER SCIENCE AND ENGINEERING,112.5,89.0,95.0,99.5,90.5,,,0,1,0,1,1,0,0
5942,Ultra College of Engineering and  Technology  Kodikulam  1 Bit Village  Madurai-Chennai Highway  Madurai District 625104,MADURAI,SELF FINANCING COLLEGES TIER 3,EC,ELECTRONICS AND COMMUNICATION ENGINEERING,97.0,,,,,,,1,0,0,0,0,0,0
5942,Ultra College of Engineering and  Technology  Kodikulam  1 Bit Village  Madurai-Chennai Highway  Madurai District 625104,MADURAI,SELF FINANCING COLLEGES TIER 3,EE,ELECTRICAL AND ELECTRONICS ENGINEERING,111.0,,,,,,,1,0,0,0,0,0,0
5942,Ultra College of Engineering and  Technology  Kodikulam  1 Bit Village  Madurai-Chennai Highway  Madurai District 625104,MADURAI,SELF FINANCING COLLEGES TIER 3,IT,INFORMATION TECHNOLOGY,130.0,103.5,120.0,103.5,106.0,,,0,1,0,1,1,0,0
5942,Ultra College of Engineering and  Technology  Kodikulam  1 Bit Village  Madurai-Chennai Highway  Madurai District 625104,MADURAI,SELF FINANCING COLLEGES TIER 3,ME,MECHANICAL ENGINEERING,119.0,,,,,,,1,0,0,0,0,0,0
5986,Velammal College of Engineering and Technology (Autonomous) Madurai District 625009,MADURAI,SELF FINANCING COLLEGES TIER 1,AD,ARTIFICIAL INTELLIGENCE AND DATA SCIENCE,179.0,171.0,185.5,151.0,107.5,129.0,,0,0,0,0,0,0,0
5986,Velammal College of Engineering and Technology (Autonomous) Madurai District 625009,MADURAI,SELF FINANCING COLLEGES TIER 1,CE,CIVIL  ENGINEERING,148.0,126.0,114.5,134.0,102.5,,,0,0,0,0,1,0,0
5986,Velammal College of Engineering and Technology (Autonomous) Madurai District 625009,MADURAI,SELF FINANCING COLLEGES TIER 1,CS,COMPUTER SCIENCE AND ENGINEERING,183.0,175.0,176.5,159.0,122.0,109.5,,0,0,0,0,0,0,0
5986,Velammal College of Engineering and Technology (Autonomous) Madurai District 625009,MADURAI,SELF FINANCING COLLEGES TIER 1,EC,ELECTRONICS AND COMMUNICATION ENGINEERING,178.0,172.0,165.5,151.0,97.5,,,0,0,0,0,1,0,0
5986,Velammal College of Engineering and Technology (Autonomous) Madurai District 625009,MADURAI,SELF FINANCING COLLEGES TIER 1,EE,ELECTRICAL AND ELECTRONICS ENGINEERING,167.5,161.0,154.0,128.0,162.0,,,0,0,0,0,1,0,0
5986,Velammal College of Engineering and Technology (Autonomous) Madurai District 625009,MADURAI,SELF FINANCING COLLEGES TIER 1,IT,INFORMATION TECHNOLOGY,177.5,173.0,170.0,155.0,114.0,124.5,,0,0,0,0,0,1,0
5986,Velammal College of Engineering and Technology (Autonomous) Madurai District 625009,MADURAI,SELF FINANCING COLLEGES TIER 1,ME,MECHANICAL ENGINEERING,152.0,142.5,113.5,111.0,129.5,,,0,0,0,0,1,0,0
5988,Theni Kammavar Sangam College of Technology  Theni Main Road  Koduvillarpatti Post  Theni District 625534,THENI,SELF FINANCING COLLEGES TIER 3,CE,CIVIL  ENGINEERING,90.5,,,,,,,0,0,0,0,0,0,0
5988,Theni Kammavar Sangam College of Technology  Theni Main Road  Koduvillarpatti Post  Theni District 625534,THENI,SELF FINANCING COLLEGES TIER 3,CS,COMPUTER SCIENCE AND ENGINEERING,132.5,108.5,129.0,113.5,94.0,102.0,,0,0,0,1,1,0,0
5988,Theni Kammavar Sangam College of Technology  Theni Main Road  Koduvillarpatti Post  Theni District 625534,THENI,SELF FINANCING COLLEGES TIER 3,EC,ELECTRONICS AND COMMUNICATION ENGINEERING,129.5,101.0,111.0,103.0,87.5,94.5,,0,1,0,1,1,0,0
5988,Theni Kammavar Sangam College of Technology  Theni Main Road  Koduvillarpatti Post  Theni District 625534,THENI,SELF FINANCING COLLEGES TIER 3,EE,ELECTRICAL AND ELECTRONICS ENGINEERING,103.0,83.0,,99.5,91.5,,,0,1,0,1,1,0,0
5988,Theni Kammavar Sangam College of Technology  Theni Main Road  Koduvillarpatti Post  Theni District 625534,THENI,SELF FINANCING COLLEGES TIER 3,IT,INFORMATION TECHNOLOGY,138.5,106.0,124.0,108.0,107.5,,,0,0,0,0,1,0,0
5988,Theni Kammavar Sangam College of Technology  Theni Main Road  Koduvillarpatti Post  Theni District 625534,THENI,SELF FINANCING COLLEGES TIER 3,ME,MECHANICAL ENGINEERING,87.0,85.0,,,85.0,,,0,1,0,0,1,0,0
5990,Latha Mathavan Engineering College  Kidaripatti Post  Alagarkoil (Via)  Melur Taluk  Madurai District 625301,MADURAI,SELF FINANCING COLLEGES TIER 3,CE,CIVIL  ENGINEERING,,,,,,,,0,0,0,0,0,0,0
5990,Latha Mathavan Engineering College  Kidaripatti Post  Alagarkoil (Via)  Melur Taluk  Madurai District 625301,MADURAI,SELF FINANCING COLLEGES TIER 3,CS,COMPUTER SCIENCE AND ENGINEERING,109.0,,,,,,,1,0,0,0,0,0,0
5990,Latha Mathavan Engineering College  Kidaripatti Post  Alagarkoil (Via)  Melur Taluk  Madurai District 625301,MADURAI,SELF FINANCING COLLEGES TIER 3,EC,ELECTRONICS AND COMMUNICATION ENGINEERING,108.5,,,,,,,1,0,0,0,0,0,0
5990,Latha Mathavan Engineering College  Kidaripatti Post  Alagarkoil (Via)  Melur Taluk  Madurai District 625301,MADURAI,SELF FINANCING COLLEGES TIER 3,EE,ELECTRICAL AND ELECTRONICS ENGINEERING,91.0,,,,,,,1,0,0,0,0,0,0
5990,Latha Mathavan Engineering College  Kidaripatti Post  Alagarkoil (Via)  Melur Taluk  Madurai District 625301,MADURAI,SELF FINANCING COLLEGES TIER 3,ME,MECHANICAL ENGINEERING,96.5,,,,,,,1,0,0,0,0,0,0
